spec_version,arm,backend,precision,n_assets,n_select,instance,instance_digest,qaoa_seed,e1_run_id,penalty_label,penalty,p_layers,angles,f_star,delta_F,feasible_set_size,data_start,data_end,batch,task_arn,execution_ms,shots,feasible_shots,distinct_shots,best_all_index,best_all_cardinality,best_all_feasible,best_all_E,best_all_f,energy_no_offset_solver,best_shot_scorer_agrees,feasible_shot_fraction,best_feasible_index,f_best_feasible,g_F,g_off,rank_best_feasible,rank_ties,is_optimal,within_tau_main,within_tau_alt,sharpe_best_feasible,return_best_feasible,volatility_best_feasible,shots_within_tau_main,shots_optimal
e4a-v1,gpu_double,lightning_gpu,double,12,2,0,941157873a8b,42,N12_i00_Aheur_s42,Aheur,12.999999999979208,2,2.2510245979651757 1.3791771436170195 2.7902898692155738 2.0853295700379939,-0.25261168083239516,0.6490147388383165,66,2023-08-06,2026-08-05,0,,,1000,183,607,6,2,True,-52.19909386988679,-0.19909386996995387,,,0.183,6,-0.19909386996995387,0.08246008551089888,0.0010242131281288315,2,1,False,False,False,1.1763543666609393,0.2522455012773938,0.21357977527685781,0,0
e4a-v1,gpu_double,lightning_gpu,double,12,2,0,941157873a8b,42,N12_i00_Aheur_s42,Aheur,12.999999999979208,2,2.2510245979651757 1.3791771436170195 2.7902898692155738 2.0853295700379939,-0.25261168083239516,0.6490147388383165,66,2023-08-06,2026-08-05,1,,,1000,179,605,1028,2,True,-52.252611680749226,-0.25261168083239516,,,0.179,1028,-0.25261168083239516,0.0,0.0,1,1,True,True,True,1.3218756853432454,0.3043831643149789,0.229509603420991,2,2
e4a-v1,gpu_double,lightning_gpu,double,12,2,0,941157873a8b,42,N12_i00_Aheur_s42,Aheur,12.999999999979208,2,2.2510245979651757 1.3791771436170195 2.7902898692155738 2.0853295700379939,-0.25261168083239516,0.6490147388383165,66,2023-08-06,2026-08-05,2,,,1000,180,631,1028,2,True,-52.252611680749226,-0.25261168083239516,,,0.18,1028,-0.25261168083239516,0.0,0.0,1,1,True,True,True,1.3218756853432454,0.3043831643149789,0.229509603420991,2,2
e4a-v1,gpu_double,lightning_gpu,double,12,2,0,941157873a8b,42,N12_i00_Aheur_s42,Aheur,12.999999999979208,2,2.2510245979651757 1.3791771436170195 2.7902898692155738 2.0853295700379939,-0.25261168083239516,0.6490147388383165,66,2023-08-06,2026-08-05,3,,,1000,163,624,1028,2,True,-52.252611680749226,-0.25261168083239516,,,0.163,1028,-0.25261168083239516,0.0,0.0,1,1,True,True,True,1.3218756853432454,0.3043831643149789,0.229509603420991,3,3
e4a-v1,gpu_double,lightning_gpu,double,12,2,0,941157873a8b,42,N12_i00_Aheur_s42,Aheur,12.999999999979208,2,2.2510245979651757 1.3791771436170195 2.7902898692155738 2.0853295700379939,-0.25261168083239516,0.6490147388383165,66,2023-08-06,2026-08-05,4,,,1000,188,613,1028,2,True,-52.252611680749226,-0.25261168083239516,,,0.188,1028,-0.25261168083239516,0.0,0.0,1,1,True,True,True,1.3218756853432454,0.3043831643149789,0.229509603420991,5,5
e4a-v1,gpu_double,lightning_gpu,double,12,2,0,941157873a8b,42,N12_i00_Aheur_s42,Aheur,12.999999999979208,2,2.2510245979651757 1.3791771436170195 2.7902898692155738 2.0853295700379939,-0.25261168083239516,0.6490147388383165,66,2023-08-06,2026-08-05,5,,,1000,171,643,1028,2,True,-52.252611680749226,-0.25261168083239516,,,0.171,1028,-0.25261168083239516,0.0,0.0,1,1,True,True,True,1.3218756853432454,0.3043831643149789,0.229509603420991,4,4
e4a-v1,gpu_double,lightning_gpu,double,12,2,0,941157873a8b,42,N12_i00_Aheur_s42,Aheur,12.999999999979208,2,2.2510245979651757 1.3791771436170195 2.7902898692155738 2.0853295700379939,-0.25261168083239516,0.6490147388383165,66,2023-08-06,2026-08-05,6,,,1000,171,641,6,2,True,-52.19909386988679,-0.19909386996995387,,,0.171,6,-0.19909386996995387,0.08246008551089888,0.0010242131281288315,2,1,False,False,False,1.1763543666609393,0.2522455012773938,0.21357977527685781,0,0
e4a-v1,gpu_double,lightning_gpu,double,12,2,0,941157873a8b,42,N12_i00_Aheur_s42,Aheur,12.999999999979208,2,2.2510245979651757 1.3791771436170195 2.7902898692155738 2.0853295700379939,-0.25261168083239516,0.6490147388383165,66,2023-08-06,2026-08-05,7,,,1000,158,637,6,2,True,-52.19909386988679,-0.19909386996995387,,,0.158,6,-0.19909386996995387,0.08246008551089888,0.0010242131281288315,2,1,False,False,False,1.1763543666609393,0.2522455012773938,0.21357977527685781,0,0
e4a-v1,gpu_double,lightning_gpu,double,12,2,0,941157873a8b,42,N12_i00_Aheur_s42,Aheur,12.999999999979208,2,2.2510245979651757 1.3791771436170195 2.7902898692155738 2.0853295700379939,-0.25261168083239516,0.6490147388383165,66,2023-08-06,2026-08-05,8,,,1000,145,638,1028,2,True,-52.252611680749226,-0.25261168083239516,,,0.145,1028,-0.25261168083239516,0.0,0.0,1,1,True,True,True,1.3218756853432454,0.3043831643149789,0.229509603420991,1,1
e4a-v1,gpu_double,lightning_gpu,double,12,2,0,941157873a8b,42,N12_i00_Aheur_s42,Aheur,12.999999999979208,2,2.2510245979651757 1.3791771436170195 2.7902898692155738 2.0853295700379939,-0.25261168083239516,0.6490147388383165,66,2023-08-06,2026-08-05,9,,,1000,184,629,1028,2,True,-52.252611680749226,-0.25261168083239516,,,0.184,1028,-0.25261168083239516,0.0,0.0,1,1,True,True,True,1.3218756853432454,0.3043831643149789,0.229509603420991,1,1
e4a-v1,gpu_double,lightning_gpu,double,12,2,0,941157873a8b,43,N12_i00_Aheur_s43,Aheur,12.999999999979208,2,1.8301237517759843 0.0002165697581993681 -0.044589671100633908 2.9835135568116264,-0.25261168083239516,0.6490147388383165,66,2023-08-06,2026-08-05,0,,,1000,7,837,2052,2,True,-52.08038429178331,-0.08038429186647639,,,0.007,2052,-0.08038429186647639,0.2653674541724457,0.0032960532196588815,7,1,False,False,False,1.0725490001906428,0.3304206931503935,0.30713812897297915,0,0
e4a-v1,gpu_double,lightning_gpu,double,12,2,0,941157873a8b,43,N12_i00_Aheur_s43,Aheur,12.999999999979208,2,1.8301237517759843 0.0002165697581993681 -0.044589671100633908 2.9835135568116264,-0.25261168083239516,0.6490147388383165,66,2023-08-06,2026-08-05,1,,,1000,10,835,1032,2,True,-52.110616873275504,-0.1106168733586747,,,0.01,1032,-0.1106168733586747,0.2187851815628711,0.002717468139990289,6,1,False,False,False,1.088869188485919,0.3163022861826948,0.2895685629796588,0,0
e4a-v1,gpu_double,lightning_gpu,double,12,2,0,941157873a8b,43,N12_i00_Aheur_s43,Aheur,12.999999999979208,2,1.8301237517759843 0.0002165697581993681 -0.044589671100633908 2.9835135568116264,-0.25261168083239516,0.6490147388383165,66,2023-08-06,2026-08-05,2,,,1000,12,821,1028,2,True,-52.252611680749226,-0.25261168083239516,,,0.012,1028,-0.25261168083239516,0.0,0.0,1,1,True,True,True,1.3218756853432454,0.3043831643149789,0.229509603420991,1,1
e4a-v1,gpu_double,lightning_gpu,double,12,2,0,941157873a8b,43,N12_i00_Aheur_s43,Aheur,12.999999999979208,2,1.8301237517759843 0.0002165697581993681 -0.044589671100633908 2.9835135568116264,-0.25261168083239516,0.6490147388383165,66,2023-08-06,2026-08-05,3,,,1000,7,836,1032,2,True,-52.110616873275504,-0.1106168733586747,,,0.007,1032,-0.1106168733586747,0.2187851815628711,0.002717468139990289,6,1,False,False,False,1.088869188485919,0.3163022861826948,0.2895685629796588,0,0
e4a-v1,gpu_double,lightning_gpu,double,12,2,0,941157873a8b,43,N12_i00_Aheur_s43,Aheur,12.999999999979208,2,1.8301237517759843 0.0002165697581993681 -0.044589671100633908 2.9835135568116264,-0.25261168083239516,0.6490147388383165,66,2023-08-06,2026-08-05,4,,,1000,10,834,12,2,True,-52.1507686029985,-0.15076860308166284,,,0.01,12,-0.15076860308166284,0.1569195145444973,0.0019490523913516286,3,1,False,False,False,1.337964475552203,0.49124459998426784,0.36641077468214145,0,0
e4a-v1,gpu_double,lightning_gpu,double,12,2,0,941157873a8b,43,N12_i00_Aheur_s43,Aheur,12.999999999979208,2,1.8301237517759843 0.0002165697581993681 -0.044589671100633908 2.9835135568116264,-0.25261168083239516,0.6490147388383165,66,2023-08-06,2026-08-05,5,,,1000,9,842,6,2,True,-52.19909386988679,-0.19909386996995387,,,0.009,6,-0.19909386996995387,0.08246008551089888,0.0010242131281288315,2,1,False,False,False,1.1763543666609393,0.2522455012773938,0.21357977527685781,0,0
e4a-v1,gpu_double,lightning_gpu,double,12,2,0,941157873a8b,43,N12_i00_Aheur_s43,Aheur,12.999999999979208,2,1.8301237517759843 0.0002165697581993681 -0.044589671100633908 2.9835135568116264,-0.25261168083239516,0.6490147388383165,66,2023-08-06,2026-08-05,6,,,1000,12,865,12,2,True,-52.1507686029985,-0.15076860308166284,,,0.012,12,-0.15076860308166284,0.1569195145444973,0.0019490523913516286,3,1,False,False,False,1.337964475552203,0.49124459998426784,0.36641077468214145,0,0
e4a-v1,gpu_double,lightning_gpu,double,12,2,0,941157873a8b,43,N12_i00_Aheur_s43,Aheur,12.999999999979208,2,1.8301237517759843 0.0002165697581993681 -0.044589671100633908 2.9835135568116264,-0.25261168083239516,0.6490147388383165,66,2023-08-06,2026-08-05,7,,,1000,9,828,1032,2,True,-52.110616873275504,-0.1106168733586747,,,0.009,1032,-0.1106168733586747,0.2187851815628711,0.002717468139990289,6,1,False,False,False,1.088869188485919,0.3163022861826948,0.2895685629796588,0,0
e4a-v1,gpu_double,lightning_gpu,double,12,2,0,941157873a8b,43,N12_i00_Aheur_s43,Aheur,12.999999999979208,2,1.8301237517759843 0.0002165697581993681 -0.044589671100633908 2.9835135568116264,-0.25261168083239516,0.6490147388383165,66,2023-08-06,2026-08-05,8,,,1000,9,846,6,2,True,-52.19909386988679,-0.19909386996995387,,,0.009,6,-0.19909386996995387,0.08246008551089888,0.0010242131281288315,2,1,False,False,False,1.1763543666609393,0.2522455012773938,0.21357977527685781,0,0
e4a-v1,gpu_double,lightning_gpu,double,12,2,0,941157873a8b,43,N12_i00_Aheur_s43,Aheur,12.999999999979208,2,1.8301237517759843 0.0002165697581993681 -0.044589671100633908 2.9835135568116264,-0.25261168083239516,0.6490147388383165,66,2023-08-06,2026-08-05,9,,,1000,12,835,1028,2,True,-52.252611680749226,-0.25261168083239516,,,0.012,1028,-0.25261168083239516,0.0,0.0,1,1,True,True,True,1.3218756853432454,0.3043831643149789,0.229509603420991,1,1
e4a-v1,gpu_double,lightning_gpu,double,12,2,1,3798cace2ea7,42,N12_i01_Aheur_s42,Aheur,12.999999999983347,2,2.2548321852968618 1.3964072519323973 2.7962367287547587 2.0867076840383003,0.15347271196197812,0.6821104373880992,66,2023-08-06,2026-08-05,0,,,1000,192,615,17,2,True,-51.846527287971405,0.15347271196197812,,,0.192,17,0.15347271196197812,0.0,0.0,1,1,True,True,True,0.8071062374637792,0.172876351205122,0.21295381354655352,4,4
e4a-v1,gpu_double,lightning_gpu,double,12,2,1,3798cace2ea7,42,N12_i01_Aheur_s42,Aheur,12.999999999983347,2,2.2548321852968618 1.3964072519323973 2.7962367287547587 2.0867076840383003,0.15347271196197812,0.6821104373880992,66,2023-08-06,2026-08-05,1,,,1000,175,618,17,2,True,-51.846527287971405,0.15347271196197812,,,0.175,17,0.15347271196197812,0.0,0.0,1,1,True,True,True,0.8071062374637792,0.172876351205122,0.21295381354655352,3,3
e4a-v1,gpu_double,lightning_gpu,double,12,2,1,3798cace2ea7,42,N12_i01_Aheur_s42,Aheur,12.999999999983347,2,2.2548321852968618 1.3964072519323973 2.7962367287547587 2.0867076840383003,0.15347271196197812,0.6821104373880992,66,2023-08-06,2026-08-05,2,,,1000,180,650,17,2,True,-51.846527287971405,0.15347271196197812,,,0.18,17,0.15347271196197812,0.0,0.0,1,1,True,True,True,0.8071062374637792,0.172876351205122,0.21295381354655352,3,3
e4a-v1,gpu_double,lightning_gpu,double,12,2,1,3798cace2ea7,42,N12_i01_Aheur_s42,Aheur,12.999999999983347,2,2.2548321852968618 1.3964072519323973 2.7962367287547587 2.0867076840383003,0.15347271196197812,0.6821104373880992,66,2023-08-06,2026-08-05,3,,,1000,169,624,17,2,True,-51.846527287971405,0.15347271196197812,,,0.169,17,0.15347271196197812,0.0,0.0,1,1,True,True,True,0.8071062374637792,0.172876351205122,0.21295381354655352,1,1
e4a-v1,gpu_double,lightning_gpu,double,12,2,1,3798cace2ea7,42,N12_i01_Aheur_s42,Aheur,12.999999999983347,2,2.2548321852968618 1.3964072519323973 2.7962367287547587 2.0867076840383003,0.15347271196197812,0.6821104373880992,66,2023-08-06,2026-08-05,4,,,1000,206,613,17,2,True,-51.846527287971405,0.15347271196197812,,,0.206,17,0.15347271196197812,0.0,0.0,1,1,True,True,True,0.8071062374637792,0.172876351205122,0.21295381354655352,1,1
e4a-v1,gpu_double,lightning_gpu,double,12,2,1,3798cace2ea7,42,N12_i01_Aheur_s42,Aheur,12.999999999983347,2,2.2548321852968618 1.3964072519323973 2.7962367287547587 2.0867076840383003,0.15347271196197812,0.6821104373880992,66,2023-08-06,2026-08-05,5,,,1000,176,659,17,2,True,-51.846527287971405,0.15347271196197812,,,0.176,17,0.15347271196197812,0.0,0.0,1,1,True,True,True,0.8071062374637792,0.172876351205122,0.21295381354655352,6,6
e4a-v1,gpu_double,lightning_gpu,double,12,2,1,3798cace2ea7,42,N12_i01_Aheur_s42,Aheur,12.999999999983347,2,2.2548321852968618 1.3964072519323973 2.7962367287547587 2.0867076840383003,0.15347271196197812,0.6821104373880992,66,2023-08-06,2026-08-05,6,,,1000,175,651,17,2,True,-51.846527287971405,0.15347271196197812,,,0.175,17,0.15347271196197812,0.0,0.0,1,1,True,True,True,0.8071062374637792,0.172876351205122,0.21295381354655352,3,3
e4a-v1,gpu_double,lightning_gpu,double,12,2,1,3798cace2ea7,42,N12_i01_Aheur_s42,Aheur,12.999999999983347,2,2.2548321852968618 1.3964072519323973 2.7962367287547587 2.0867076840383003,0.15347271196197812,0.6821104373880992,66,2023-08-06,2026-08-05,7,,,1000,174,639,17,2,True,-51.846527287971405,0.15347271196197812,,,0.174,17,0.15347271196197812,0.0,0.0,1,1,True,True,True,0.8071062374637792,0.172876351205122,0.21295381354655352,4,4
e4a-v1,gpu_double,lightning_gpu,double,12,2,1,3798cace2ea7,42,N12_i01_Aheur_s42,Aheur,12.999999999983347,2,2.2548321852968618 1.3964072519323973 2.7962367287547587 2.0867076840383003,0.15347271196197812,0.6821104373880992,66,2023-08-06,2026-08-05,8,,,1000,156,657,17,2,True,-51.846527287971405,0.15347271196197812,,,0.156,17,0.15347271196197812,0.0,0.0,1,1,True,True,True,0.8071062374637792,0.172876351205122,0.21295381354655352,4,4
e4a-v1,gpu_double,lightning_gpu,double,12,2,1,3798cace2ea7,42,N12_i01_Aheur_s42,Aheur,12.999999999983347,2,2.2548321852968618 1.3964072519323973 2.7962367287547587 2.0867076840383003,0.15347271196197812,0.6821104373880992,66,2023-08-06,2026-08-05,9,,,1000,196,633,17,2,True,-51.846527287971405,0.15347271196197812,,,0.196,17,0.15347271196197812,0.0,0.0,1,1,True,True,True,0.8071062374637792,0.172876351205122,0.21295381354655352,6,6
e4a-v1,gpu_double,lightning_gpu,double,12,2,1,3798cace2ea7,43,N12_i01_Aheur_s43,Aheur,12.999999999983347,2,1.8320385937237138 0.00059987955034510433 -0.045127650519484704 2.9833103641215408,0.15347271196197812,0.6821104373880992,66,2023-08-06,2026-08-05,0,,,1000,11,840,17,2,True,-51.846527287971405,0.15347271196197812,,,0.011,17,0.15347271196197812,0.0,0.0,1,1,True,True,True,0.8071062374637792,0.172876351205122,0.21295381354655352,1,1
e4a-v1,gpu_double,lightning_gpu,double,12,2,1,3798cace2ea7,43,N12_i01_Aheur_s43,Aheur,12.999999999983347,2,1.8320385937237138 0.00059987955034510433 -0.045127650519484704 2.9833103641215408,0.15347271196197812,0.6821104373880992,66,2023-08-06,2026-08-05,1,,,1000,14,836,1040,2,True,-51.73316457974108,0.2668354201923049,,,0.014,1040,0.2668354201923049,0.1661940677295735,0.002186505329482836,6,1,False,False,False,1.0537754708630322,0.2953138156004542,0.27929461610964806,0,0
e4a-v1,gpu_double,lightning_gpu,double,12,2,1,3798cace2ea7,43,N12_i01_Aheur_s43,Aheur,12.999999999983347,2,1.8320385937237138 0.00059987955034510433 -0.045127650519484704 2.9833103641215408,0.15347271196197812,0.6821104373880992,66,2023-08-06,2026-08-05,2,,,1000,10,821,65,2,True,-51.65719508162195,0.34280491831143844,,,0.01,65,0.34280491831143844,0.2775682587037388,0.003651781830976867,10,1,False,False,False,0.4169888444200712,0.09912672272256245,0.23532217716527298,0,0
e4a-v1,gpu_double,lightning_gpu,double,12,2,1,3798cace2ea7,43,N12_i01_Aheur_s43,Aheur,12.999999999983347,2,1.8320385937237138 0.00059987955034510433 -0.045127650519484704 2.9833103641215408,0.15347271196197812,0.6821104373880992,66,2023-08-06,2026-08-05,3,,,1000,9,840,144,2,True,-51.71729698360882,0.28270301632456885,,,0.009,144,0.28270301632456885,0.18945657078263237,0.002492554682492161,8,1,False,False,False,1.2842947469146042,0.4001941096039613,0.3108274876643287,0,0
e4a-v1,gpu_double,lightning_gpu,double,12,2,1,3798cace2ea7,43,N12_i01_Aheur_s43,Aheur,12.999999999983347,2,1.8320385937237138 0.00059987955034510433 -0.045127650519484704 2.9833103641215408,0.15347271196197812,0.6821104373880992,66,2023-08-06,2026-08-05,4,,,1000,15,845,9,2,True,-51.80449996392249,0.1955000360109007,,,0.015,9,0.1955000360109007,0.0616136650977683,0.0008106102037555965,2,1,False,False,False,1.2926724802368494,0.37087155768981794,0.28612936636668274,0,0
e4a-v1,gpu_double,lightning_gpu,double,12,2,1,3798cace2ea7,43,N12_i01_Aheur_s43,Aheur,12.999999999983347,2,1.8320385937237138 0.00059987955034510433 -0.045127650519484704 2.9833103641215408,0.15347271196197812,0.6821104373880992,66,2023-08-06,2026-08-05,5,,,1000,9,844,17,2,True,-51.846527287971405,0.15347271196197812,,,0.009,17,0.15347271196197812,0.0,0.0,1,1,True,True,True,0.8071062374637792,0.172876351205122,0.21295381354655352,1,1
e4a-v1,gpu_double,lightning_gpu,double,12,2,1,3798cace2ea7,43,N12_i01_Aheur_s43,Aheur,12.999999999983347,2,1.8320385937237138 0.00059987955034510433 -0.045127650519484704 2.9833103641215408,0.15347271196197812,0.6821104373880992,66,2023-08-06,2026-08-05,6,,,1000,14,850,17,2,True,-51.846527287971405,0.15347271196197812,,,0.014,17,0.15347271196197812,0.0,0.0,1,1,True,True,True,0.8071062374637792,0.172876351205122,0.21295381354655352,1,1
e4a-v1,gpu_double,lightning_gpu,double,12,2,1,3798cace2ea7,43,N12_i01_Aheur_s43,Aheur,12.999999999983347,2,1.8320385937237138 0.00059987955034510433 -0.045127650519484704 2.9833103641215408,0.15347271196197812,0.6821104373880992,66,2023-08-06,2026-08-05,7,,,1000,11,836,1025,2,True,-51.69300203420312,0.3069979657302665,,,0.011,1025,0.3069979657302665,0.22507389618044707,0.0029611482542613193,9,1,False,False,False,0.5903154178059283,0.1436147419247413,0.24159074559632662,0,0
e4a-v1,gpu_double,lightning_gpu,double,12,2,1,3798cace2ea7,43,N12_i01_Aheur_s43,Aheur,12.999999999983347,2,1.8320385937237138 0.00059987955034510433 -0.045127650519484704 2.9833103641215408,0.15347271196197812,0.6821104373880992,66,2023-08-06,2026-08-05,8,,,1000,12,841,144,2,True,-51.71729698360882,0.28270301632456885,,,0.012,144,0.28270301632456885,0.18945657078263237,0.002492554682492161,8,1,False,False,False,1.2842947469146042,0.4001941096039613,0.3108274876643287,0,0
e4a-v1,gpu_double,lightning_gpu,double,12,2,1,3798cace2ea7,43,N12_i01_Aheur_s43,Aheur,12.999999999983347,2,1.8320385937237138 0.00059987955034510433 -0.045127650519484704 2.9833103641215408,0.15347271196197812,0.6821104373880992,66,2023-08-06,2026-08-05,9,,,1000,11,852,9,2,True,-51.80449996392249,0.1955000360109007,,,0.011,9,0.1955000360109007,0.0616136650977683,0.0008106102037555965,2,1,False,False,False,1.2926724802368494,0.37087155768981794,0.28612936636668274,0,0
e4a-v1,gpu_double,lightning_gpu,double,16,3,0,514ae30a9bf6,42,N16_i00_Aheur_s42,Aheur,16.999999999972275,2,0.74274147571645022 1.4405996686222429 2.73269036940555 1.6581154527861004,-0.2671105968767471,1.2705106296258624,560,2023-08-06,2026-08-05,0,,,1000,375,752,16394,3,True,-153.2671105966272,-0.2671105968767471,,,0.375,16394,-0.2671105968767471,0.0,0.0,1,1,True,True,True,1.3851408274006345,0.2568156466299874,0.1846856590820826,3,1
e4a-v1,gpu_double,lightning_gpu,double,16,3,0,514ae30a9bf6,42,N16_i00_Aheur_s42,Aheur,16.999999999972275,2,0.74274147571645022 1.4405996686222429 2.73269036940555 1.6581154527861004,-0.2671105968767471,1.2705106296258624,560,2023-08-06,2026-08-05,1,,,1000,375,760,4106,3,True,-153.24068946238305,-0.24068946263259938,,,0.375,4106,-0.24068946263259938,0.020795681380429035,0.00017238619649902334,4,1,False,False,True,1.4919848850262931,0.372272961234548,0.24884498828418433,0,0
e4a-v1,gpu_double,lightning_gpu,double,16,3,0,514ae30a9bf6,42,N16_i00_Aheur_s42,Aheur,16.999999999972275,2,0.74274147571645022 1.4405996686222429 2.73269036940555 1.6581154527861004,-0.2671105968767471,1.2705106296258624,560,2023-08-06,2026-08-05,2,,,1000,358,762,16394,3,True,-153.2671105966272,-0.2671105968767471,,,0.358,16394,-0.2671105968767471,0.0,0.0,1,1,True,True,True,1.3851408274006345,0.2568156466299874,0.1846856590820826,3,3
e4a-v1,gpu_double,lightning_gpu,double,16,3,0,514ae30a9bf6,42,N16_i00_Aheur_s42,Aheur,16.999999999972275,2,0.74274147571645022 1.4405996686222429 2.73269036940555 1.6581154527861004,-0.2671105968767471,1.2705106296258624,560,2023-08-06,2026-08-05,3,,,1000,383,785,16394,3,True,-153.2671105966272,-0.2671105968767471,,,0.383,16394,-0.2671105968767471,0.0,0.0,1,1,True,True,True,1.3851408274006345,0.2568156466299874,0.1846856590820826,2,1
e4a-v1,gpu_double,lightning_gpu,double,16,3,0,514ae30a9bf6,42,N16_i00_Aheur_s42,Aheur,16.999999999972275,2,0.74274147571645022 1.4405996686222429 2.73269036940555 1.6581154527861004,-0.2671105968767471,1.2705106296258624,560,2023-08-06,2026-08-05,4,,,1000,385,759,8210,3,True,-153.22574116732133,-0.22574116757086204,,,0.385,8210,-0.22574116757086204,0.03256126185899558,0.0002699171997491511,7,1,False,False,True,1.4547087673515529,0.3563588122203252,0.24428175604337116,0,0
e4a-v1,gpu_double,lightning_gpu,double,16,3,0,514ae30a9bf6,42,N16_i00_Aheur_s42,Aheur,16.999999999972275,2,0.74274147571645022 1.4405996686222429 2.73269036940555 1.6581154527861004,-0.2671105968767471,1.2705106296258624,560,2023-08-06,2026-08-05,5,,,1000,364,768,16394,3,True,-153.2671105966272,-0.2671105968767471,,,0.364,16394,-0.2671105968767471,0.0,0.0,1,1,True,True,True,1.3851408274006345,0.2568156466299874,0.1846856590820826,1,1
e4a-v1,gpu_double,lightning_gpu,double,16,3,0,514ae30a9bf6,42,N16_i00_Aheur_s42,Aheur,16.999999999972275,2,0.74274147571645022 1.4405996686222429 2.73269036940555 1.6581154527861004,-0.2671105968767471,1.2705106296258624,560,2023-08-06,2026-08-05,6,,,1000,389,772,16402,3,True,-153.26084886738235,-0.26084886763190396,,,0.389,16402,-0.26084886763190396,0.004928513857996672,4.085500940461349e-05,2,1,False,True,True,1.376780890762973,0.25918646419037544,0.18752908754224196,3,0
e4a-v1,gpu_double,lightning_gpu,double,16,3,0,514ae30a9bf6,42,N16_i00_Aheur_s42,Aheur,16.999999999972275,2,0.74274147571645022 1.4405996686222429 2.73269036940555 1.6581154527861004,-0.2671105968767471,1.2705106296258624,560,2023-08-06,2026-08-05,7,,,1000,381,770,16394,3,True,-153.2671105966272,-0.2671105968767471,,,0.381,16394,-0.2671105968767471,0.0,0.0,1,1,True,True,True,1.3851408274006345,0.2568156466299874,0.1846856590820826,1,1
e4a-v1,gpu_double,lightning_gpu,double,16,3,0,514ae30a9bf6,42,N16_i00_Aheur_s42,Aheur,16.999999999972275,2,0.74274147571645022 1.4405996686222429 2.73269036940555 1.6581154527861004,-0.2671105968767471,1.2705106296258624,560,2023-08-06,2026-08-05,8,,,1000,346,779,16402,3,True,-153.26084886738235,-0.26084886763190396,,,0.346,16402,-0.26084886763190396,0.004928513857996672,4.085500940461349e-05,2,1,False,True,True,1.376780890762973,0.25918646419037544,0.18752908754224196,3,0
e4a-v1,gpu_double,lightning_gpu,double,16,3,0,514ae30a9bf6,42,N16_i00_Aheur_s42,Aheur,16.999999999972275,2,0.74274147571645022 1.4405996686222429 2.73269036940555 1.6581154527861004,-0.2671105968767471,1.2705106296258624,560,2023-08-06,2026-08-05,9,,,1000,380,767,16394,3,True,-153.2671105966272,-0.2671105968767471,,,0.38,16394,-0.2671105968767471,0.0,0.0,1,1,True,True,True,1.3851408274006345,0.2568156466299874,0.1846856590820826,2,1
e4a-v1,gpu_double,lightning_gpu,double,16,3,0,514ae30a9bf6,43,N16_i00_Aheur_s43,Aheur,16.999999999972275,2,1.8657604696531571 0.020894816108035355 -0.065582775811690253 2.9969708670042756,-0.2671105968767471,1.2705106296258624,560,2023-08-06,2026-08-05,0,,,1000,0,982,1032,2,False,-136.1300854736725,-0.1300854738943239,,,0.0,,,,,,,,,,,,,0,0
e4a-v1,gpu_double,lightning_gpu,double,16,3,0,514ae30a9bf6,43,N16_i00_Aheur_s43,Aheur,16.999999999972275,2,1.8657604696531571 0.020894816108035355 -0.065582775811690253 2.9969708670042756,-0.2671105968767471,1.2705106296258624,560,2023-08-06,2026-08-05,1,,,1000,0,980,16403,4,False,-136.0070148584847,-0.00701485870649643,,,0.0,,,,,,,,,,,,,0,0
e4a-v1,gpu_double,lightning_gpu,double,16,3,0,514ae30a9bf6,43,N16_i00_Aheur_s43,Aheur,16.999999999972275,2,1.8657604696531571 0.020894816108035355 -0.065582775811690253 2.9969708670042756,-0.2671105968767471,1.2705106296258624,560,2023-08-06,2026-08-05,2,,,1000,0,987,16386,2,False,-136.11316796157007,-0.11316796179188127,,,0.0,,,,,,,,,,,,,0,0
e4a-v1,gpu_double,lightning_gpu,double,16,3,0,514ae30a9bf6,43,N16_i00_Aheur_s43,Aheur,16.999999999972275,2,1.8657604696531571 0.020894816108035355 -0.065582775811690253 2.9969708670042756,-0.2671105968767471,1.2705106296258624,560,2023-08-06,2026-08-05,3,,,1000,1,986,134,3,True,-152.88573033501504,0.11426966473541855,,,0.001,134,0.11426966473541855,0.3001787255605046,0.002488337257272979,162,1,False,False,False,0.6072315965275084,0.11487936541231786,0.1875386031681225,0,0
e4a-v1,gpu_double,lightning_gpu,double,16,3,0,514ae30a9bf6,43,N16_i00_Aheur_s43,Aheur,16.999999999972275,2,1.8657604696531571 0.020894816108035355 -0.065582775811690253 2.9969708670042756,-0.2671105968767471,1.2705106296258624,560,2023-08-06,2026-08-05,4,,,1000,0,982,270,4,False,-135.9826887090229,0.017311290755278153,,,0.0,,,,,,,,,,,,,0,0
e4a-v1,gpu_double,lightning_gpu,double,16,3,0,514ae30a9bf6,43,N16_i00_Aheur_s43,Aheur,16.999999999972275,2,1.8657604696531571 0.020894816108035355 -0.065582775811690253 2.9969708670042756,-0.2671105968767471,1.2705106296258624,560,2023-08-06,2026-08-05,5,,,1000,0,987,18442,4,False,-136.02387208973246,-0.02387208995429213,,,0.0,,,,,,,,,,,,,0,0
e4a-v1,gpu_double,lightning_gpu,double,16,3,0,514ae30a9bf6,43,N16_i00_Aheur_s43,Aheur,16.999999999972275,2,1.8657604696531571 0.020894816108035355 -0.065582775811690253 2.9969708670042756,-0.2671105968767471,1.2705106296258624,560,2023-08-06,2026-08-05,6,,,1000,0,989,4122,4,False,-135.97472952438153,0.025270475396650838,,,0.0,,,,,,,,,,,,,0,0
e4a-v1,gpu_double,lightning_gpu,double,16,3,0,514ae30a9bf6,43,N16_i00_Aheur_s43,Aheur,16.999999999972275,2,1.8657604696531571 0.020894816108035355 -0.065582775811690253 2.9969708670042756,-0.2671105968767471,1.2705106296258624,560,2023-08-06,2026-08-05,7,,,1000,0,979,4112,2,False,-136.22280198682438,-0.22280198704619902,,,0.0,,,,,,,,,,,,,0,0
e4a-v1,gpu_double,lightning_gpu,double,16,3,0,514ae30a9bf6,43,N16_i00_Aheur_s43,Aheur,16.999999999972275,2,1.8657604696531571 0.020894816108035355 -0.065582775811690253 2.9969708670042756,-0.2671105968767471,1.2705106296258624,560,2023-08-06,2026-08-05,8,,,1000,0,988,8196,2,False,-136.05930767982093,-0.059307680042752164,,,0.0,,,,,,,,,,,,,0,0
e4a-v1,gpu_double,lightning_gpu,double,16,3,0,514ae30a9bf6,43,N16_i00_Aheur_s43,Aheur,16.999999999972275,2,1.8657604696531571 0.020894816108035355 -0.065582775811690253 2.9969708670042756,-0.2671105968767471,1.2705106296258624,560,2023-08-06,2026-08-05,9,,,1000,0,982,17426,4,False,-136.05073832896687,-0.050738329188689923,,,0.0,,,,,,,,,,,,,0,0
e4a-v1,gpu_double,lightning_gpu,double,16,3,1,f9598a6bfdd0,42,N16_i01_Aheur_s42,Aheur,16.999999999977796,2,0.74306331081002575 1.4427238507351057 2.7320187694991369 1.6574624689908404,0.13112281842114482,1.2939192012170153,560,2023-08-06,2026-08-05,0,,,1000,365,758,16401,3,True,-152.86887718137902,0.13112281842114482,,,0.365,16401,0.13112281842114482,0.0,0.0,1,1,True,True,True,1.3851408274006345,0.2568156466299874,0.1846856590820826,1,1
e4a-v1,gpu_double,lightning_gpu,double,16,3,1,f9598a6bfdd0,42,N16_i01_Aheur_s42,Aheur,16.999999999977796,2,0.74306331081002575 1.4427238507351057 2.7320187694991369 1.6574624689908404,0.13112281842114482,1.2939192012170153,560,2023-08-06,2026-08-05,1,,,1000,375,760,49153,3,True,-152.82455131864143,0.17544868115874124,,,0.375,49153,0.17544868115874124,0.03425705615613792,0.00028996002034478057,2,1,False,False,True,1.0888101742109118,0.18579278723010573,0.16971993062429797,0,0
e4a-v1,gpu_double,lightning_gpu,double,16,3,1,f9598a6bfdd0,42,N16_i01_Aheur_s42,Aheur,16.999999999977796,2,0.74306331081002575 1.4427238507351057 2.7320187694991369 1.6574624689908404,0.13112281842114482,1.2939192012170153,560,2023-08-06,2026-08-05,2,,,1000,392,746,16401,3,True,-152.86887718137902,0.13112281842114482,,,0.392,16401,0.13112281842114482,0.0,0.0,1,1,True,True,True,1.3851408274006345,0.2568156466299874,0.1846856590820826,1,1
e4a-v1,gpu_double,lightning_gpu,double,16,3,1,f9598a6bfdd0,42,N16_i01_Aheur_s42,Aheur,16.999999999977796,2,0.74306331081002575 1.4427238507351057 2.7320187694991369 1.6574624689908404,0.13112281842114482,1.2939192012170153,560,2023-08-06,2026-08-05,3,,,1000,388,760,49153,3,True,-152.82455131864143,0.17544868115874124,,,0.388,49153,0.17544868115874124,0.03425705615613792,0.00028996002034478057,2,1,False,False,True,1.0888101742109118,0.18579278723010573,0.16971993062429797,0,0
e4a-v1,gpu_double,lightning_gpu,double,16,3,1,f9598a6bfdd0,42,N16_i01_Aheur_s42,Aheur,16.999999999977796,2,0.74306331081002575 1.4427238507351057 2.7320187694991369 1.6574624689908404,0.13112281842114482,1.2939192012170153,560,2023-08-06,2026-08-05,4,,,1000,396,750,49153,3,True,-152.82455131864143,0.17544868115874124,,,0.396,49153,0.17544868115874124,0.03425705615613792,0.00028996002034478057,2,1,False,False,True,1.0888101742109118,0.18579278723010573,0.16971993062429797,0,0
e4a-v1,gpu_double,lightning_gpu,double,16,3,1,f9598a6bfdd0,42,N16_i01_Aheur_s42,Aheur,16.999999999977796,2,0.74306331081002575 1.4427238507351057 2.7320187694991369 1.6574624689908404,0.13112281842114482,1.2939192012170153,560,2023-08-06,2026-08-05,5,,,1000,378,756,32785,3,True,-152.8146850551818,0.18531494461837372,,,0.378,32785,0.18531494461837372,0.04188215627858191,0.00035450071457599516,3,1,False,False,True,1.4680414110056843,0.30005017887076635,0.20370690951142958,0,0
e4a-v1,gpu_double,lightning_gpu,double,16,3,1,f9598a6bfdd0,42,N16_i01_Aheur_s42,Aheur,16.999999999977796,2,0.74306331081002575 1.4427238507351057 2.7320187694991369 1.6574624689908404,0.13112281842114482,1.2939192012170153,560,2023-08-06,2026-08-05,6,,,1000,385,756,16401,3,True,-152.86887718137902,0.13112281842114482,,,0.385,16401,0.13112281842114482,0.0,0.0,1,1,True,True,True,1.3851408274006345,0.2568156466299874,0.1846856590820826,1,1
e4a-v1,gpu_double,lightning_gpu,double,16,3,1,f9598a6bfdd0,42,N16_i01_Aheur_s42,Aheur,16.999999999977796,2,0.74306331081002575 1.4427238507351057 2.7320187694991369 1.6574624689908404,0.13112281842114482,1.2939192012170153,560,2023-08-06,2026-08-05,7,,,1000,362,758,16401,3,True,-152.86887718137902,0.13112281842114482,,,0.362,16401,0.13112281842114482,0.0,0.0,1,1,True,True,True,1.3851408274006345,0.2568156466299874,0.1846856590820826,2,2
e4a-v1,gpu_double,lightning_gpu,double,16,3,1,f9598a6bfdd0,42,N16_i01_Aheur_s42,Aheur,16.999999999977796,2,0.74306331081002575 1.4427238507351057 2.7320187694991369 1.6574624689908404,0.13112281842114482,1.2939192012170153,560,2023-08-06,2026-08-05,8,,,1000,371,755,16401,3,True,-152.86887718137902,0.13112281842114482,,,0.371,16401,0.13112281842114482,0.0,0.0,1,1,True,True,True,1.3851408274006345,0.2568156466299874,0.1846856590820826,2,2
e4a-v1,gpu_double,lightning_gpu,double,16,3,1,f9598a6bfdd0,42,N16_i01_Aheur_s42,Aheur,16.999999999977796,2,0.74306331081002575 1.4427238507351057 2.7320187694991369 1.6574624689908404,0.13112281842114482,1.2939192012170153,560,2023-08-06,2026-08-05,9,,,1000,378,749,32785,3,True,-152.8146850551818,0.18531494461837372,,,0.378,32785,0.18531494461837372,0.04188215627858191,0.00035450071457599516,3,1,False,False,True,1.4680414110056843,0.30005017887076635,0.20370690951142958,0,0
e4a-v1,gpu_double,lightning_gpu,double,16,3,1,f9598a6bfdd0,43,N16_i01_Aheur_s43,Aheur,16.999999999977796,2,1.866648773795663 0.02149466056853867 -0.066173341255903725 2.9967322928884599,0.13112281842114482,1.2939192012170153,560,2023-08-06,2026-08-05,0,,,1000,2,985,32833,3,True,-152.6186188330631,0.381381166737075,,,0.002,32833,0.381381166737075,0.19341110950401377,0.001637078474901065,38,1,False,False,False,0.9641367009611778,0.1945157230276205,0.20071398883031696,0,0
e4a-v1,gpu_double,lightning_gpu,double,16,3,1,f9598a6bfdd0,43,N16_i01_Aheur_s43,Aheur,16.999999999977796,2,1.866648773795663 0.02149466056853867 -0.066173341255903725 2.9967322928884599,0.13112281842114482,1.2939192012170153,560,2023-08-06,2026-08-05,1,,,1000,0,976,33283,4,False,-135.2352593207762,0.764740679046177,,,0.0,,,,,,,,,,,,,0,0
e4a-v1,gpu_double,lightning_gpu,double,16,3,1,f9598a6bfdd0,43,N16_i01_Aheur_s43,Aheur,16.999999999977796,2,1.866648773795663 0.02149466056853867 -0.066173341255903725 2.9967322928884599,0.13112281842114482,1.2939192012170153,560,2023-08-06,2026-08-05,2,,,1000,0,983,136,2,False,-135.5670574301987,0.43294256962365685,,,0.0,,,,,,,,,,,,,0,0
e4a-v1,gpu_double,lightning_gpu,double,16,3,1,f9598a6bfdd0,43,N16_i01_Aheur_s43,Aheur,16.999999999977796,2,1.866648773795663 0.02149466056853867 -0.066173341255903725 2.9967322928884599,0.13112281842114482,1.2939192012170153,560,2023-08-06,2026-08-05,3,,,1000,1,985,20544,3,True,-152.15510667759798,0.8448933222021727,,,0.001,20544,0.8448933222021727,0.5516345248680754,0.004669168224046931,378,1,False,False,False,0.1875934015901243,0.04199996698308729,0.218557617888228,0,0
e4a-v1,gpu_double,lightning_gpu,double,16,3,1,f9598a6bfdd0,43,N16_i01_Aheur_s43,Aheur,16.999999999977796,2,1.866648773795663 0.02149466056853867 -0.066173341255903725 2.9967322928884599,0.13112281842114482,1.2939192012170153,560,2023-08-06,2026-08-05,4,,,1000,0,989,8224,2,False,-135.70704536981586,0.29295463000651834,,,0.0,,,,,,,,,,,,,0,0
e4a-v1,gpu_double,lightning_gpu,double,16,3,1,f9598a6bfdd0,43,N16_i01_Aheur_s43,Aheur,16.999999999977796,2,1.866648773795663 0.02149466056853867 -0.066173341255903725 2.9967322928884599,0.13112281842114482,1.2939192012170153,560,2023-08-06,2026-08-05,5,,,1000,3,980,24832,3,True,-152.25410951036923,0.7458904894309311,,,0.003,24832,0.7458904894309311,0.47512060291829444,0.00402153585703625,291,1,False,False,False,0.5585395271722355,0.1282348238840027,0.22779913988928413,0,0
e4a-v1,gpu_double,lightning_gpu,double,16,3,1,f9598a6bfdd0,43,N16_i01_Aheur_s43,Aheur,16.999999999977796,2,1.866648773795663 0.02149466056853867 -0.066173341255903725 2.9967322928884599,0.13112281842114482,1.2939192012170153,560,2023-08-06,2026-08-05,6,,,1000,0,988,3,2,False,-135.89013348959685,0.10986651022553451,,,0.0,,,,,,,,,,,,,0,0
e4a-v1,gpu_double,lightning_gpu,double,16,3,1,f9598a6bfdd0,43,N16_i01_Aheur_s43,Aheur,16.999999999977796,2,1.866648773795663 0.02149466056853867 -0.066173341255903725 2.9967322928884599,0.13112281842114482,1.2939192012170153,560,2023-08-06,2026-08-05,7,,,1000,1,981,2312,3,True,-151.87381375107094,1.1261862487292191,,,0.001,2312,1.1261862487292191,0.7690305773128279,0.006509261065137745,528,1,False,False,False,0.6977772392033641,0.1967287586664497,0.2805032145931109,0,0
e4a-v1,gpu_double,lightning_gpu,double,16,3,1,f9598a6bfdd0,43,N16_i01_Aheur_s43,Aheur,16.999999999977796,2,1.866648773795663 0.02149466056853867 -0.066173341255903725 2.9967322928884599,0.13112281842114482,1.2939192012170153,560,2023-08-06,2026-08-05,8,,,1000,0,987,24576,2,False,-135.71081959139542,0.289180408426953,,,0.0,,,,,,,,,,,,,0,0
e4a-v1,gpu_double,lightning_gpu,double,16,3,1,f9598a6bfdd0,43,N16_i01_Aheur_s43,Aheur,16.999999999977796,2,1.866648773795663 0.02149466056853867 -0.066173341255903725 2.9967322928884599,0.13112281842114482,1.2939192012170153,560,2023-08-06,2026-08-05,9,,,1000,1,982,2144,3,True,-152.22560294769778,0.7743970521023906,,,0.001,2144,0.7743970521023906,0.4971517797063406,0.0042080130733085745,319,1,False,False,False,0.8658145854195524,0.21823485306631307,0.25090227945403165,0,0
e4a-v1,gpu_double,lightning_gpu,double,20,4,0,88802fd9d289,42,N20_i00_Aheur_s42,Aheur,20.999999999965347,2,2.549594337107866 1.6837739916247021 2.8710969451053501 2.009847999970034,-0.15232144256321223,1.9296468975432697,4845,2023-08-06,2026-08-05,0,,,1000,47,973,54,4,True,-336.09614319305985,-0.09614319361431845,,,0.047,54,-0.09614319361431845,0.029113227409852616,0.00016712140706898364,10,1,False,False,True,1.3770110054553402,0.286374272982836,0.2072418243952019,0,0
e4a-v1,gpu_double,lightning_gpu,double,20,4,0,88802fd9d289,42,N20_i00_Aheur_s42,Aheur,20.999999999965347,2,2.549594337107866 1.6837739916247021 2.8710969451053501 2.009847999970034,-0.15232144256321223,1.9296468975432697,4845,2023-08-06,2026-08-05,1,,,1000,54,972,266260,4,True,-335.9630682393849,0.036931760060680774,,,0.054,266260,0.036931760060680774,0.09807659777798765,0.000562998350902485,90,1,False,False,False,1.0667124145813156,0.2009738920756863,0.1874674835899196,0,0
e4a-v1,gpu_double,lightning_gpu,double,20,4,0,88802fd9d289,42,N20_i00_Aheur_s42,Aheur,20.999999999965347,2,2.549594337107866 1.6837739916247021 2.8710969451053501 2.009847999970034,-0.15232144256321223,1.9296468975432697,4845,2023-08-06,2026-08-05,2,,,1000,53,984,262674,4,True,-335.9517289316613,0.048271067784235955,,,0.053,262674,0.048271067784235955,0.10395296186200313,0.0005967309982776762,101,1,False,False,False,1.1385458037418896,0.23028161193687788,0.20138110490006816,0,0
e4a-v1,gpu_double,lightning_gpu,double,20,4,0,88802fd9d289,42,N20_i00_Aheur_s42,Aheur,20.999999999965347,2,2.549594337107866 1.6837739916247021 2.8710969451053501 2.009847999970034,-0.15232144256321223,1.9296468975432697,4845,2023-08-06,2026-08-05,3,,,1000,49,968,917536,4,True,-335.80955630894516,0.19044369050041476,,,0.049,917536,0.19044369050041476,0.17763101295890896,0.0010196720688801164,394,1,False,False,False,1.1429746725614514,0.26408361078356657,0.23017448863848033,0,0
e4a-v1,gpu_double,lightning_gpu,double,20,4,0,88802fd9d289,42,N20_i00_Aheur_s42,Aheur,20.999999999965347,2,2.549594337107866 1.6837739916247021 2.8710969451053501 2.009847999970034,-0.15232144256321223,1.9296468975432697,4845,2023-08-06,2026-08-05,4,,,1000,40,965,131122,4,True,-336.0911555682004,-0.09115556875484487,,,0.04,131122,-0.09115556875484487,0.031697961884239394,0.0001819588023250328,13,1,False,False,True,1.498506609477795,0.3465959434532955,0.2306269063262457,0,0
e4a-v1,gpu_double,lightning_gpu,double,20,4,0,88802fd9d289,42,N20_i00_Aheur_s42,Aheur,20.999999999965347,2,2.549594337107866 1.6837739916247021 2.8710969451053501 2.009847999970034,-0.15232144256321223,1.9296468975432697,4845,2023-08-06,2026-08-05,5,,,1000,51,976,43,4,True,-335.8886595564184,0.11134044302711854,,,0.051,43,0.11134044302711854,0.13663737439529064,0.0007843524163667462,206,1,False,False,False,1.3263936874014763,0.3231974409181003,0.2429123750952961,0,0
e4a-v1,gpu_double,lightning_gpu,double,20,4,0,88802fd9d289,42,N20_i00_Aheur_s42,Aheur,20.999999999965347,2,2.549594337107866 1.6837739916247021 2.8710969451053501 2.009847999970034,-0.15232144256321223,1.9296468975432697,4845,2023-08-06,2026-08-05,6,,,1000,45,973,32806,4,True,-336.0744074900114,-0.0744074905658495,,,0.045,32806,-0.0744074905658495,0.04037731053104011,0.00023178168653761338,17,1,False,False,True,1.3321363460628044,0.2735604902748029,0.2046040490377498,0,0
e4a-v1,gpu_double,lightning_gpu,double,20,4,0,88802fd9d289,42,N20_i00_Aheur_s42,Aheur,20.999999999965347,2,2.549594337107866 1.6837739916247021 2.8710969451053501 2.009847999970034,-0.15232144256321223,1.9296468975432697,4845,2023-08-06,2026-08-05,7,,,1000,46,975,426016,4,True,-335.93895275602506,0.06104724342047807,,,0.046,426016,0.06104724342047807,0.11057395332552328,0.0006347381004789507,118,1,False,False,False,1.3559932917684046,0.3239441073883216,0.2381605494280561,0,0
e4a-v1,gpu_double,lightning_gpu,double,20,4,0,88802fd9d289,42,N20_i00_Aheur_s42,Aheur,20.999999999965347,2,2.549594337107866 1.6837739916247021 2.8710969451053501 2.009847999970034,-0.15232144256321223,1.9296468975432697,4845,2023-08-06,2026-08-05,8,,,1000,62,967,131346,4,True,-335.9019230894405,0.09807691000502217,,,0.062,131346,0.09807691000502217,0.1297638199439644,0.0007448955030091375,181,1,False,False,False,1.1817037011920455,0.25920896655615966,0.2185056764193012,0,0
e4a-v1,gpu_double,lightning_gpu,double,20,4,0,88802fd9d289,42,N20_i00_Aheur_s42,Aheur,20.999999999965347,2,2.549594337107866 1.6837739916247021 2.8710969451053501 2.009847999970034,-0.15232144256321223,1.9296468975432697,4845,2023-08-06,2026-08-05,9,,,1000,36,977,147474,4,True,-336.0431625469991,-0.04316254755353133,,,0.036,147474,-0.04316254755353133,0.05656936258579565,0.0003247304511877733,30,1,False,False,False,1.4653236501242322,0.3457177725059294,0.2352502619313513,0,0
e4a-v1,gpu_double,lightning_gpu,double,20,4,0,88802fd9d289,43,N20_i00_Aheur_s43,Aheur,20.999999999965347,2,1.9005516930172133 0.044325096520901372 -0.084808062314613838 2.9987411652124991,-0.15232144256321223,1.9296468975432697,4845,2023-08-06,2026-08-05,0,,,1000,2,1000,20740,4,True,-335.4503030276818,0.549696971763738,,,0.002,20740,0.549696971763738,0.36380667116907506,0.0020883937713577824,2253,1,False,False,False,0.8212405465166229,0.20195801430226198,0.2447005510804919,0,0
e4a-v1,gpu_double,lightning_gpu,double,20,4,0,88802fd9d289,43,N20_i00_Aheur_s43,Aheur,20.999999999965347,2,1.9005516930172133 0.044325096520901372 -0.084808062314613838 2.9987411652124991,-0.15232144256321223,1.9296468975432697,4845,2023-08-06,2026-08-05,1,,,1000,5,999,327716,4,True,-335.7804800626355,0.21951993681005472,,,0.005,327716,0.21951993681005472,0.19269918234609495,0.0011061693037791949,492,1,False,False,False,0.6871444303482627,0.12133539237997656,0.17512387071083071,0,0
e4a-v1,gpu_double,lightning_gpu,double,20,4,0,88802fd9d289,43,N20_i00_Aheur_s43,Aheur,20.999999999965347,2,1.9005516930172133 0.044325096520901372 -0.084808062314613838 2.9987411652124991,-0.15232144256321223,1.9296468975432697,4845,2023-08-06,2026-08-05,2,,,1000,7,998,426016,4,True,-335.93895275602506,0.06104724342047807,,,0.007,426016,0.06104724342047807,0.11057395332552328,0.0006347381004789507,118,1,False,False,False,1.3559932917684046,0.3239441073883216,0.2381605494280561,0,0
e4a-v1,gpu_double,lightning_gpu,double,20,4,0,88802fd9d289,43,N20_i00_Aheur_s43,Aheur,20.999999999965347,2,1.9005516930172133 0.044325096520901372 -0.084808062314613838 2.9987411652124991,-0.15232144256321223,1.9296468975432697,4845,2023-08-06,2026-08-05,3,,,1000,6,1000,393480,4,True,-335.58617762125647,0.41382237818905443,,,0.006,393480,0.41382237818905443,0.2933924447384922,0.0016841883415341363,1424,1,False,False,False,0.6982908692990247,0.14820784875491386,0.21081164773454308,0,0
e4a-v1,gpu_double,lightning_gpu,double,20,4,0,88802fd9d289,43,N20_i00_Aheur_s43,Aheur,20.999999999965347,2,1.9005516930172133 0.044325096520901372 -0.084808062314613838 2.9987411652124991,-0.15232144256321223,1.9296468975432697,4845,2023-08-06,2026-08-05,4,,,1000,7,996,266280,4,True,-335.85527878865156,0.14472121079397127,,,0.007,266280,0.14472121079397127,0.15393627390346049,0.0008836549219203526,266,1,False,False,False,1.0316986819894607,0.21335081605096026,0.20582639074567466,0,0
e4a-v1,gpu_double,lightning_gpu,double,20,4,0,88802fd9d289,43,N20_i00_Aheur_s43,Aheur,20.999999999965347,2,1.9005516930172133 0.044325096520901372 -0.084808062314613838 2.9987411652124991,-0.15232144256321223,1.9296468975432697,4845,2023-08-06,2026-08-05,5,,,1000,8,1000,264210,4,True,-335.8817744824305,0.11822551701505024,,,0.008,264210,0.11822551701505024,0.14020542303501712,0.0008048344227333733,222,1,False,False,False,0.9794372855341286,0.18991458867712277,0.1928807402651612,0,0
e4a-v1,gpu_double,lightning_gpu,double,20,4,0,88802fd9d289,43,N20_i00_Aheur_s43,Aheur,20.999999999965347,2,1.9005516930172133 0.044325096520901372 -0.084808062314613838 2.9987411652124991,-0.15232144256321223,1.9296468975432697,4845,2023-08-06,2026-08-05,6,,,1000,3,999,361472,4,True,-335.472952985721,0.5270470137245598,,,0.003,361472,0.5270470137245598,0.3520687941160168,0.0020210137278643577,2098,1,False,False,False,0.707590186482497,0.16280696375411463,0.22867327281413205,0,0
e4a-v1,gpu_double,lightning_gpu,double,20,4,0,88802fd9d289,43,N20_i00_Aheur_s43,Aheur,20.999999999965347,2,1.9005516930172133 0.044325096520901372 -0.084808062314613838 2.9987411652124991,-0.15232144256321223,1.9296468975432697,4845,2023-08-06,2026-08-05,7,,,1000,6,999,8218,4,True,-335.926767301625,0.07323269782054764,,,0.006,8218,0.07323269782054764,0.11688881560192395,0.0006709879004142807,137,1,False,False,False,1.0967405929447716,0.22085487906933196,0.20046206047595722,0,0
e4a-v1,gpu_double,lightning_gpu,double,20,4,0,88802fd9d289,43,N20_i00_Aheur_s43,Aheur,20.999999999965347,2,1.9005516930172133 0.044325096520901372 -0.084808062314613838 2.9987411652124991,-0.15232144256321223,1.9296468975432697,4845,2023-08-06,2026-08-05,8,,,1000,5,996,131352,4,True,-335.72338025630194,0.2766197431435977,,,0.005,131352,0.2766197431435977,0.22228998800397964,0.0012760321983402059,715,1,False,False,False,1.0203820532814216,0.23390089248540935,0.22824871501456642,0,0
e4a-v1,gpu_double,lightning_gpu,double,20,4,0,88802fd9d289,43,N20_i00_Aheur_s43,Aheur,20.999999999965347,2,1.9005516930172133 0.044325096520901372 -0.084808062314613838 2.9987411652124991,-0.15232144256321223,1.9296468975432697,4845,2023-08-06,2026-08-05,9,,,1000,4,999,2200,4,True,-335.51011518807064,0.4898848113749109,,,0.004,2200,0.4898848113749109,0.33281024355064553,0.0019104620523910712,1870,1,False,False,False,0.7468989650164756,0.17114871645450855,0.22780687137617778,0,0
e4a-v1,gpu_double,lightning_gpu,double,20,4,1,9f06c1dc6e9a,42,N20_i01_Aheur_s42,Aheur,20.99999999997685,2,2.5470571607990928 1.6819246629326174 2.8710914090557091 2.0099534611414791,-0.05194130964678845,1.6573123108875516,4845,2023-08-06,2026-08-05,0,,,1000,44,972,786945,4,True,-335.7138891886642,0.2861108109653947,,,0.044,786945,0.2861108109653947,0.20397611143740543,0.0010059519944896434,164,1,False,False,False,1.5748210862754155,0.39078687234319776,0.2475118448312605,0,0
e4a-v1,gpu_double,lightning_gpu,double,20,4,1,9f06c1dc6e9a,42,N20_i01_Aheur_s42,Aheur,20.99999999997685,2,2.5470571607990928 1.6819246629326174 2.8710914090557091 2.0099534611414791,-0.05194130964678845,1.6573123108875516,4845,2023-08-06,2026-08-05,1,,,1000,49,977,591873,4,True,-335.8457087279638,0.1542912716657765,,,0.049,591873,0.1542912716657765,0.1244379710195478,0.0006136925753473458,26,1,False,False,False,1.4724590711161614,0.31487679836103566,0.21316504106501857,0,0
e4a-v1,gpu_double,lightning_gpu,double,20,4,1,9f06c1dc6e9a,42,N20_i01_Aheur_s42,Aheur,20.99999999997685,2,2.5470571607990928 1.6819246629326174 2.8710914090557091 2.0099534611414791,-0.05194130964678845,1.6573123108875516,4845,2023-08-06,2026-08-05,2,,,1000,49,981,524577,4,True,-335.7931054020358,0.20689459759383477,,,0.049,524577,0.20689459759383477,0.15617811171752358,0.0007702258949380998,56,1,False,False,False,1.1481623201437778,0.22216278452294227,0.1926232734194302,0,0
e4a-v1,gpu_double,lightning_gpu,double,20,4,1,9f06c1dc6e9a,42,N20_i01_Aheur_s42,Aheur,20.99999999997685,2,2.5470571607990928 1.6819246629326174 2.8710914090557091 2.0099534611414791,-0.05194130964678845,1.6573123108875516,4845,2023-08-06,2026-08-05,3,,,1000,60,971,524337,4,True,-335.7248206158691,0.27517938376052953,,,0.06,524337,0.27517938376052953,0.19738023500961796,0.0009734230135164171,144,1,False,False,False,1.079280375267109,0.21679615702050087,0.1999444833480771,0,0
e4a-v1,gpu_double,lightning_gpu,double,20,4,1,9f06c1dc6e9a,42,N20_i01_Aheur_s42,Aheur,20.99999999997685,2,2.5470571607990928 1.6819246629326174 2.8710914090557091 2.0099534611414791,-0.05194130964678845,1.6573123108875516,4845,2023-08-06,2026-08-05,4,,,1000,42,965,525315,4,True,-335.80795918088626,0.1920408187433263,,,0.042,525315,0.1920408187433263,0.1472155409618923,0.0007260250526735459,46,1,False,False,False,1.0383173623444752,0.18727407133164,0.17939993886940434,0,0
e4a-v1,gpu_double,lightning_gpu,double,20,4,1,9f06c1dc6e9a,42,N20_i01_Aheur_s42,Aheur,20.99999999997685,2,2.5470571607990928 1.6819246629326174 2.8710914090557091 2.0099534611414791,-0.05194130964678845,1.6573123108875516,4845,2023-08-06,2026-08-05,5,,,1000,49,976,655365,4,True,-335.89730645221476,0.10269354741485248,,,0.049,655365,0.10269354741485248,0.0933045968739762,0.0004601516553041629,11,1,False,False,False,1.2210699002276004,0.21603668308300883,0.17610513783275406,0,0
e4a-v1,gpu_double,lightning_gpu,double,20,4,1,9f06c1dc6e9a,42,N20_i01_Aheur_s42,Aheur,20.99999999997685,2,2.5470571607990928 1.6819246629326174 2.8710914090557091 2.0099534611414791,-0.05194130964678845,1.6573123108875516,4845,2023-08-06,2026-08-05,6,,,1000,40,973,720900,4,True,-335.72612808532,0.2738719143096222,,,0.04,720900,0.2738719143096222,0.1965913254949067,0.0009695323368376473,140,1,False,False,False,1.1580871851511039,0.24035146867773505,0.2066782810022245,0,0
e4a-v1,gpu_double,lightning_gpu,double,20,4,1,9f06c1dc6e9a,42,N20_i01_Aheur_s42,Aheur,20.99999999997685,2,2.5470571607990928 1.6819246629326174 2.8710914090557091 2.0099534611414791,-0.05194130964678845,1.6573123108875516,4845,2023-08-06,2026-08-05,7,,,1000,47,974,524547,4,True,-335.822455835598,0.17754416403160256,,,0.047,524547,0.17754416403160256,0.13846845411743372,0.0006828869155890107,34,1,False,False,False,1.0525890681706451,0.18782994849991796,0.17749561927773053,0,0
e4a-v1,gpu_double,lightning_gpu,double,20,4,1,9f06c1dc6e9a,42,N20_i01_Aheur_s42,Aheur,20.99999999997685,2,2.5470571607990928 1.6819246629326174 2.8710914090557091 2.0099534611414791,-0.05194130964678845,1.6573123108875516,4845,2023-08-06,2026-08-05,8,,,1000,43,971,664576,4,True,-335.724117415105,0.27588258452457826,,,0.043,664576,0.27588258452457826,0.197804536910611,0.0009755155494538945,146,1,False,False,False,1.0496364363894517,0.20828855227346177,0.19748604858506502,0,0
e4a-v1,gpu_double,lightning_gpu,double,20,4,1,9f06c1dc6e9a,42,N20_i01_Aheur_s42,Aheur,20.99999999997685,2,2.5470571607990928 1.6819246629326174 2.8710914090557091 2.0099534611414791,-0.05194130964678845,1.6573123108875516,4845,2023-08-06,2026-08-05,9,,,1000,46,982,525345,4,True,-335.73030777929546,0.2696922203341603,,,0.046,525345,0.2696922203341603,0.19406935425991145,0.0009570946941352198,137,1,False,False,False,1.0993519177453142,0.22160690735466432,0.20066996181451346,0,0
e4a-v1,gpu_double,lightning_gpu,double,20,4,1,9f06c1dc6e9a,43,N20_i01_Aheur_s43,Aheur,20.99999999997685,2,1.8982487231981187 0.044053902645595028 -0.084632481284101183 2.9987718758133686,-0.05194130964678845,1.6573123108875516,4845,2023-08-06,2026-08-05,0,,,1000,8,999,17417,4,True,-335.4434532204154,0.5565467792142249,,,0.008,17417,0.5565467792142249,0.367153544243659,0.0018106965443803451,1224,1,False,False,False,0.5665707065261117,0.11807062787047753,0.20663021670902793,0,0
e4a-v1,gpu_double,lightning_gpu,double,20,4,1,9f06c1dc6e9a,43,N20_i01_Aheur_s43,Aheur,20.99999999997685,2,1.8982487231981187 0.044053902645595028 -0.084632481284101183 2.9987718758133686,-0.05194130964678845,1.6573123108875516,4845,2023-08-06,2026-08-05,1,,,1000,5,999,659472,4,True,-335.619883940595,0.38011605903461887,,,0.005,659472,0.38011605903461887,0.26069761616024245,0.0012856862751576099,376,1,False,False,False,1.0900045951506123,0.24022254978726895,0.2194693039383143,0,0
e4a-v1,gpu_double,lightning_gpu,double,20,4,1,9f06c1dc6e9a,43,N20_i01_Aheur_s43,Aheur,20.99999999997685,2,1.8982487231981187 0.044053902645595028 -0.084632481284101183 2.9987718758133686,-0.05194130964678845,1.6573123108875516,4845,2023-08-06,2026-08-05,2,,,1000,7,999,794625,4,True,-335.7400273657907,0.2599726338388938,,,0.007,794625,0.2599726338388938,0.18820468624808614,0.0009281718244818012,122,1,False,False,False,1.1001365606197497,0.21979241786581025,0.19887750820912264,0,0
e4a-v1,gpu_double,lightning_gpu,double,20,4,1,9f06c1dc6e9a,43,N20_i01_Aheur_s43,Aheur,20.99999999997685,2,1.8982487231981187 0.044053902645595028 -0.084632481284101183 2.9987718758133686,-0.05194130964678845,1.6573123108875516,4845,2023-08-06,2026-08-05,3,,,1000,3,1000,524310,4,True,-335.58650619295025,0.41349380667936986,,,0.003,524310,0.41349380667936986,0.28083730101353116,0.00138500945571925,475,1,False,False,False,0.9180203406089463,0.19453097726759644,0.2108133869225843,0,0
e4a-v1,gpu_double,lightning_gpu,double,20,4,1,9f06c1dc6e9a,43,N20_i01_Aheur_s43,Aheur,20.99999999997685,2,1.8982487231981187 0.044053902645595028 -0.084632481284101183 2.9987718758133686,-0.05194130964678845,1.6573123108875516,4845,2023-08-06,2026-08-05,4,,,1000,3,997,3075,4,True,-335.5734148315369,0.4265851680926813,,,0.003,3075,0.4265851680926813,0.28873645274691845,0.0014239658187216683,537,1,False,False,False,0.9947680591084346,0.21901498769945882,0.21916162838486766,0,0
e4a-v1,gpu_double,lightning_gpu,double,20,4,1,9f06c1dc6e9a,43,N20_i01_Aheur_s43,Aheur,20.99999999997685,2,1.8982487231981187 0.044053902645595028 -0.084632481284101183 2.9987718758133686,-0.05194130964678845,1.6573123108875516,4845,2023-08-06,2026-08-05,5,,,1000,5,999,602112,4,True,-335.5483612411361,0.4516387584935193,,,0.005,602112,0.4516387584935193,0.3038534528658766,0.0014985185509666535,630,1,False,False,False,1.174302891801965,0.28047586688295456,0.23799299893922557,0,0
e4a-v1,gpu_double,lightning_gpu,double,20,4,1,9f06c1dc6e9a,43,N20_i01_Aheur_s43,Aheur,20.99999999997685,2,1.8982487231981187 0.044053902645595028 -0.084632481284101183 2.9987718758133686,-0.05194130964678845,1.6573123108875516,4845,2023-08-06,2026-08-05,6,,,1000,6,999,525832,4,True,-335.46200339387667,0.5379966057529355,,,0.006,525832,0.5379966057529355,0.3559606186016868,0.0017554962280571693,1103,1,False,False,False,1.4939437362986272,0.416229562084104,0.2779419010202289,0,0
e4a-v1,gpu_double,lightning_gpu,double,20,4,1,9f06c1dc6e9a,43,N20_i01_Aheur_s43,Aheur,20.99999999997685,2,1.8982487231981187 0.044053902645595028 -0.084632481284101183 2.9987718758133686,-0.05194130964678845,1.6573123108875516,4845,2023-08-06,2026-08-05,7,,,1000,3,1000,663584,4,True,-335.78617022785033,0.21382977177927848,,,0.003,663584,0.21382977177927848,0.1603627027206096,0.0007908631040505481,65,1,False,False,False,1.111851803887277,0.2130585818075788,0.19072558147243696,0,0
e4a-v1,gpu_double,lightning_gpu,double,20,4,1,9f06c1dc6e9a,43,N20_i01_Aheur_s43,Aheur,20.99999999997685,2,1.8982487231981187 0.044053902645595028 -0.084632481284101183 2.9987718758133686,-0.05194130964678845,1.6573123108875516,4845,2023-08-06,2026-08-05,8,,,1000,5,996,659712,4,True,-335.55971685865006,0.440283140979538,,,0.005,659712,0.440283140979538,0.2970016257000602,0.001464727293967098,586,1,False,False,False,1.073611811967965,0.2455891772897104,0.2278190073573898,0,0
e4a-v1,gpu_double,lightning_gpu,double,20,4,1,9f06c1dc6e9a,43,N20_i01_Aheur_s43,Aheur,20.99999999997685,2,1.8982487231981187 0.044053902645595028 -0.084632481284101183 2.9987718758133686,-0.05194130964678845,1.6573123108875516,4845,2023-08-06,2026-08-05,9,,,1000,3,999,10243,4,True,-335.6404354522343,0.3595645473953023,,,0.003,10243,0.3595645473953023,0.24829710992837206,0.0012245305158447883,316,1,False,False,False,1.036843902099719,0.22030471550931402,0.21151179561860628,0,0
e4a-v1,gpu_single,lightning_gpu,single,12,2,0,941157873a8b,42,N12_i00_Aheur_s42,Aheur,12.999999999979208,2,2.2510245979651757 1.3791771436170195 2.7902898692155738 2.0853295700379939,-0.25261168083239516,0.6490147388383165,66,2023-08-06,2026-08-05,0,,,1000,183,609,1028,2,True,-52.252611680749226,-0.25261168083239516,,,0.183,1028,-0.25261168083239516,0.0,0.0,1,1,True,True,True,1.3218756853432454,0.3043831643149789,0.229509603420991,2,2
e4a-v1,gpu_single,lightning_gpu,single,12,2,0,941157873a8b,42,N12_i00_Aheur_s42,Aheur,12.999999999979208,2,2.2510245979651757 1.3791771436170195 2.7902898692155738 2.0853295700379939,-0.25261168083239516,0.6490147388383165,66,2023-08-06,2026-08-05,1,,,1000,173,595,1028,2,True,-52.252611680749226,-0.25261168083239516,,,0.173,1028,-0.25261168083239516,0.0,0.0,1,1,True,True,True,1.3218756853432454,0.3043831643149789,0.229509603420991,2,2
e4a-v1,gpu_single,lightning_gpu,single,12,2,0,941157873a8b,42,N12_i00_Aheur_s42,Aheur,12.999999999979208,2,2.2510245979651757 1.3791771436170195 2.7902898692155738 2.0853295700379939,-0.25261168083239516,0.6490147388383165,66,2023-08-06,2026-08-05,2,,,1000,182,615,1028,2,True,-52.252611680749226,-0.25261168083239516,,,0.182,1028,-0.25261168083239516,0.0,0.0,1,1,True,True,True,1.3218756853432454,0.3043831643149789,0.229509603420991,1,1
e4a-v1,gpu_single,lightning_gpu,single,12,2,0,941157873a8b,42,N12_i00_Aheur_s42,Aheur,12.999999999979208,2,2.2510245979651757 1.3791771436170195 2.7902898692155738 2.0853295700379939,-0.25261168083239516,0.6490147388383165,66,2023-08-06,2026-08-05,3,,,1000,169,628,1028,2,True,-52.252611680749226,-0.25261168083239516,,,0.169,1028,-0.25261168083239516,0.0,0.0,1,1,True,True,True,1.3218756853432454,0.3043831643149789,0.229509603420991,1,1
e4a-v1,gpu_single,lightning_gpu,single,12,2,0,941157873a8b,42,N12_i00_Aheur_s42,Aheur,12.999999999979208,2,2.2510245979651757 1.3791771436170195 2.7902898692155738 2.0853295700379939,-0.25261168083239516,0.6490147388383165,66,2023-08-06,2026-08-05,4,,,1000,180,611,1028,2,True,-52.252611680749226,-0.25261168083239516,,,0.18,1028,-0.25261168083239516,0.0,0.0,1,1,True,True,True,1.3218756853432454,0.3043831643149789,0.229509603420991,7,7
e4a-v1,gpu_single,lightning_gpu,single,12,2,0,941157873a8b,42,N12_i00_Aheur_s42,Aheur,12.999999999979208,2,2.2510245979651757 1.3791771436170195 2.7902898692155738 2.0853295700379939,-0.25261168083239516,0.6490147388383165,66,2023-08-06,2026-08-05,5,,,1000,176,637,1028,2,True,-52.252611680749226,-0.25261168083239516,,,0.176,1028,-0.25261168083239516,0.0,0.0,1,1,True,True,True,1.3218756853432454,0.3043831643149789,0.229509603420991,4,4
e4a-v1,gpu_single,lightning_gpu,single,12,2,0,941157873a8b,42,N12_i00_Aheur_s42,Aheur,12.999999999979208,2,2.2510245979651757 1.3791771436170195 2.7902898692155738 2.0853295700379939,-0.25261168083239516,0.6490147388383165,66,2023-08-06,2026-08-05,6,,,1000,151,634,1028,2,True,-52.252611680749226,-0.25261168083239516,,,0.151,1028,-0.25261168083239516,0.0,0.0,1,1,True,True,True,1.3218756853432454,0.3043831643149789,0.229509603420991,1,1
e4a-v1,gpu_single,lightning_gpu,single,12,2,0,941157873a8b,42,N12_i00_Aheur_s42,Aheur,12.999999999979208,2,2.2510245979651757 1.3791771436170195 2.7902898692155738 2.0853295700379939,-0.25261168083239516,0.6490147388383165,66,2023-08-06,2026-08-05,7,,,1000,158,639,1028,2,True,-52.252611680749226,-0.25261168083239516,,,0.158,1028,-0.25261168083239516,0.0,0.0,1,1,True,True,True,1.3218756853432454,0.3043831643149789,0.229509603420991,1,1
e4a-v1,gpu_single,lightning_gpu,single,12,2,0,941157873a8b,42,N12_i00_Aheur_s42,Aheur,12.999999999979208,2,2.2510245979651757 1.3791771436170195 2.7902898692155738 2.0853295700379939,-0.25261168083239516,0.6490147388383165,66,2023-08-06,2026-08-05,8,,,1000,162,640,1028,2,True,-52.252611680749226,-0.25261168083239516,,,0.162,1028,-0.25261168083239516,0.0,0.0,1,1,True,True,True,1.3218756853432454,0.3043831643149789,0.229509603420991,1,1
e4a-v1,gpu_single,lightning_gpu,single,12,2,0,941157873a8b,42,N12_i00_Aheur_s42,Aheur,12.999999999979208,2,2.2510245979651757 1.3791771436170195 2.7902898692155738 2.0853295700379939,-0.25261168083239516,0.6490147388383165,66,2023-08-06,2026-08-05,9,,,1000,175,626,1028,2,True,-52.252611680749226,-0.25261168083239516,,,0.175,1028,-0.25261168083239516,0.0,0.0,1,1,True,True,True,1.3218756853432454,0.3043831643149789,0.229509603420991,2,2
e4a-v1,gpu_single,lightning_gpu,single,12,2,0,941157873a8b,43,N12_i00_Aheur_s43,Aheur,12.999999999979208,2,1.8301237517759843 0.0002165697581993681 -0.044589671100633908 2.9835135568116264,-0.25261168083239516,0.6490147388383165,66,2023-08-06,2026-08-05,0,,,1000,3,837,1025,2,True,-52.033814756618916,-0.03381475670208356,,,0.003,1025,-0.03381475670208356,0.3371216569317675,0.004187291641365367,13,1,False,False,False,1.0580675479084825,0.3532756522349595,0.332942497793562,0,0
e4a-v1,gpu_single,lightning_gpu,single,12,2,0,941157873a8b,43,N12_i00_Aheur_s43,Aheur,12.999999999979208,2,1.8301237517759843 0.0002165697581993681 -0.044589671100633908 2.9835135568116264,-0.25261168083239516,0.6490147388383165,66,2023-08-06,2026-08-05,1,,,1000,13,831,1028,2,True,-52.252611680749226,-0.25261168083239516,,,0.013,1028,-0.25261168083239516,0.0,0.0,1,1,True,True,True,1.3218756853432454,0.3043831643149789,0.229509603420991,1,1
e4a-v1,gpu_single,lightning_gpu,single,12,2,0,941157873a8b,43,N12_i00_Aheur_s43,Aheur,12.999999999979208,2,1.8301237517759843 0.0002165697581993681 -0.044589671100633908 2.9835135568116264,-0.25261168083239516,0.6490147388383165,66,2023-08-06,2026-08-05,2,,,1000,14,827,132,2,True,-51.984638876747475,0.01536112316935867,,,0.014,132,0.01536112316935867,0.4128917079470388,0.0051284097652190596,19,1,False,False,False,0.8208844298269429,0.23426844646754036,0.2841672201246618,0,0
e4a-v1,gpu_single,lightning_gpu,single,12,2,0,941157873a8b,43,N12_i00_Aheur_s43,Aheur,12.999999999979208,2,1.8301237517759843 0.0002165697581993681 -0.044589671100633908 2.9835135568116264,-0.25261168083239516,0.6490147388383165,66,2023-08-06,2026-08-05,3,,,1000,8,831,6,2,True,-52.19909386988679,-0.19909386996995387,,,0.008,6,-0.19909386996995387,0.08246008551089888,0.0010242131281288315,2,1,False,False,False,1.1763543666609393,0.2522455012773938,0.21357977527685781,0,0
e4a-v1,gpu_single,lightning_gpu,single,12,2,0,941157873a8b,43,N12_i00_Aheur_s43,Aheur,12.999999999979208,2,1.8301237517759843 0.0002165697581993681 -0.044589671100633908 2.9835135568116264,-0.25261168083239516,0.6490147388383165,66,2023-08-06,2026-08-05,4,,,1000,10,837,12,2,True,-52.1507686029985,-0.15076860308166284,,,0.01,12,-0.15076860308166284,0.1569195145444973,0.0019490523913516286,3,1,False,False,False,1.337964475552203,0.49124459998426784,0.36641077468214145,0,0
e4a-v1,gpu_single,lightning_gpu,single,12,2,0,941157873a8b,43,N12_i00_Aheur_s43,Aheur,12.999999999979208,2,1.8301237517759843 0.0002165697581993681 -0.044589671100633908 2.9835135568116264,-0.25261168083239516,0.6490147388383165,66,2023-08-06,2026-08-05,5,,,1000,4,838,3072,2,True,-51.98944023041032,0.010559769506511552,,,0.004,3072,0.010559769506511552,0.4054937963503913,0.005036522422014432,18,1,False,False,False,0.6668564718763513,0.15547837934882044,0.23165161599790826,0,0
e4a-v1,gpu_single,lightning_gpu,single,12,2,0,941157873a8b,43,N12_i00_Aheur_s43,Aheur,12.999999999979208,2,1.8301237517759843 0.0002165697581993681 -0.044589671100633908 2.9835135568116264,-0.25261168083239516,0.6490147388383165,66,2023-08-06,2026-08-05,6,,,1000,13,844,12,2,True,-52.1507686029985,-0.15076860308166284,,,0.013,12,-0.15076860308166284,0.1569195145444973,0.0019490523913516286,3,1,False,False,False,1.337964475552203,0.49124459998426784,0.36641077468214145,0,0
e4a-v1,gpu_single,lightning_gpu,single,12,2,0,941157873a8b,43,N12_i00_Aheur_s43,Aheur,12.999999999979208,2,1.8301237517759843 0.0002165697581993681 -0.044589671100633908 2.9835135568116264,-0.25261168083239516,0.6490147388383165,66,2023-08-06,2026-08-05,7,,,1000,6,818,132,2,True,-51.984638876747475,0.01536112316935867,,,0.006,132,0.01536112316935867,0.4128917079470388,0.0051284097652190596,19,1,False,False,False,0.8208844298269429,0.23426844646754036,0.2841672201246618,0,0
e4a-v1,gpu_single,lightning_gpu,single,12,2,0,941157873a8b,43,N12_i00_Aheur_s43,Aheur,12.999999999979208,2,1.8301237517759843 0.0002165697581993681 -0.044589671100633908 2.9835135568116264,-0.25261168083239516,0.6490147388383165,66,2023-08-06,2026-08-05,8,,,1000,9,855,68,2,True,-52.07953997417389,-0.0795399742570615,,,0.009,68,-0.0795399742570615,0.26666837626078865,0.0033122116006901203,8,1,False,False,False,1.1172922135622942,0.36437243578231837,0.32522596270833015,0,0
e4a-v1,gpu_single,lightning_gpu,single,12,2,0,941157873a8b,43,N12_i00_Aheur_s43,Aheur,12.999999999979208,2,1.8301237517759843 0.0002165697581993681 -0.044589671100633908 2.9835135568116264,-0.25261168083239516,0.6490147388383165,66,2023-08-06,2026-08-05,9,,,1000,11,835,1025,2,True,-52.033814756618916,-0.03381475670208356,,,0.011,1025,-0.03381475670208356,0.3371216569317675,0.004187291641365367,13,1,False,False,False,1.0580675479084825,0.3532756522349595,0.332942497793562,0,0
e4a-v1,gpu_single,lightning_gpu,single,12,2,1,3798cace2ea7,42,N12_i01_Aheur_s42,Aheur,12.999999999983347,2,2.2548321852968618 1.3964072519323973 2.7962367287547587 2.0867076840383003,0.15347271196197812,0.6821104373880992,66,2023-08-06,2026-08-05,0,,,1000,197,616,17,2,True,-51.846527287971405,0.15347271196197812,,,0.197,17,0.15347271196197812,0.0,0.0,1,1,True,True,True,0.8071062374637792,0.172876351205122,0.21295381354655352,3,3
e4a-v1,gpu_single,lightning_gpu,single,12,2,1,3798cace2ea7,42,N12_i01_Aheur_s42,Aheur,12.999999999983347,2,2.2548321852968618 1.3964072519323973 2.7962367287547587 2.0867076840383003,0.15347271196197812,0.6821104373880992,66,2023-08-06,2026-08-05,1,,,1000,169,615,17,2,True,-51.846527287971405,0.15347271196197812,,,0.169,17,0.15347271196197812,0.0,0.0,1,1,True,True,True,0.8071062374637792,0.172876351205122,0.21295381354655352,4,4
e4a-v1,gpu_single,lightning_gpu,single,12,2,1,3798cace2ea7,42,N12_i01_Aheur_s42,Aheur,12.999999999983347,2,2.2548321852968618 1.3964072519323973 2.7962367287547587 2.0867076840383003,0.15347271196197812,0.6821104373880992,66,2023-08-06,2026-08-05,2,,,1000,188,638,17,2,True,-51.846527287971405,0.15347271196197812,,,0.188,17,0.15347271196197812,0.0,0.0,1,1,True,True,True,0.8071062374637792,0.172876351205122,0.21295381354655352,3,3
e4a-v1,gpu_single,lightning_gpu,single,12,2,1,3798cace2ea7,42,N12_i01_Aheur_s42,Aheur,12.999999999983347,2,2.2548321852968618 1.3964072519323973 2.7962367287547587 2.0867076840383003,0.15347271196197812,0.6821104373880992,66,2023-08-06,2026-08-05,3,,,1000,181,628,17,2,True,-51.846527287971405,0.15347271196197812,,,0.181,17,0.15347271196197812,0.0,0.0,1,1,True,True,True,0.8071062374637792,0.172876351205122,0.21295381354655352,1,1
e4a-v1,gpu_single,lightning_gpu,single,12,2,1,3798cace2ea7,42,N12_i01_Aheur_s42,Aheur,12.999999999983347,2,2.2548321852968618 1.3964072519323973 2.7962367287547587 2.0867076840383003,0.15347271196197812,0.6821104373880992,66,2023-08-06,2026-08-05,4,,,1000,186,609,17,2,True,-51.846527287971405,0.15347271196197812,,,0.186,17,0.15347271196197812,0.0,0.0,1,1,True,True,True,0.8071062374637792,0.172876351205122,0.21295381354655352,1,1
e4a-v1,gpu_single,lightning_gpu,single,12,2,1,3798cace2ea7,42,N12_i01_Aheur_s42,Aheur,12.999999999983347,2,2.2548321852968618 1.3964072519323973 2.7962367287547587 2.0867076840383003,0.15347271196197812,0.6821104373880992,66,2023-08-06,2026-08-05,5,,,1000,192,643,17,2,True,-51.846527287971405,0.15347271196197812,,,0.192,17,0.15347271196197812,0.0,0.0,1,1,True,True,True,0.8071062374637792,0.172876351205122,0.21295381354655352,6,6
e4a-v1,gpu_single,lightning_gpu,single,12,2,1,3798cace2ea7,42,N12_i01_Aheur_s42,Aheur,12.999999999983347,2,2.2548321852968618 1.3964072519323973 2.7962367287547587 2.0867076840383003,0.15347271196197812,0.6821104373880992,66,2023-08-06,2026-08-05,6,,,1000,176,643,17,2,True,-51.846527287971405,0.15347271196197812,,,0.176,17,0.15347271196197812,0.0,0.0,1,1,True,True,True,0.8071062374637792,0.172876351205122,0.21295381354655352,2,2
e4a-v1,gpu_single,lightning_gpu,single,12,2,1,3798cace2ea7,42,N12_i01_Aheur_s42,Aheur,12.999999999983347,2,2.2548321852968618 1.3964072519323973 2.7962367287547587 2.0867076840383003,0.15347271196197812,0.6821104373880992,66,2023-08-06,2026-08-05,7,,,1000,163,657,17,2,True,-51.846527287971405,0.15347271196197812,,,0.163,17,0.15347271196197812,0.0,0.0,1,1,True,True,True,0.8071062374637792,0.172876351205122,0.21295381354655352,3,3
e4a-v1,gpu_single,lightning_gpu,single,12,2,1,3798cace2ea7,42,N12_i01_Aheur_s42,Aheur,12.999999999983347,2,2.2548321852968618 1.3964072519323973 2.7962367287547587 2.0867076840383003,0.15347271196197812,0.6821104373880992,66,2023-08-06,2026-08-05,8,,,1000,173,651,17,2,True,-51.846527287971405,0.15347271196197812,,,0.173,17,0.15347271196197812,0.0,0.0,1,1,True,True,True,0.8071062374637792,0.172876351205122,0.21295381354655352,4,4
e4a-v1,gpu_single,lightning_gpu,single,12,2,1,3798cace2ea7,42,N12_i01_Aheur_s42,Aheur,12.999999999983347,2,2.2548321852968618 1.3964072519323973 2.7962367287547587 2.0867076840383003,0.15347271196197812,0.6821104373880992,66,2023-08-06,2026-08-05,9,,,1000,185,641,17,2,True,-51.846527287971405,0.15347271196197812,,,0.185,17,0.15347271196197812,0.0,0.0,1,1,True,True,True,0.8071062374637792,0.172876351205122,0.21295381354655352,4,4
e4a-v1,cpu_double,lightning_cpu,double,12,2,0,941157873a8b,42,N12_i00_Aheur_s42,Aheur,12.999999999979208,2,2.2510245979651757 1.3791771436170195 2.7902898692155738 2.0853295700379939,-0.25261168083239516,0.6490147388383165,66,2023-08-06,2026-08-05,0,,,1000,151,647,1028,2,True,-52.252611680749226,-0.25261168083239516,,,0.151,1028,-0.25261168083239516,0.0,0.0,1,1,True,True,True,1.3218756853432454,0.3043831643149789,0.229509603420991,3,3
e4a-v1,cpu_double,lightning_cpu,double,12,2,0,941157873a8b,42,N12_i00_Aheur_s42,Aheur,12.999999999979208,2,2.2510245979651757 1.3791771436170195 2.7902898692155738 2.0853295700379939,-0.25261168083239516,0.6490147388383165,66,2023-08-06,2026-08-05,1,,,1000,179,613,1028,2,True,-52.252611680749226,-0.25261168083239516,,,0.179,1028,-0.25261168083239516,0.0,0.0,1,1,True,True,True,1.3218756853432454,0.3043831643149789,0.229509603420991,4,4
e4a-v1,cpu_double,lightning_cpu,double,12,2,0,941157873a8b,42,N12_i00_Aheur_s42,Aheur,12.999999999979208,2,2.2510245979651757 1.3791771436170195 2.7902898692155738 2.0853295700379939,-0.25261168083239516,0.6490147388383165,66,2023-08-06,2026-08-05,2,,,1000,173,624,1028,2,True,-52.252611680749226,-0.25261168083239516,,,0.173,1028,-0.25261168083239516,0.0,0.0,1,1,True,True,True,1.3218756853432454,0.3043831643149789,0.229509603420991,4,4
e4a-v1,cpu_double,lightning_cpu,double,12,2,0,941157873a8b,42,N12_i00_Aheur_s42,Aheur,12.999999999979208,2,2.2510245979651757 1.3791771436170195 2.7902898692155738 2.0853295700379939,-0.25261168083239516,0.6490147388383165,66,2023-08-06,2026-08-05,3,,,1000,164,635,1028,2,True,-52.252611680749226,-0.25261168083239516,,,0.164,1028,-0.25261168083239516,0.0,0.0,1,1,True,True,True,1.3218756853432454,0.3043831643149789,0.229509603420991,2,2
e4a-v1,cpu_double,lightning_cpu,double,12,2,0,941157873a8b,42,N12_i00_Aheur_s42,Aheur,12.999999999979208,2,2.2510245979651757 1.3791771436170195 2.7902898692155738 2.0853295700379939,-0.25261168083239516,0.6490147388383165,66,2023-08-06,2026-08-05,4,,,1000,188,637,1028,2,True,-52.252611680749226,-0.25261168083239516,,,0.188,1028,-0.25261168083239516,0.0,0.0,1,1,True,True,True,1.3218756853432454,0.3043831643149789,0.229509603420991,3,3
e4a-v1,cpu_double,lightning_cpu,double,12,2,0,941157873a8b,42,N12_i00_Aheur_s42,Aheur,12.999999999979208,2,2.2510245979651757 1.3791771436170195 2.7902898692155738 2.0853295700379939,-0.25261168083239516,0.6490147388383165,66,2023-08-06,2026-08-05,5,,,1000,179,612,1028,2,True,-52.252611680749226,-0.25261168083239516,,,0.179,1028,-0.25261168083239516,0.0,0.0,1,1,True,True,True,1.3218756853432454,0.3043831643149789,0.229509603420991,5,5
e4a-v1,cpu_double,lightning_cpu,double,12,2,0,941157873a8b,42,N12_i00_Aheur_s42,Aheur,12.999999999979208,2,2.2510245979651757 1.3791771436170195 2.7902898692155738 2.0853295700379939,-0.25261168083239516,0.6490147388383165,66,2023-08-06,2026-08-05,6,,,1000,152,632,1028,2,True,-52.252611680749226,-0.25261168083239516,,,0.152,1028,-0.25261168083239516,0.0,0.0,1,1,True,True,True,1.3218756853432454,0.3043831643149789,0.229509603420991,1,1
e4a-v1,cpu_double,lightning_cpu,double,12,2,0,941157873a8b,42,N12_i00_Aheur_s42,Aheur,12.999999999979208,2,2.2510245979651757 1.3791771436170195 2.7902898692155738 2.0853295700379939,-0.25261168083239516,0.6490147388383165,66,2023-08-06,2026-08-05,7,,,1000,159,637,1028,2,True,-52.252611680749226,-0.25261168083239516,,,0.159,1028,-0.25261168083239516,0.0,0.0,1,1,True,True,True,1.3218756853432454,0.3043831643149789,0.229509603420991,3,3
e4a-v1,cpu_double,lightning_cpu,double,12,2,0,941157873a8b,42,N12_i00_Aheur_s42,Aheur,12.999999999979208,2,2.2510245979651757 1.3791771436170195 2.7902898692155738 2.0853295700379939,-0.25261168083239516,0.6490147388383165,66,2023-08-06,2026-08-05,8,,,1000,185,617,1028,2,True,-52.252611680749226,-0.25261168083239516,,,0.185,1028,-0.25261168083239516,0.0,0.0,1,1,True,True,True,1.3218756853432454,0.3043831643149789,0.229509603420991,2,2
e4a-v1,cpu_double,lightning_cpu,double,12,2,0,941157873a8b,42,N12_i00_Aheur_s42,Aheur,12.999999999979208,2,2.2510245979651757 1.3791771436170195 2.7902898692155738 2.0853295700379939,-0.25261168083239516,0.6490147388383165,66,2023-08-06,2026-08-05,9,,,1000,188,641,1028,2,True,-52.252611680749226,-0.25261168083239516,,,0.188,1028,-0.25261168083239516,0.0,0.0,1,1,True,True,True,1.3218756853432454,0.3043831643149789,0.229509603420991,6,6
e4a-v1,cpu_double,lightning_cpu,double,12,2,0,941157873a8b,43,N12_i00_Aheur_s43,Aheur,12.999999999979208,2,1.8301237517759843 0.0002165697581993681 -0.044589671100633908 2.9835135568116264,-0.25261168083239516,0.6490147388383165,66,2023-08-06,2026-08-05,0,,,1000,7,839,516,2,True,-52.118003136769126,-0.11800313685229685,,,0.007,516,-0.11800313685229685,0.2074044485045696,0.0025761113110005646,4,1,False,False,False,1.1118460645968369,0.327089068679578,0.29328616529107393,0,0
e4a-v1,cpu_double,lightning_cpu,double,12,2,0,941157873a8b,43,N12_i00_Aheur_s43,Aheur,12.999999999979208,2,1.8301237517759843 0.0002165697581993681 -0.044589671100633908 2.9835135568116264,-0.25261168083239516,0.6490147388383165,66,2023-08-06,2026-08-05,1,,,1000,12,838,6,2,True,-52.19909386988679,-0.19909386996995387,,,0.012,6,-0.19909386996995387,0.08246008551089888,0.0010242131281288315,2,1,False,False,False,1.1763543666609393,0.2522455012773938,0.21357977527685781,0,0
e4a-v1,cpu_double,lightning_cpu,double,12,2,0,941157873a8b,43,N12_i00_Aheur_s43,Aheur,12.999999999979208,2,1.8301237517759843 0.0002165697581993681 -0.044589671100633908 2.9835135568116264,-0.25261168083239516,0.6490147388383165,66,2023-08-06,2026-08-05,2,,,1000,6,818,5,2,True,-52.03778715632241,-0.037787156405576505,,,0.006,5,-0.037787156405576505,0.331000995156654,0.004111268652739204,12,1,False,False,False,1.2855448664189342,0.5282179660365326,0.4101124587780217,0,0
e4a-v1,cpu_double,lightning_cpu,double,12,2,0,941157873a8b,43,N12_i00_Aheur_s43,Aheur,12.999999999979208,2,1.8301237517759843 0.0002165697581993681 -0.044589671100633908 2.9835135568116264,-0.25261168083239516,0.6490147388383165,66,2023-08-06,2026-08-05,3,,,1000,6,825,10,2,True,-52.05378558211029,-0.05378558219345686,,,0.006,10,-0.05378558219345686,0.3063506677750043,0.0038050939894395614,11,1,False,False,False,0.9457624618428806,0.26416462314510974,0.2782565747347554,0,0
e4a-v1,cpu_double,lightning_cpu,double,12,2,0,941157873a8b,43,N12_i00_Aheur_s43,Aheur,12.999999999979208,2,1.8301237517759843 0.0002165697581993681 -0.044589671100633908 2.9835135568116264,-0.25261168083239516,0.6490147388383165,66,2023-08-06,2026-08-05,4,,,1000,11,827,1088,2,True,-52.007801302424085,-0.007801302507254748,,,0.011,1088,-0.007801302507254748,0.37720311061553247,0.004685131909211972,15,1,False,False,False,0.7603219566008433,0.18943012198074533,0.2478293837825705,0,0
e4a-v1,cpu_double,lightning_cpu,double,12,2,0,941157873a8b,43,N12_i00_Aheur_s43,Aheur,12.999999999979208,2,1.8301237517759843 0.0002165697581993681 -0.044589671100633908 2.9835135568116264,-0.25261168083239516,0.6490147388383165,66,2023-08-06,2026-08-05,5,,,1000,9,859,1028,2,True,-52.252611680749226,-0.25261168083239516,,,0.009,1028,-0.25261168083239516,0.0,0.0,1,1,True,True,True,1.3218756853432454,0.3043831643149789,0.229509603420991,1,1
e4a-v1,cpu_double,lightning_cpu,double,12,2,0,941157873a8b,43,N12_i00_Aheur_s43,Aheur,12.999999999979208,2,1.8301237517759843 0.0002165697581993681 -0.044589671100633908 2.9835135568116264,-0.25261168083239516,0.6490147388383165,66,2023-08-06,2026-08-05,6,,,1000,13,838,6,2,True,-52.19909386988679,-0.19909386996995387,,,0.013,6,-0.19909386996995387,0.08246008551089888,0.0010242131281288315,2,1,False,False,False,1.1763543666609393,0.2522455012773938,0.21357977527685781,0,0
e4a-v1,cpu_double,lightning_cpu,double,12,2,0,941157873a8b,43,N12_i00_Aheur_s43,Aheur,12.999999999979208,2,1.8301237517759843 0.0002165697581993681 -0.044589671100633908 2.9835135568116264,-0.25261168083239516,0.6490147388383165,66,2023-08-06,2026-08-05,7,,,1000,6,834,6,2,True,-52.19909386988679,-0.19909386996995387,,,0.006,6,-0.19909386996995387,0.08246008551089888,0.0010242131281288315,2,1,False,False,False,1.1763543666609393,0.2522455012773938,0.21357977527685781,0,0
e4a-v1,cpu_double,lightning_cpu,double,12,2,0,941157873a8b,43,N12_i00_Aheur_s43,Aheur,12.999999999979208,2,1.8301237517759843 0.0002165697581993681 -0.044589671100633908 2.9835135568116264,-0.25261168083239516,0.6490147388383165,66,2023-08-06,2026-08-05,8,,,1000,8,830,1028,2,True,-52.252611680749226,-0.25261168083239516,,,0.008,1028,-0.25261168083239516,0.0,0.0,1,1,True,True,True,1.3218756853432454,0.3043831643149789,0.229509603420991,1,1
e4a-v1,cpu_double,lightning_cpu,double,12,2,0,941157873a8b,43,N12_i00_Aheur_s43,Aheur,12.999999999979208,2,1.8301237517759843 0.0002165697581993681 -0.044589671100633908 2.9835135568116264,-0.25261168083239516,0.6490147388383165,66,2023-08-06,2026-08-05,9,,,1000,10,853,1028,2,True,-52.252611680749226,-0.25261168083239516,,,0.01,1028,-0.25261168083239516,0.0,0.0,1,1,True,True,True,1.3218756853432454,0.3043831643149789,0.229509603420991,1,1
e4a-v1,cpu_double,lightning_cpu,double,12,2,1,3798cace2ea7,42,N12_i01_Aheur_s42,Aheur,12.999999999983347,2,2.2548321852968618 1.3964072519323973 2.7962367287547587 2.0867076840383003,0.15347271196197812,0.6821104373880992,66,2023-08-06,2026-08-05,0,,,1000,149,648,17,2,True,-51.846527287971405,0.15347271196197812,,,0.149,17,0.15347271196197812,0.0,0.0,1,1,True,True,True,0.8071062374637792,0.172876351205122,0.21295381354655352,3,3
e4a-v1,cpu_double,lightning_cpu,double,12,2,1,3798cace2ea7,42,N12_i01_Aheur_s42,Aheur,12.999999999983347,2,2.2548321852968618 1.3964072519323973 2.7962367287547587 2.0867076840383003,0.15347271196197812,0.6821104373880992,66,2023-08-06,2026-08-05,1,,,1000,167,637,17,2,True,-51.846527287971405,0.15347271196197812,,,0.167,17,0.15347271196197812,0.0,0.0,1,1,True,True,True,0.8071062374637792,0.172876351205122,0.21295381354655352,3,3
e4a-v1,cpu_double,lightning_cpu,double,12,2,1,3798cace2ea7,42,N12_i01_Aheur_s42,Aheur,12.999999999983347,2,2.2548321852968618 1.3964072519323973 2.7962367287547587 2.0867076840383003,0.15347271196197812,0.6821104373880992,66,2023-08-06,2026-08-05,2,,,1000,183,622,17,2,True,-51.846527287971405,0.15347271196197812,,,0.183,17,0.15347271196197812,0.0,0.0,1,1,True,True,True,0.8071062374637792,0.172876351205122,0.21295381354655352,3,3
e4a-v1,cpu_double,lightning_cpu,double,12,2,1,3798cace2ea7,42,N12_i01_Aheur_s42,Aheur,12.999999999983347,2,2.2548321852968618 1.3964072519323973 2.7962367287547587 2.0867076840383003,0.15347271196197812,0.6821104373880992,66,2023-08-06,2026-08-05,3,,,1000,152,646,17,2,True,-51.846527287971405,0.15347271196197812,,,0.152,17,0.15347271196197812,0.0,0.0,1,1,True,True,True,0.8071062374637792,0.172876351205122,0.21295381354655352,5,5
e4a-v1,cpu_double,lightning_cpu,double,12,2,1,3798cace2ea7,42,N12_i01_Aheur_s42,Aheur,12.999999999983347,2,2.2548321852968618 1.3964072519323973 2.7962367287547587 2.0867076840383003,0.15347271196197812,0.6821104373880992,66,2023-08-06,2026-08-05,4,,,1000,175,642,17,2,True,-51.846527287971405,0.15347271196197812,,,0.175,17,0.15347271196197812,0.0,0.0,1,1,True,True,True,0.8071062374637792,0.172876351205122,0.21295381354655352,1,1
e4a-v1,cpu_double,lightning_cpu,double,12,2,1,3798cace2ea7,42,N12_i01_Aheur_s42,Aheur,12.999999999983347,2,2.2548321852968618 1.3964072519323973 2.7962367287547587 2.0867076840383003,0.15347271196197812,0.6821104373880992,66,2023-08-06,2026-08-05,5,,,1000,174,625,9,2,True,-51.80449996392249,0.1955000360109007,,,0.174,9,0.1955000360109007,0.0616136650977683,0.0008106102037555965,2,1,False,False,False,1.2926724802368494,0.37087155768981794,0.28612936636668274,0,0
e4a-v1,cpu_double,lightning_cpu,double,12,2,1,3798cace2ea7,42,N12_i01_Aheur_s42,Aheur,12.999999999983347,2,2.2548321852968618 1.3964072519323973 2.7962367287547587 2.0867076840383003,0.15347271196197812,0.6821104373880992,66,2023-08-06,2026-08-05,6,,,1000,193,640,17,2,True,-51.846527287971405,0.15347271196197812,,,0.193,17,0.15347271196197812,0.0,0.0,1,1,True,True,True,0.8071062374637792,0.172876351205122,0.21295381354655352,5,5
e4a-v1,cpu_double,lightning_cpu,double,12,2,1,3798cace2ea7,42,N12_i01_Aheur_s42,Aheur,12.999999999983347,2,2.2548321852968618 1.3964072519323973 2.7962367287547587 2.0867076840383003,0.15347271196197812,0.6821104373880992,66,2023-08-06,2026-08-05,7,,,1000,188,622,17,2,True,-51.846527287971405,0.15347271196197812,,,0.188,17,0.15347271196197812,0.0,0.0,1,1,True,True,True,0.8071062374637792,0.172876351205122,0.21295381354655352,4,4
e4a-v1,cpu_double,lightning_cpu,double,12,2,1,3798cace2ea7,42,N12_i01_Aheur_s42,Aheur,12.999999999983347,2,2.2548321852968618 1.3964072519323973 2.7962367287547587 2.0867076840383003,0.15347271196197812,0.6821104373880992,66,2023-08-06,2026-08-05,8,,,1000,172,634,17,2,True,-51.846527287971405,0.15347271196197812,,,0.172,17,0.15347271196197812,0.0,0.0,1,1,True,True,True,0.8071062374637792,0.172876351205122,0.21295381354655352,2,2
e4a-v1,cpu_double,lightning_cpu,double,12,2,1,3798cace2ea7,42,N12_i01_Aheur_s42,Aheur,12.999999999983347,2,2.2548321852968618 1.3964072519323973 2.7962367287547587 2.0867076840383003,0.15347271196197812,0.6821104373880992,66,2023-08-06,2026-08-05,9,,,1000,173,652,17,2,True,-51.846527287971405,0.15347271196197812,,,0.173,17,0.15347271196197812,0.0,0.0,1,1,True,True,True,0.8071062374637792,0.172876351205122,0.21295381354655352,6,6
e4a-v1,cpu_double,lightning_cpu,double,12,2,1,3798cace2ea7,43,N12_i01_Aheur_s43,Aheur,12.999999999983347,2,1.8320385937237138 0.00059987955034510433 -0.045127650519484704 2.9833103641215408,0.15347271196197812,0.6821104373880992,66,2023-08-06,2026-08-05,0,,,1000,7,845,72,2,True,-51.54379175302842,0.4562082469049633,,,0.007,72,0.4562082469049633,0.4438218774399699,0.005839070633631831,24,1,False,False,False,1.2697076523605866,0.4488210028829714,0.3526961517876982,0,0
e4a-v1,cpu_double,lightning_cpu,double,12,2,1,3798cace2ea7,43,N12_i01_Aheur_s43,Aheur,12.999999999983347,2,1.8320385937237138 0.00059987955034510433 -0.045127650519484704 2.9833103641215408,0.15347271196197812,0.6821104373880992,66,2023-08-06,2026-08-05,1,,,1000,12,833,3,2,True,-51.75324429258867,0.2467557073447189,,,0.012,3,0.2467557073447189,0.13675644040858698,0.0017992139543815272,4,1,False,False,False,0.8711776307742315,0.22107028411410232,0.2526124137491017,0,0
e4a-v1,cpu_double,lightning_cpu,double,12,2,1,3798cace2ea7,43,N12_i01_Aheur_s43,Aheur,12.999999999983347,2,1.8320385937237138 0.00059987955034510433 -0.045127650519484704 2.9833103641215408,0.15347271196197812,0.6821104373880992,66,2023-08-06,2026-08-05,2,,,1000,7,826,17,2,True,-51.846527287971405,0.15347271196197812,,,0.007,17,0.15347271196197812,0.0,0.0,1,1,True,True,True,0.8071062374637792,0.172876351205122,0.21295381354655352,1,1
e4a-v1,cpu_double,lightning_cpu,double,12,2,1,3798cace2ea7,43,N12_i01_Aheur_s43,Aheur,12.999999999983347,2,1.8320385937237138 0.00059987955034510433 -0.045127650519484704 2.9833103641215408,0.15347271196197812,0.6821104373880992,66,2023-08-06,2026-08-05,3,,,1000,7,838,129,2,True,-51.723174808645304,0.2768251912880799,,,0.007,129,0.2768251912880799,0.18083945438283647,0.00237918498650767,7,1,False,False,False,0.9245006956164254,0.2484950359282484,0.2677067060108886,0,0
e4a-v1,cpu_double,lightning_cpu,double,12,2,1,3798cace2ea7,43,N12_i01_Aheur_s43,Aheur,12.999999999983347,2,1.8320385937237138 0.00059987955034510433 -0.045127650519484704 2.9833103641215408,0.15347271196197812,0.6821104373880992,66,2023-08-06,2026-08-05,4,,,1000,11,851,2049,2,True,-51.6511514058125,0.3488485941208853,,,0.011,2049,0.3488485941208853,0.28642851868244396,0.0037683504060692444,11,1,False,False,False,0.42242913932384,0.10134659285682206,0.23754656939017402,0,0
e4a-v1,cpu_double,lightning_cpu,double,12,2,1,3798cace2ea7,43,N12_i01_Aheur_s43,Aheur,12.999999999983347,2,1.8320385937237138 0.00059987955034510433 -0.045127650519484704 2.9833103641215408,0.15347271196197812,0.6821104373880992,66,2023-08-06,2026-08-05,5,,,1000,9,852,1040,2,True,-51.73316457974108,0.2668354201923049,,,0.009,1040,0.2668354201923049,0.1661940677295735,0.002186505329482836,6,1,False,False,False,1.0537754708630322,0.2953138156004542,0.27929461610964806,0,0
e4a-v1,cpu_double,lightning_cpu,double,12,2,1,3798cace2ea7,43,N12_i01_Aheur_s43,Aheur,12.999999999983347,2,1.8320385937237138 0.00059987955034510433 -0.045127650519484704 2.9833103641215408,0.15347271196197812,0.6821104373880992,66,2023-08-06,2026-08-05,6,,,1000,13,842,24,2,True,-51.79306998559736,0.20693001433602265,,,0.013,24,0.20693001433602265,0.07837045065420839,0.0010310681384141003,3,1,False,False,False,1.5910944783780911,0.522570631365531,0.32780619784263393,0,0
e4a-v1,cpu_double,lightning_cpu,double,12,2,1,3798cace2ea7,43,N12_i01_Aheur_s43,Aheur,12.999999999983347,2,1.8320385937237138 0.00059987955034510433 -0.045127650519484704 2.9833103641215408,0.15347271196197812,0.6821104373880992,66,2023-08-06,2026-08-05,7,,,1000,6,829,257,2,True,-51.59025040010139,0.40974959983199855,,,0.006,257,0.40974959983199855,0.37571172323845714,0.0049429904233813104,19,1,False,False,False,0.08005039868338766,0.018947448763584913,0.224201866059031,0,0
e4a-v1,cpu_double,lightning_cpu,double,12,2,1,3798cace2ea7,43,N12_i01_Aheur_s43,Aheur,12.999999999983347,2,1.8320385937237138 0.00059987955034510433 -0.045127650519484704 2.9833103641215408,0.15347271196197812,0.6821104373880992,66,2023-08-06,2026-08-05,8,,,1000,8,832,9,2,True,-51.80449996392249,0.1955000360109007,,,0.008,9,0.1955000360109007,0.0616136650977683,0.0008106102037555965,2,1,False,False,False,1.2926724802368494,0.37087155768981794,0.28612936636668274,0,0
e4a-v1,cpu_double,lightning_cpu,double,12,2,1,3798cace2ea7,43,N12_i01_Aheur_s43,Aheur,12.999999999983347,2,1.8320385937237138 0.00059987955034510433 -0.045127650519484704 2.9833103641215408,0.15347271196197812,0.6821104373880992,66,2023-08-06,2026-08-05,9,,,1000,10,858,1152,2,True,-51.59990175804199,0.4000982418913974,,,0.01,1152,0.4000982418913974,0.36156246321898344,0.004756837976043911,18,1,False,False,False,1.1391143285616772,0.3709325003235806,0.3247544965839227,0,0
e4a-v1,cpu_double,lightning_cpu,double,16,3,0,514ae30a9bf6,42,N16_i00_Aheur_s42,Aheur,16.999999999972275,2,0.74274147571645022 1.4405996686222429 2.73269036940555 1.6581154527861004,-0.2671105968767471,1.2705106296258624,560,2023-08-06,2026-08-05,0,,,1000,402,758,16394,3,True,-153.2671105966272,-0.2671105968767471,,,0.402,16394,-0.2671105968767471,0.0,0.0,1,1,True,True,True,1.3851408274006345,0.2568156466299874,0.1846856590820826,1,1
e4a-v1,cpu_double,lightning_cpu,double,16,3,0,514ae30a9bf6,42,N16_i00_Aheur_s42,Aheur,16.999999999972275,2,0.74274147571645022 1.4405996686222429 2.73269036940555 1.6581154527861004,-0.2671105968767471,1.2705106296258624,560,2023-08-06,2026-08-05,1,,,1000,349,770,16402,3,True,-153.26084886738235,-0.26084886763190396,,,0.349,16402,-0.26084886763190396,0.004928513857996672,4.085500940461349e-05,2,1,False,True,True,1.376780890762973,0.25918646419037544,0.18752908754224196,2,0
e4a-v1,cpu_double,lightning_cpu,double,16,3,0,514ae30a9bf6,42,N16_i00_Aheur_s42,Aheur,16.999999999972275,2,0.74274147571645022 1.4405996686222429 2.73269036940555 1.6581154527861004,-0.2671105968767471,1.2705106296258624,560,2023-08-06,2026-08-05,2,,,1000,365,742,16394,3,True,-153.2671105966272,-0.2671105968767471,,,0.365,16394,-0.2671105968767471,0.0,0.0,1,1,True,True,True,1.3851408274006345,0.2568156466299874,0.1846856590820826,2,1
e4a-v1,cpu_double,lightning_cpu,double,16,3,0,514ae30a9bf6,42,N16_i00_Aheur_s42,Aheur,16.999999999972275,2,0.74274147571645022 1.4405996686222429 2.73269036940555 1.6581154527861004,-0.2671105968767471,1.2705106296258624,560,2023-08-06,2026-08-05,3,,,1000,381,754,16394,3,True,-153.2671105966272,-0.2671105968767471,,,0.381,16394,-0.2671105968767471,0.0,0.0,1,1,True,True,True,1.3851408274006345,0.2568156466299874,0.1846856590820826,5,1
e4a-v1,cpu_double,lightning_cpu,double,16,3,0,514ae30a9bf6,42,N16_i00_Aheur_s42,Aheur,16.999999999972275,2,0.74274147571645022 1.4405996686222429 2.73269036940555 1.6581154527861004,-0.2671105968767471,1.2705106296258624,560,2023-08-06,2026-08-05,4,,,1000,371,773,26,3,True,-153.25712549949503,-0.25712549974457377,,,0.371,26,-0.25712549974457377,0.007859121285048768,6.514833543415843e-05,3,1,False,True,True,1.510671395866353,0.37344385583103606,0.2465419394648985,1,0
e4a-v1,cpu_double,lightning_cpu,double,16,3,0,514ae30a9bf6,42,N16_i00_Aheur_s42,Aheur,16.999999999972275,2,0.74274147571645022 1.4405996686222429 2.73269036940555 1.6581154527861004,-0.2671105968767471,1.2705106296258624,560,2023-08-06,2026-08-05,5,,,1000,393,776,16394,3,True,-153.2671105966272,-0.2671105968767471,,,0.393,16394,-0.2671105968767471,0.0,0.0,1,1,True,True,True,1.3851408274006345,0.2568156466299874,0.1846856590820826,4,1
e4a-v1,cpu_double,lightning_cpu,double,16,3,0,514ae30a9bf6,42,N16_i00_Aheur_s42,Aheur,16.999999999972275,2,0.74274147571645022 1.4405996686222429 2.73269036940555 1.6581154527861004,-0.2671105968767471,1.2705106296258624,560,2023-08-06,2026-08-05,6,,,1000,396,747,16402,3,True,-153.26084886738235,-0.26084886763190396,,,0.396,16402,-0.26084886763190396,0.004928513857996672,4.085500940461349e-05,2,1,False,True,True,1.376780890762973,0.25918646419037544,0.18752908754224196,3,0
e4a-v1,cpu_double,lightning_cpu,double,16,3,0,514ae30a9bf6,42,N16_i00_Aheur_s42,Aheur,16.999999999972275,2,0.74274147571645022 1.4405996686222429 2.73269036940555 1.6581154527861004,-0.2671105968767471,1.2705106296258624,560,2023-08-06,2026-08-05,7,,,1000,391,742,16402,3,True,-153.26084886738235,-0.26084886763190396,,,0.391,16402,-0.26084886763190396,0.004928513857996672,4.085500940461349e-05,2,1,False,True,True,1.376780890762973,0.25918646419037544,0.18752908754224196,2,0
e4a-v1,cpu_double,lightning_cpu,double,16,3,0,514ae30a9bf6,42,N16_i00_Aheur_s42,Aheur,16.999999999972275,2,0.74274147571645022 1.4405996686222429 2.73269036940555 1.6581154527861004,-0.2671105968767471,1.2705106296258624,560,2023-08-06,2026-08-05,8,,,1000,385,775,16402,3,True,-153.26084886738235,-0.26084886763190396,,,0.385,16402,-0.26084886763190396,0.004928513857996672,4.085500940461349e-05,2,1,False,True,True,1.376780890762973,0.25918646419037544,0.18752908754224196,2,0
e4a-v1,cpu_double,lightning_cpu,double,16,3,0,514ae30a9bf6,42,N16_i00_Aheur_s42,Aheur,16.999999999972275,2,0.74274147571645022 1.4405996686222429 2.73269036940555 1.6581154527861004,-0.2671105968767471,1.2705106296258624,560,2023-08-06,2026-08-05,9,,,1000,356,766,16394,3,True,-153.2671105966272,-0.2671105968767471,,,0.356,16394,-0.2671105968767471,0.0,0.0,1,1,True,True,True,1.3851408274006345,0.2568156466299874,0.1846856590820826,2,2
e4a-v1,cpu_double,lightning_cpu,double,16,3,0,514ae30a9bf6,43,N16_i00_Aheur_s43,Aheur,16.999999999972275,2,1.8657604696531571 0.020894816108035355 -0.065582775811690253 2.9969708670042756,-0.2671105968767471,1.2705106296258624,560,2023-08-06,2026-08-05,0,,,1000,0,980,8200,2,False,-136.22899213131973,-0.22899213154154885,,,0.0,,,,,,,,,,,,,0,0
e4a-v1,cpu_double,lightning_cpu,double,16,3,0,514ae30a9bf6,43,N16_i00_Aheur_s43,Aheur,16.999999999972275,2,1.8657604696531571 0.020894816108035355 -0.065582775811690253 2.9969708670042756,-0.2671105968767471,1.2705106296258624,560,2023-08-06,2026-08-05,1,,,1000,2,983,49156,3,True,-152.91407101978575,0.08592897996471133,,,0.002,49156,0.08592897996471133,0.2778721945407264,0.002303426843940434,137,1,False,False,False,0.6194997490904532,0.11204076104529219,0.1792426247279708,0,0
e4a-v1,cpu_double,lightning_cpu,double,16,3,0,514ae30a9bf6,43,N16_i00_Aheur_s43,Aheur,16.999999999972275,2,1.8657604696531571 0.020894816108035355 -0.065582775811690253 2.9969708670042756,-0.2671105968767471,1.2705106296258624,560,2023-08-06,2026-08-05,2,,,1000,0,983,10,2,False,-136.3112224069334,-0.3112224071552275,,,0.0,,,,,,,,,,,,,0,0
e4a-v1,cpu_double,lightning_cpu,double,16,3,0,514ae30a9bf6,43,N16_i00_Aheur_s43,Aheur,16.999999999972275,2,1.8657604696531571 0.020894816108035355 -0.065582775811690253 2.9969708670042756,-0.2671105968767471,1.2705106296258624,560,2023-08-06,2026-08-05,3,,,1000,0,983,17418,4,False,-136.0728248781248,-0.07282487834661189,,,0.0,,,,,,,,,,,,,0,0
e4a-v1,cpu_double,lightning_cpu,double,16,3,0,514ae30a9bf6,43,N16_i00_Aheur_s43,Aheur,16.999999999972275,2,1.8657604696531571 0.020894816108035355 -0.065582775811690253 2.9969708670042756,-0.2671105968767471,1.2705106296258624,560,2023-08-06,2026-08-05,4,,,1000,1,985,33056,3,True,-152.2619407642352,0.7380592355152624,,,0.001,33056,0.7380592355152624,0.791154209145035,0.006558287870627668,547,1,False,False,False,0.854851573027462,0.3113663411614345,0.3630645961874648,0,0
e4a-v1,cpu_double,lightning_cpu,double,16,3,0,514ae30a9bf6,43,N16_i00_Aheur_s43,Aheur,16.999999999972275,2,1.8657604696531571 0.020894816108035355 -0.065582775811690253 2.9969708670042756,-0.2671105968767471,1.2705106296258624,560,2023-08-06,2026-08-05,5,,,1000,0,988,10,2,False,-136.3112224069334,-0.3112224071552275,,,0.0,,,,,,,,,,,,,0,0
e4a-v1,cpu_double,lightning_cpu,double,16,3,0,514ae30a9bf6,43,N16_i00_Aheur_s43,Aheur,16.999999999972275,2,1.8657604696531571 0.020894816108035355 -0.065582775811690253 2.9969708670042756,-0.2671105968767471,1.2705106296258624,560,2023-08-06,2026-08-05,6,,,1000,0,984,16397,4,False,-135.891608360914,0.10839163886418124,,,0.0,,,,,,,,,,,,,0,0
e4a-v1,cpu_double,lightning_cpu,double,16,3,0,514ae30a9bf6,43,N16_i00_Aheur_s43,Aheur,16.999999999972275,2,1.8657604696531571 0.020894816108035355 -0.065582775811690253 2.9969708670042756,-0.2671105968767471,1.2705106296258624,560,2023-08-06,2026-08-05,7,,,1000,0,987,6,2,False,-136.02763633771195,-0.027636337933766242,,,0.0,,,,,,,,,,,,,0,0
e4a-v1,cpu_double,lightning_cpu,double,16,3,0,514ae30a9bf6,43,N16_i00_Aheur_s43,Aheur,16.999999999972275,2,1.8657604696531571 0.020894816108035355 -0.065582775811690253 2.9969708670042756,-0.2671105968767471,1.2705106296258624,560,2023-08-06,2026-08-05,8,,,1000,0,983,1040,2,False,-136.11710947633202,-0.11710947655384518,,,0.0,,,,,,,,,,,,,0,0
e4a-v1,cpu_double,lightning_cpu,double,16,3,0,514ae30a9bf6,43,N16_i00_Aheur_s43,Aheur,16.999999999972275,2,1.8657604696531571 0.020894816108035355 -0.065582775811690253 2.9969708670042756,-0.2671105968767471,1.2705106296258624,560,2023-08-06,2026-08-05,9,,,1000,1,993,43008,3,True,-152.61994986516032,0.38005013459013104,,,0.001,43008,0.38005013459013104,0.5093705761890814,0.004222437083518162,388,1,False,False,False,0.8615745109691533,0.25910882067669805,0.299578060156818,0,0
e4a-v1,cpu_double,lightning_cpu,double,16,3,1,f9598a6bfdd0,42,N16_i01_Aheur_s42,Aheur,16.999999999977796,2,0.74306331081002575 1.4427238507351057 2.7320187694991369 1.6574624689908404,0.13112281842114482,1.2939192012170153,560,2023-08-06,2026-08-05,0,,,1000,377,769,16513,3,True,-152.76697321517577,0.23302678462440507,,,0.377,16513,0.23302678462440507,0.07875605069266531,0.0006666102877327419,7,1,False,False,False,1.5429335483365896,0.3395999174349338,0.21945204172919344,0,0
e4a-v1,cpu_double,lightning_cpu,double,16,3,1,f9598a6bfdd0,42,N16_i01_Aheur_s42,Aheur,16.999999999977796,2,0.74306331081002575 1.4427238507351057 2.7320187694991369 1.6574624689908404,0.13112281842114482,1.2939192012170153,560,2023-08-06,2026-08-05,1,,,1000,377,754,16401,3,True,-152.86887718137902,0.13112281842114482,,,0.377,16401,0.13112281842114482,0.0,0.0,1,1,True,True,True,1.3851408274006345,0.2568156466299874,0.1846856590820826,1,1
e4a-v1,cpu_double,lightning_cpu,double,16,3,1,f9598a6bfdd0,42,N16_i01_Aheur_s42,Aheur,16.999999999977796,2,0.74306331081002575 1.4427238507351057 2.7320187694991369 1.6574624689908404,0.13112281842114482,1.2939192012170153,560,2023-08-06,2026-08-05,2,,,1000,367,749,32785,3,True,-152.8146850551818,0.18531494461837372,,,0.367,32785,0.18531494461837372,0.04188215627858191,0.00035450071457599516,3,1,False,False,True,1.4680414110056843,0.30005017887076635,0.20370690951142958,0,0
e4a-v1,cpu_double,lightning_cpu,double,16,3,1,f9598a6bfdd0,42,N16_i01_Aheur_s42,Aheur,16.999999999977796,2,0.74306331081002575 1.4427238507351057 2.7320187694991369 1.6574624689908404,0.13112281842114482,1.2939192012170153,560,2023-08-06,2026-08-05,3,,,1000,361,769,49153,3,True,-152.82455131864143,0.17544868115874124,,,0.361,49153,0.17544868115874124,0.03425705615613792,0.00028996002034478057,2,1,False,False,True,1.0888101742109118,0.18579278723010573,0.16971993062429797,0,0
e4a-v1,cpu_double,lightning_cpu,double,16,3,1,f9598a6bfdd0,42,N16_i01_Aheur_s42,Aheur,16.999999999977796,2,0.74306331081002575 1.4427238507351057 2.7320187694991369 1.6574624689908404,0.13112281842114482,1.2939192012170153,560,2023-08-06,2026-08-05,4,,,1000,381,764,16401,3,True,-152.86887718137902,0.13112281842114482,,,0.381,16401,0.13112281842114482,0.0,0.0,1,1,True,True,True,1.3851408274006345,0.2568156466299874,0.1846856590820826,2,2
e4a-v1,cpu_double,lightning_cpu,double,16,3,1,f9598a6bfdd0,42,N16_i01_Aheur_s42,Aheur,16.999999999977796,2,0.74306331081002575 1.4427238507351057 2.7320187694991369 1.6574624689908404,0.13112281842114482,1.2939192012170153,560,2023-08-06,2026-08-05,5,,,1000,383,761,16417,3,True,-152.77618383761893,0.223816162181238,,,0.383,16417,0.223816162181238,0.07163765996586886,0.0006063585045510113,5,1,False,False,False,1.120231987264284,0.2057724150885129,0.18279465094420946,0,0
e4a-v1,cpu_double,lightning_cpu,double,16,3,1,f9598a6bfdd0,42,N16_i01_Aheur_s42,Aheur,16.999999999977796,2,0.74306331081002575 1.4427238507351057 2.7320187694991369 1.6574624689908404,0.13112281842114482,1.2939192012170153,560,2023-08-06,2026-08-05,6,,,1000,377,750,49153,3,True,-152.82455131864143,0.17544868115874124,,,0.377,49153,0.17544868115874124,0.03425705615613792,0.00028996002034478057,2,1,False,False,True,1.0888101742109118,0.18579278723010573,0.16971993062429797,0,0
e4a-v1,cpu_double,lightning_cpu,double,16,3,1,f9598a6bfdd0,42,N16_i01_Aheur_s42,Aheur,16.999999999977796,2,0.74306331081002575 1.4427238507351057 2.7320187694991369 1.6574624689908404,0.13112281842114482,1.2939192012170153,560,2023-08-06,2026-08-05,7,,,1000,369,744,16401,3,True,-152.86887718137902,0.13112281842114482,,,0.369,16401,0.13112281842114482,0.0,0.0,1,1,True,True,True,1.3851408274006345,0.2568156466299874,0.1846856590820826,1,1
e4a-v1,cpu_double,lightning_cpu,double,16,3,1,f9598a6bfdd0,42,N16_i01_Aheur_s42,Aheur,16.999999999977796,2,0.74306331081002575 1.4427238507351057 2.7320187694991369 1.6574624689908404,0.13112281842114482,1.2939192012170153,560,2023-08-06,2026-08-05,8,,,1000,392,766,49153,3,True,-152.82455131864143,0.17544868115874124,,,0.392,49153,0.17544868115874124,0.03425705615613792,0.00028996002034478057,2,1,False,False,True,1.0888101742109118,0.18579278723010573,0.16971993062429797,0,0
e4a-v1,cpu_double,lightning_cpu,double,16,3,1,f9598a6bfdd0,42,N16_i01_Aheur_s42,Aheur,16.999999999977796,2,0.74306331081002575 1.4427238507351057 2.7320187694991369 1.6574624689908404,0.13112281842114482,1.2939192012170153,560,2023-08-06,2026-08-05,9,,,1000,362,753,16401,3,True,-152.86887718137902,0.13112281842114482,,,0.362,16401,0.13112281842114482,0.0,0.0,1,1,True,True,True,1.3851408274006345,0.2568156466299874,0.1846856590820826,1,1
e4a-v1,cpu_double,lightning_cpu,double,16,3,1,f9598a6bfdd0,43,N16_i01_Aheur_s43,Aheur,16.999999999977796,2,1.866648773795663 0.02149466056853867 -0.066173341255903725 2.9967322928884599,0.13112281842114482,1.2939192012170153,560,2023-08-06,2026-08-05,0,,,1000,0,979,8200,2,False,-135.60372969463305,0.39627030518933754,,,0.0,,,,,,,,,,,,,0,0
e4a-v1,cpu_double,lightning_cpu,double,16,3,1,f9598a6bfdd0,43,N16_i01_Aheur_s43,Aheur,16.999999999977796,2,1.866648773795663 0.02149466056853867 -0.066173341255903725 2.9967322928884599,0.13112281842114482,1.2939192012170153,560,2023-08-06,2026-08-05,1,,,1000,2,980,49156,3,True,-152.61443809866188,0.3855619011382919,,,0.002,49156,0.3855619011382919,0.19664217246164256,0.0016644269743360184,39,1,False,False,False,0.7964176567996422,0.15204868846910533,0.18966014525103028,0,0
e4a-v1,cpu_double,lightning_cpu,double,16,3,1,f9598a6bfdd0,43,N16_i01_Aheur_s43,Aheur,16.999999999977796,2,1.866648773795663 0.02149466056853867 -0.066173341255903725 2.9967322928884599,0.13112281842114482,1.2939192012170153,560,2023-08-06,2026-08-05,2,,,1000,0,987,10,2,False,-135.7094237328524,0.2905762669699799,,,0.0,,,,,,,,,,,,,0,0
e4a-v1,cpu_double,lightning_cpu,double,16,3,1,f9598a6bfdd0,43,N16_i01_Aheur_s43,Aheur,16.999999999977796,2,1.866648773795663 0.02149466056853867 -0.066173341255903725 2.9967322928884599,0.13112281842114482,1.2939192012170153,560,2023-08-06,2026-08-05,3,,,1000,0,982,49281,4,False,-135.4060540038087,0.5939459960136835,,,0.0,,,,,,,,,,,,,0,0
e4a-v1,cpu_double,lightning_cpu,double,16,3,1,f9598a6bfdd0,43,N16_i01_Aheur_s43,Aheur,16.999999999977796,2,1.866648773795663 0.02149466056853867 -0.066173341255903725 2.9967322928884599,0.13112281842114482,1.2939192012170153,560,2023-08-06,2026-08-05,4,,,1000,1,981,33056,3,True,-152.1873517718414,0.8126482279587646,,,0.001,33056,0.8126482279587646,0.5267140397148452,0.004458235201982869,346,1,False,False,False,0.7567788250728168,0.18914639762174526,0.24861477539840246,0,0
e4a-v1,cpu_double,lightning_cpu,double,16,3,1,f9598a6bfdd0,43,N16_i01_Aheur_s43,Aheur,16.999999999977796,2,1.866648773795663 0.02149466056853867 -0.066173341255903725 2.9967322928884599,0.13112281842114482,1.2939192012170153,560,2023-08-06,2026-08-05,5,,,1000,0,987,16400,2,False,-135.9699250578359,0.030074941986479975,,,0.0,,,,,,,,,,,,,0,0
e4a-v1,cpu_double,lightning_cpu,double,16,3,1,f9598a6bfdd0,43,N16_i01_Aheur_s43,Aheur,16.999999999977796,2,1.866648773795663 0.02149466056853867 -0.066173341255903725 2.9967322928884599,0.13112281842114482,1.2939192012170153,560,2023-08-06,2026-08-05,6,,,1000,0,984,18437,4,False,-135.34772014101569,0.6522798588066929,,,0.0,,,,,,,,,,,,,0,0
e4a-v1,cpu_double,lightning_cpu,double,16,3,1,f9598a6bfdd0,43,N16_i01_Aheur_s43,Aheur,16.999999999977796,2,1.866648773795663 0.02149466056853867 -0.066173341255903725 2.9967322928884599,0.13112281842114482,1.2939192012170153,560,2023-08-06,2026-08-05,7,,,1000,0,984,6,2,False,-135.70988488772815,0.29011511209421464,,,0.0,,,,,,,,,,,,,0,0
e4a-v1,cpu_double,lightning_cpu,double,16,3,1,f9598a6bfdd0,43,N16_i01_Aheur_s43,Aheur,16.999999999977796,2,1.866648773795663 0.02149466056853867 -0.066173341255903725 2.9967322928884599,0.13112281842114482,1.2939192012170153,560,2023-08-06,2026-08-05,8,,,1000,0,981,1040,2,False,-135.6751804101633,0.32481958965905,,,0.0,,,,,,,,,,,,,0,0
e4a-v1,cpu_double,lightning_cpu,double,16,3,1,f9598a6bfdd0,43,N16_i01_Aheur_s43,Aheur,16.999999999977796,2,1.866648773795663 0.02149466056853867 -0.066173341255903725 2.9967322928884599,0.13112281842114482,1.2939192012170153,560,2023-08-06,2026-08-05,9,,,1000,1,994,43008,3,True,-152.4195765701937,0.5804234296064688,,,0.001,43008,0.5804234296064688,0.34724008327778694,0.0029391241662109447,154,1,False,False,False,0.999810537844684,0.2350694080126137,0.2341137637108755,0,0
e4a-v1,cpu_double,lightning_cpu,double,20,4,0,88802fd9d289,42,N20_i00_Aheur_s42,Aheur,20.999999999965347,2,2.549594337107866 1.6837739916247021 2.8710969451053501 2.009847999970034,-0.15232144256321223,1.9296468975432697,4845,2023-08-06,2026-08-05,0,,,1000,49,975,262320,4,True,-335.88925233043534,0.11074766901018984,,,0.049,262320,0.11074766901018984,0.1363301813965698,0.0007825890074026616,205,1,False,False,False,1.294727220528727,0.3091472529928239,0.23800167950974724,0,0
e4a-v1,cpu_double,lightning_cpu,double,20,4,0,88802fd9d289,42,N20_i00_Aheur_s42,Aheur,20.999999999965347,2,2.549594337107866 1.6837739916247021 2.8710969451053501 2.009847999970034,-0.15232144256321223,1.9296468975432697,4845,2023-08-06,2026-08-05,1,,,1000,48,979,147462,4,True,-335.9512390237217,0.048760975723818434,,,0.048,147462,0.048760975723818434,0.10420684662206271,0.0005981883969280288,102,1,False,False,False,1.1478586707267324,0.2339558972566414,0.2029482402299164,0,0
e4a-v1,cpu_double,lightning_cpu,double,20,4,0,88802fd9d289,42,N20_i00_Aheur_s42,Aheur,20.999999999965347,2,2.549594337107866 1.6837739916247021 2.8710969451053501 2.009847999970034,-0.15232144256321223,1.9296468975432697,4845,2023-08-06,2026-08-05,2,,,1000,38,974,262418,4,True,-335.96301979585894,0.036980203586617466,,,0.038,262418,0.036980203586617466,0.09810170264354537,0.0005631424627316965,91,1,False,False,False,1.1324411165443187,0.22505612760449273,0.19785234245839411,0,0
e4a-v1,cpu_double,lightning_cpu,double,20,4,0,88802fd9d289,42,N20_i00_Aheur_s42,Aheur,20.999999999965347,2,2.549594337107866 1.6837739916247021 2.8710969451053501 2.009847999970034,-0.15232144256321223,1.9296468975432697,4845,2023-08-06,2026-08-05,3,,,1000,43,965,8290,4,True,-335.84331916646573,0.1566808329797964,,,0.043,8290,0.1566808329797964,0.1601341032581738,0.000919232906729505,300,1,False,False,False,1.3214647411339528,0.33153373078807713,0.2501267877222703,0,0
e4a-v1,cpu_double,lightning_cpu,double,20,4,0,88802fd9d289,42,N20_i00_Aheur_s42,Aheur,20.999999999965347,2,2.549594337107866 1.6837739916247021 2.8710969451053501 2.009847999970034,-0.15232144256321223,1.9296468975432697,4845,2023-08-06,2026-08-05,4,,,1000,41,975,132102,4,True,-335.843828820513,0.1561711789325293,,,0.041,132102,0.1561711789325293,0.15986998548205839,0.0009177167665312734,298,1,False,False,False,0.9176330380435619,0.1773575470368907,0.19218744282888237,0,0
e4a-v1,cpu_double,lightning_cpu,double,20,4,0,88802fd9d289,42,N20_i00_Aheur_s42,Aheur,20.999999999965347,2,2.549594337107866 1.6837739916247021 2.8710969451053501 2.009847999970034,-0.15232144256321223,1.9296468975432697,4845,2023-08-06,2026-08-05,5,,,1000,43,979,16406,4,True,-336.0777075418333,-0.07770754238775834,,,0.043,16406,-0.07770754238775834,0.03866712623457099,0.00022196455420976733,16,1,False,False,True,1.3611358083987704,0.28549610203547,0.20901375180934298,0,0
e4a-v1,cpu_double,lightning_cpu,double,20,4,0,88802fd9d289,42,N20_i00_Aheur_s42,Aheur,20.999999999965347,2,2.549594337107866 1.6837739916247021 2.8710969451053501 2.009847999970034,-0.15232144256321223,1.9296468975432697,4845,2023-08-06,2026-08-05,6,,,1000,56,979,32810,4,True,-336.01874200452,-0.018742005074455448,,,0.056,32810,-0.018742005074455448,0.06922480877658159,0.0003973777034046192,48,1,False,False,False,1.3160909138630728,0.2841593010797858,0.21515177872373484,0,0
e4a-v1,cpu_double,lightning_cpu,double,20,4,0,88802fd9d289,42,N20_i00_Aheur_s42,Aheur,20.999999999965347,2,2.549594337107866 1.6837739916247021 2.8710969451053501 2.009847999970034,-0.15232144256321223,1.9296468975432697,4845,2023-08-06,2026-08-05,7,,,1000,62,973,266258,4,True,-336.0728248777922,-0.07282487834661189,,,0.062,266258,-0.07282487834661189,0.04119746691366768,0.00023648970762891092,19,1,False,False,True,1.2458423085081447,0.23688077695141954,0.18933437670284214,0,0
e4a-v1,cpu_double,lightning_cpu,double,20,4,0,88802fd9d289,42,N20_i00_Aheur_s42,Aheur,20.999999999965347,2,2.549594337107866 1.6837739916247021 2.8710969451053501 2.009847999970034,-0.15232144256321223,1.9296468975432697,4845,2023-08-06,2026-08-05,8,,,1000,58,973,131098,4,True,-336.0203801741242,-0.020380174678653717,,,0.058,131098,-0.020380174678653717,0.06837586091659545,0.0003925044078784395,47,1,False,False,False,1.2211530828482227,0.24365476583869936,0.1987095387522835,0,0
e4a-v1,cpu_double,lightning_cpu,double,20,4,0,88802fd9d289,42,N20_i00_Aheur_s42,Aheur,20.999999999965347,2,2.549594337107866 1.6837739916247021 2.8710969451053501 2.009847999970034,-0.15232144256321223,1.9296468975432697,4845,2023-08-06,2026-08-05,9,,,1000,43,979,263186,4,True,-336.0255018049166,-0.02550180547105474,,,0.043,263186,-0.02550180547105474,0.0657216806109024,0.000377268366162498,42,1,False,False,False,1.2524423788553842,0.2549665833345118,0.20277705994475656,0,0
e4a-v1,cpu_double,lightning_cpu,double,20,4,0,88802fd9d289,43,N20_i00_Aheur_s43,Aheur,20.999999999965347,2,1.9005516930172133 0.044325096520901372 -0.084808062314613838 2.9987411652124991,-0.15232144256321223,1.9296468975432697,4845,2023-08-06,2026-08-05,0,,,1000,6,998,10274,4,True,-335.6514134860996,0.34858651334596225,,,0.006,10274,0.34858651334596225,0.25958529332330466,0.0014901219594748165,1072,1,False,False,False,0.8997857093602273,0.20304565402971333,0.2245486363340594,0,0
e4a-v1,cpu_double,lightning_cpu,double,20,4,0,88802fd9d289,43,N20_i00_Aheur_s43,Aheur,20.999999999965347,2,1.9005516930172133 0.044325096520901372 -0.084808062314613838 2.9987411652124991,-0.15232144256321223,1.9296468975432697,4845,2023-08-06,2026-08-05,1,,,1000,7,999,794626,4,True,-335.7784025637984,0.2215974356471383,,,0.007,794626,0.2215974356471383,0.1937758035868663,0.0011123495343013927,501,1,False,False,False,0.8366407587173638,0.1636506204703534,0.19440915204718165,0,0
e4a-v1,cpu_double,lightning_cpu,double,20,4,0,88802fd9d289,43,N20_i00_Aheur_s43,Aheur,20.999999999965347,2,1.9005516930172133 0.044325096520901372 -0.084808062314613838 2.9987411652124991,-0.15232144256321223,1.9296468975432697,4845,2023-08-06,2026-08-05,2,,,1000,2,997,565250,4,True,-335.58556978517214,0.4144302142733892,,,0.002,565250,0.4144302142733892,0.2937074433452884,0.001685996557766966,1430,1,False,False,False,0.9685315440465492,0.2365298814928157,0.24318245795977478,0,0
e4a-v1,cpu_double,lightning_cpu,double,20,4,0,88802fd9d289,43,N20_i00_Aheur_s43,Aheur,20.999999999965347,2,1.9005516930172133 0.044325096520901372 -0.084808062314613838 2.9987411652124991,-0.15232144256321223,1.9296468975432697,4845,2023-08-06,2026-08-05,3,,,1000,3,997,524372,4,True,-335.60884196161476,0.3911580378307675,,,0.003,524372,0.3911580378307675,0.28164711434299755,0.0016167655129156618,1291,1,False,False,False,1.1309285256848052,0.29551454497746055,0.2604183538470079,0,0
e4a-v1,cpu_double,lightning_cpu,double,20,4,0,88802fd9d289,43,N20_i00_Aheur_s43,Aheur,20.999999999965347,2,1.9005516930172133 0.044325096520901372 -0.084808062314613838 2.9987411652124991,-0.15232144256321223,1.9296468975432697,4845,2023-08-06,2026-08-05,4,,,1000,6,998,278608,4,True,-335.7262556446028,0.2737443548427603,,,0.006,278608,0.2737443548427603,0.2207998768833916,0.0012674783728348433,701,1,False,False,False,1.404676731698502,0.39515759803196626,0.2806037781770331,0,0
e4a-v1,cpu_double,lightning_cpu,double,20,4,0,88802fd9d289,43,N20_i00_Aheur_s43,Aheur,20.999999999965347,2,1.9005516930172133 0.044325096520901372 -0.084808062314613838 2.9987411652124991,-0.15232144256321223,1.9296468975432697,4845,2023-08-06,2026-08-05,5,,,1000,4,999,263298,4,True,-335.8126716273988,0.1873283720467258,,,0.004,263298,0.1873283720467258,0.17601656294857015,0.0010104044891105493,380,1,False,False,False,0.8947516627642107,0.17581574145215237,0.1953790629593059,0,0
e4a-v1,cpu_double,lightning_cpu,double,20,4,0,88802fd9d289,43,N20_i00_Aheur_s43,Aheur,20.999999999965347,2,1.9005516930172133 0.044325096520901372 -0.084808062314613838 2.9987411652124991,-0.15232144256321223,1.9296468975432697,4845,2023-08-06,2026-08-05,6,,,1000,5,1000,262436,4,True,-335.83968852002835,0.16031147941722235,,,0.005,262436,0.16031147941722235,0.16201561144604396,0.0009300335057610731,307,1,False,False,False,0.9569877123542376,0.19092735589905055,0.19846373516313992,0,0
e4a-v1,cpu_double,lightning_cpu,double,20,4,0,88802fd9d289,43,N20_i00_Aheur_s43,Aheur,20.999999999965347,2,1.9005516930172133 0.044325096520901372 -0.084808062314613838 2.9987411652124991,-0.15232144256321223,1.9296468975432697,4845,2023-08-06,2026-08-05,7,,,1000,4,1000,32810,4,True,-336.01874200452,-0.018742005074455448,,,0.004,32810,-0.018742005074455448,0.06922480877658159,0.0003973777034046192,48,1,False,False,False,1.3160909138630728,0.2841593010797858,0.21515177872373484,0,0
e4a-v1,cpu_double,lightning_cpu,double,20,4,0,88802fd9d289,43,N20_i00_Aheur_s43,Aheur,20.999999999965347,2,1.9005516930172133 0.044325096520901372 -0.084808062314613838 2.9987411652124991,-0.15232144256321223,1.9296468975432697,4845,2023-08-06,2026-08-05,8,,,1000,5,996,49200,4,True,-335.6193891927805,0.380610806665062,,,0.005,49200,0.380610806665062,0.27618122771931847,0.001585389168047774,1231,1,False,False,False,1.4961509032782003,0.46207729812057063,0.30817566403917485,0,0
e4a-v1,cpu_double,lightning_cpu,double,20,4,0,88802fd9d289,43,N20_i00_Aheur_s43,Aheur,20.999999999965347,2,1.9005516930172133 0.044325096520901372 -0.084808062314613838 2.9987411652124991,-0.15232144256321223,1.9296468975432697,4845,2023-08-06,2026-08-05,9,,,1000,3,1000,131079,4,True,-335.87768678012884,0.12231321931673711,,,0.003,131079,0.12231321931673711,0.14232379106747484,0.0008169946906861623,227,1,False,False,False,1.1677697175654604,0.2592803121639978,0.2211740108336211,0,0
e4a-v1,cpu_double,lightning_cpu,double,20,4,1,9f06c1dc6e9a,42,N20_i01_Aheur_s42,Aheur,20.99999999997685,2,2.5470571607990928 1.6819246629326174 2.8710914090557091 2.0099534611414791,-0.05194130964678845,1.6573123108875516,4845,2023-08-06,2026-08-05,0,,,1000,44,976,524549,4,True,-335.75152200778854,0.24847799184106933,,,0.044,524549,0.24847799184106933,0.1812689735750362,0.0008939668680901174,104,1,False,False,False,1.1356949653218313,0.22794551243358632,0.19982963679800667,0,0
e4a-v1,cpu_double,lightning_cpu,double,20,4,1,9f06c1dc6e9a,42,N20_i01_Aheur_s42,Aheur,20.99999999997685,2,2.5470571607990928 1.6819246629326174 2.8710914090557091 2.0099534611414791,-0.05194130964678845,1.6573123108875516,4845,2023-08-06,2026-08-05,1,,,1000,66,980,720898,4,True,-335.78745722043436,0.21254277919524578,,,0.066,720898,0.21254277919524578,0.15958614867248122,0.0007870333610083906,64,1,False,False,False,1.0682793520524074,0.20023590474406666,0.18650169018177615,0,0
e4a-v1,cpu_double,lightning_cpu,double,20,4,1,9f06c1dc6e9a,42,N20_i01_Aheur_s42,Aheur,20.99999999997685,2,2.5470571607990928 1.6819246629326174 2.8710914090557091 2.0099534611414791,-0.05194130964678845,1.6573123108875516,4845,2023-08-06,2026-08-05,2,,,1000,52,971,524295,4,True,-335.8159816983011,0.18401830132853492,,,0.052,524295,0.18401830132853492,0.14237486165112617,0.0007021522031862458,40,1,False,False,False,1.0830302274108257,0.1978268287764011,0.1817371517385533,0,0
e4a-v1,cpu_double,lightning_cpu,double,20,4,1,9f06c1dc6e9a,42,N20_i01_Aheur_s42,Aheur,20.99999999997685,2,2.5470571607990928 1.6819246629326174 2.8710914090557091 2.0099534611414791,-0.05194130964678845,1.6573123108875516,4845,2023-08-06,2026-08-05,3,,,1000,43,966,532545,4,True,-335.64656651683026,0.35343348279934034,,,0.043,532545,0.35343348279934034,0.24459770785690702,0.0012062861201359732,297,1,False,False,False,0.8739054060810951,0.17315301866692617,0.1969927379656821,0,0
e4a-v1,cpu_double,lightning_cpu,double,20,4,1,9f06c1dc6e9a,42,N20_i01_Aheur_s42,Aheur,20.99999999997685,2,2.5470571607990928 1.6819246629326174 2.8710914090557091 2.0099534611414791,-0.05194130964678845,1.6573123108875516,4845,2023-08-06,2026-08-05,4,,,1000,38,976,524609,4,True,-335.62595872649536,0.3740412731342271,,,0.038,524609,0.3740412731342271,0.25703217189817784,0.0012676093496778043,350,1,False,False,False,0.8594734112099981,0.17241916802534893,0.1994467377228328,0,0
e4a-v1,cpu_double,lightning_cpu,double,20,4,1,9f06c1dc6e9a,42,N20_i01_Aheur_s42,Aheur,20.99999999997685,2,2.5470571607990928 1.6819246629326174 2.8710914090557091 2.0099534611414791,-0.05194130964678845,1.6573123108875516,4845,2023-08-06,2026-08-05,5,,,1000,44,979,917506,4,True,-335.7546470374541,0.24535296217552738,,,0.044,917506,0.24535296217552738,0.17938337262643264,0.0008846676221063964,101,1,False,False,False,0.9665478400772939,0.17910183021010706,0.18426592334618888,0,0
e4a-v1,cpu_double,lightning_cpu,double,20,4,1,9f06c1dc6e9a,42,N20_i01_Aheur_s42,Aheur,20.99999999997685,2,2.5470571607990928 1.6819246629326174 2.8710914090557091 2.0099534611414791,-0.05194130964678845,1.6573123108875516,4845,2023-08-06,2026-08-05,6,,,1000,61,979,531,4,True,-335.6202460053897,0.37975399423992584,,,0.061,531,0.37975399423992584,0.2604791511236199,0.0012846088679172815,371,1,False,False,False,1.3039887209045264,0.3112483858814171,0.23792259925853487,0,0
e4a-v1,cpu_double,lightning_cpu,double,20,4,1,9f06c1dc6e9a,42,N20_i01_Aheur_s42,Aheur,20.99999999997685,2,2.5470571607990928 1.6819246629326174 2.8710914090557091 2.0099534611414791,-0.05194130964678845,1.6573123108875516,4845,2023-08-06,2026-08-05,7,,,1000,41,974,523,4,True,-335.6573138916255,0.3426861080041058,,,0.041,523,0.3426861080041058,0.23811288618230125,0.0011743048295254736,272,1,False,False,False,1.410583950593765,0.34165273936653573,0.24149767138860673,0,0
e4a-v1,cpu_double,lightning_cpu,double,20,4,1,9f06c1dc6e9a,42,N20_i01_Aheur_s42,Aheur,20.99999999997685,2,2.5470571607990928 1.6819246629326174 2.8710914090557091 2.0099534611414791,-0.05194130964678845,1.6573123108875516,4845,2023-08-06,2026-08-05,8,,,1000,55,971,655400,4,True,-335.77158539598923,0.22841460364035304,,,0.055,655400,0.22841460364035304,0.1691629944732629,0.0008342636325648345,74,1,False,False,False,1.1814997105789316,0.23736245714867876,0.20005291159391128,0,0
e4a-v1,cpu_double,lightning_cpu,double,20,4,1,9f06c1dc6e9a,42,N20_i01_Aheur_s42,Aheur,20.99999999997685,2,2.5470571607990928 1.6819246629326174 2.8710914090557091 2.0099534611414791,-0.05194130964678845,1.6573123108875516,4845,2023-08-06,2026-08-05,9,,,1000,44,983,524329,4,True,-335.8174757561274,0.1825242435021932,,,0.044,524329,0.1825242435021932,0.14147336721551096,0.0006977062897940457,38,1,False,False,False,1.2493815610256664,0.2472005105056195,0.19705790303444515,0,0
e4a-v1,cpu_double,lightning_cpu,double,20,4,1,9f06c1dc6e9a,43,N20_i01_Aheur_s43,Aheur,20.99999999997685,2,1.8982487231981187 0.044053902645595028 -0.084632481284101183 2.9987718758133686,-0.05194130964678845,1.6573123108875516,4845,2023-08-06,2026-08-05,0,,,1000,6,998,526342,4,True,-335.6196620604459,0.3803379391837043,,,0.006,526342,0.3803379391837043,0.26083149566359726,0.0012863465306771017,377,1,False,False,False,1.1966293895465319,0.2745817613728809,0.228626978212992,0,0
e4a-v1,cpu_double,lightning_cpu,double,20,4,1,9f06c1dc6e9a,43,N20_i01_Aheur_s43,Aheur,20.99999999997685,2,1.8982487231981187 0.044053902645595028 -0.084632481284101183 2.9987718758133686,-0.05194130964678845,1.6573123108875516,4845,2023-08-06,2026-08-05,1,,,1000,7,999,132105,4,True,-335.69103723244245,0.3089627671871824,,,0.007,132105,0.3089627671871824,0.2177646750482976,0.0010739532568324682,208,1,False,False,False,0.9541665708417143,0.18757841138590078,0.1955407127932719,0,0
e4a-v1,cpu_double,lightning_cpu,double,20,4,1,9f06c1dc6e9a,43,N20_i01_Aheur_s43,Aheur,20.99999999997685,2,1.8982487231981187 0.044053902645595028 -0.084632481284101183 2.9987718758133686,-0.05194130964678845,1.6573123108875516,4845,2023-08-06,2026-08-05,2,,,1000,2,998,565250,4,True,-335.45622302414836,0.5437769754812551,,,0.002,565250,0.5437769754812551,0.35944841609787753,0.00177269705036398,1140,1,False,False,False,0.5914951865545801,0.12314547128004232,0.20650289986556192,0,0
e4a-v1,cpu_double,lightning_cpu,double,20,4,1,9f06c1dc6e9a,43,N20_i01_Aheur_s43,Aheur,20.99999999997685,2,1.8982487231981187 0.044053902645595028 -0.084632481284101183 2.9987718758133686,-0.05194130964678845,1.6573123108875516,4845,2023-08-06,2026-08-05,3,,,1000,3,999,524372,4,True,-335.4020734650892,0.5979265345404148,,,0.003,524372,0.5979265345404148,0.3921215331099394,0.0019338315429908936,1511,1,False,False,False,0.7803895847733411,0.17912019679302743,0.22824522554944304,0,0
e4a-v1,cpu_double,lightning_cpu,double,20,4,1,9f06c1dc6e9a,43,N20_i01_Aheur_s43,Aheur,20.99999999997685,2,1.8982487231981187 0.044053902645595028 -0.084632481284101183 2.9987718758133686,-0.05194130964678845,1.6573123108875516,4845,2023-08-06,2026-08-05,4,,,1000,6,997,280577,4,True,-335.4283222054332,0.5716777941964462,,,0.006,280577,0.5716777941964462,0.3762833955594427,0.001855722366648385,1326,1,False,False,False,0.7561704007769254,0.16938287072605104,0.22267847373164365,0,0
e4a-v1,cpu_double,lightning_cpu,double,20,4,1,9f06c1dc6e9a,43,N20_i01_Aheur_s43,Aheur,20.99999999997685,2,1.8982487231981187 0.044053902645595028 -0.084632481284101183 2.9987718758133686,-0.05194130964678845,1.6573123108875516,4845,2023-08-06,2026-08-05,5,,,1000,4,999,526404,4,True,-335.4119237038249,0.5880762958046755,,,0.004,526404,0.5880762958046755,0.38617803129013806,0.0019045198874850149,1442,1,False,False,False,1.044251816467616,0.2591709808983118,0.24723057870430637,0,0
e4a-v1,cpu_double,lightning_cpu,double,20,4,1,9f06c1dc6e9a,43,N20_i01_Aheur_s43,Aheur,20.99999999997685,2,1.8982487231981187 0.044053902645595028 -0.084632481284101183 2.9987718758133686,-0.05194130964678845,1.6573123108875516,4845,2023-08-06,2026-08-05,6,,,1000,5,999,18437,4,True,-335.49061655088997,0.5093834487396245,,,0.005,18437,0.5093834487396245,0.33869582377373575,0.0016703511849967643,926,1,False,False,False,0.8138916193284104,0.1782698159354044,0.21780518649605962,0,0
e4a-v1,cpu_double,lightning_cpu,double,20,4,1,9f06c1dc6e9a,43,N20_i01_Aheur_s43,Aheur,20.99999999997685,2,1.8982487231981187 0.044053902645595028 -0.084632481284101183 2.9987718758133686,-0.05194130964678845,1.6573123108875516,4845,2023-08-06,2026-08-05,7,,,1000,4,1000,524674,4,True,-335.50386301798744,0.49613698164217923,,,0.004,524674,0.49613698164217923,0.33070308335273974,0.0016309332692845792,847,1,False,False,False,0.8191078489624536,0.17807607514662796,0.2161816363631803,0,0
e4a-v1,cpu_double,lightning_cpu,double,20,4,1,9f06c1dc6e9a,43,N20_i01_Aheur_s43,Aheur,20.99999999997685,2,1.8982487231981187 0.044053902645595028 -0.084632481284101183 2.9987718758133686,-0.05194130964678845,1.6573123108875516,4845,2023-08-06,2026-08-05,8,,,1000,5,998,532552,4,True,-335.42572358728256,0.5742764123470285,,,0.005,532552,0.5742764123470285,0.37785136686666765,0.0018634551538492506,1351,1,False,False,False,0.8623133351714574,0.2002615206432402,0.2310778605825691,0,0
e4a-v1,cpu_double,lightning_cpu,double,20,4,1,9f06c1dc6e9a,43,N20_i01_Aheur_s43,Aheur,20.99999999997685,2,1.8982487231981187 0.044053902645595028 -0.084632481284101183 2.9987718758133686,-0.05194130964678845,1.6573123108875516,4845,2023-08-06,2026-08-05,9,,,1000,3,1000,131079,4,True,-335.7405030586907,0.2594969409389139,,,0.003,131079,0.2594969409389139,0.1879176595381203,0.0009267562906267472,120,1,False,False,False,0.8145627491073526,0.14297475919079944,0.17429566886821674,0,0
e4a-v1,gpu_single,lightning_gpu,single,12,2,1,3798cace2ea7,43,N12_i01_Aheur_s43,Aheur,12.999999999983347,2,1.8320385937237138 0.00059987955034510433 -0.045127650519484704 2.9833103641215408,0.15347271196197812,0.6821104373880992,66,2023-08-06,2026-08-05,0,,,1000,8,843,17,2,True,-51.846527287971405,0.15347271196197812,,,0.008,17,0.15347271196197812,0.0,0.0,1,1,True,True,True,0.8071062374637792,0.172876351205122,0.21295381354655352,1,1
e4a-v1,gpu_single,lightning_gpu,single,12,2,1,3798cace2ea7,43,N12_i01_Aheur_s43,Aheur,12.999999999983347,2,1.8320385937237138 0.00059987955034510433 -0.045127650519484704 2.9833103641215408,0.15347271196197812,0.6821104373880992,66,2023-08-06,2026-08-05,1,,,1000,13,827,1025,2,True,-51.69300203420312,0.3069979657302665,,,0.013,1025,0.3069979657302665,0.22507389618044707,0.0029611482542613193,9,1,False,False,False,0.5903154178059283,0.1436147419247413,0.24159074559632662,0,0
e4a-v1,gpu_single,lightning_gpu,single,12,2,1,3798cace2ea7,43,N12_i01_Aheur_s43,Aheur,12.999999999983347,2,1.8320385937237138 0.00059987955034510433 -0.045127650519484704 2.9833103641215408,0.15347271196197812,0.6821104373880992,66,2023-08-06,2026-08-05,2,,,1000,13,822,17,2,True,-51.846527287971405,0.15347271196197812,,,0.013,17,0.15347271196197812,0.0,0.0,1,1,True,True,True,0.8071062374637792,0.172876351205122,0.21295381354655352,1,1
e4a-v1,gpu_single,lightning_gpu,single,12,2,1,3798cace2ea7,43,N12_i01_Aheur_s43,Aheur,12.999999999983347,2,1.8320385937237138 0.00059987955034510433 -0.045127650519484704 2.9833103641215408,0.15347271196197812,0.6821104373880992,66,2023-08-06,2026-08-05,3,,,1000,8,843,3,2,True,-51.75324429258867,0.2467557073447189,,,0.008,3,0.2467557073447189,0.13675644040858698,0.0017992139543815272,4,1,False,False,False,0.8711776307742315,0.22107028411410232,0.2526124137491017,0,0
e4a-v1,gpu_single,lightning_gpu,single,12,2,1,3798cace2ea7,43,N12_i01_Aheur_s43,Aheur,12.999999999983347,2,1.8320385937237138 0.00059987955034510433 -0.045127650519484704 2.9833103641215408,0.15347271196197812,0.6821104373880992,66,2023-08-06,2026-08-05,4,,,1000,13,834,9,2,True,-51.80449996392249,0.1955000360109007,,,0.013,9,0.1955000360109007,0.0616136650977683,0.0008106102037555965,2,1,False,False,False,1.2926724802368494,0.37087155768981794,0.28612936636668274,0,0
e4a-v1,gpu_single,lightning_gpu,single,12,2,1,3798cace2ea7,43,N12_i01_Aheur_s43,Aheur,12.999999999983347,2,1.8320385937237138 0.00059987955034510433 -0.045127650519484704 2.9833103641215408,0.15347271196197812,0.6821104373880992,66,2023-08-06,2026-08-05,5,,,1000,7,842,17,2,True,-51.846527287971405,0.15347271196197812,,,0.007,17,0.15347271196197812,0.0,0.0,1,1,True,True,True,0.8071062374637792,0.172876351205122,0.21295381354655352,1,1
e4a-v1,gpu_single,lightning_gpu,single,12,2,1,3798cace2ea7,43,N12_i01_Aheur_s43,Aheur,12.999999999983347,2,1.8320385937237138 0.00059987955034510433 -0.045127650519484704 2.9833103641215408,0.15347271196197812,0.6821104373880992,66,2023-08-06,2026-08-05,6,,,1000,19,853,17,2,True,-51.846527287971405,0.15347271196197812,,,0.019,17,0.15347271196197812,0.0,0.0,1,1,True,True,True,0.8071062374637792,0.172876351205122,0.21295381354655352,1,1
e4a-v1,gpu_single,lightning_gpu,single,12,2,1,3798cace2ea7,43,N12_i01_Aheur_s43,Aheur,12.999999999983347,2,1.8320385937237138 0.00059987955034510433 -0.045127650519484704 2.9833103641215408,0.15347271196197812,0.6821104373880992,66,2023-08-06,2026-08-05,7,,,1000,13,827,65,2,True,-51.65719508162195,0.34280491831143844,,,0.013,65,0.34280491831143844,0.2775682587037388,0.003651781830976867,10,1,False,False,False,0.4169888444200712,0.09912672272256245,0.23532217716527298,0,0
e4a-v1,gpu_single,lightning_gpu,single,12,2,1,3798cace2ea7,43,N12_i01_Aheur_s43,Aheur,12.999999999983347,2,1.8320385937237138 0.00059987955034510433 -0.045127650519484704 2.9833103641215408,0.15347271196197812,0.6821104373880992,66,2023-08-06,2026-08-05,8,,,1000,11,855,144,2,True,-51.71729698360882,0.28270301632456885,,,0.011,144,0.28270301632456885,0.18945657078263237,0.002492554682492161,8,1,False,False,False,1.2842947469146042,0.4001941096039613,0.3108274876643287,0,0
e4a-v1,gpu_single,lightning_gpu,single,12,2,1,3798cace2ea7,43,N12_i01_Aheur_s43,Aheur,12.999999999983347,2,1.8320385937237138 0.00059987955034510433 -0.045127650519484704 2.9833103641215408,0.15347271196197812,0.6821104373880992,66,2023-08-06,2026-08-05,9,,,1000,9,844,9,2,True,-51.80449996392249,0.1955000360109007,,,0.009,9,0.1955000360109007,0.0616136650977683,0.0008106102037555965,2,1,False,False,False,1.2926724802368494,0.37087155768981794,0.28612936636668274,0,0
e4a-v1,gpu_single,lightning_gpu,single,16,3,0,514ae30a9bf6,42,N16_i00_Aheur_s42,Aheur,16.999999999972275,2,0.74274147571645022 1.4405996686222429 2.73269036940555 1.6581154527861004,-0.2671105968767471,1.2705106296258624,560,2023-08-06,2026-08-05,0,,,1000,372,762,16394,3,True,-153.2671105966272,-0.2671105968767471,,,0.372,16394,-0.2671105968767471,0.0,0.0,1,1,True,True,True,1.3851408274006345,0.2568156466299874,0.1846856590820826,2,1
e4a-v1,gpu_single,lightning_gpu,single,16,3,0,514ae30a9bf6,42,N16_i00_Aheur_s42,Aheur,16.999999999972275,2,0.74274147571645022 1.4405996686222429 2.73269036940555 1.6581154527861004,-0.2671105968767471,1.2705106296258624,560,2023-08-06,2026-08-05,1,,,1000,367,758,16394,3,True,-153.2671105966272,-0.2671105968767471,,,0.367,16394,-0.2671105968767471,0.0,0.0,1,1,True,True,True,1.3851408274006345,0.2568156466299874,0.1846856590820826,1,1
e4a-v1,gpu_single,lightning_gpu,single,16,3,0,514ae30a9bf6,42,N16_i00_Aheur_s42,Aheur,16.999999999972275,2,0.74274147571645022 1.4405996686222429 2.73269036940555 1.6581154527861004,-0.2671105968767471,1.2705106296258624,560,2023-08-06,2026-08-05,2,,,1000,360,758,4106,3,True,-153.24068946238305,-0.24068946263259938,,,0.36,4106,-0.24068946263259938,0.020795681380429035,0.00017238619649902334,4,1,False,False,True,1.4919848850262931,0.372272961234548,0.24884498828418433,0,0
e4a-v1,gpu_single,lightning_gpu,single,16,3,0,514ae30a9bf6,42,N16_i00_Aheur_s42,Aheur,16.999999999972275,2,0.74274147571645022 1.4405996686222429 2.73269036940555 1.6581154527861004,-0.2671105968767471,1.2705106296258624,560,2023-08-06,2026-08-05,3,,,1000,414,751,16394,3,True,-153.2671105966272,-0.2671105968767471,,,0.414,16394,-0.2671105968767471,0.0,0.0,1,1,True,True,True,1.3851408274006345,0.2568156466299874,0.1846856590820826,3,1
e4a-v1,gpu_single,lightning_gpu,single,16,3,0,514ae30a9bf6,42,N16_i00_Aheur_s42,Aheur,16.999999999972275,2,0.74274147571645022 1.4405996686222429 2.73269036940555 1.6581154527861004,-0.2671105968767471,1.2705106296258624,560,2023-08-06,2026-08-05,4,,,1000,397,733,26,3,True,-153.25712549949503,-0.25712549974457377,,,0.397,26,-0.25712549974457377,0.007859121285048768,6.514833543415843e-05,3,1,False,True,True,1.510671395866353,0.37344385583103606,0.2465419394648985,1,0
e4a-v1,gpu_single,lightning_gpu,single,16,3,0,514ae30a9bf6,42,N16_i00_Aheur_s42,Aheur,16.999999999972275,2,0.74274147571645022 1.4405996686222429 2.73269036940555 1.6581154527861004,-0.2671105968767471,1.2705106296258624,560,2023-08-06,2026-08-05,5,,,1000,387,751,16394,3,True,-153.2671105966272,-0.2671105968767471,,,0.387,16394,-0.2671105968767471,0.0,0.0,1,1,True,True,True,1.3851408274006345,0.2568156466299874,0.1846856590820826,1,1
e4a-v1,gpu_single,lightning_gpu,single,16,3,0,514ae30a9bf6,42,N16_i00_Aheur_s42,Aheur,16.999999999972275,2,0.74274147571645022 1.4405996686222429 2.73269036940555 1.6581154527861004,-0.2671105968767471,1.2705106296258624,560,2023-08-06,2026-08-05,6,,,1000,379,759,16394,3,True,-153.2671105966272,-0.2671105968767471,,,0.379,16394,-0.2671105968767471,0.0,0.0,1,1,True,True,True,1.3851408274006345,0.2568156466299874,0.1846856590820826,3,2
e4a-v1,gpu_single,lightning_gpu,single,16,3,0,514ae30a9bf6,42,N16_i00_Aheur_s42,Aheur,16.999999999972275,2,0.74274147571645022 1.4405996686222429 2.73269036940555 1.6581154527861004,-0.2671105968767471,1.2705106296258624,560,2023-08-06,2026-08-05,7,,,1000,373,763,16402,3,True,-153.26084886738235,-0.26084886763190396,,,0.373,16402,-0.26084886763190396,0.004928513857996672,4.085500940461349e-05,2,1,False,True,True,1.376780890762973,0.25918646419037544,0.18752908754224196,1,0
e4a-v1,gpu_single,lightning_gpu,single,16,3,0,514ae30a9bf6,42,N16_i00_Aheur_s42,Aheur,16.999999999972275,2,0.74274147571645022 1.4405996686222429 2.73269036940555 1.6581154527861004,-0.2671105968767471,1.2705106296258624,560,2023-08-06,2026-08-05,8,,,1000,354,767,26,3,True,-153.25712549949503,-0.25712549974457377,,,0.354,26,-0.25712549974457377,0.007859121285048768,6.514833543415843e-05,3,1,False,True,True,1.510671395866353,0.37344385583103606,0.2465419394648985,2,0
e4a-v1,gpu_single,lightning_gpu,single,16,3,0,514ae30a9bf6,42,N16_i00_Aheur_s42,Aheur,16.999999999972275,2,0.74274147571645022 1.4405996686222429 2.73269036940555 1.6581154527861004,-0.2671105968767471,1.2705106296258624,560,2023-08-06,2026-08-05,9,,,1000,362,762,26,3,True,-153.25712549949503,-0.25712549974457377,,,0.362,26,-0.25712549974457377,0.007859121285048768,6.514833543415843e-05,3,1,False,True,True,1.510671395866353,0.37344385583103606,0.2465419394648985,1,0
e4a-v1,gpu_single,lightning_gpu,single,16,3,0,514ae30a9bf6,43,N16_i00_Aheur_s43,Aheur,16.999999999972275,2,1.8657604696531571 0.020894816108035355 -0.065582775811690253 2.9969708670042756,-0.2671105968767471,1.2705106296258624,560,2023-08-06,2026-08-05,0,,,1000,0,982,528,2,False,-135.9846388766088,0.01536112316935867,,,0.0,,,,,,,,,,,,,0,0
e4a-v1,gpu_single,lightning_gpu,single,16,3,0,514ae30a9bf6,43,N16_i00_Aheur_s43,Aheur,16.999999999972275,2,1.8657604696531571 0.020894816108035355 -0.065582775811690253 2.9969708670042756,-0.2671105968767471,1.2705106296258624,560,2023-08-06,2026-08-05,1,,,1000,0,975,16403,4,False,-136.0070148584847,-0.00701485870649643,,,0.0,,,,,,,,,,,,,0,0
e4a-v1,gpu_single,lightning_gpu,single,16,3,0,514ae30a9bf6,43,N16_i00_Aheur_s43,Aheur,16.999999999972275,2,1.8657604696531571 0.020894816108035355 -0.065582775811690253 2.9969708670042756,-0.2671105968767471,1.2705106296258624,560,2023-08-06,2026-08-05,2,,,1000,1,987,292,3,True,-152.7306103375466,0.2693896622038495,,,0.001,292,0.2693896622038495,0.4222713659928876,0.0035004265232909198,296,1,False,False,False,0.9110524334884075,0.2592495465794347,0.2834628799470967,0,0
e4a-v1,gpu_single,lightning_gpu,single,16,3,0,514ae30a9bf6,43,N16_i00_Aheur_s43,Aheur,16.999999999972275,2,1.8657604696531571 0.020894816108035355 -0.065582775811690253 2.9969708670042756,-0.2671105968767471,1.2705106296258624,560,2023-08-06,2026-08-05,3,,,1000,0,980,20480,2,False,-136.1865104480713,-0.18651044829311025,,,0.0,,,,,,,,,,,,,0,0
e4a-v1,gpu_single,lightning_gpu,single,16,3,0,514ae30a9bf6,43,N16_i00_Aheur_s43,Aheur,16.999999999972275,2,1.8657604696531571 0.020894816108035355 -0.065582775811690253 2.9969708670042756,-0.2671105968767471,1.2705106296258624,560,2023-08-06,2026-08-05,4,,,1000,0,986,18452,4,False,-135.91131365613347,0.08868634364470374,,,0.0,,,,,,,,,,,,,0,0
e4a-v1,gpu_single,lightning_gpu,single,16,3,0,514ae30a9bf6,43,N16_i00_Aheur_s43,Aheur,16.999999999972275,2,1.8657604696531571 0.020894816108035355 -0.065582775811690253 2.9969708670042756,-0.2671105968767471,1.2705106296258624,560,2023-08-06,2026-08-05,5,,,1000,0,991,8236,4,False,-135.80317908301075,0.19682091676743885,,,0.0,,,,,,,,,,,,,0,0
e4a-v1,gpu_single,lightning_gpu,single,16,3,0,514ae30a9bf6,43,N16_i00_Aheur_s43,Aheur,16.999999999972275,2,1.8657604696531571 0.020894816108035355 -0.065582775811690253 2.9969708670042756,-0.2671105968767471,1.2705106296258624,560,2023-08-06,2026-08-05,6,,,1000,0,983,36870,4,False,-135.81542740864458,0.18457259113359115,,,0.0,,,,,,,,,,,,,0,0
e4a-v1,gpu_single,lightning_gpu,single,16,3,0,514ae30a9bf6,43,N16_i00_Aheur_s43,Aheur,16.999999999972275,2,1.8657604696531571 0.020894816108035355 -0.065582775811690253 2.9969708670042756,-0.2671105968767471,1.2705106296258624,560,2023-08-06,2026-08-05,7,,,1000,0,987,4112,2,False,-136.22280198682438,-0.22280198704619902,,,0.0,,,,,,,,,,,,,0,0
e4a-v1,gpu_single,lightning_gpu,single,16,3,0,514ae30a9bf6,43,N16_i00_Aheur_s43,Aheur,16.999999999972275,2,1.8657604696531571 0.020894816108035355 -0.065582775811690253 2.9969708670042756,-0.2671105968767471,1.2705106296258624,560,2023-08-06,2026-08-05,8,,,1000,0,991,51202,4,False,-135.77840256413106,0.2215974356471384,,,0.0,,,,,,,,,,,,,0,0
e4a-v1,gpu_single,lightning_gpu,single,16,3,0,514ae30a9bf6,43,N16_i00_Aheur_s43,Aheur,16.999999999972275,2,1.8657604696531571 0.020894816108035355 -0.065582775811690253 2.9969708670042756,-0.2671105968767471,1.2705106296258624,560,2023-08-06,2026-08-05,9,,,1000,0,981,17426,4,False,-136.05073832896687,-0.050738329188689923,,,0.0,,,,,,,,,,,,,0,0
e4a-v1,gpu_single,lightning_gpu,single,16,3,1,f9598a6bfdd0,42,N16_i01_Aheur_s42,Aheur,16.999999999977796,2,0.74306331081002575 1.4427238507351057 2.7320187694991369 1.6574624689908404,0.13112281842114482,1.2939192012170153,560,2023-08-06,2026-08-05,0,,,1000,359,746,16401,3,True,-152.86887718137902,0.13112281842114482,,,0.359,16401,0.13112281842114482,0.0,0.0,1,1,True,True,True,1.3851408274006345,0.2568156466299874,0.1846856590820826,1,1
e4a-v1,gpu_single,lightning_gpu,single,16,3,1,f9598a6bfdd0,42,N16_i01_Aheur_s42,Aheur,16.999999999977796,2,0.74306331081002575 1.4427238507351057 2.7320187694991369 1.6574624689908404,0.13112281842114482,1.2939192012170153,560,2023-08-06,2026-08-05,1,,,1000,361,755,49153,3,True,-152.82455131864143,0.17544868115874124,,,0.361,49153,0.17544868115874124,0.03425705615613792,0.00028996002034478057,2,1,False,False,True,1.0888101742109118,0.18579278723010573,0.16971993062429797,0,0
e4a-v1,gpu_single,lightning_gpu,single,16,3,1,f9598a6bfdd0,42,N16_i01_Aheur_s42,Aheur,16.999999999977796,2,0.74306331081002575 1.4427238507351057 2.7320187694991369 1.6574624689908404,0.13112281842114482,1.2939192012170153,560,2023-08-06,2026-08-05,2,,,1000,389,749,16401,3,True,-152.86887718137902,0.13112281842114482,,,0.389,16401,0.13112281842114482,0.0,0.0,1,1,True,True,True,1.3851408274006345,0.2568156466299874,0.1846856590820826,2,2
e4a-v1,gpu_single,lightning_gpu,single,16,3,1,f9598a6bfdd0,42,N16_i01_Aheur_s42,Aheur,16.999999999977796,2,0.74306331081002575 1.4427238507351057 2.7320187694991369 1.6574624689908404,0.13112281842114482,1.2939192012170153,560,2023-08-06,2026-08-05,3,,,1000,373,759,32785,3,True,-152.8146850551818,0.18531494461837372,,,0.373,32785,0.18531494461837372,0.04188215627858191,0.00035450071457599516,3,1,False,False,True,1.4680414110056843,0.30005017887076635,0.20370690951142958,0,0
e4a-v1,gpu_single,lightning_gpu,single,16,3,1,f9598a6bfdd0,42,N16_i01_Aheur_s42,Aheur,16.999999999977796,2,0.74306331081002575 1.4427238507351057 2.7320187694991369 1.6574624689908404,0.13112281842114482,1.2939192012170153,560,2023-08-06,2026-08-05,4,,,1000,370,761,16401,3,True,-152.86887718137902,0.13112281842114482,,,0.37,16401,0.13112281842114482,0.0,0.0,1,1,True,True,True,1.3851408274006345,0.2568156466299874,0.1846856590820826,1,1
e4a-v1,gpu_single,lightning_gpu,single,16,3,1,f9598a6bfdd0,42,N16_i01_Aheur_s42,Aheur,16.999999999977796,2,0.74306331081002575 1.4427238507351057 2.7320187694991369 1.6574624689908404,0.13112281842114482,1.2939192012170153,560,2023-08-06,2026-08-05,5,,,1000,361,757,16401,3,True,-152.86887718137902,0.13112281842114482,,,0.361,16401,0.13112281842114482,0.0,0.0,1,1,True,True,True,1.3851408274006345,0.2568156466299874,0.1846856590820826,1,1
e4a-v1,gpu_single,lightning_gpu,single,16,3,1,f9598a6bfdd0,42,N16_i01_Aheur_s42,Aheur,16.999999999977796,2,0.74306331081002575 1.4427238507351057 2.7320187694991369 1.6574624689908404,0.13112281842114482,1.2939192012170153,560,2023-08-06,2026-08-05,6,,,1000,381,750,16401,3,True,-152.86887718137902,0.13112281842114482,,,0.381,16401,0.13112281842114482,0.0,0.0,1,1,True,True,True,1.3851408274006345,0.2568156466299874,0.1846856590820826,1,1
e4a-v1,gpu_single,lightning_gpu,single,16,3,1,f9598a6bfdd0,42,N16_i01_Aheur_s42,Aheur,16.999999999977796,2,0.74306331081002575 1.4427238507351057 2.7320187694991369 1.6574624689908404,0.13112281842114482,1.2939192012170153,560,2023-08-06,2026-08-05,7,,,1000,359,761,32785,3,True,-152.8146850551818,0.18531494461837372,,,0.359,32785,0.18531494461837372,0.04188215627858191,0.00035450071457599516,3,1,False,False,True,1.4680414110056843,0.30005017887076635,0.20370690951142958,0,0
e4a-v1,gpu_single,lightning_gpu,single,16,3,1,f9598a6bfdd0,42,N16_i01_Aheur_s42,Aheur,16.999999999977796,2,0.74306331081002575 1.4427238507351057 2.7320187694991369 1.6574624689908404,0.13112281842114482,1.2939192012170153,560,2023-08-06,2026-08-05,8,,,1000,367,757,16401,3,True,-152.86887718137902,0.13112281842114482,,,0.367,16401,0.13112281842114482,0.0,0.0,1,1,True,True,True,1.3851408274006345,0.2568156466299874,0.1846856590820826,2,2
e4a-v1,gpu_single,lightning_gpu,single,16,3,1,f9598a6bfdd0,42,N16_i01_Aheur_s42,Aheur,16.999999999977796,2,0.74306331081002575 1.4427238507351057 2.7320187694991369 1.6574624689908404,0.13112281842114482,1.2939192012170153,560,2023-08-06,2026-08-05,9,,,1000,383,749,49153,3,True,-152.82455131864143,0.17544868115874124,,,0.383,49153,0.17544868115874124,0.03425705615613792,0.00028996002034478057,2,1,False,False,True,1.0888101742109118,0.18579278723010573,0.16971993062429797,0,0
e4a-v1,gpu_single,lightning_gpu,single,16,3,1,f9598a6bfdd0,43,N16_i01_Aheur_s43,Aheur,16.999999999977796,2,1.866648773795663 0.02149466056853867 -0.066173341255903725 2.9967322928884599,0.13112281842114482,1.2939192012170153,560,2023-08-06,2026-08-05,0,,,1000,3,986,32833,3,True,-152.6186188330631,0.381381166737075,,,0.003,32833,0.381381166737075,0.19341110950401377,0.001637078474901065,38,1,False,False,False,0.9641367009611778,0.1945157230276205,0.20071398883031696,0,0
e4a-v1,gpu_single,lightning_gpu,single,16,3,1,f9598a6bfdd0,43,N16_i01_Aheur_s43,Aheur,16.999999999977796,2,1.866648773795663 0.02149466056853867 -0.066173341255903725 2.9967322928884599,0.13112281842114482,1.2939192012170153,560,2023-08-06,2026-08-05,1,,,1000,0,974,8196,2,False,-135.64543187067363,0.3545681291487366,,,0.0,,,,,,,,,,,,,0,0
e4a-v1,gpu_single,lightning_gpu,single,16,3,1,f9598a6bfdd0,43,N16_i01_Aheur_s43,Aheur,16.999999999977796,2,1.866648773795663 0.02149466056853867 -0.066173341255903725 2.9967322928884599,0.13112281842114482,1.2939192012170153,560,2023-08-06,2026-08-05,2,,,1000,0,983,2050,2,False,-135.7290053785903,0.27099462123207896,,,0.0,,,,,,,,,,,,,0,0
e4a-v1,gpu_single,lightning_gpu,single,16,3,1,f9598a6bfdd0,43,N16_i01_Aheur_s43,Aheur,16.999999999977796,2,1.866648773795663 0.02149466056853867 -0.066173341255903725 2.9967322928884599,0.13112281842114482,1.2939192012170153,560,2023-08-06,2026-08-05,3,,,1000,0,980,260,2,False,-135.55047467242935,0.44952532739301415,,,0.0,,,,,,,,,,,,,0,0
e4a-v1,gpu_single,lightning_gpu,single,16,3,1,f9598a6bfdd0,43,N16_i01_Aheur_s43,Aheur,16.999999999977796,2,1.866648773795663 0.02149466056853867 -0.066173341255903725 2.9967322928884599,0.13112281842114482,1.2939192012170153,560,2023-08-06,2026-08-05,4,,,1000,0,985,8224,2,False,-135.70704536981586,0.29295463000651834,,,0.0,,,,,,,,,,,,,0,0
e4a-v1,gpu_single,lightning_gpu,single,16,3,1,f9598a6bfdd0,43,N16_i01_Aheur_s43,Aheur,16.999999999977796,2,1.866648773795663 0.02149466056853867 -0.066173341255903725 2.9967322928884599,0.13112281842114482,1.2939192012170153,560,2023-08-06,2026-08-05,5,,,1000,0,988,8320,2,False,-135.63751940647745,0.36248059334490945,,,0.0,,,,,,,,,,,,,0,0
e4a-v1,gpu_single,lightning_gpu,single,16,3,1,f9598a6bfdd0,43,N16_i01_Aheur_s43,Aheur,16.999999999977796,2,1.866648773795663 0.02149466056853867 -0.066173341255903725 2.9967322928884599,0.13112281842114482,1.2939192012170153,560,2023-08-06,2026-08-05,6,,,1000,0,984,3,2,False,-135.89013348959685,0.10986651022553451,,,0.0,,,,,,,,,,,,,0,0
e4a-v1,gpu_single,lightning_gpu,single,16,3,1,f9598a6bfdd0,43,N16_i01_Aheur_s43,Aheur,16.999999999977796,2,1.866648773795663 0.02149466056853867 -0.066173341255903725 2.9967322928884599,0.13112281842114482,1.2939192012170153,560,2023-08-06,2026-08-05,7,,,1000,0,983,4097,2,False,-135.63520581995084,0.36479417987153595,,,0.0,,,,,,,,,,,,,0,0
e4a-v1,gpu_single,lightning_gpu,single,16,3,1,f9598a6bfdd0,43,N16_i01_Aheur_s43,Aheur,16.999999999977796,2,1.866648773795663 0.02149466056853867 -0.066173341255903725 2.9967322928884599,0.13112281842114482,1.2939192012170153,560,2023-08-06,2026-08-05,8,,,1000,0,995,49169,4,False,-135.54538673153263,0.45461326828972826,,,0.0,,,,,,,,,,,,,0,0
e4a-v1,gpu_single,lightning_gpu,single,16,3,1,f9598a6bfdd0,43,N16_i01_Aheur_s43,Aheur,16.999999999977796,2,1.866648773795663 0.02149466056853867 -0.066173341255903725 2.9967322928884599,0.13112281842114482,1.2939192012170153,560,2023-08-06,2026-08-05,9,,,1000,0,982,8320,2,False,-135.63751940647745,0.36248059334490945,,,0.0,,,,,,,,,,,,,0,0
e4a-v1,gpu_single,lightning_gpu,single,20,4,0,88802fd9d289,42,N20_i00_Aheur_s42,Aheur,20.999999999965347,2,2.549594337107866 1.6837739916247021 2.8710969451053501 2.009847999970034,-0.15232144256321223,1.9296468975432697,4845,2023-08-06,2026-08-05,0,,,1000,48,968,294930,4,True,-336.14046489639065,-0.14046489694507946,,,0.048,294930,-0.14046489694507946,0.0061444120337393986,3.527134831992583e-05,3,1,False,True,True,1.4360383792399112,0.2978512086233044,0.2067153725936116,1,0
e4a-v1,gpu_single,lightning_gpu,single,20,4,0,88802fd9d289,42,N20_i00_Aheur_s42,Aheur,20.999999999965347,2,2.549594337107866 1.6837739916247021 2.8710969451053501 2.009847999970034,-0.15232144256321223,1.9296468975432697,4845,2023-08-06,2026-08-05,1,,,1000,46,972,32794,4,True,-336.0354748054856,-0.035474806040030615,,,0.046,32794,-0.035474806040030615,0.060553377238055796,0.0003476002665159026,34,1,False,False,False,1.3236053402798453,0.28238118790949474,0.21258692402223406,0,0
e4a-v1,gpu_single,lightning_gpu,single,20,4,0,88802fd9d289,42,N20_i00_Aheur_s42,Aheur,20.999999999965347,2,2.549594337107866 1.6837739916247021 2.8710969451053501 2.009847999970034,-0.15232144256321223,1.9296468975432697,4845,2023-08-06,2026-08-05,2,,,1000,39,964,262674,4,True,-335.9517289316613,0.048271067784235955,,,0.039,262674,0.048271067784235955,0.10395296186200313,0.0005967309982776762,101,1,False,False,False,1.1385458037418896,0.23028161193687788,0.20138110490006816,0,0
e4a-v1,gpu_single,lightning_gpu,single,20,4,0,88802fd9d289,42,N20_i00_Aheur_s42,Aheur,20.999999999965347,2,2.549594337107866 1.6837739916247021 2.8710969451053501 2.009847999970034,-0.15232144256321223,1.9296468975432697,4845,2023-08-06,2026-08-05,3,,,1000,42,965,917536,4,True,-335.80955630894516,0.19044369050041476,,,0.042,917536,0.19044369050041476,0.17763101295890896,0.0010196720688801164,394,1,False,False,False,1.1429746725614514,0.26408361078356657,0.23017448863848033,0,0
e4a-v1,gpu_single,lightning_gpu,single,20,4,0,88802fd9d289,42,N20_i00_Aheur_s42,Aheur,20.999999999965347,2,2.549594337107866 1.6837739916247021 2.8710969451053501 2.009847999970034,-0.15232144256321223,1.9296468975432697,4845,2023-08-06,2026-08-05,4,,,1000,43,964,131122,4,True,-336.0911555682004,-0.09115556875484487,,,0.043,131122,-0.09115556875484487,0.031697961884239394,0.0001819588023250328,13,1,False,False,True,1.498506609477795,0.3465959434532955,0.2306269063262457,0,0
e4a-v1,gpu_single,lightning_gpu,single,20,4,0,88802fd9d289,42,N20_i00_Aheur_s42,Aheur,20.999999999965347,2,2.549594337107866 1.6837739916247021 2.8710969451053501 2.009847999970034,-0.15232144256321223,1.9296468975432697,4845,2023-08-06,2026-08-05,5,,,1000,51,988,262292,4,True,-335.9394892627258,0.06051073671978602,,,0.051,262292,0.06051073671978602,0.11029591971151073,0.0006331420778830318,116,1,False,False,False,1.0345784085328038,0.19560726457324487,0.18810296345661112,0,0
e4a-v1,gpu_single,lightning_gpu,single,20,4,0,88802fd9d289,42,N20_i00_Aheur_s42,Aheur,20.999999999965347,2,2.549594337107866 1.6837739916247021 2.8710969451053501 2.009847999970034,-0.15232144256321223,1.9296468975432697,4845,2023-08-06,2026-08-05,6,,,1000,32,969,32806,4,True,-336.0744074900114,-0.0744074905658495,,,0.032,32806,-0.0744074905658495,0.04037731053104011,0.00023178168653761338,17,1,False,False,True,1.3321363460628044,0.2735604902748029,0.2046040490377498,0,0
e4a-v1,gpu_single,lightning_gpu,single,20,4,0,88802fd9d289,42,N20_i00_Aheur_s42,Aheur,20.999999999965347,2,2.549594337107866 1.6837739916247021 2.8710969451053501 2.009847999970034,-0.15232144256321223,1.9296468975432697,4845,2023-08-06,2026-08-05,7,,,1000,43,977,90,4,True,-336.0230943636978,-0.02309436425221678,,,0.043,90,-0.02309436425221678,0.06696928773628011,0.0003844301230961126,46,1,False,False,False,1.361227315531238,0.3029326447216769,0.22180912862731048,0,0
e4a-v1,gpu_single,lightning_gpu,single,20,4,0,88802fd9d289,42,N20_i00_Aheur_s42,Aheur,20.999999999965347,2,2.549594337107866 1.6837739916247021 2.8710969451053501 2.009847999970034,-0.15232144256321223,1.9296468975432697,4845,2023-08-06,2026-08-05,8,,,1000,56,977,135188,4,True,-335.8855617614718,0.1144382379737422,,,0.056,135188,0.1144382379737422,0.13824274320684243,0.0007935678664738134,212,1,False,False,False,1.1094986022200146,0.23512673102735324,0.21102030282767825,0,0
e4a-v1,gpu_single,lightning_gpu,single,20,4,0,88802fd9d289,42,N20_i00_Aheur_s42,Aheur,20.999999999965347,2,2.549594337107866 1.6837739916247021 2.8710969451053501 2.009847999970034,-0.15232144256321223,1.9296468975432697,4845,2023-08-06,2026-08-05,9,,,1000,49,971,262163,4,True,-336.0179887869331,-0.017988787487549285,,,0.049,262163,-0.017988787487549285,0.06961514837076596,0.0003996184066181953,49,1,False,False,False,1.431158879403228,0.3368893484616189,0.2346974562332868,0,0
e4a-v1,gpu_single,lightning_gpu,single,20,4,0,88802fd9d289,43,N20_i00_Aheur_s43,Aheur,20.999999999965347,2,1.9005516930172133 0.044325096520901372 -0.084808062314613838 2.9987411652124991,-0.15232144256321223,1.9296468975432697,4845,2023-08-06,2026-08-05,0,,,1000,2,999,74816,4,True,-335.0376715603112,0.9623284391343485,,,0.002,74816,0.9623284391343485,0.5776444815456535,0.0033159071367289497,4279,1,False,False,False,0.6916164544185223,0.19471137274859635,0.28008496835353563,0,0
e4a-v1,gpu_single,lightning_gpu,single,20,4,0,88802fd9d289,43,N20_i00_Aheur_s43,Aheur,20.999999999965347,2,1.9005516930172133 0.044325096520901372 -0.084808062314613838 2.9987411652124991,-0.15232144256321223,1.9296468975432697,4845,2023-08-06,2026-08-05,1,,,1000,8,998,327716,4,True,-335.7804800626355,0.21951993681005472,,,0.008,327716,0.21951993681005472,0.19269918234609495,0.0011061693037791949,492,1,False,False,False,0.6871444303482627,0.12133539237997656,0.17512387071083071,0,0
e4a-v1,gpu_single,lightning_gpu,single,20,4,0,88802fd9d289,43,N20_i00_Aheur_s43,Aheur,20.999999999965347,2,1.9005516930172133 0.044325096520901372 -0.084808062314613838 2.9987411652124991,-0.15232144256321223,1.9296468975432697,4845,2023-08-06,2026-08-05,2,,,1000,6,997,166,4,True,-335.96721150269514,0.03278849675043194,,,0.006,166,0.03278849675043194,0.09592943639031416,0.000550672797735173,87,1,False,False,False,1.0871445462194254,0.2072234311004766,0.18969274308335923,0,0
e4a-v1,gpu_single,lightning_gpu,single,20,4,0,88802fd9d289,43,N20_i00_Aheur_s43,Aheur,20.999999999965347,2,1.9005516930172133 0.044325096520901372 -0.084808062314613838 2.9987411652124991,-0.15232144256321223,1.9296468975432697,4845,2023-08-06,2026-08-05,3,,,1000,5,997,270360,4,True,-335.84849103347506,0.1515089659705049,,,0.005,270360,0.1515089659705049,0.15745388906153704,0.0009038474202122455,283,1,False,False,False,1.0211105386171984,0.21101682571239125,0.20567491742549132,0,0
e4a-v1,gpu_single,lightning_gpu,single,20,4,0,88802fd9d289,43,N20_i00_Aheur_s43,Aheur,20.999999999965347,2,1.9005516930172133 0.044325096520901372 -0.084808062314613838 2.9987411652124991,-0.15232144256321223,1.9296468975432697,4845,2023-08-06,2026-08-05,4,,,1000,9,998,4138,4,True,-335.9332785956189,0.06672140382663216,,,0.009,4138,0.06672140382663216,0.11351447079189401,0.0006516178304234395,128,1,False,False,False,1.1073428031462618,0.22318886940790097,0.20065048400242635,0,0
e4a-v1,gpu_single,lightning_gpu,single,20,4,0,88802fd9d289,43,N20_i00_Aheur_s43,Aheur,20.999999999965347,2,1.9005516930172133 0.044325096520901372 -0.084808062314613838 2.9987411652124991,-0.15232144256321223,1.9296468975432697,4845,2023-08-06,2026-08-05,5,,,1000,9,1000,264210,4,True,-335.8817744824305,0.11822551701505024,,,0.009,264210,0.11822551701505024,0.14020542303501712,0.0008048344227333733,222,1,False,False,False,0.9794372855341286,0.18991458867712277,0.1928807402651612,0,0
e4a-v1,gpu_single,lightning_gpu,single,20,4,0,88802fd9d289,43,N20_i00_Aheur_s43,Aheur,20.999999999965347,2,1.9005516930172133 0.044325096520901372 -0.084808062314613838 2.9987411652124991,-0.15232144256321223,1.9296468975432697,4845,2023-08-06,2026-08-05,6,,,1000,6,999,524330,4,True,-335.8929617680723,0.10703823137320645,,,0.006,524330,0.10703823137320645,0.13440784128258,0.000771554017011785,198,1,False,False,False,1.0847309895502255,0.22429880447503078,0.2058563889353062,0,0
e4a-v1,gpu_single,lightning_gpu,single,20,4,0,88802fd9d289,43,N20_i00_Aheur_s43,Aheur,20.999999999965347,2,1.9005516930172133 0.044325096520901372 -0.084808062314613838 2.9987411652124991,-0.15232144256321223,1.9296468975432697,4845,2023-08-06,2026-08-05,7,,,1000,6,999,8218,4,True,-335.926767301625,0.07323269782054764,,,0.006,8218,0.07323269782054764,0.11688881560192395,0.0006709879004142807,137,1,False,False,False,1.0967405929447716,0.22085487906933196,0.20046206047595722,0,0
e4a-v1,gpu_single,lightning_gpu,single,20,4,0,88802fd9d289,43,N20_i00_Aheur_s43,Aheur,20.999999999965347,2,1.9005516930172133 0.044325096520901372 -0.084808062314613838 2.9987411652124991,-0.15232144256321223,1.9296468975432697,4845,2023-08-06,2026-08-05,8,,,1000,5,1000,131352,4,True,-335.72338025630194,0.2766197431435977,,,0.005,131352,0.2766197431435977,0.22228998800397964,0.0012760321983402059,715,1,False,False,False,1.0203820532814216,0.23390089248540935,0.22824871501456642,0,0
e4a-v1,gpu_single,lightning_gpu,single,20,4,0,88802fd9d289,43,N20_i00_Aheur_s43,Aheur,20.999999999965347,2,1.9005516930172133 0.044325096520901372 -0.084808062314613838 2.9987411652124991,-0.15232144256321223,1.9296468975432697,4845,2023-08-06,2026-08-05,9,,,1000,3,998,2200,4,True,-335.51011518807064,0.4898848113749109,,,0.003,2200,0.4898848113749109,0.33281024355064553,0.0019104620523910712,1870,1,False,False,False,0.7468989650164756,0.17114871645450855,0.22780687137617778,0,0
e4a-v1,gpu_single,lightning_gpu,single,20,4,1,9f06c1dc6e9a,42,N20_i01_Aheur_s42,Aheur,20.99999999997685,2,2.5470571607990928 1.6819246629326174 2.8710914090557091 2.0099534611414791,-0.05194130964678845,1.6573123108875516,4845,2023-08-06,2026-08-05,0,,,1000,43,966,525315,4,True,-335.80795918088626,0.1920408187433263,,,0.043,525315,0.1920408187433263,0.1472155409618923,0.0007260250526735459,46,1,False,False,False,1.0383173623444752,0.18727407133164,0.17939993886940434,0,0
e4a-v1,gpu_single,lightning_gpu,single,20,4,1,9f06c1dc6e9a,42,N20_i01_Aheur_s42,Aheur,20.99999999997685,2,2.5470571607990928 1.6819246629326174 2.8710914090557091 2.0099534611414791,-0.05194130964678845,1.6573123108875516,4845,2023-08-06,2026-08-05,1,,,1000,51,975,589827,4,True,-335.8542852609434,0.14571473868618856,,,0.051,589827,0.14571473868618856,0.11926300615429866,0.000588171124865098,21,1,False,False,False,1.1594430266491615,0.2100739581010074,0.18032275264550068,0,0
e4a-v1,gpu_single,lightning_gpu,single,20,4,1,9f06c1dc6e9a,42,N20_i01_Aheur_s42,Aheur,20.99999999997685,2,2.5470571607990928 1.6819246629326174 2.8710914090557091 2.0099534611414791,-0.05194130964678845,1.6573123108875516,4845,2023-08-06,2026-08-05,2,,,1000,48,963,524577,4,True,-335.7931054020358,0.20689459759383477,,,0.048,524577,0.20689459759383477,0.15617811171752358,0.0007702258949380998,56,1,False,False,False,1.1481623201437778,0.22216278452294227,0.1926232734194302,0,0
e4a-v1,gpu_single,lightning_gpu,single,20,4,1,9f06c1dc6e9a,42,N20_i01_Aheur_s42,Aheur,20.99999999997685,2,2.5470571607990928 1.6819246629326174 2.8710914090557091 2.0099534611414791,-0.05194130964678845,1.6573123108875516,4845,2023-08-06,2026-08-05,3,,,1000,50,970,196611,4,True,-335.7329642472093,0.2670357524203283,,,0.05,196611,0.2670357524203283,0.19246647718213883,0.0009491897616313865,131,1,False,False,False,0.8591054873476512,0.15522188851540572,0.17951449593406832,0,0
e4a-v1,gpu_single,lightning_gpu,single,20,4,1,9f06c1dc6e9a,42,N20_i01_Aheur_s42,Aheur,20.99999999997685,2,2.5470571607990928 1.6819246629326174 2.8710914090557091 2.0099534611414791,-0.05194130964678845,1.6573123108875516,4845,2023-08-06,2026-08-05,4,,,1000,44,964,524805,4,True,-335.85512843566863,0.14487156396100354,,,0.044,524805,0.14487156396100354,0.11875424584421959,0.0005856620641469841,19,1,False,False,False,1.6991196280527499,0.39967381755255105,0.23463552004837063,0,0
e4a-v1,gpu_single,lightning_gpu,single,20,4,1,9f06c1dc6e9a,42,N20_i01_Aheur_s42,Aheur,20.99999999997685,2,2.5470571607990928 1.6819246629326174 2.8710914090557091 2.0099534611414791,-0.05194130964678845,1.6573123108875516,4845,2023-08-06,2026-08-05,5,,,1000,39,991,132101,4,True,-335.6690338346317,0.3309661649978884,,,0.039,132101,0.3309661649978884,0.23104122990531328,0.0011394294380590356,251,1,False,False,False,0.8849092529402715,0.1725375656797067,0.19384763478259726,0,0
e4a-v1,gpu_single,lightning_gpu,single,20,4,1,9f06c1dc6e9a,42,N20_i01_Aheur_s42,Aheur,20.99999999997685,2,2.5470571607990928 1.6819246629326174 2.8710914090557091 2.0099534611414791,-0.05194130964678845,1.6573123108875516,4845,2023-08-06,2026-08-05,6,,,1000,39,971,131109,4,True,-335.7200325756996,0.2799674239300126,,,0.039,131109,0.2799674239300126,0.20026927417141538,0.000987670930522427,151,1,False,False,False,0.9354650535941668,0.17730759521382375,0.18847053081932802,0,0
e4a-v1,gpu_single,lightning_gpu,single,20,4,1,9f06c1dc6e9a,42,N20_i01_Aheur_s42,Aheur,20.99999999997685,2,2.5470571607990928 1.6819246629326174 2.8710914090557091 2.0099534611414791,-0.05194130964678845,1.6573123108875516,4845,2023-08-06,2026-08-05,7,,,1000,39,976,527361,4,True,-335.73739044222856,0.26260955740106007,,,0.039,527361,0.26260955740106007,0.18979577052643443,0.0009360185982629396,124,1,False,False,False,1.3244889826448014,0.2920769115916682,0.21976544569697531,0,0
e4a-v1,gpu_single,lightning_gpu,single,20,4,1,9f06c1dc6e9a,42,N20_i01_Aheur_s42,Aheur,20.99999999997685,2,2.5470571607990928 1.6819246629326174 2.8710914090557091 2.0099534611414791,-0.05194130964678845,1.6573123108875516,4845,2023-08-06,2026-08-05,8,,,1000,57,979,655876,4,True,-335.78288785819984,0.21711214142976032,,,0.057,655876,0.21711214142976032,0.1623432405039342,0.0008006305514210157,67,1,False,False,False,1.6201646934336593,0.3898357641956104,0.23999767787282175,0,0
e4a-v1,gpu_single,lightning_gpu,single,20,4,1,9f06c1dc6e9a,42,N20_i01_Aheur_s42,Aheur,20.99999999997685,2,2.5470571607990928 1.6819246629326174 2.8710914090557091 2.0099534611414791,-0.05194130964678845,1.6573123108875516,4845,2023-08-06,2026-08-05,9,,,1000,50,970,525345,4,True,-335.73030777929546,0.2696922203341603,,,0.05,525345,0.2696922203341603,0.19406935425991145,0.0009570946941352198,137,1,False,False,False,1.0993519177453142,0.22160690735466432,0.20066996181451346,0,0
e4a-v1,gpu_single,lightning_gpu,single,20,4,1,9f06c1dc6e9a,43,N20_i01_Aheur_s43,Aheur,20.99999999997685,2,1.8982487231981187 0.044053902645595028 -0.084632481284101183 2.9987718758133686,-0.05194130964678845,1.6573123108875516,4845,2023-08-06,2026-08-05,0,,,1000,3,1000,606216,4,True,-335.5375754970351,0.46242450259451046,,,0.003,606216,0.46242450259451046,0.3103614260644918,0.0015306140182892623,684,1,False,False,False,0.8626854352666438,0.1858845308685059,0.2143127996722939,0,0
e4a-v1,gpu_single,lightning_gpu,single,20,4,1,9f06c1dc6e9a,43,N20_i01_Aheur_s43,Aheur,20.99999999997685,2,1.8982487231981187 0.044053902645595028 -0.084632481284101183 2.9987718758133686,-0.05194130964678845,1.6573123108875516,4845,2023-08-06,2026-08-05,1,,,1000,4,999,659472,4,True,-335.619883940595,0.38011605903461887,,,0.004,659472,0.38011605903461887,0.26069761616024245,0.0012856862751576099,376,1,False,False,False,1.0900045951506123,0.24022254978726895,0.2194693039383143,0,0
e4a-v1,gpu_single,lightning_gpu,single,20,4,1,9f06c1dc6e9a,43,N20_i01_Aheur_s43,Aheur,20.99999999997685,2,1.8982487231981187 0.044053902645595028 -0.084632481284101183 2.9987718758133686,-0.05194130964678845,1.6573123108875516,4845,2023-08-06,2026-08-05,2,,,1000,6,998,65561,4,True,-335.576269267892,0.42373073173760745,,,0.006,65561,0.42373073173760745,0.287014124169304,0.0014154717854958734,522,1,False,False,False,0.9893010336147506,0.21692050000340427,0.21825560943211053,0,0
e4a-v1,gpu_single,lightning_gpu,single,20,4,1,9f06c1dc6e9a,43,N20_i01_Aheur_s43,Aheur,20.99999999997685,2,1.8982487231981187 0.044053902645595028 -0.084632481284101183 2.9987718758133686,-0.05194130964678845,1.6573123108875516,4845,2023-08-06,2026-08-05,3,,,1000,1,998,524310,4,True,-335.58650619295025,0.41349380667936986,,,0.001,524310,0.41349380667936986,0.28083730101353116,0.00138500945571925,475,1,False,False,False,0.9180203406089463,0.19453097726759644,0.2108133869225843,0,0
e4a-v1,gpu_single,lightning_gpu,single,20,4,1,9f06c1dc6e9a,43,N20_i01_Aheur_s43,Aheur,20.99999999997685,2,1.8982487231981187 0.044053902645595028 -0.084632481284101183 2.9987718758133686,-0.05194130964678845,1.6573123108875516,4845,2023-08-06,2026-08-05,4,,,1000,4,998,3075,4,True,-335.5734148315369,0.4265851680926813,,,0.004,3075,0.4265851680926813,0.28873645274691845,0.0014239658187216683,537,1,False,False,False,0.9947680591084346,0.21901498769945882,0.21916162838486766,0,0
e4a-v1,gpu_single,lightning_gpu,single,20,4,1,9f06c1dc6e9a,43,N20_i01_Aheur_s43,Aheur,20.99999999997685,2,1.8982487231981187 0.044053902645595028 -0.084632481284101183 2.9987718758133686,-0.05194130964678845,1.6573123108875516,4845,2023-08-06,2026-08-05,5,,,1000,4,1000,197888,4,True,-335.45306973110735,0.5469302685222416,,,0.004,197888,0.5469302685222416,0.36135107078780604,0.0017820804005350905,1164,1,False,False,False,0.8279202797563723,0.1868554709979498,0.22448474272503688,0,0
e4a-v1,gpu_single,lightning_gpu,single,20,4,1,9f06c1dc6e9a,43,N20_i01_Aheur_s43,Aheur,20.99999999997685,2,1.8982487231981187 0.044053902645595028 -0.084632481284101183 2.9987718758133686,-0.05194130964678845,1.6573123108875516,4845,2023-08-06,2026-08-05,6,,,1000,5,998,525832,4,True,-335.46200339387667,0.5379966057529355,,,0.005,525832,0.5379966057529355,0.3559606186016868,0.0017554962280571693,1103,1,False,False,False,1.4939437362986272,0.416229562084104,0.2779419010202289,0,0
e4a-v1,gpu_single,lightning_gpu,single,20,4,1,9f06c1dc6e9a,43,N20_i01_Aheur_s43,Aheur,20.99999999997685,2,1.8982487231981187 0.044053902645595028 -0.084632481284101183 2.9987718758133686,-0.05194130964678845,1.6573123108875516,4845,2023-08-06,2026-08-05,7,,,1000,3,999,663584,4,True,-335.78617022785033,0.21382977177927848,,,0.003,663584,0.21382977177927848,0.1603627027206096,0.0007908631040505481,65,1,False,False,False,1.111851803887277,0.2130585818075788,0.19072558147243696,0,0
e4a-v1,gpu_single,lightning_gpu,single,20,4,1,9f06c1dc6e9a,43,N20_i01_Aheur_s43,Aheur,20.99999999997685,2,1.8982487231981187 0.044053902645595028 -0.084632481284101183 2.9987718758133686,-0.05194130964678845,1.6573123108875516,4845,2023-08-06,2026-08-05,8,,,1000,7,1000,659712,4,True,-335.55971685865006,0.440283140979538,,,0.007,659712,0.440283140979538,0.2970016257000602,0.001464727293967098,586,1,False,False,False,1.073611811967965,0.2455891772897104,0.2278190073573898,0,0
e4a-v1,gpu_single,lightning_gpu,single,20,4,1,9f06c1dc6e9a,43,N20_i01_Aheur_s43,Aheur,20.99999999997685,2,1.8982487231981187 0.044053902645595028 -0.084632481284101183 2.9987718758133686,-0.05194130964678845,1.6573123108875516,4845,2023-08-06,2026-08-05,9,,,1000,4,997,10243,4,True,-335.6404354522343,0.3595645473953023,,,0.004,10243,0.3595645473953023,0.24829710992837206,0.0012245305158447883,316,1,False,False,False,1.036843902099719,0.22030471550931402,0.21151179561860628,0,0
