spec_version,run_id,n_assets,n_select,instance,instance_digest,penalty_label,penalty,a_crit,a_over_crit,a_margin,a_heur,qaoa_seed,backend,precision,p_layers,steps,optimizer,stepsize,f_star,delta_F,feasible_set_size,data_start,data_end,status,error,shots,feasible_shots,distinct_shots,best_all_index,best_all_cardinality,best_all_feasible,best_all_E,best_all_f,energy_no_offset_solver,best_shot_scorer_agrees,feasible_shot_fraction,best_feasible_index,f_best_feasible,g_F,g_off,rank_best_feasible,rank_ties,is_optimal,within_tau_main,within_tau_alt,sharpe_best_feasible,return_best_feasible,volatility_best_feasible,shots_within_tau_main,shots_optimal,sharpe_optimum,deflation_D,abs_E_star,final_probs_sum,final_P_F,final_P_opt,final_P_tau_main,final_P_tau_alt,final_expected_f,final_expected_violation,final_Q_tau_main_10,final_Q_opt_10,final_Q_tau_main_100,final_Q_opt_100,final_Q_tau_main_1000,final_Q_opt_1000,final_Q_tau_main_10000,final_Q_opt_10000,initial_probs_sum,initial_P_F,initial_P_opt,initial_P_tau_main,initial_P_tau_alt,initial_expected_f,initial_expected_violation,initial_Q_tau_main_10,initial_Q_opt_10,initial_Q_tau_main_100,initial_Q_opt_100,initial_Q_tau_main_1000,initial_Q_opt_1000,initial_Q_tau_main_10000,initial_Q_opt_10000,hamiltonian_scale,final_expectation,expectation_at_final_angles,best_expectation,best_expectation_step,best_expectation_by_50,best_expectation_by_100,objective_evaluations,gradient_evaluations,initial_angles,final_angles,optimisation_seconds,sampling_seconds,state_seconds,runtime_s,evaluation_seconds
e1-v2,N12_i00_Aheur_s42,12,2,0,941157873a8b,Aheur,12.999999999979208,0.01071663840056869,1213.066963170965,0.19822334062316602,12.999999999979208,42,lightning_gpu,single,2,100,adam_0.03,0.03,-0.25261168083239516,0.6490147388383165,66,2023-08-06,2026-08-05,ok,,1000,195,624,1028,2,True,-52.252611680749226,-0.25261168083239516,-52.25261168074922,True,0.195,1028,-0.25261168083239516,0.0,0.0,1,1,True,True,True,1.3218756853432454,0.3043831643149789,0.229509603420991,7,7,1.3218756853432454,80.51067033435503,52.252611680749226,0.9999983410680215,0.18505781050771475,0.002631917130202055,0.002631917130202055,0.002631917130202055,1.5149485271529435,12.926720181363635,0.02600963455813643,0.02600963455813643,0.23167209038968228,0.23167209038968228,0.9283087599015231,0.9283087599015231,0.9999999999964135,0.9999999999964135,0.9999987254332154,0.11304889840539545,0.0016602466348558664,0.0016602466348558664,0.0016602466348558664,1.9290688999262837,17.57221278230645,0.01647897506642293,0.01647897506642293,0.15309151580657687,0.15309151580657687,0.8101700052141562,0.8101700052141562,0.9999999392357197,0.9999999392357197,52.55393699499583,-1.5170451402664185,-1.5170373916625977,-1.5170562267303467,98,-1.5152199268341064,-1.5170562267303467,100,100,2.4314546363447995 1.3787772821439981 2.6973649175810768 2.1908462769412909,2.2444765167683736 1.3932087264285973 2.7959546688310759 2.0889266871180787,20.766787332482636,0.036291434429585934,0.09106527268886566,20.803078766912222,0.0016208654269576073
e1-v2,N12_i00_Aheur_s43,12,2,0,941157873a8b,Aheur,12.999999999979208,0.01071663840056869,1213.066963170965,0.19822334062316602,12.999999999979208,43,lightning_gpu,single,2,100,adam_0.03,0.03,-0.25261168083239516,0.6490147388383165,66,2023-08-06,2026-08-05,ok,,1000,11,836,1088,2,True,-52.007801302424085,-0.007801302507254748,-52.007801302424085,True,0.011,1088,-0.007801302507254748,0.37720311061553247,0.004685131909211972,15,1,False,False,False,0.7603219566008433,0.18943012198074533,0.2478293837825705,0,0,1.3218756853432454,80.51067033435503,52.252611680749226,0.9999995448215486,0.010633918471285142,0.00016038602916523814,0.00016038602916523814,0.00016038602916523814,1.96773463825393,15.578040633870842,0.00160270322107392,0.00160270322107392,0.01591193525065171,0.01591193525065171,0.14819605691224536,0.14819605691224536,0.7989072277247968,0.7989072277247968,1.0000005665060598,0.2215427365154028,0.0033561328891664743,0.0033561328891664743,0.0033561328891664743,2.3450475490473313,21.8980077522574,0.03305897536534341,0.03305897536534341,0.2855038954130875,0.2855038954130875,0.9653264224404678,0.9653264224404678,0.9999999999999974,0.9999999999999974,52.55393699499583,-0.8525930047035217,-0.8525834083557129,-0.8525930047035217,99,-0.8521674871444702,-0.8525930047035217,100,100,2.0492585716432195 0.13752423515278736 0.062924802978478217 2.6364640840167701,1.874211997818956 -0.021041584997484458 0.12140510718682508 2.8084551941147282,21.257130274549127,0.03053323458880186,0.08564479649066925,21.28766350913793,0.00135736633092165
e1-v2,N12_i00_Aheur_s44,12,2,0,941157873a8b,Aheur,12.999999999979208,0.01071663840056869,1213.066963170965,0.19822334062316602,12.999999999979208,44,lightning_gpu,single,2,100,adam_0.03,0.03,-0.25261168083239516,0.6490147388383165,66,2023-08-06,2026-08-05,ok,,1000,480,237,1028,2,True,-52.252611680749226,-0.25261168083239516,-52.25261168074922,True,0.48,1028,-0.25261168083239516,0.0,0.0,1,1,True,True,True,1.3218756853432454,0.3043831643149789,0.229509603420991,13,13,1.3218756853432454,80.51067033435503,52.252611680749226,1.000000308444779,0.4919980834238231,0.007537717930972576,0.007537717930972576,0.007537717930972576,0.15730366571413285,0.659837502432076,0.07287112649612237,0.07287112649612237,0.5307534752942948,0.5307534752942948,0.9994823804764148,0.9994823804764148,1.0,1.0,1.0000004935645848,0.11896329908631742,0.001821970334276557,0.001821970334276557,0.001821970334276557,1.3455117267230983,11.752967032582092,0.01807104589850772,0.01807104589850772,0.1667013803687628,0.1667013803687628,0.8385616819804185,0.8385616819804185,0.9999999879755217,0.9999999879755217,52.55393699499583,-4.576326847076416,-4.577269554138184,-4.576326847076416,99,-4.323344707489014,-4.576326847076416,100,100,0.38505090477492371 0.8108861395016167 1.274766337564649 3.0447811714676671,0.21228340061976031 0.75827919697118218 0.50777958155087266 3.411262772112285,21.358739409595728,0.030559968203306198,0.08157438691705465,21.389299377799034,0.0013319309800863266
e1-v2,N12_i00_Aheur_s45,12,2,0,941157873a8b,Aheur,12.999999999979208,0.01071663840056869,1213.066963170965,0.19822334062316602,12.999999999979208,45,lightning_gpu,single,2,100,adam_0.03,0.03,-0.25261168083239516,0.6490147388383165,66,2023-08-06,2026-08-05,ok,,1000,116,569,1028,2,True,-52.252611680749226,-0.25261168083239516,-52.25261168074922,True,0.116,1028,-0.25261168083239516,0.0,0.0,1,1,True,True,True,1.3218756853432454,0.3043831643149789,0.229509603420991,1,1,1.3218756853432454,80.51067033435503,52.252611680749226,0.9999994774880179,0.11886042763944715,0.002027696231380105,0.002027696231380105,0.002027696231380105,1.227043994811559,10.479779534616682,0.020092939369521168,0.020092939369521168,0.18370174241996962,0.18370174241996962,0.8686322701996314,0.8686322701996314,0.9999999984693111,0.9999999984693111,1.000000907136382,0.06755057454574853,0.001034809509292245,0.001034809509292245,0.001034809509292245,2.5986586865560186,24.629574968536872,0.010300040442692726,0.010300040442692726,0.09835511108045769,0.09835511108045769,0.6448962555483828,0.6448962555483828,0.9999681174890016,0.9999681174890016,52.55393699499583,-2.1279044151306152,-2.1278061866760254,-2.1285083293914795,95,-2.0723166465759277,-2.1285083293914795,100,100,1.8005430614133757 1.660303899153966 2.3990779832738145 2.5500080338093531,1.6003673029493848 2.479468282772356 2.6645623507884091 2.4649338749655247,21.188137876801193,0.030753307044506073,0.08555053826421499,21.2188911838457,0.0013464326038956642
e1-v2,N12_i00_Aheur_s46,12,2,0,941157873a8b,Aheur,12.999999999979208,0.01071663840056869,1213.066963170965,0.19822334062316602,12.999999999979208,46,lightning_gpu,single,2,100,adam_0.03,0.03,-0.25261168083239516,0.6490147388383165,66,2023-08-06,2026-08-05,ok,,1000,296,248,1028,2,True,-52.252611680749226,-0.25261168083239516,-52.25261168074922,True,0.296,1028,-0.25261168083239516,0.0,0.0,1,1,True,True,True,1.3218756853432454,0.3043831643149789,0.229509603420991,5,5,1.3218756853432454,80.51067033435503,52.252611680749226,1.0000002554527043,0.29260509135201573,0.005026073195040226,0.005026073195040226,0.005026073195040226,0.15653717028504616,1.41529940367937,0.049139071101357956,0.049139071101357956,0.3958148802178544,0.3958148802178544,0.9935181309917213,0.9935181309917213,1.0,1.0,1.0000004891253411,0.011615844035986811,0.0001726314949337393,0.0001726314949337393,0.0001726314949337393,2.9484879453256134,28.414050952081197,0.0017249744930279975,0.0017249744930279975,0.0171164598368011,0.0171164598368011,0.15856490417089064,0.15856490417089064,0.8220875982198488,0.8220875982198488,52.55393699499583,-4.400198459625244,-4.390412330627441,-4.478049278259277,93,-0.557553231716156,-4.478049278259277,100,100,2.8450397427097829 0.24261512621431053 0.85630314278475539 1.9536009066557216,1.8069677993651425 -1.7929952707712233 1.5589463512520862 2.1401465390022416,21.238533701747656,0.0305414367467165,0.08111999277025461,21.269075138494372,0.0012913281098008156
e1-v2,N12_i00_Amargin_s42,12,2,0,941157873a8b,Amargin,0.19822334062316602,0.01071663840056869,18.49678352613326,0.19822334062316602,12.999999999979208,42,lightning_gpu,single,2,100,adam_0.03,0.03,-0.25261168083239516,0.6490147388383165,66,2023-08-06,2026-08-05,ok,,1000,441,278,1028,2,True,-1.0455050433250592,-0.25261168083239516,-1.0455050433250592,True,0.441,1028,-0.25261168083239516,0.0,0.0,1,1,True,True,True,1.3218756853432454,0.3043831643149789,0.229509603420991,5,5,1.3218756853432454,1.6109110945560774,1.0455050433250592,0.9999988783569302,0.45975621277466416,0.009570097550749779,0.009570097550749779,0.009570097550749779,0.22300742546130548,1.4696127466109508,0.09168300886248149,0.09168300886248149,0.6177263330448606,0.6177263330448606,0.9999333586440083,0.9999333586440083,1.0,1.0,0.999998708334541,0.19428754411637783,0.0001988208678085357,0.0001988208678085357,0.0001988208678085357,1.6294665068892236,12.765428231552175,0.0019864307826912286,0.0019864307826912286,0.019687679331102492,0.019687679331102492,0.1803194889344415,0.1803194889344415,0.8630865566206324,0.8630865566206324,1.3468303575716642,-4.104609489440918,-4.114096164703369,-4.104609489440918,99,-3.604893684387207,-4.104609489440918,100,100,2.4314546363447995 1.3787772821439981 2.6973649175810768 2.1908462769412909,0.8072831107823496 0.70379874264412301 2.1248599326599811 1.6782387355347326,21.341124800033867,0.030835816636681557,0.08510242588818073,21.37196061667055,0.001244126819074154
e1-v2,N12_i00_Amargin_s43,12,2,0,941157873a8b,Amargin,0.19822334062316602,0.01071663840056869,18.49678352613326,0.19822334062316602,12.999999999979208,43,lightning_gpu,single,2,100,adam_0.03,0.03,-0.25261168083239516,0.6490147388383165,66,2023-08-06,2026-08-05,ok,,1000,16,805,6,2,True,-0.991987232462618,-0.19909386996995387,-0.991987232462618,True,0.016,6,-0.19909386996995387,0.08246008551089888,0.051188476998864176,2,1,False,False,False,1.1763543666609393,0.2522455012773938,0.21357977527685781,0,0,1.3218756853432454,1.6109110945560774,1.0455050433250592,0.9999988911237381,0.013075824739644304,0.000235869170865044,0.000235869170865044,0.000235869170865044,1.8382391159238007,15.08446258306708,0.0023561897407302634,0.0023561897407302634,0.0233136372822611,0.0233136372822611,0.2101379684438397,0.2101379684438397,0.905482466662391,0.905482466662391,0.9999993937294747,0.10368476493749768,0.003290303749963641,0.003290303749963641,0.003290303749963641,1.9491955232879932,17.083975530642824,0.03242011307751258,0.03242011307751258,0.2807691272599747,0.2807691272599747,0.9629589566884877,0.9629589566884877,0.9999999999999951,0.9999999999999951,1.3468303575716642,-0.9110143184661865,-0.9110159277915955,-0.9110143184661865,99,-0.9105722308158875,-0.9110143184661865,100,100,2.0492585716432195 0.13752423515278736 0.062924802978478217 2.6364640840167701,2.2024446764235739 -0.040651452815484317 0.15119317545974748 2.7227390497451891,21.16670116689056,0.031493719667196274,0.08579810615628958,21.198194886557758,0.0014886204153299332
e1-v2,N12_i00_Amargin_s44,12,2,0,941157873a8b,Amargin,0.19822334062316602,0.01071663840056869,18.49678352613326,0.19822334062316602,12.999999999979208,44,lightning_gpu,single,2,100,adam_0.03,0.03,-0.25261168083239516,0.6490147388383165,66,2023-08-06,2026-08-05,ok,,1000,414,153,1028,2,True,-1.0455050433250592,-0.25261168083239516,-1.0455050433250592,True,0.414,1028,-0.25261168083239516,0.0,0.0,1,1,True,True,True,1.3218756853432454,0.3043831643149789,0.229509603420991,14,14,1.3218756853432454,1.6109110945560774,1.0455050433250592,0.9999996226089998,0.4394173996988684,0.013399070128798485,0.013399070128798485,0.013399070128798485,0.051876753377582324,0.8170140674177713,0.12619363378241122,0.12619363378241122,0.7404912266360009,0.7404912266360009,0.9999986147745922,0.9999986147745922,1.0,1.0,1.000001264430466,0.12332593882456422,0.002728606341406703,0.002728606341406703,0.002728606341406703,1.4383779077460996,12.447065051215759,0.026953451478511026,0.026953451478511026,0.23908496563463255,0.23908496563463255,0.9349328700351905,0.9349328700351905,0.9999999999986398,0.9999999999986398,1.3468303575716642,-4.336689472198486,-4.337208271026611,-4.336689472198486,99,-4.281027793884277,-4.336689472198486,100,100,0.38505090477492371 0.8108861395016167 1.274766337564649 3.0447811714676671,0.2970874289197315 0.97627174817440399 0.5190357281883603 3.416665433580599,21.241658717393875,0.03233420755714178,0.08567559439688921,21.273992924951017,0.0013041384518146515
e1-v2,N12_i00_Amargin_s45,12,2,0,941157873a8b,Amargin,0.19822334062316602,0.01071663840056869,18.49678352613326,0.19822334062316602,12.999999999979208,45,lightning_gpu,single,2,100,adam_0.03,0.03,-0.25261168083239516,0.6490147388383165,66,2023-08-06,2026-08-05,ok,,1000,59,554,1028,2,True,-1.0455050433250592,-0.25261168083239516,-1.0455050433250592,True,0.059,1028,-0.25261168083239516,0.0,0.0,1,1,True,True,True,1.3218756853432454,0.3043831643149789,0.229509603420991,3,3,1.3218756853432454,1.6109110945560774,1.0455050433250592,1.000000015123824,0.08015973197143467,0.0015290402807295322,0.0015290402807295322,0.0015290402807295322,1.8615333484238281,15.390431045031697,0.015185622254387354,0.015185622254387354,0.14188833783641353,0.14188833783641353,0.7835098990764032,0.7835098990764032,0.9999997738584164,0.9999997738584164,1.000000941915399,0.13479332547285594,0.004262568429112434,0.004262568429112434,0.004262568429112434,3.1121062671157205,28.969783817941774,0.041817282127665556,0.041817282127665556,0.34764599196631585,0.34764599196631585,0.9860416735824582,0.9860416735824582,1.0,1.0,1.3468303575716642,-0.8485166430473328,-0.8486939072608948,-0.8485166430473328,99,-0.7031022906303406,-0.8485166430473328,100,100,1.8005430614133757 1.660303899153966 2.3990779832738145 2.5500080338093531,1.8543075941966694 2.6571131548127909 2.5953973890082405 2.4322773445671722,21.291038680821657,0.030250955373048782,0.08317535370588303,21.321289636194706,0.001282721757888794
e1-v2,N12_i00_Amargin_s46,12,2,0,941157873a8b,Amargin,0.19822334062316602,0.01071663840056869,18.49678352613326,0.19822334062316602,12.999999999979208,46,lightning_gpu,single,2,100,adam_0.03,0.03,-0.25261168083239516,0.6490147388383165,66,2023-08-06,2026-08-05,ok,,1000,363,386,1028,2,True,-1.0455050433250592,-0.25261168083239516,-1.0455050433250592,True,0.363,1028,-0.25261168083239516,0.0,0.0,1,1,True,True,True,1.3218756853432454,0.3043831643149789,0.229509603420991,6,6,1.3218756853432454,1.6109110945560774,1.0455050433250592,1.000000454811925,0.3608118137344718,0.00380895659327507,0.00380895659327507,0.00380895659327507,0.43532789960553997,2.347003081028106,0.03744328647695527,0.03744328647695527,0.3172475390398479,0.3172475390398479,0.9779893563760063,0.9779893563760063,1.0,1.0,0.9999999284692507,0.11947683713515289,0.0054632145911455154,0.0054632145911455154,0.0054632145911455154,2.745484234859372,22.068894265423125,0.05330842502388278,0.05330842502388278,0.42179063485726376,0.42179063485726376,0.9958231275268664,0.9958231275268664,1.0,1.0,1.3468303575716642,-3.8254072666168213,-3.82732892036438,-3.835122585296631,88,-0.9143907427787781,-3.835122585296631,100,100,2.8450397427097829 0.24261512621431053 0.85630314278475539 1.9536009066557216,1.1383700982048257 0.69460193940733306 0.77113567951472473 2.7409392829523904,21.25340726133436,0.032185353338718414,0.08571330457925797,21.285592614673078,0.0012985551729798317
e1-v2,N12_i01_Aheur_s42,12,2,1,3798cace2ea7,Aheur,12.999999999983347,0.17571589589173636,73.98306188526632,0.3539176455668778,12.999999999983347,42,lightning_gpu,single,2,100,adam_0.03,0.03,0.15347271196197812,0.6821104373880992,66,2023-08-06,2026-08-05,ok,,1000,198,614,17,2,True,-51.846527287971405,0.15347271196197812,-51.84652728797141,True,0.198,17,0.15347271196197812,0.0,0.0,1,1,True,True,True,0.8071062374637792,0.172876351205122,0.21295381354655352,2,2,0.8071062374637792,76.00899274683343,51.846527287971405,0.9999987847227203,0.17968589789234102,0.0025163996033370495,0.0025163996033370495,0.0025163996033370495,2.9627557305090004,12.873030053640832,0.024880947766571127,0.024880947766571127,0.22272192195338847,0.22272192195338847,0.9195058733724776,0.9195058733724776,0.9999999999885807,0.9999999999885807,0.9999980769207468,0.11475107236765325,0.001693314639851451,0.001693314639851451,0.001693314639851451,3.656944717588556,17.53705701293802,0.016804698156243525,0.016804698156243525,0.15589213612869735,0.15589213612869735,0.8163548502885108,0.8163548502885108,0.9999999563690544,0.9999999563690544,52.83619466974709,-1.5349525213241577,-1.5349446535110474,-1.5349699258804321,97,-1.5323295593261719,-1.5349699258804321,100,100,2.4314546363447995 1.3787772821439981 2.6973649175810768 2.1908462769412909,2.2437411393866267 1.3899354694808264 2.7931523463725987 2.0946294688460139,21.359297070652246,0.0303045641630888,0.08134223334491253,21.389601634815335,0.0012403326109051704
e1-v2,N12_i01_Aheur_s43,12,2,1,3798cace2ea7,Aheur,12.999999999983347,0.17571589589173636,73.98306188526632,0.3539176455668778,12.999999999983347,43,lightning_gpu,single,2,100,adam_0.03,0.03,0.15347271196197812,0.6821104373880992,66,2023-08-06,2026-08-05,ok,,1000,8,845,17,2,True,-51.846527287971405,0.15347271196197812,-51.84652728797141,True,0.008,17,0.15347271196197812,0.0,0.0,1,1,True,True,True,0.8071062374637792,0.172876351205122,0.21295381354655352,1,1,0.8071062374637792,76.00899274683343,51.846527287971405,0.9999999053634383,0.010710811722674407,0.00016174104530364275,0.00016174104530364275,0.00016174104530364275,3.8645968538783215,15.548174544102949,0.0016162337531753224,0.0016162337531753224,0.016045293215378176,0.016045293215378176,0.14934966904866864,0.14934966904866864,0.8016141223710812,0.8016141223710812,0.9999994358452113,0.22293777321465313,0.003375985426828265,0.003375985426828265,0.003375985426828265,4.36362425692342,21.829161711011693,0.03325156685298991,0.03325156685298991,0.28692572564489005,0.28692572564489005,0.9660102722111797,0.9660102722111797,0.9999999999999979,0.9999999999999979,52.83619466974709,-0.8596909046173096,-0.8596808910369873,-0.8596910834312439,98,-0.8593440651893616,-0.8596910834312439,100,100,2.0492585716432195 0.13752423515278736 0.062924802978478217 2.6364640840167701,1.8763169855327539 -0.021162289139043937 0.12078170477800763 2.808083937489056,21.28958238940686,0.03212843742221594,0.08131157699972391,21.321710826829076,0.001294395886361599
e1-v2,N12_i01_Aheur_s44,12,2,1,3798cace2ea7,Aheur,12.999999999983347,0.17571589589173636,73.98306188526632,0.3539176455668778,12.999999999983347,44,lightning_gpu,single,2,100,adam_0.03,0.03,0.15347271196197812,0.6821104373880992,66,2023-08-06,2026-08-05,ok,,1000,481,227,17,2,True,-51.846527287971405,0.15347271196197812,-51.84652728797141,True,0.481,17,0.15347271196197812,0.0,0.0,1,1,True,True,True,0.8071062374637792,0.172876351205122,0.21295381354655352,5,5,0.8071062374637792,76.00899274683343,51.846527287971405,1.0000002952564806,0.4926080605946481,0.007556287571787834,0.007556287571787834,0.007556287571787834,0.5491101251209509,0.6589152455291512,0.07304458397619318,0.07304458397619318,0.5316306546115752,0.5316306546115752,0.9994919755327705,0.9994919755327705,1.0,1.0,1.0000000789077603,0.11910597118549049,0.0018288360442966223,0.0018288360442966223,0.0018288360442966223,2.655610369609354,11.748848209390417,0.018138583257523933,0.018138583257523933,0.1672743482202551,0.1672743482202551,0.8396682874881596,0.8396682874881596,0.9999999887747941,0.9999999887747941,52.83619466974709,-4.584895610809326,-4.5858306884765625,-4.584895610809326,99,-4.342067718505859,-4.584895610809326,100,100,0.38505090477492371 0.8108861395016167 1.274766337564649 3.0447811714676671,0.21369000568360436 0.760842838831845 0.50675061816443934 3.4109989002706795,21.447709509171546,0.030478726141154766,0.08645792491734028,21.4781882353127,0.001214766874909401
e1-v2,N12_i01_Aheur_s45,12,2,1,3798cace2ea7,Aheur,12.999999999983347,0.17571589589173636,73.98306188526632,0.3539176455668778,12.999999999983347,45,lightning_gpu,single,2,100,adam_0.03,0.03,0.15347271196197812,0.6821104373880992,66,2023-08-06,2026-08-05,ok,,1000,98,583,9,2,True,-51.80449996392249,0.1955000360109007,-51.804499963922495,True,0.098,9,0.1955000360109007,0.0616136650977683,0.0008106102037555965,2,1,False,False,False,1.2926724802368494,0.37087155768981794,0.28612936636668274,0,0,0.8071062374637792,76.00899274683343,51.846527287971405,0.9999997743634594,0.11010155139956623,0.0019188148435205221,0.0019188148435205221,0.0019188148435205221,2.4652796135513366,10.560140378853248,0.019023310101522584,0.019023310101522584,0.17474744539819376,0.17474744539819376,0.853489492133547,0.853489492133547,0.9999999954429086,0.9999999954429086,1.0000003811219358,0.06965742155443877,0.0010688207112252712,0.0010688207112252712,0.0010688207112252712,4.819971144289112,24.690745325238822,0.0106369463611099,0.0106369463611099,0.10141972261098209,0.10141972261098209,0.6567829754982906,0.6567829754982906,0.9999773176410431,0.9999773176410431,52.83619466974709,-2.113243341445923,-2.113435745239258,-2.114063024520874,93,-2.070258140563965,-2.114063024520874,100,100,1.8005430614133757 1.660303899153966 2.3990779832738145 2.5500080338093531,1.5998141442871527 2.4814269878252366 2.6633075488830911 2.4681905490301492,21.23115549888462,0.031811924651265144,0.08168305642902851,21.262967423535883,0.0012281350791454315
e1-v2,N12_i01_Aheur_s46,12,2,1,3798cace2ea7,Aheur,12.999999999983347,0.17571589589173636,73.98306188526632,0.3539176455668778,12.999999999983347,46,lightning_gpu,single,2,100,adam_0.03,0.03,0.15347271196197812,0.6821104373880992,66,2023-08-06,2026-08-05,ok,,1000,277,262,17,2,True,-51.846527287971405,0.15347271196197812,-51.84652728797141,True,0.277,17,0.15347271196197812,0.0,0.0,1,1,True,True,True,0.8071062374637792,0.172876351205122,0.21295381354655352,3,3,0.8071062374637792,76.00899274683343,51.846527287971405,0.9999998306734597,0.28853757539764047,0.005063471384346485,0.005063471384346485,0.005063471384346485,0.5057075624585106,1.4261395704071163,0.0494964117501796,0.0494964117501796,0.39808161708998846,0.39808161708998846,0.993757248162798,0.993757248162798,1.0,1.0,1.0000001385060386,0.011511284072184935,0.00017094997747335583,0.00017094997747335583,0.00017094997747335583,5.384896055196883,28.421791855877927,0.001708185298787246,0.001708185298787246,0.01695114395494568,0.01695114395494568,0.1571485826036052,0.1571485826036052,0.8190701534306194,0.8190701534306194,52.83619466974709,-4.405004024505615,-4.397879600524902,-4.485937595367432,92,-0.5759415626525879,-4.485937595367432,100,100,2.8450397427097829 0.24261512621431053 0.85630314278475539 1.9536009066557216,1.8063667993304064 -1.7970681556221921 1.558869357461943 2.1417177121327704,21.09186791907996,0.03070612158626318,0.08491461724042892,21.122574040666223,0.0013365726917982101
e1-v2,N12_i01_Amargin_s42,12,2,1,3798cace2ea7,Amargin,0.3539176455668778,0.17571589589173636,2.0141470057150475,0.3539176455668778,12.999999999983347,42,lightning_gpu,single,2,100,adam_0.03,0.03,0.15347271196197812,0.6821104373880992,66,2023-08-06,2026-08-05,ok,,1000,185,460,17,2,True,-1.2621978703055332,0.15347271196197812,-1.2621978703055334,True,0.185,17,0.15347271196197812,0.0,0.0,1,1,True,True,True,0.8071062374637792,0.172876351205122,0.21295381354655352,1,1,0.8071062374637792,1.8504303718598323,1.2621978703055332,1.0000006105928456,0.19154430535127176,0.0008946493035182357,0.0008946493035182357,0.0008946493035182357,2.627153057197697,12.015359840530735,0.008910560947854917,0.008910560947854917,0.08561628312838443,0.08561628312838443,0.5914127254280644,0.5914127254280644,0.9998703273565437,0.9998703273565437,0.9999981885582763,0.20211332801409299,0.0012702832464128733,0.0012702832464128733,0.0012702832464128733,3.0053976067862775,12.920731101675551,0.012630465009956793,0.012630465009956793,0.11936238731547477,0.11936238731547477,0.7194745255329702,0.7194745255329702,0.9999969819734511,0.9999969819734511,2.2518652520812137,-1.8909083604812622,-1.8909099102020264,-1.8909105062484741,98,-1.8903741836547852,-1.8909105062484741,100,100,2.4314546363447995 1.3787772821439981 2.6973649175810768 2.1908462769412909,2.3394450948470906 1.4262390634027744 2.730362634505028 2.3452709323971312,20.18761381227523,0.028390749357640743,0.0756921460852027,20.21600456163287,0.001269979402422905
e1-v2,N12_i01_Amargin_s43,12,2,1,3798cace2ea7,Amargin,0.3539176455668778,0.17571589589173636,2.0141470057150475,0.3539176455668778,12.999999999983347,43,lightning_gpu,single,2,100,adam_0.03,0.03,0.15347271196197812,0.6821104373880992,66,2023-08-06,2026-08-05,ok,,1000,16,821,1040,2,True,-1.1488351620752064,0.2668354201923049,-1.1488351620752066,True,0.016,1040,0.2668354201923049,0.1661940677295735,0.08981373752665713,6,1,False,False,False,1.0537754708630322,0.2953138156004542,0.27929461610964806,0,0,0.8071062374637792,1.8504303718598323,1.2621978703055332,0.9999999110941644,0.02079460845561698,0.0003680928493849933,0.0003680928493849933,0.0003680928493849933,3.5649914659491637,14.251004947911497,0.0036748373192885264,0.0036748373192885264,0.03614659093379202,0.03614659093379202,0.30799397183897526,0.30799397183897526,0.9748175038207673,0.9748175038207673,1.000000343627562,0.19667955837212503,0.004416975658386946,0.004416975658386946,0.004416975658386946,3.676286573808942,16.667502849089942,0.04330208259632895,0.04330208259632895,0.3576846725008298,0.3576846725008298,0.9880468365937636,0.9880468365937636,1.0,1.0,2.2518652520812137,-1.1230685710906982,-1.1230663061141968,-1.1230685710906982,99,-1.1226730346679688,-1.1230685710906982,100,100,2.0492585716432195 0.13752423515278736 0.062924802978478217 2.6364640840167701,2.1191847524142609 -0.032387564110583002 0.12477158155189262 2.7410866070479427,19.998060442507267,0.02790543157607317,0.07491679582744837,20.02596587408334,0.0011524464935064316
e1-v2,N12_i01_Amargin_s44,12,2,1,3798cace2ea7,Amargin,0.3539176455668778,0.17571589589173636,2.0141470057150475,0.3539176455668778,12.999999999983347,44,lightning_gpu,single,2,100,adam_0.03,0.03,0.15347271196197812,0.6821104373880992,66,2023-08-06,2026-08-05,ok,,1000,424,116,17,2,True,-1.2621978703055332,0.15347271196197812,-1.2621978703055334,True,0.424,17,0.15347271196197812,0.0,0.0,1,1,True,True,True,0.8071062374637792,0.172876351205122,0.21295381354655352,14,14,0.8071062374637792,1.8504303718598323,1.2621978703055332,1.0000005346802214,0.39746167324483395,0.010117331519722939,0.010117331519722939,0.010117331519722939,0.3120591448242012,0.9349606220824747,0.09668919720010472,0.09668919720010472,0.6382804012430823,0.6382804012430823,0.9999616539703079,0.9999616539703079,1.0,1.0,1.0000001517910277,0.12422660435549915,0.0025230329483747482,0.0025230329483747482,0.0025230329483747482,2.7763145446212296,12.047801711290958,0.024945792016250468,0.024945792016250468,0.223238647924344,0.223238647924344,0.920039391536047,0.920039391536047,0.9999999999893153,0.9999999999893153,2.2518652520812137,-4.659854888916016,-4.660447120666504,-4.659854888916016,99,-4.57871675491333,-4.659854888916016,100,100,0.38505090477492371 0.8108861395016167 1.274766337564649 3.0447811714676671,0.29046771875484406 0.96419124342210216 0.51577605446642127 3.4227087808381196,19.986731161363423,0.02782902680337429,0.07502885162830353,20.014560188166797,0.001086144708096981
e1-v2,N12_i01_Amargin_s45,12,2,1,3798cace2ea7,Amargin,0.3539176455668778,0.17571589589173636,2.0141470057150475,0.3539176455668778,12.999999999983347,45,lightning_gpu,single,2,100,adam_0.03,0.03,0.15347271196197812,0.6821104373880992,66,2023-08-06,2026-08-05,ok,,1000,92,544,17,2,True,-1.2621978703055332,0.15347271196197812,-1.2621978703055334,True,0.092,17,0.15347271196197812,0.0,0.0,1,1,True,True,True,0.8071062374637792,0.172876351205122,0.21295381354655352,3,3,0.8071062374637792,1.8504303718598323,1.2621978703055332,0.9999994609999323,0.09015475917840376,0.0009050215594470501,0.0009050215594470501,0.0009050215594470501,2.598885526978792,10.768907320289664,0.009013446525175661,0.009013446525175661,0.0865650669339707,0.0865650669339707,0.5956325718467972,0.5956325718467972,0.9998831142255932,0.9998831142255932,1.0000008261713005,0.14922964057768695,0.004855194594711065,0.004855194594711065,0.004855194594711065,5.4866667213627025,30.156456771090014,0.047504782906581666,0.047504782906581666,0.38534978813774534,0.38534978813774534,0.9923037289128099,0.9923037289128099,1.0,1.0,2.2518652520812137,-2.098543882369995,-2.099355459213257,-2.1011643409729004,85,-1.4666166305541992,-2.1011643409729004,100,100,1.8005430614133757 1.660303899153966 2.3990779832738145 2.5500080338093531,2.1604069387382689 3.215852033419516 2.6756897541695492 2.5733836218284241,19.839581013657153,0.027903561480343342,0.07652496825903654,19.867484575137496,0.001133795827627182
e1-v2,N12_i01_Amargin_s46,12,2,1,3798cace2ea7,Amargin,0.3539176455668778,0.17571589589173636,2.0141470057150475,0.3539176455668778,12.999999999983347,46,lightning_gpu,single,2,100,adam_0.03,0.03,0.15347271196197812,0.6821104373880992,66,2023-08-06,2026-08-05,ok,,1000,494,321,17,2,True,-1.2621978703055332,0.15347271196197812,-1.2621978703055334,True,0.494,17,0.15347271196197812,0.0,0.0,1,1,True,True,True,0.8071062374637792,0.172876351205122,0.21295381354655352,2,2,0.8071062374637792,1.8504303718598323,1.2621978703055332,1.0000004974610783,0.5068368180654943,0.005578908603638411,0.005578908603638411,0.005578908603638411,0.9254607970102,2.073144873650416,0.054409130709285436,0.054409130709285436,0.4284783328677513,0.4284783328677513,0.9962818492229453,0.9962818492229453,1.0,1.0,1.0000004445129989,0.07429760263767093,0.0026411900762468576,0.0026411900762468576,0.0026411900762468576,5.134732647384349,25.2662369236917,0.02610018670630765,0.02610018670630765,0.23238610815714755,0.23238610815714755,0.9289722172749122,0.9289722172749122,0.999999999996732,0.999999999996732,2.2518652520812137,-4.204268932342529,-4.209165573120117,-4.2223029136657715,86,-1.2976229190826416,-4.2223029136657715,100,100,2.8450397427097829 0.24261512621431053 0.85630314278475539 1.9536009066557216,1.1904277383976267 0.64060401862085936 0.83839299596098449 2.6730488795619216,19.7825671704486,0.027712593786418438,0.07488204073160887,19.81027976423502,0.0010730661451816559
e1-v2,N12_i02_Aheur_s42,12,2,2,742e2b26d834,Aheur,12.99999999998611,0.0,,0.15047462098089207,12.99999999998611,42,lightning_gpu,single,2,100,adam_0.03,0.03,-0.1375171886609703,0.5915073884278561,66,2023-08-06,2026-08-05,ok,,1000,185,621,17,2,True,-52.137517188605415,-0.1375171886609703,-52.137517188605415,True,0.185,17,-0.1375171886609703,0.0,0.0,1,1,True,True,True,1.5925130800477116,0.44467945089569777,0.2786033323396032,2,2,1.5925130800477116,88.14347581892365,52.137517188605415,0.9999999390829544,0.1853658203035593,0.0027187191881239414,0.0027187191881239414,0.0027187191881239414,1.3556937214471163,12.928757339283038,0.026856977342539334,0.026856977342539334,0.23833020851445474,0.23833020851445474,0.9342845760177396,0.9342845760177396,0.999999999998498,0.999999999998498,0.9999989823863871,0.11263081384822726,0.0016917921602725983,0.0016917921602725983,0.0016917921602725983,1.7033202733511423,17.623268690331315,0.01678970371551769,0.01678970371551769,0.1557633947284348,0.1557633947284348,0.8160745665943318,0.8160745665943318,0.9999999556985562,0.9999999556985562,52.43747176825782,-1.5180251598358154,-1.5180187225341797,-1.5180360078811646,98,-1.5162179470062256,-1.5180360078811646,100,100,2.4314546363447995 1.3787772821439981 2.6973649175810768 2.1908462769412909,2.2421051079844103 1.3918272474482811 2.7960587119589428 2.0886635396124644,20.004306899383664,0.02770482935011387,0.07648129668086767,20.032011728733778,0.0011843517422676086
e1-v2,N12_i02_Aheur_s43,12,2,2,742e2b26d834,Aheur,12.99999999998611,0.0,,0.15047462098089207,12.99999999998611,43,lightning_gpu,single,2,100,adam_0.03,0.03,-0.1375171886609703,0.5915073884278561,66,2023-08-06,2026-08-05,ok,,1000,9,833,17,2,True,-52.137517188605415,-0.1375171886609703,-52.137517188605415,True,0.009,17,-0.1375171886609703,0.0,0.0,1,1,True,True,True,1.5925130800477116,0.44467945089569777,0.2786033323396032,1,1,1.5925130800477116,88.14347581892365,52.137517188605415,0.9999990564274412,0.010633738187607378,0.0001601811673026532,0.0001601811673026532,0.0001601811673026532,1.7616964223824145,15.57873855530488,0.0016006575557937497,0.0016006575557937497,0.01589177160082267,0.01589177160082267,0.1480215089142226,0.1480215089142226,0.7984947768839201,0.7984947768839201,1.0000006233763088,0.22198683861643076,0.003365699201822281,0.003365699201822281,0.003365699201822281,2.052232826609427,21.933402565256984,0.03315178344790504,0.03315178344790504,0.28618938065346033,0.28618938065346033,0.9656576471087363,0.9656576471087363,0.9999999999999977,0.9999999999999977,52.43747176825782,-0.853312611579895,-0.8533044457435608,-0.853312611579895,99,-0.8529435396194458,-0.853312611579895,100,100,2.0492585716432195 0.13752423515278736 0.062924802978478217 2.6364640840167701,1.8721741380084798 -0.02107057940915712 0.12116678955825073 2.8086938538336006,19.96113340370357,0.02784286066889763,0.07985110394656658,19.988976264372468,0.0011533023789525032
e1-v2,N12_i02_Aheur_s44,12,2,2,742e2b26d834,Aheur,12.99999999998611,0.0,,0.15047462098089207,12.99999999998611,44,lightning_gpu,single,2,100,adam_0.03,0.03,-0.1375171886609703,0.5915073884278561,66,2023-08-06,2026-08-05,ok,,1000,479,230,17,2,True,-52.137517188605415,-0.1375171886609703,-52.137517188605415,True,0.479,17,-0.1375171886609703,0.0,0.0,1,1,True,True,True,1.5925130800477116,0.44467945089569777,0.2786033323396032,6,6,1.5925130800477116,88.14347581892365,52.137517188605415,1.0000004304388028,0.4920042254962027,0.007513436023145914,0.007513436023145914,0.007513436023145914,0.1911090204518335,0.6599040865147217,0.07264426712820815,0.07264426712820815,0.5296040098256183,0.5296040098256183,0.9994695601909993,0.9994695601909993,1.0,1.0,1.0000008314236766,0.11892753292340785,0.0018073623068630695,0.0018073623068630695,0.0018073623068630695,1.2054750224180872,11.74467378771078,0.017927334162392783,0.017927334162392783,0.16548098970137837,0.16548098970137837,0.8361817269560371,0.8361817269560371,0.9999999860805064,0.9999999860805064,52.43747176825782,-4.580906867980957,-4.58184814453125,-4.580906867980957,99,-4.327064037322998,-4.580906867980957,100,100,0.38505090477492371 0.8108861395016167 1.274766337564649 3.0447811714676671,0.21197523859745016 0.75749000099148778 0.50788869418484672 3.4113159666348203,19.965501707047224,0.02790925372391939,0.07531392201781273,19.993410960771143,0.0011338600888848305
e1-v2,N12_i02_Aheur_s45,12,2,2,742e2b26d834,Aheur,12.99999999998611,0.0,,0.15047462098089207,12.99999999998611,45,lightning_gpu,single,2,100,adam_0.03,0.03,-0.1375171886609703,0.5915073884278561,66,2023-08-06,2026-08-05,ok,,1000,108,572,17,2,True,-52.137517188605415,-0.1375171886609703,-52.137517188605415,True,0.108,17,-0.1375171886609703,0.0,0.0,1,1,True,True,True,1.5925130800477116,0.44467945089569777,0.2786033323396032,1,1,1.5925130800477116,88.14347581892365,52.137517188605415,1.0000001910784704,0.1191588242072612,0.0019317632541060448,0.0019317632541060448,0.0019317632541060448,1.1049890083898029,10.475858003934263,0.01915056775975621,0.01915056775975621,0.17581738337986919,0.17581738337986919,0.8553779534561499,0.8553779534561499,0.9999999959973739,0.9999999959973739,1.0000010988251233,0.06879983097314835,0.00104676210321486,0.00104676210321486,0.00104676210321486,2.2646697400189213,24.58919671858075,0.010418451423647612,0.010418451423647612,0.09943328827475295,0.09943328827475295,0.6491197708645051,0.6491197708645051,0.9999717128639394,0.9999717128639394,52.43747176825782,-2.1308822631835938,-2.1309080123901367,-2.131532669067383,95,-2.077834129333496,-2.131532669067383,100,100,1.8005430614133757 1.660303899153966 2.3990779832738145 2.5500080338093531,1.5986366049478953 2.4768763573944588 2.664301882843561 2.46485468217347,19.78075153660029,0.027554298751056194,0.07957180868834257,19.808305835351348,0.0010660719126462936
e1-v2,N12_i02_Aheur_s46,12,2,2,742e2b26d834,Aheur,12.99999999998611,0.0,,0.15047462098089207,12.99999999998611,46,lightning_gpu,single,2,100,adam_0.03,0.03,-0.1375171886609703,0.5915073884278561,66,2023-08-06,2026-08-05,ok,,1000,289,266,17,2,True,-52.137517188605415,-0.1375171886609703,-52.137517188605415,True,0.289,17,-0.1375171886609703,0.0,0.0,1,1,True,True,True,1.5925130800477116,0.44467945089569777,0.2786033323396032,6,6,1.5925130800477116,88.14347581892365,52.137517188605415,0.9999999833794107,0.2864115829579532,0.0046508642844855785,0.0046508642844855785,0.0046508642844855785,0.1765041753506736,1.4302402107754233,0.04554724298351387,0.04554724298351387,0.372600211590599,0.372600211590599,0.9905497417022553,0.9905497417022553,1.0,1.0,1.0000005150000106,0.01154630639939569,0.00016949514974839985,0.00016949514974839985,0.00016949514974839985,2.552868623714964,28.42106005782125,0.001693659294373373,0.001693659294373373,0.016808092525781748,0.016808092525781748,0.15592127753632923,0.15592127753632923,0.8164182408463201,0.8164182408463201,52.43747176825782,-4.397324562072754,-4.391151428222656,-4.484914302825928,92,-0.5809962153434753,-4.484914302825928,100,100,2.8450397427097829 0.24261512621431053 0.85630314278475539 1.9536009066557216,1.8048160514303575 -1.7987184288972429 1.5588273538691442 2.1391181582949934,19.7995923794806,0.029589444398880005,0.07697092089802027,19.82918182387948,0.001111028715968132
e1-v2,N12_i02_Amargin_s42,12,2,2,742e2b26d834,Amargin,0.15047462098089207,0.0,,0.15047462098089207,12.99999999998611,42,lightning_gpu,single,2,100,adam_0.03,0.03,-0.1375171886609703,0.5915073884278561,66,2023-08-06,2026-08-05,ok,,1000,461,252,17,2,True,-0.7394156725845386,-0.1375171886609703,-0.7394156725845386,True,0.461,17,-0.1375171886609703,0.0,0.0,1,1,True,True,True,1.5925130800477116,0.44467945089569777,0.2786033323396032,11,11,1.5925130800477116,1.2500531473491852,0.7394156725845386,0.9999997915660122,0.4684245544485748,0.009763367474079132,0.009763367474079132,0.009763367474079132,0.24366761527927816,1.5652638311753475,0.0934539194640901,0.0934539194640901,0.6251143249938671,0.6251143249938671,0.9999451737608189,0.9999451737608189,1.0,1.0,0.999998362148804,0.22086244365209495,0.0014666022034361959,0.0014666022034361959,0.0014666022034361959,1.40437818067125,12.746758523975402,0.01456960811910879,0.01456960811910879,0.136505604370314,0.136505604370314,0.7695401727815873,0.7695401727815873,0.9999995773777873,0.9999995773777873,1.0393702522369421,-4.23479700088501,-4.243465900421143,-4.23479700088501,99,-3.7066121101379395,-4.23479700088501,100,100,2.4314546363447995 1.3787772821439981 2.6973649175810768 2.1908462769412909,0.85561622362633716 0.71746092972286224 2.1650588418068737 1.7227606656978551,19.92264978494495,0.027594786137342453,0.07966944854706526,19.950244571082294,0.0011123409494757652
e1-v2,N12_i02_Amargin_s43,12,2,2,742e2b26d834,Amargin,0.15047462098089207,0.0,,0.15047462098089207,12.99999999998611,43,lightning_gpu,single,2,100,adam_0.03,0.03,-0.1375171886609703,0.5915073884278561,66,2023-08-06,2026-08-05,ok,,1000,9,811,5,2,True,-0.6382323770701814,-0.03633389314661312,-0.6382323770701814,True,0.009,5,-0.03633389314661312,0.17106007041313248,0.1368422380887372,3,1,False,False,False,1.1730641370294441,0.2948781773199821,0.25052183256081056,0,0,1.5925130800477116,1.2500531473491852,0.7394156725845386,0.999999143357968,0.017152679502032697,0.00031783743179403245,0.00031783743179403245,0.00031783743179403245,1.6256081545350993,14.610755326821163,0.003173832240287444,0.003173832240287444,0.03128884315803149,0.03128884315803149,0.27231568117422145,0.27231568117422145,0.9583677232089851,0.9583677232089851,1.0000004127614375,0.1430962603772059,0.004335907753556967,0.004335907753556967,0.004335907753556967,1.6984791954093308,16.64426490256301,0.042522781232944395,0.042522781232944395,0.35243331753409535,0.35243331753409535,0.9870328372846695,0.9870328372846695,1.0,1.0,1.0393702522369421,-1.0252125263214111,-1.0252162218093872,-1.0252125263214111,99,-1.0250438451766968,-1.0252125263214111,100,100,2.0492585716432195 0.13752423515278736 0.062924802978478217 2.6364640840167701,2.1780293045562016 -0.036601815672082989 0.14013908775546149 2.7252648022882218,19.786076821386814,0.028232702985405922,0.07865471951663494,19.81430952437222,0.0013367272913455963
e1-v2,N12_i02_Amargin_s44,12,2,2,742e2b26d834,Amargin,0.15047462098089207,0.0,,0.15047462098089207,12.99999999998611,44,lightning_gpu,single,2,100,adam_0.03,0.03,-0.1375171886609703,0.5915073884278561,66,2023-08-06,2026-08-05,ok,,1000,395,133,17,2,True,-0.7394156725845386,-0.1375171886609703,-0.7394156725845386,True,0.395,17,-0.1375171886609703,0.0,0.0,1,1,True,True,True,1.5925130800477116,0.44467945089569777,0.2786033323396032,17,17,1.5925130800477116,1.2500531473491852,0.7394156725845386,0.9999999724921178,0.4107217404525727,0.01209193654358387,0.01209193654358387,0.01209193654358387,0.08518072666026241,0.8965963728466235,0.11454743115545041,0.11454743115545041,0.7037536403101428,0.7037536403101428,0.9999947936876012,0.9999947936876012,1.0,1.0,1.000001245891326,0.1239016770850867,0.0021375752985477448,0.0021375752985477448,0.0021375752985477448,1.2823755023708507,12.277676720281306,0.02117130539360179,0.02117130539360179,0.19264056823994669,0.19264056823994669,0.8823290575816766,0.8823290575816766,0.9999999994910298,0.9999999994910298,1.0393702522369421,-4.492230415344238,-4.492757320404053,-4.492230415344238,99,-4.430167198181152,-4.492230415344238,100,100,0.38505090477492371 0.8108861395016167 1.274766337564649 3.0447811714676671,0.30135566181770213 0.99421481661432654 0.52000274256398704 3.4185791852593659,19.93420403264463,0.029469208791851997,0.0749238496646285,19.96367324143648,0.0011559538543224335
e1-v2,N12_i02_Amargin_s45,12,2,2,742e2b26d834,Amargin,0.15047462098089207,0.0,,0.15047462098089207,12.99999999998611,45,lightning_gpu,single,2,100,adam_0.03,0.03,-0.1375171886609703,0.5915073884278561,66,2023-08-06,2026-08-05,ok,,1000,105,562,17,2,True,-0.7394156725845386,-0.1375171886609703,-0.7394156725845386,True,0.105,17,-0.1375171886609703,0.0,0.0,1,1,True,True,True,1.5925130800477116,0.44467945089569777,0.2786033323396032,5,5,1.5925130800477116,1.2500531473491852,0.7394156725845386,0.9999993288585642,0.10565054453763878,0.0038518537767231464,0.0038518537767231464,0.0038518537767231464,1.5853170213243462,15.348351089029904,0.03785769465635214,0.03785769465635214,0.32018129526201,0.32018129526201,0.9789170636692838,0.9789170636692838,1.0,1.0,1.000000777174555,0.13958951918175444,0.006514234468340874,0.006514234468340874,0.006514234468340874,2.7052407611314067,30.096304094768556,0.06326555516476151,0.06326555516476151,0.47980652487744935,0.47980652487744935,0.9985490615001333,0.9985490615001333,1.0,1.0,1.0393702522369421,-0.9573199152946472,-0.9571970105171204,-0.9573245048522949,98,-0.9505228996276855,-0.9573245048522949,100,100,1.8005430614133757 1.660303899153966 2.3990779832738145 2.5500080338093531,1.8256412549647618 2.6963613879551369 2.6016959199809531 2.4722727871722774,19.814261711202562,0.027574002742767334,0.07966052927076817,19.84183571394533,0.0010579153895378113
e1-v2,N12_i02_Amargin_s46,12,2,2,742e2b26d834,Amargin,0.15047462098089207,0.0,,0.15047462098089207,12.99999999998611,46,lightning_gpu,single,2,100,adam_0.03,0.03,-0.1375171886609703,0.5915073884278561,66,2023-08-06,2026-08-05,ok,,1000,425,356,17,2,True,-0.7394156725845386,-0.1375171886609703,-0.7394156725845386,True,0.425,17,-0.1375171886609703,0.0,0.0,1,1,True,True,True,1.5925130800477116,0.44467945089569777,0.2786033323396032,4,4,1.5925130800477116,1.2500531473491852,0.7394156725845386,0.999999364926424,0.4148022960871458,0.005327331833541393,0.005327331833541393,0.005327331833541393,0.39184482528081366,2.176065652230136,0.05201417242458084,0.05201417242458084,0.41383693871736615,0.41383693871736615,0.9952116656618988,0.9952116656618988,1.0,1.0,1.0000002187914845,0.11175487688160501,0.0039521739818155766,0.0039521739818155766,0.0039521739818155766,2.3846242478503887,23.311967922055402,0.03882621106526973,0.03882621106526973,0.32699360421167556,0.32699360421167556,0.9809369707263299,0.9809369707263299,1.0,1.0,1.0393702522369421,-4.0114426612854,-4.012470722198486,-4.035396099090576,88,-1.047888994216919,-4.035396099090576,100,100,2.8450397427097829 0.24261512621431053 0.85630314278475539 1.9536009066557216,1.1583629661038195 0.6765442728604244 0.78980925915162958 2.7247028279288559,19.76459157001227,0.02809311728924513,0.07594688422977924,19.792684687301517,0.00116756372153759
e1-v2,N12_i03_Aheur_s42,12,2,3,f66f5903076c,Aheur,12.99999999998611,0.054235573769679746,239.69507643069736,0.20186523904343281,12.99999999998611,42,lightning_gpu,single,2,100,adam_0.03,0.03,-0.08268798014019274,0.7183763607746534,66,2023-08-06,2026-08-05,ok,,1000,202,621,96,2,True,-52.082687980084636,-0.08268798014019274,-52.082687980084636,True,0.202,96,-0.08268798014019274,0.0,0.0,1,1,True,True,True,1.5910944783780911,0.522570631365531,0.32780619784263393,2,2,1.5910944783780911,72.50055935014598,52.082687980084636,1.0000002321576176,0.1833498126361519,0.0027047067414969206,0.0027047067414969206,0.0027047067414969206,1.9441678983898338,12.912070980270073,0.02672023581190852,0.02672023581190852,0.23725926855385682,0.23725926855385682,0.9333547211320401,0.9333547211320401,0.9999999999982714,0.9999999999982714,0.9999994715317371,0.11407148756552488,0.0017110846238210797,0.0017110846238210797,0.0017110846238210797,2.4442643991360846,17.486676426164195,0.01697969413302336,0.01697969413302336,0.15739333558064006,0.15739333558064006,0.819594863906221,0.819594863906221,0.9999999634835142,0.9999999634835142,52.72899469693888,-1.5195389986038208,-1.5195376873016357,-1.5195595026016235,97,-1.5174953937530518,-1.5195595026016235,100,100,2.4314546363447995 1.3787772821439981 2.6973649175810768 2.1908462769412909,2.2478138746195562 1.3944257837226401 2.7950851978510554 2.0906104387531621,19.995631705969572,0.027662637643516064,0.07950612157583237,20.023294343613088,0.0010986560955643654
e1-v2,N12_i03_Aheur_s43,12,2,3,f66f5903076c,Aheur,12.99999999998611,0.054235573769679746,239.69507643069736,0.20186523904343281,12.99999999998611,43,lightning_gpu,single,2,100,adam_0.03,0.03,-0.08268798014019274,0.7183763607746534,66,2023-08-06,2026-08-05,ok,,1000,11,821,1088,2,True,-52.00989304221487,-0.009893042270424757,-52.00989304221487,True,0.011,1088,-0.009893042270424757,0.10133259088769339,0.0013976801254498095,2,1,False,False,False,1.310535097105537,0.40240912687901276,0.30629406855685865,0,0,1.5910944783780911,72.50055935014598,52.082687980084636,1.000000478509719,0.01065273467975203,0.00016042261268012226,0.00016042261268012226,0.00016042261268012226,2.5290791834687294,15.569902116221783,0.0016030685284276203,0.0016030685284276203,0.01591553596167139,0.01591553596167139,0.14822722332361082,0.14822722332361082,0.7989807928720617,0.7989807928720617,1.0000002232468432,0.2212302868720144,0.00335450260899961,0.00335450260899961,0.00335450260899961,2.9588056160465426,21.83075101659597,0.0330431583174412,0.0330431583174412,0.28538701081779727,0.28538701081779727,0.9652696580738758,0.9652696580738758,0.9999999999999974,0.9999999999999974,52.72899469693888,-0.8531840443611145,-0.8531752228736877,-0.8531840443611145,99,-0.8528527021408081,-0.8531840443611145,100,100,2.0492585716432195 0.13752423515278736 0.062924802978478217 2.6364640840167701,1.8777266022793191 -0.021016252975679342 0.12161142123316754 2.8080195797906451,19.851741690188646,0.028273409232497215,0.07539447955787182,19.880015099421144,0.0012046415358781815
e1-v2,N12_i03_Aheur_s44,12,2,3,f66f5903076c,Aheur,12.99999999998611,0.054235573769679746,239.69507643069736,0.20186523904343281,12.99999999998611,44,lightning_gpu,single,2,100,adam_0.03,0.03,-0.08268798014019274,0.7183763607746534,66,2023-08-06,2026-08-05,ok,,1000,479,227,96,2,True,-52.082687980084636,-0.08268798014019274,-52.082687980084636,True,0.479,96,-0.08268798014019274,0.0,0.0,1,1,True,True,True,1.5910944783780911,0.522570631365531,0.32780619784263393,9,9,1.5910944783780911,72.50055935014598,52.082687980084636,0.9999990726046946,0.4921438987366855,0.007506833877414465,0.007506833877414465,0.007506833877414465,0.25192363173174187,0.6594932549878401,0.07258257640921695,0.07258257640921695,0.5292909934248045,0.5292909934248045,0.9994660198880849,0.9994660198880849,1.0,1.0,1.0000008385832189,0.11904787726234645,0.0018059955909848213,0.0018059955909848213,0.0018059955909848213,1.7338955025759415,11.76438973590848,0.01791388763388513,0.01791388763388513,0.16536672040673694,0.16536672040673694,0.8359572750626277,0.8359572750626277,0.9999999858886115,0.9999999858886115,52.72899469693888,-4.571484565734863,-4.572415351867676,-4.571484565734863,99,-4.322085380554199,-4.571484565734863,100,100,0.38505090477492371 0.8108861395016167 1.274766337564649 3.0447811714676671,0.21306177107691474 0.76005361391874726 0.50737517114936281 3.4111263236958966,19.992149140685797,0.027717319317162037,0.08021133113652468,20.01986646000296,0.0010579945519566536
e1-v2,N12_i03_Aheur_s45,12,2,3,f66f5903076c,Aheur,12.99999999998611,0.054235573769679746,239.69507643069736,0.20186523904343281,12.99999999998611,45,lightning_gpu,single,2,100,adam_0.03,0.03,-0.08268798014019274,0.7183763607746534,66,2023-08-06,2026-08-05,ok,,1000,109,569,96,2,True,-52.082687980084636,-0.08268798014019274,-52.082687980084636,True,0.109,96,-0.08268798014019274,0.0,0.0,1,1,True,True,True,1.5910944783780911,0.522570631365531,0.32780619784263393,2,2,1.5910944783780911,72.50055935014598,52.082687980084636,0.9999998236216925,0.11519013298675418,0.0018448643386363983,0.0018448643386363983,0.0018448643386363983,1.5875179726275446,10.501617645932129,0.018296235844748043,0.018296235844748043,0.16861044856450835,0.16861044856450835,0.8422222996975963,0.8422222996975963,0.9999999904400368,0.9999999904400368,1.0000005099773261,0.06623775593470782,0.001008814200758934,0.001008814200758934,0.001008814200758934,3.288550541294962,24.708661517868677,0.010042468217388523,0.010042468217388523,0.09600580460059738,0.09600580460059738,0.6355345051282317,0.6355345051282317,0.9999586415565597,0.9999586415565597,52.72899469693888,-2.1205830574035645,-2.1205811500549316,-2.121269702911377,94,-2.059190273284912,-2.121269702911377,100,100,1.8005430614133757 1.660303899153966 2.3990779832738145 2.5500080338093531,1.6021759399522983 2.4842933264079785 2.6640337928418711 2.4661397540359942,19.779825776815414,0.029390311799943447,0.07498157769441605,19.809216088615358,0.0011291410773992538
e1-v2,N12_i03_Aheur_s46,12,2,3,f66f5903076c,Aheur,12.99999999998611,0.054235573769679746,239.69507643069736,0.20186523904343281,12.99999999998611,46,lightning_gpu,single,2,100,adam_0.03,0.03,-0.08268798014019274,0.7183763607746534,66,2023-08-06,2026-08-05,ok,,1000,283,253,96,2,True,-52.082687980084636,-0.08268798014019274,-52.082687980084636,True,0.283,96,-0.08268798014019274,0.0,0.0,1,1,True,True,True,1.5910944783780911,0.522570631365531,0.32780619784263393,3,3,1.5910944783780911,72.50055935014598,52.082687980084636,0.999999048716262,0.2862214089836925,0.004574789199978113,0.004574789199978113,0.004574789199978113,0.2348434805321173,1.4304048155097178,0.04481749851537564,0.04481749851537564,0.36778677302254914,0.36778677302254914,0.9897991637094808,0.9897991637094808,1.0,1.0,1.0000009791374396,0.01162281040160451,0.000171590072568506,0.000171590072568506,0.000171590072568506,3.702842803627753,28.407980991302793,0.0017145763898761546,0.0017145763898761546,0.01701407719444359,0.01701407719444359,0.15768800738911692,0.15768800738911692,0.8202247749753439,0.8202247749753439,52.72899469693888,-4.390933036804199,-4.382676601409912,-4.47212028503418,92,-0.5400408506393433,-4.47212028503418,100,100,2.8450397427097829 0.24261512621431053 0.85630314278475539 1.9536009066557216,1.8095553655282071 -1.7984487408104988 1.5590186307779292 2.1480299077501641,19.74136749841273,0.0280115008354187,0.0796182956546545,19.769378999248147,0.0011548344045877457
e1-v2,N12_i03_Amargin_s42,12,2,3,f66f5903076c,Amargin,0.20186523904343281,0.054235573769679746,3.722007992405255,0.20186523904343281,12.99999999998611,42,lightning_gpu,single,2,100,adam_0.03,0.03,-0.08268798014019274,0.7183763607746534,66,2023-08-06,2026-08-05,ok,,1000,393,192,96,2,True,-0.890148936313924,-0.08268798014019274,-0.890148936313924,True,0.393,96,-0.08268798014019274,0.0,0.0,1,1,True,True,True,1.5910944783780911,0.522570631365531,0.32780619784263393,10,10,1.5910944783780911,1.2391122326937951,0.890148936313924,0.9999987027548727,0.39065466984175146,0.007263788487762213,0.007263788487762213,0.007263788487762213,0.21158603755355587,1.2714247955077411,0.07030897806534786,0.07030897806534786,0.5176232470623219,0.5176232470623219,0.999317875422319,0.999317875422319,1.0,1.0,0.999999349363776,0.12811768800747814,0.0002840447414200753,0.0002840447414200753,0.0002840447414200753,1.9215462252841058,12.688257791584562,0.00283681949920922,0.00283681949920922,0.0280087814507215,0.0280087814507215,0.24729740530815514,0.24729740530815514,0.9416240271544245,0.9416240271544245,1.5364556531681692,-4.087502956390381,-4.095142841339111,-4.087502956390381,99,-3.6409387588500977,-4.087502956390381,100,100,2.4314546363447995 1.3787772821439981 2.6973649175810768 2.1908462769412909,0.66090126643132852 0.70667016333883026 2.0823433285049449 1.5423961854590937,20.056347670033574,0.029285596683621407,0.07977861259132624,20.085633266717196,0.0010936819016933441
e1-v2,N12_i03_Amargin_s43,12,2,3,f66f5903076c,Amargin,0.20186523904343281,0.054235573769679746,3.722007992405255,0.20186523904343281,12.99999999998611,43,lightning_gpu,single,2,100,adam_0.03,0.03,-0.08268798014019274,0.7183763607746534,66,2023-08-06,2026-08-05,ok,,1000,13,849,66,2,True,-0.7782247551956669,0.02923620097806434,-0.7782247551956669,True,0.013,66,0.02923620097806434,0.15580159263253715,0.12573646560959928,3,1,False,False,False,1.01602090059978,0.2708195569512416,0.26556496701195914,0,0,1.5910944783780911,1.2391122326937951,0.890148936313924,1.0000013550766198,0.018898342124884948,0.00027479263371787965,0.00027479263371787965,0.00027479263371787965,2.3699993950927287,14.488070634815813,0.0027445308313459593,0.0027445308313459593,0.027108816975665917,0.027108816975665917,0.2402990394793364,0.2402990394793364,0.9359636226700054,0.9359636226700054,0.9999999425463564,0.08569332037586719,0.0015273109311237931,0.0015273109311237931,0.0015273109311237931,2.5022612149416226,16.987361027090135,0.015168565157100522,0.015168565157100522,0.14173970033380423,0.14173970033380423,0.783134614098584,0.783134614098584,0.9999997699075366,0.9999997699075366,1.5364556531681692,-0.9538739919662476,-0.9539080262184143,-0.9538739919662476,99,-0.9519093632698059,-0.9538739919662476,100,100,2.0492585716432195 0.13752423515278736 0.062924802978478217 2.6364640840167701,2.3722086687712607 -0.058396082590973689 0.0882992345524794 2.7733190752825672,19.899330424144864,0.02794702909886837,0.07973392307758331,19.927277453243732,0.0011279340833425522
e1-v2,N12_i03_Amargin_s44,12,2,3,f66f5903076c,Amargin,0.20186523904343281,0.054235573769679746,3.722007992405255,0.20186523904343281,12.99999999998611,44,lightning_gpu,single,2,100,adam_0.03,0.03,-0.08268798014019274,0.7183763607746534,66,2023-08-06,2026-08-05,ok,,1000,406,133,96,2,True,-0.890148936313924,-0.08268798014019274,-0.890148936313924,True,0.406,96,-0.08268798014019274,0.0,0.0,1,1,True,True,True,1.5910944783780911,0.522570631365531,0.32780619784263393,9,9,1.5910944783780911,1.2391122326937951,0.890148936313924,0.9999992456125248,0.4146604377310723,0.00922979786992073,0.00922979786992073,0.00922979786992073,0.12158225972612491,0.8856237801726401,0.08855731230337371,0.08855731230337371,0.6043659604264175,0.6043659604264175,0.9999060414072135,0.9999060414072135,1.0,1.0,1.000001505111868,0.12166805332526565,0.0018911735387519002,0.0018911735387519002,0.0018911735387519002,1.9118824613794567,12.714312713265826,0.01875160018878652,0.01875160018878652,0.17245881826732645,0.17245881826732645,0.8493753148830216,0.8493753148830216,0.9999999939887952,0.9999999939887952,1.5364556531681692,-4.203919410705566,-4.204413414001465,-4.203919410705566,99,-4.13417387008667,-4.203919410705566,100,100,0.38505090477492371 0.8108861395016167 1.274766337564649 3.0447811714676671,0.32170045790164559 1.0657677314771388 0.52577889726671567 3.4145039938993267,19.95434074383229,0.027846213430166245,0.07998640276491642,19.982186957262456,0.0010894490405917168
e1-v2,N12_i03_Amargin_s45,12,2,3,f66f5903076c,Amargin,0.20186523904343281,0.054235573769679746,3.722007992405255,0.20186523904343281,12.99999999998611,45,lightning_gpu,single,2,100,adam_0.03,0.03,-0.08268798014019274,0.7183763607746534,66,2023-08-06,2026-08-05,ok,,1000,106,211,96,2,True,-0.890148936313924,-0.08268798014019274,-0.890148936313924,True,0.106,96,-0.08268798014019274,0.0,0.0,1,1,True,True,True,1.5910944783780911,0.522570631365531,0.32780619784263393,2,2,1.5910944783780911,1.2391122326937951,0.890148936313924,0.9999983531926375,0.10758053392055444,0.0024216887541115284,0.0024216887541115284,0.0024216887541115284,0.2775577957015315,3.0186461127767927,0.02395467866194978,0.02395467866194978,0.21530688857719749,0.21530688857719749,0.9114887649224594,0.9114887649224594,0.9999999999704889,0.9999999999704889,1.0000005763973427,0.11632954323431477,0.002155363792553544,0.002155363792553544,0.002155363792553544,4.044105171137627,32.32659960168451,0.02134578326976666,0.02134578326976666,0.1940785463041378,0.1940785463041378,0.8844081621586148,0.8844081621586148,0.9999999995741352,0.9999999995741352,1.5364556531681692,-3.817845582962036,-3.822648286819458,-3.817845582962036,99,-3.641184091567993,-3.817845582962036,100,100,1.8005430614133757 1.660303899153966 2.3990779832738145 2.5500080338093531,0.86629760216840845 1.9601626765461071 2.5038982549057662 1.6953884460397926,19.820860813371837,0.027701222337782383,0.07998370192945004,19.84856203570962,0.001064211130142212
e1-v2,N12_i03_Amargin_s46,12,2,3,f66f5903076c,Amargin,0.20186523904343281,0.054235573769679746,3.722007992405255,0.20186523904343281,12.99999999998611,46,lightning_gpu,single,2,100,adam_0.03,0.03,-0.08268798014019274,0.7183763607746534,66,2023-08-06,2026-08-05,ok,,1000,447,269,96,2,True,-0.890148936313924,-0.08268798014019274,-0.890148936313924,True,0.447,96,-0.08268798014019274,0.0,0.0,1,1,True,True,True,1.5910944783780911,0.522570631365531,0.32780619784263393,7,7,1.5910944783780911,1.2391122326937951,0.890148936313924,1.0000000324998837,0.45745302084833384,0.004991723224520683,0.004991723224520683,0.004991723224520683,0.505863391693573,2.2468890738555274,0.04881074973837862,0.04881074973837862,0.39372545386657887,0.39372545386657887,0.9932904506474374,0.9932904506474374,1.0,1.0,0.9999993422600528,0.13071807177038863,0.0020713515114039183,0.0020713515114039183,0.0020713515114039183,3.052806919363907,20.278326881522073,0.02052150534441821,0.02052150534441821,0.18726483490503676,0.18726483490503676,0.8742550622069432,0.8742550622069432,0.9999999990116629,0.9999999990116629,1.5364556531681692,-3.774733543395996,-3.7754602432250977,-3.774733543395996,99,-2.6453170776367188,-3.774733543395996,100,100,2.8450397427097829 0.24261512621431053 0.85630314278475539 1.9536009066557216,1.3166983866000463 0.74403912645749015 0.87432819264795847 2.6761348050435014,19.79812496341765,0.028125875629484653,0.07559461798518896,19.826250839047134,0.0011908840388059616
e1-v2,N12_i04_Aheur_s42,12,2,4,740c7a03908a,Aheur,12.999999999979208,0.0,,0.12954294170129868,12.999999999979208,42,lightning_gpu,single,2,100,adam_0.03,0.03,-0.3071571889127932,0.7133683375969784,66,2023-08-06,2026-08-05,ok,,1000,183,620,136,2,True,-52.30715718882963,-0.3071571889127932,-52.30715718882962,True,0.183,136,-0.3071571889127932,0.0,0.0,1,1,True,True,True,1.4663767341361262,0.39839422515811135,0.27100418051315084,2,2,1.4663767341361262,73.32419233103231,52.30715718882963,0.9999999155243131,0.1872098057065159,0.0027811683248728514,0.0027811683248728514,0.0027811683248728514,0.9359620912283365,12.945221469391981,0.02746618179638949,0.02746618179638949,0.24308498390137157,0.24308498390137157,0.938273562742681,0.938273562742681,0.999999999999197,0.999999999999197,0.9999985477152222,0.1122976983897388,0.0016664520371705294,0.0016664520371705294,0.0016664520371705294,1.2053159746930362,17.6110551303791,0.016540106288708722,0.016540106288708722,0.1536177686382466,0.1536177686382466,0.8113462798493025,0.8113462798493025,0.9999999428976822,0.9999999428976822,52.385784376424596,-1.511808156967163,-1.511802077293396,-1.5118156671524048,98,-1.5101957321166992,-1.5118156671524048,100,100,2.4314546363447995 1.3787772821439981 2.6973649175810768 2.1908462769412909,2.2435107535585694 1.3938213134976469 2.7970322162430037 2.086805437443267,19.945172153413296,0.02759995125234127,0.07936609722673893,19.972772104665637,0.001085834577679634
e1-v2,N12_i04_Aheur_s43,12,2,4,740c7a03908a,Aheur,12.999999999979208,0.0,,0.12954294170129868,12.999999999979208,43,lightning_gpu,single,2,100,adam_0.03,0.03,-0.3071571889127932,0.7133683375969784,66,2023-08-06,2026-08-05,ok,,1000,10,828,24,2,True,-52.2133347444628,-0.21333474454596985,-52.2133347444628,True,0.01,24,-0.21333474454596985,0.13152033728167634,0.0017936827273583788,3,1,False,False,False,1.2575305992549464,0.33307290140722995,0.2640674521987571,0,0,1.4663767341361262,73.32419233103231,52.30715718882963,1.0000014504666979,0.010611332356347702,0.00015951920067891479,0.00015951920067891479,0.00015951920067891479,1.2139679057074524,15.587584763310588,0.001594047406863086,0.001594047406863086,0.015826614348716794,0.015826614348716794,0.14745725065273385,0.14745725065273385,0.7971562401519188,0.7971562401519188,0.9999998103676262,0.22135644452646375,0.0033586241770535707,0.0033586241770535707,0.0033586241770535707,1.4731889207928177,21.93812894454095,0.03308314549717217,0.03308314549717217,0.28568247427349924,0.28568247427349924,0.9654129870608243,0.9654129870608243,0.9999999999999976,0.9999999999999976,52.385784376424596,-0.8507794141769409,-0.8507763147354126,-0.8507794141769409,99,-0.8504337072372437,-0.8507794141769409,100,100,2.0492585716432195 0.13752423515278736 0.062924802978478217 2.6364640840167701,1.8725022832340292 -0.021013968285053499 0.12147246194283427 2.8086947290402202,19.908850494772196,0.027711092494428158,0.07931958418339491,19.936561587266624,0.001101951114833355
e1-v2,N12_i04_Aheur_s44,12,2,4,740c7a03908a,Aheur,12.999999999979208,0.0,,0.12954294170129868,12.999999999979208,44,lightning_gpu,single,2,100,adam_0.03,0.03,-0.3071571889127932,0.7133683375969784,66,2023-08-06,2026-08-05,ok,,1000,481,240,136,2,True,-52.30715718882963,-0.3071571889127932,-52.30715718882962,True,0.481,136,-0.3071571889127932,0.0,0.0,1,1,True,True,True,1.4663767341361262,0.39839422515811135,0.27100418051315084,8,8,1.4663767341361262,73.32419233103231,52.30715718882963,0.9999997084153875,0.4917906569316983,0.007496399339288473,0.007496399339288473,0.007496399339288473,0.07024835004607206,0.6602048525529227,0.07248506812763966,0.07248506812763966,0.5287958577186722,0.5287958577186722,0.9994603763239948,0.9994603763239948,1.0,1.0,1.000000639280188,0.11889966286253184,0.0017997523536905646,0.0017997523536905646,0.0017997523536905646,0.8282374679907183,11.749990106713085,0.017852461005501308,0.017852461005501308,0.16484453462025694,0.16484453462025694,0.834928052353935,0.834928052353935,0.9999999849778272,0.9999999849778272,52.385784376424596,-4.57601261138916,-4.576957702636719,-4.57601261138916,99,-4.319374084472656,-4.57601261138916,100,100,0.38505090477492371 0.8108861395016167 1.274766337564649 3.0447811714676671,0.21168138656408536 0.75705189458668176 0.50817336458893225 3.411376521388013,19.88551849965006,0.02766160201281309,0.07511374168097973,19.913180101662874,0.0010694051161408424
e1-v2,N12_i04_Aheur_s45,12,2,4,740c7a03908a,Aheur,12.999999999979208,0.0,,0.12954294170129868,12.999999999979208,45,lightning_gpu,single,2,100,adam_0.03,0.03,-0.3071571889127932,0.7133683375969784,66,2023-08-06,2026-08-05,ok,,1000,115,562,136,2,True,-52.30715718882963,-0.3071571889127932,-52.30715718882962,True,0.115,136,-0.3071571889127932,0.0,0.0,1,1,True,True,True,1.4663767341361262,0.39839422515811135,0.27100418051315084,2,2,1.4663767341361262,73.32419233103231,52.30715718882963,1.0000004980574886,0.12083642964717001,0.0019182941177859902,0.0019182941177859902,0.0019182941177859902,0.7490547962367746,10.45134031870839,0.019018192070902495,0.019018192070902495,0.1747043886461741,0.1747043886461741,0.8534130337469475,0.8534130337469475,0.9999999954190709,0.9999999954190709,1.000001130475539,0.06750733777880669,0.0010292663937434554,0.0010292663937434554,0.0010292663937434554,1.6365245624414833,24.591052449296512,0.01024512203038086,0.01024512203038086,0.09785466373042573,0.09785466373042573,0.6429203640330678,0.6429203640330678,0.9999662983756488,0.9999662983756488,52.385784376424596,-2.1342198848724365,-2.134248971939087,-2.134861707687378,95,-2.080954074859619,-2.134861707687378,100,100,1.8005430614133757 1.660303899153966 2.3990779832738145 2.5500080338093531,1.5992345697022781 2.4775779423023985 2.6646046514331738 2.4642985083060434,19.778161357156932,0.029433537274599075,0.07944810763001442,19.80759489443153,0.0011086063459515572
e1-v2,N12_i04_Aheur_s46,12,2,4,740c7a03908a,Aheur,12.999999999979208,0.0,,0.12954294170129868,12.999999999979208,46,lightning_gpu,single,2,100,adam_0.03,0.03,-0.3071571889127932,0.7133683375969784,66,2023-08-06,2026-08-05,ok,,1000,298,251,136,2,True,-52.30715718882963,-0.3071571889127932,-52.30715718882962,True,0.298,136,-0.3071571889127932,0.0,0.0,1,1,True,True,True,1.4663767341361262,0.39839422515811135,0.27100418051315084,2,2,1.4663767341361262,73.32419233103231,52.30715718882963,0.9999996372675355,0.29022827884182334,0.004567637108266354,0.004567637108266354,0.004567637108266354,0.07371078709580206,1.4212597177559019,0.044748866802393206,0.044748866802393206,0.3673323686676878,0.3673323686676878,0.9897256074256863,0.9897256074256863,1.0,1.0,1.0000004345802154,0.011583354775211774,0.00017157326510641724,0.00017157326510641724,0.00017157326510641724,1.8601652076506683,28.416820020085652,0.0017144085746240156,0.0017144085746240156,0.017012424759664246,0.017012424759664246,0.15767384771369963,0.15767384771369963,0.8201945515969549,0.8201945515969549,52.385784376424596,-4.396353244781494,-4.388026714324951,-4.479701519012451,92,-0.5640014410018921,-4.479701519012451,100,100,2.8450397427097829 0.24261512621431053 0.85630314278475539 1.9536009066557216,1.8056395140030082 -1.7951815025196642 1.5589203539032233 2.1392492976829187,19.80702176131308,0.02892751432955265,0.07506486587226391,19.835949275642633,0.0012910692021250725
e1-v2,N12_i04_Amargin_s42,12,2,4,740c7a03908a,Amargin,0.12954294170129868,0.0,,0.12954294170129868,12.999999999979208,42,lightning_gpu,single,2,100,adam_0.03,0.03,-0.3071571889127932,0.7133683375969784,66,2023-08-06,2026-08-05,ok,,1000,423,209,136,2,True,-0.8253289557179879,-0.3071571889127932,-0.8253289557179878,True,0.423,136,-0.3071571889127932,0.0,0.0,1,1,True,True,True,1.4663767341361262,0.39839422515811135,0.27100418051315084,10,10,1.4663767341361262,1.1569464359718504,0.8253289557179879,0.9999986333433242,0.4240415608510375,0.008162240497767925,0.008162240497767925,0.008162240497767925,0.056945027143591044,1.166365371987041,0.07868873865091375,0.07868873865091375,0.5593804155813062,0.5593804155813062,0.9997241722446057,0.9997241722446057,1.0,1.0,0.9999980413067218,0.15483885478170123,4.693495066021569e-05,4.693495066021569e-05,4.693495066021569e-05,0.9756960995568196,13.364952192179413,0.0004692503889764943,0.0004692503889764943,0.004682607462091926,0.004682607462091926,0.045851588610971605,0.045851588610971605,0.37459792831928207,0.37459792831928207,0.9039561433129614,-4.057165145874023,-4.064504146575928,-4.057165145874023,99,-3.518616199493408,-4.057165145874023,100,100,2.4314546363447995 1.3787772821439981 2.6973649175810768 2.1908462769412909,0.63387314551298424 0.71396884168156849 2.063682245804392 1.5401430280622215,19.942788136191666,0.027606595307588577,0.07497223373502493,19.970394731499255,0.001105399802327156
e1-v2,N12_i04_Amargin_s43,12,2,4,740c7a03908a,Amargin,0.12954294170129868,0.0,,0.12954294170129868,12.999999999979208,43,lightning_gpu,single,2,100,adam_0.03,0.03,-0.3071571889127932,0.7133683375969784,66,2023-08-06,2026-08-05,ok,,1000,18,818,264,2,True,-0.7388616925675131,-0.22068992576231838,-0.7388616925675131,True,0.018,264,-0.22068992576231838,0.12120984152695183,0.10476702962063575,2,1,False,False,False,1.312056778941635,0.3842275982450454,0.29208156567292326,0,0,1.4663767341361262,1.1569464359718504,0.8253289557179879,0.9999996662873354,0.016025946781155653,0.00017561511776875705,0.00017561511776875705,0.00017561511776875705,1.1299935010588205,14.748993488703235,0.0017547639972869122,0.0017547639972869122,0.01740972252669115,0.01740972252669115,0.16107212354357048,0.16107212354357048,0.8273183234066279,0.8273183234066279,1.0000000299184997,0.10765630414243788,0.0020154111552983522,0.0020154111552983522,0.0020154111552983522,1.2035793836303323,17.226262512906448,0.019972305764467846,0.019972305764467846,0.18269626367828828,0.18269626367828828,0.8670051441435848,0.8670051441435848,0.9999999982687953,0.9999999982687953,0.9039561433129614,-0.930966317653656,-0.9309734106063843,-0.930966317653656,99,-0.9301126599311829,-0.930966317653656,100,100,2.0492585716432195 0.13752423515278736 0.062924802978478217 2.6364640840167701,2.2866860502209021 -0.044345365605172368 0.11642687362708709 2.7617612911579781,19.912464207969606,0.02774627599865198,0.07472428493201733,19.940210483968258,0.0011022575199604034
e1-v2,N12_i04_Amargin_s44,12,2,4,740c7a03908a,Amargin,0.12954294170129868,0.0,,0.12954294170129868,12.999999999979208,44,lightning_gpu,single,2,100,adam_0.03,0.03,-0.3071571889127932,0.7133683375969784,66,2023-08-06,2026-08-05,ok,,1000,432,175,136,2,True,-0.8253289557179879,-0.3071571889127932,-0.8253289557179878,True,0.432,136,-0.3071571889127932,0.0,0.0,1,1,True,True,True,1.4663767341361262,0.39839422515811135,0.27100418051315084,17,17,1.4663767341361262,1.1569464359718504,0.8253289557179879,0.9999994140027975,0.44451640849001706,0.011609631590545177,0.011609631590545177,0.011609631590545177,0.0037388972479311753,0.823713127686724,0.11021506847857565,0.11021506847857565,0.6889354880337865,0.6889354880337865,0.9999915178749446,0.9999915178749446,1.0,1.0,1.0000005304973456,0.12160795531235635,0.001725520589388907,0.001725520589388907,0.001725520589388907,0.910179843468471,12.715856828246615,0.017121836589593875,0.017121836589593875,0.15861093278921046,0.15861093278921046,0.8221848968295704,0.8221848968295704,0.9999999684000452,0.9999999684000452,0.9039561433129614,-4.17194938659668,-4.172471046447754,-4.17194938659668,99,-4.141791343688965,-4.17194938659668,100,100,0.38505090477492371 0.8108861395016167 1.274766337564649 3.0447811714676671,0.2989482719962277 1.0327098568141078 0.57615028235874333 3.4175891966040526,19.840609680861235,0.027768981643021107,0.07997502386569977,19.868378662504256,0.0011241072788834572
e1-v2,N12_i04_Amargin_s45,12,2,4,740c7a03908a,Amargin,0.12954294170129868,0.0,,0.12954294170129868,12.999999999979208,45,lightning_gpu,single,2,100,adam_0.03,0.03,-0.3071571889127932,0.7133683375969784,66,2023-08-06,2026-08-05,ok,,1000,391,227,136,2,True,-0.8253289557179879,-0.3071571889127932,-0.8253289557179878,True,0.391,136,-0.3071571889127932,0.0,0.0,1,1,True,True,True,1.4663767341361262,0.39839422515811135,0.27100418051315084,8,8,1.4663767341361262,1.1569464359718504,0.8253289557179879,0.9999984857093054,0.38626248575747013,0.007185828406363726,0.007185828406363726,0.007185828406363726,0.0634426919238369,1.2226511743941444,0.06957862890157152,0.06957862890157152,0.5138203545081889,0.5138203545081889,0.999262150603907,0.999262150603907,1.0,1.0,1.0000011762225949,0.12049121659947559,0.0032179022673517466,0.0032179022673517466,0.0032179022673517466,2.0621859991098908,32.93570769925611,0.03171702849293767,0.03171702849293767,0.27552576830614717,0.27552576830614717,0.9601682461251161,0.9601682461251161,0.9999999999999899,0.9999999999999899,0.9039561433129614,-4.047331809997559,-4.049249172210693,-4.047331809997559,99,-1.7419462203979492,-4.047331809997559,100,100,1.8005430614133757 1.660303899153966 2.3990779832738145 2.5500080338093531,0.61909135912666757 2.5337342405051686 2.0683522925108737 1.5325915735638964,19.891980196349323,0.027551474049687386,0.0750658717006445,19.91953167039901,0.0011579347774386406
e1-v2,N12_i04_Amargin_s46,12,2,4,740c7a03908a,Amargin,0.12954294170129868,0.0,,0.12954294170129868,12.999999999979208,46,lightning_gpu,single,2,100,adam_0.03,0.03,-0.3071571889127932,0.7133683375969784,66,2023-08-06,2026-08-05,ok,,1000,460,308,136,2,True,-0.8253289557179879,-0.3071571889127932,-0.8253289557179878,True,0.46,136,-0.3071571889127932,0.0,0.0,1,1,True,True,True,1.4663767341361262,0.39839422515811135,0.27100418051315084,5,5,1.4663767341361262,1.1569464359718504,0.8253289557179879,0.9999995469748626,0.4513656497001648,0.005277304444462061,0.005277304444462061,0.005277304444462061,0.2341606463726491,2.489882535276138,0.05153727190740076,0.05153727190740076,0.4108814605320775,0.4108814605320775,0.9949646820214113,0.9949646820214113,1.0,1.0,1.0000000315384199,0.12041403877083212,0.0019160149386152625,0.0019160149386152625,0.0019160149386152625,1.5777584110904372,22.145382882389413,0.018995790535377588,0.018995790535377588,0.17451590616096468,0.17451590616096468,0.8530779115493075,0.8530779115493075,0.9999999953132592,0.9999999953132592,0.9039561433129614,-3.6773533821105957,-3.67879319190979,-3.6845171451568604,75,-2.156221628189087,-3.6845171451568604,100,100,2.8450397427097829 0.24261512621431053 0.85630314278475539 1.9536009066557216,1.264011657296924 0.70624512670953243 0.8528904778271702 2.681305599218152,19.79344544839114,0.027636060491204262,0.07474016584455967,19.821081508882344,0.001130843535065651
e1-v2,N12_i05_Aheur_s42,12,2,5,9c3650a19eba,Aheur,12.999999999974966,0.25134071621934995,51.7226185853215,0.42247766420937366,12.999999999974966,42,lightning_gpu,single,2,100,adam_0.03,0.03,0.13183357119524308,0.6963787541284728,66,2023-08-06,2026-08-05,ok,,1000,180,605,2056,2,True,-51.86816642870462,0.13183357119524308,-51.86816642870462,True,0.18,2056,0.13183357119524308,0.0,0.0,1,1,True,True,True,1.3951242001054784,0.36567873633556525,0.2613951763635049,1,1,1.3951242001054784,74.48269511556008,51.86816642870462,1.000000928037025,0.17773696803487837,0.002589930547401309,0.002589930547401309,0.005215857643634081,3.872981928701247,12.85400288063829,0.02559953245356794,0.02559953245356794,0.22843088191181515,0.22843088191181515,0.9252263867035457,0.9252263867035457,0.9999999999945364,0.9999999999945364,0.999999136896804,0.11595735501032323,0.0017335948068648577,0.0017335948068648577,0.003474604804068804,4.857500303237354,17.42631077387341,0.01720133059018991,0.01720133059018991,0.15929119050077478,0.15929119050077478,0.8236173015008271,0.8236173015008271,0.9999999708552841,0.9999999708552841,53.21409290623708,-1.5384447574615479,-1.5384509563446045,-1.538466453552246,96,-1.5359166860580444,-1.538466453552246,100,100,2.4314546363447995 1.3787772821439981 2.6973649175810768 2.1908462769412909,2.2476340116982456 1.3916606939275733 2.7922181577482403 2.0966279551627438,19.901733015663922,0.027741079218685627,0.07486711628735065,19.929474094882607,0.0012236032634973526
e1-v2,N12_i05_Aheur_s43,12,2,5,9c3650a19eba,Aheur,12.999999999974966,0.25134071621934995,51.7226185853215,0.42247766420937366,12.999999999974966,43,lightning_gpu,single,2,100,adam_0.03,0.03,0.13183357119524308,0.6963787541284728,66,2023-08-06,2026-08-05,ok,,1000,10,829,17,2,True,-51.8007552426664,0.1992447572334639,-51.8007552426664,True,0.01,17,0.1992447572334639,0.09680247370927737,0.0012996639495803436,4,1,False,False,False,1.1237237233558783,0.27344312288735967,0.24244671285726532,0,0,1.3951242001054784,74.48269511556008,51.86816642870462,0.9999988493000274,0.010737843185779639,0.00016163256077561527,0.00016163256077561527,0.00032317161094397306,5.0572630461513075,15.537696559171309,0.0016151504855209664,0.0016151504855209664,0.016034617045075805,0.016034617045075805,0.14925736671833334,0.14925736671833334,0.8013987527654147,0.8013987527654147,0.9999999868726945,0.22257926547899842,0.003373960731551051,0.003373960731551051,0.006749668624252081,5.865476013470782,21.74642347857116,0.03323192665916963,0.03323192665916963,0.28678084620277466,0.28678084620277466,0.9659411501328187,0.9659411501328187,0.9999999999999979,0.9999999999999979,53.21409290623708,-0.8605841398239136,-0.860572099685669,-0.8605862855911255,98,-0.8603540062904358,-0.8605862855911255,100,100,2.0492585716432195 0.13752423515278736 0.062924802978478217 2.6364640840167701,1.8805615662104445 -0.021141774065336242 0.12100608412171024 2.8075351725454287,19.957340200431645,0.028025761246681213,0.07499650865793228,19.985365961678326,0.0011458713561296463
e1-v2,N12_i05_Aheur_s44,12,2,5,9c3650a19eba,Aheur,12.999999999974966,0.25134071621934995,51.7226185853215,0.42247766420937366,12.999999999974966,44,lightning_gpu,single,2,100,adam_0.03,0.03,0.13183357119524308,0.6963787541284728,66,2023-08-06,2026-08-05,ok,,1000,488,217,2056,2,True,-51.86816642870462,0.13183357119524308,-51.86816642870462,True,0.488,2056,0.13183357119524308,0.0,0.0,1,1,True,True,True,1.3951242001054784,0.36567873633556525,0.2613951763635049,9,9,1.3951242001054784,74.48269511556008,51.86816642870462,0.9999997084414254,0.4927637674845755,0.0075268917717039585,0.0075268917717039585,0.015042173210531473,0.5424168554611629,0.658558401044921,0.07276998675763258,0.07276998675763258,0.5302413266939179,0.5302413266939179,0.9994767032064407,0.9994767032064407,1.0,1.0,1.000001241787686,0.11920964391902089,0.0018109229858964682,0.0018109229858964682,0.0036162055330350995,3.4752640282321865,11.762229074854986,0.01796236537067264,0.01796236537067264,0.16577862060087067,0.16577862060087067,0.8367650474301921,0.8367650474301921,0.9999999865682817,0.9999999865682817,53.21409290623708,-4.579408645629883,-4.580330848693848,-4.579408645629883,99,-4.3411545753479,-4.579408645629883,100,100,0.38505090477492371 0.8108861395016167 1.274766337564649 3.0447811714676671,0.2146681437428947 0.76301854702451555 0.50625971449565343 3.4108180325343076,19.842360264621675,0.027910119853913784,0.07637556083500385,19.87027038447559,0.0010573063045740128
e1-v2,N12_i05_Aheur_s45,12,2,5,9c3650a19eba,Aheur,12.999999999974966,0.25134071621934995,51.7226185853215,0.42247766420937366,12.999999999974966,45,lightning_gpu,single,2,100,adam_0.03,0.03,0.13183357119524308,0.6963787541284728,66,2023-08-06,2026-08-05,ok,,1000,90,568,2056,2,True,-51.86816642870462,0.13183357119524308,-51.86816642870462,True,0.09,2056,0.13183357119524308,0.0,0.0,1,1,True,True,True,1.3951242001054784,0.36567873633556525,0.2613951763635049,2,2,1.3951242001054784,74.48269511556008,51.86816642870462,0.999999688774551,0.10816470452118665,0.0017636922420933843,0.0017636922420933843,0.0034875430865213275,3.207685304039698,10.591037512844196,0.017497601267788543,0.017497601267788543,0.16182212345105285,0.16182212345105285,0.8288558984790482,0.8288558984790482,0.9999999784414594,0.9999999784414594,1.0000015630148482,0.06818544026464224,0.0010411030380055308,0.0010411030380055308,0.0020796091994270682,6.546521482110581,24.78827161768004,0.01036239024817276,0.01036239024817276,0.09892297458568089,0.09892297458568089,0.6471264008431645,0.6471264008431645,0.9999700641447022,0.9999700641447022,53.21409290623708,-2.1037259101867676,-2.103780746459961,-2.1046504974365234,93,-2.020719051361084,-2.1046504974365234,100,100,1.8005430614133757 1.660303899153966 2.3990779832738145 2.5500080338093531,1.6031574170796485 2.4874601099087856 2.6630711154509066 2.4685496959163182,19.935326016508043,0.029478082433342934,0.07974955253303051,19.964804098941386,0.0011614533141255379
e1-v2,N12_i05_Aheur_s46,12,2,5,9c3650a19eba,Aheur,12.999999999974966,0.25134071621934995,51.7226185853215,0.42247766420937366,12.999999999974966,46,lightning_gpu,single,2,100,adam_0.03,0.03,0.13183357119524308,0.6963787541284728,66,2023-08-06,2026-08-05,ok,,1000,290,253,2056,2,True,-51.86816642870462,0.13183357119524308,-51.86816642870462,True,0.29,2056,0.13183357119524308,0.0,0.0,1,1,True,True,True,1.3951242001054784,0.36567873633556525,0.2613951763635049,4,4,1.3951242001054784,74.48269511556008,51.86816642870462,0.9999995904380512,0.2809489984065294,0.004565697629004717,0.004565697629004717,0.00901221763342619,0.48962039745613484,1.4439859488152536,0.04473025472913261,0.04473025472913261,0.3672090891616284,0.3672090891616284,0.989705569522686,0.989705569522686,1.0,1.0,1.0000002056613084,0.011550083669135347,0.00016959037748165429,0.00016959037748165429,0.00033903955772984773,7.341809123260165,28.412275659414263,0.0016946101196253505,0.0016946101196253505,0.016817456782507012,0.016817456782507012,0.15600166704150065,0.15600166704150065,0.8165930079981287,0.8165930079981287,53.21409290623708,-4.395772933959961,-4.389444351196289,-4.479762077331543,92,-0.5562669634819031,-4.479762077331543,100,100,2.8450397427097829 0.24261512621431053 0.85630314278475539 1.9536009066557216,1.8101979353112465 -1.8035399535802734 1.5590543245646655 2.150760619136515,19.888302237726748,0.027689428068697453,0.07496262807399035,19.915991665795445,0.0010539619252085686
e1-v2,N12_i05_Amargin_s42,12,2,5,9c3650a19eba,Amargin,0.42247766420937366,0.25134071621934995,1.6808962374431573,0.42247766420937366,12.999999999974966,42,lightning_gpu,single,2,100,adam_0.03,0.03,0.13183357119524308,0.6963787541284728,66,2023-08-06,2026-08-05,ok,,1000,223,477,2056,2,True,-1.5580770856422514,0.13183357119524308,-1.5580770856422517,True,0.223,2056,0.13183357119524308,0.0,0.0,1,1,True,True,True,1.3951242001054784,0.36567873633556525,0.2613951763635049,1,1,1.3951242001054784,2.2373989390187607,1.5580770856422514,0.9999996088525736,0.22853220777687966,0.0007113464525900781,0.0007113464525900781,0.0017481042887084186,3.4576707232251103,11.980372136685943,0.007090737046406059,0.007090737046406059,0.06868709069375234,0.06868709069375234,0.5091415978925629,0.5091415978925629,0.999187988288808,0.999187988288808,0.9999985697915292,0.2502813243481796,0.0003908673534169793,0.0003908673534169793,0.0010783246252685785,3.821754348730436,12.687359301698955,0.003901805717190454,0.003901805717190454,0.03834005294526077,0.03834005294526077,0.3235818046049499,0.3235818046049499,0.9799482253860066,0.9799482253860066,2.9040035631747116,-1.8423465490341187,-1.8423486948013306,-1.8423506021499634,93,-1.8421369791030884,-1.8423506021499634,100,100,2.4314546363447995 1.3787772821439981 2.6973649175810768 2.1908462769412909,2.3997905628756109 1.4734771866627103 2.7396214628448168 2.3248046472324471,20.002205447293818,0.027835117653012276,0.07503160927444696,20.03004056494683,0.0011379308998584747
e1-v2,N12_i05_Amargin_s43,12,2,5,9c3650a19eba,Amargin,0.42247766420937366,0.25134071621934995,1.6808962374431573,0.42247766420937366,12.999999999974966,43,lightning_gpu,single,2,100,adam_0.03,0.03,0.13183357119524308,0.6963787541284728,66,2023-08-06,2026-08-05,ok,,1000,22,841,2056,2,True,-1.5580770856422514,0.13183357119524308,-1.5580770856422517,True,0.022,2056,0.13183357119524308,0.0,0.0,1,1,True,True,True,1.3951242001054784,0.36567873633556525,0.2613951763635049,1,1,1.3951242001054784,2.2373989390187607,1.5580770856422514,1.0000000560112312,0.02039196089026518,0.00029316512518562376,0.00029316512518562376,0.0005843160324729979,4.68261602359563,14.322848685455028,0.0029277867132844193,0.0029277867132844193,0.02889512629549984,0.02889512629549984,0.254133095192282,0.254133095192282,0.9467139690055397,0.9467139690055397,0.999999794354153,0.17994065955281258,0.0027023940347135067,0.0027023940347135067,0.005435164552181959,4.879737035837849,16.64995033514424,0.026697665423606076,0.026697665423606076,0.2370823702791961,0.2370823702791961,0.9331999929768807,0.9331999929768807,0.9999999999982309,0.9999999999982309,2.9040035631747116,-1.0797488689422607,-1.0797531604766846,-1.0797580480575562,97,-1.079504132270813,-1.0797580480575562,100,100,2.0492585716432195 0.13752423515278736 0.062924802978478217 2.6364640840167701,2.1573748885294135 -0.031209692262614944 0.13496028197378496 2.7331235789484896,19.81353805679828,0.02825481165200472,0.07492010481655598,19.841792868450284,0.0011711912229657173
e1-v2,N12_i05_Amargin_s44,12,2,5,9c3650a19eba,Amargin,0.42247766420937366,0.25134071621934995,1.6808962374431573,0.42247766420937366,12.999999999974966,44,lightning_gpu,single,2,100,adam_0.03,0.03,0.13183357119524308,0.6963787541284728,66,2023-08-06,2026-08-05,ok,,1000,407,139,2056,2,True,-1.5580770856422514,0.13183357119524308,-1.5580770856422517,True,0.407,2056,0.13183357119524308,0.0,0.0,1,1,True,True,True,1.3951242001054784,0.36567873633556525,0.2613951763635049,5,5,1.3951242001054784,2.2373989390187607,1.5580770856422514,0.9999991935895691,0.40892861410975456,0.00784014817327261,0.00784014817327261,0.01526670204475522,0.2873177555068085,0.9067331025023115,0.0756924692680736,0.0756924692680736,0.5448391347298986,0.5448391347298986,0.9996183641684899,0.9996183641684899,1.0,1.0,1.0000001311200322,0.12367244123015553,0.0019494207808747888,0.0019494207808747888,0.0037877392023801804,3.6741046541112414,12.200223423969874,0.019324082913247387,0.019324082913247387,0.17727422658808256,0.17727422658808256,0.8579140857779056,0.8579140857779056,0.9999999966464077,0.9999999966464077,2.9040035631747116,-4.544456481933594,-4.545064449310303,-4.544456481933594,99,-4.461578845977783,-4.544456481933594,100,100,0.38505090477492371 0.8108861395016167 1.274766337564649 3.0447811714676671,0.2901693408404673 0.97597997783086265 0.51805863517165562 3.4228294996250392,19.99153307825327,0.027657550759613514,0.07553814351558685,20.019190629012883,0.0011025937274098396
e1-v2,N12_i05_Amargin_s45,12,2,5,9c3650a19eba,Amargin,0.42247766420937366,0.25134071621934995,1.6808962374431573,0.42247766420937366,12.999999999974966,45,lightning_gpu,single,2,100,adam_0.03,0.03,0.13183357119524308,0.6963787541284728,66,2023-08-06,2026-08-05,ok,,1000,100,518,2064,2,True,-1.53744941725105,0.15246123958644464,-1.53744941725105,True,0.1,2064,0.15246123958644464,0.029621335040609268,0.013239183466136834,2,1,False,False,True,1.3871554782995212,0.36923496267614736,0.26546048257514526,0,0,1.3951242001054784,2.2373989390187607,1.5580770856422514,1.0000007661940449,0.1021489289123565,0.000360260863089934,0.000360260863089934,0.0007248956535477191,3.3705893548412345,10.721045337721606,0.003596773783236751,0.003596773783236751,0.03539113134503824,0.03539113134503824,0.3025509207595073,0.3025509207595073,0.9727651459274805,0.9727651459274805,1.0000000833654576,0.14904730694252066,0.0032681224402040243,0.0032681224402040243,0.006418291246518493,7.713014057438621,31.196160398346333,0.03220476111758985,0.03220476111758985,0.2791667479545793,0.2791667479545793,0.9621253939351889,0.9621253939351889,0.9999999999999939,0.9999999999999939,2.9040035631747116,-2.0547423362731934,-2.0555477142333984,-2.0598134994506836,88,-1.3166446685791016,-2.0598134994506836,100,100,1.8005430614133757 1.660303899153966 2.3990779832738145 2.5500080338093531,2.2010229743049914 3.2869555392175549 2.6781885835126067 2.5612017599554493,19.799827490001917,0.028230554424226284,0.07521551940590143,19.828058044426143,0.0012641595676541328
e1-v2,N12_i05_Amargin_s46,12,2,5,9c3650a19eba,Amargin,0.42247766420937366,0.25134071621934995,1.6808962374431573,0.42247766420937366,12.999999999974966,46,lightning_gpu,single,2,100,adam_0.03,0.03,0.13183357119524308,0.6963787541284728,66,2023-08-06,2026-08-05,ok,,1000,428,274,2056,2,True,-1.5580770856422514,0.13183357119524308,-1.5580770856422517,True,0.428,2056,0.13183357119524308,0.0,0.0,1,1,True,True,True,1.3951242001054784,0.36567873633556525,0.2613951763635049,4,4,1.3951242001054784,2.2373989390187607,1.5580770856422514,1.0000000870134045,0.4287088857963681,0.005301759112626314,0.005301759112626314,0.010998526122421026,0.9895676099215629,2.272572179476356,0.05177042005579802,0.05177042005579802,0.4123280124817357,0.4123280124817357,0.9950869645532499,0.9950869645532499,1.0,1.0,1.0000000899513282,0.08227493477170356,0.0008754528244026005,0.0008754528244026005,0.0016898165922611952,6.779057390355031,24.693877622984274,0.008720119842152707,0.008720119842152707,0.08385774459255746,0.08385774459255746,0.5834864383944217,0.5834864383944217,0.9998428582934596,0.9998428582934596,2.9040035631747116,-4.105213642120361,-4.104543209075928,-4.110779762268066,82,-1.5386936664581299,-4.110779762268066,100,100,2.8450397427097829 0.24261512621431053 0.85630314278475539 1.9536009066557216,1.2080726270012787 0.66099965747603862 0.8800369582156784 2.6759590406012572,19.931052341125906,0.0283140791580081,0.07677715830504894,19.959366420283914,0.0012045865878462791
e1-v2,N12_i06_Aheur_s42,12,2,6,61cd771b698a,Aheur,12.999999999975014,0.24575293206339022,52.898656755890734,0.44182107852103675,12.999999999975014,42,lightning_gpu,single,2,100,adam_0.03,0.03,0.1612028492881744,0.9042243763176306,66,2023-08-06,2026-08-05,ok,,1000,204,606,18,2,True,-51.83879715061188,0.1612028492881744,-51.838797150611875,True,0.204,18,0.1612028492881744,0.0,0.0,1,1,True,True,True,1.0149862954812678,0.2592541011299535,0.25444097351826733,5,3,1.0149862954812678,57.32957273472381,51.83879715061188,1.000000056866611,0.17892855126410723,0.0026045723352581263,0.005242356564849615,0.01316720456816256,3.1434798431335715,12.86713653256811,0.05120399307126189,0.02574256311812473,0.4088080896989428,0.2295627078823439,0.994784633576642,0.9263160394393355,1.0,0.9999999999952823,0.9999985765180099,0.11559866461902857,0.0017323148204013705,0.0034618787467479706,0.0086129957344383,3.860566150621286,17.43429456787635,0.03408442893908692,0.017188728981590518,0.293045160577731,0.15918338719373426,0.9688170845143903,0.8233909970566173,0.9999999999999991,0.999999970479182,52.97640523221024,-1.5339590311050415,-1.5339616537094116,-1.533982515335083,97,-1.5311874151229858,-1.533982515335083,100,100,2.4314546363447995 1.3787772821439981 2.6973649175810768 2.1908462769412909,2.2479988273594214 1.3923742538167567 2.7927815405461591 2.0953365475696173,19.877666826359928,0.029045334085822105,0.07466175127774477,19.90671216044575,0.0011790357530117035
e1-v2,N12_i06_Aheur_s43,12,2,6,61cd771b698a,Aheur,12.999999999975014,0.24575293206339022,52.898656755890734,0.44182107852103675,12.999999999975014,43,lightning_gpu,single,2,100,adam_0.03,0.03,0.1612028492881744,0.9042243763176306,66,2023-08-06,2026-08-05,ok,,1000,9,832,130,2,True,-51.809335717558675,0.19066428234137744,-51.80933571755867,True,0.009,130,0.19066428234137744,0.03258199383341331,0.0005683278677860929,5,1,False,False,True,1.1706185351511178,0.33708780312813136,0.28710275212304326,0,0,1.0149862954812678,57.32957273472381,51.83879715061188,0.9999989526322679,0.0107192939176457,0.00016113952733576298,0.00032216685940511525,0.000805512914666906,4.101236663014859,15.544492007109511,0.0032170019875324973,0.0016102273076857854,0.03170828305937179,0.01598609523445349,0.2754603318689991,0.14883775099750662,0.9601322544004146,0.8004170055823656,1.0000005617293937,0.2222510357387364,0.003370696445927024,0.006742777302861214,0.01685787970200181,4.609879718496213,21.76098440741589,0.0654182026589083,0.033200261285066146,0.49163788127922714,0.2865472050535045,0.9988472588131153,0.965829413234267,1.0,0.9999999999999978,52.97640523221024,-0.8588873744010925,-0.8588759899139404,-0.8588898777961731,98,-0.8586457967758179,-0.8588898777961731,100,100,2.0492585716432195 0.13752423515278736 0.062924802978478217 2.6364640840167701,1.8802142479531261 -0.02110243898428454 0.12117009292208675 2.8076149989899264,19.891761190257967,0.028211302123963833,0.07987903896719217,19.91997249238193,0.0011909082531929016
e1-v2,N12_i06_Aheur_s44,12,2,6,61cd771b698a,Aheur,12.999999999975014,0.24575293206339022,52.898656755890734,0.44182107852103675,12.999999999975014,44,lightning_gpu,single,2,100,adam_0.03,0.03,0.1612028492881744,0.9042243763176306,66,2023-08-06,2026-08-05,ok,,1000,488,223,18,2,True,-51.83879715061188,0.1612028492881744,-51.838797150611875,True,0.488,18,0.1612028492881744,0.0,0.0,1,1,True,True,True,1.0149862954812678,0.2592541011299535,0.25444097351826733,15,7,1.0149862954812678,57.32957273472381,51.83879715061188,1.0000013883542067,0.492644477635622,0.007534980773925781,0.015057248994708061,0.03760137781500816,0.593219317934121,0.6587143306086993,0.1407691093418293,0.07284555646822088,0.7806696044566291,0.5306240419833166,0.9999997423748733,0.999480950941482,1.0,1.0,1.0000010377407307,0.11917800060473382,0.0018098970176652074,0.0036144598852843046,0.009028954664245248,2.8230396973363945,11.763897912001994,0.035562335209355145,0.01795227165097213,0.30378780193405464,0.16569287249967435,0.973244302251091,0.8365971835554362,0.9999999999999998,0.9999999864295147,52.97640523221024,-4.577025890350342,-4.577956676483154,-4.577025890350342,99,-4.33644962310791,-4.577025890350342,100,100,0.38505090477492371 0.8108861395016167 1.274766337564649 3.0447811714676671,0.21436185531989099 0.76249688149254979 0.50648383009292719 3.4108745728381877,19.932561500929296,0.029381979256868362,0.07511928584426641,19.961943480186164,0.0011606337502598763
e1-v2,N12_i06_Aheur_s45,12,2,6,61cd771b698a,Aheur,12.999999999975014,0.24575293206339022,52.898656755890734,0.44182107852103675,12.999999999975014,45,lightning_gpu,single,2,100,adam_0.03,0.03,0.1612028492881744,0.9042243763176306,66,2023-08-06,2026-08-05,ok,,1000,101,568,48,2,True,-51.8318731739984,0.1681268259016523,-51.831873173998396,True,0.101,48,0.1681268259016523,0.007657365577419099,0.00013356746286687617,2,1,False,True,True,1.128174476410969,0.3104087979677689,0.2742561584552797,3,0,1.0149862954812678,57.32957273472381,51.83879715061188,1.000000371981514,0.10958618170116097,0.0018019764684140682,0.0035660979337990284,0.008835882181301713,2.619432917667197,10.569365959250717,0.03509412010106028,0.017874344258939745,0.30040043794661564,0.16503059715836677,0.9719136509141295,0.835295444213514,0.9999999999999997,0.9999999853088389,1.0000008391880328,0.06755396141670644,0.0010320828296244144,0.00206267845351249,0.005157371750101447,5.1152780329320935,24.77878567215248,0.020436374950090874,0.010273026209072555,0.18655817792127471,0.09810897347647807,0.8731574473515957,0.6439256757182229,0.9999999989219231,0.9999672352704088,52.97640523221024,-2.107614517211914,-2.107708215713501,-2.108499050140381,93,-2.025444269180298,-2.108499050140381,100,100,1.8005430614133757 1.660303899153966 2.3990779832738145 2.5500080338093531,1.6032456685601093 2.4872055735701548 2.6632924759511063 2.4680854487636839,19.707995876669884,0.02815175987780094,0.07526103034615517,19.736147636547685,0.0011874297633767128
e1-v2,N12_i06_Aheur_s46,12,2,6,61cd771b698a,Aheur,12.999999999975014,0.24575293206339022,52.898656755890734,0.44182107852103675,12.999999999975014,46,lightning_gpu,single,2,100,adam_0.03,0.03,0.1612028492881744,0.9042243763176306,66,2023-08-06,2026-08-05,ok,,1000,294,245,18,2,True,-51.83879715061188,0.1612028492881744,-51.838797150611875,True,0.294,18,0.1612028492881744,0.0,0.0,1,1,True,True,True,1.0149862954812678,0.2592541011299535,0.25444097351826733,7,2,1.0149862954812678,57.32957273472381,51.83879715061188,1.0000008190593803,0.2818817680235952,0.004624688532203436,0.00912825670093298,0.022550582885742188,0.5235263777258762,1.4416852108747662,0.08762277016355657,0.045296210709260265,0.6002905825400575,0.3709481221381741,0.9998959016593275,0.9902979249100075,1.0,1.0,1.0000004825988071,0.011530984527780674,0.00016945452080108225,0.00033895477827172726,0.0008509095205226913,5.691252294327575,28.41273023361191,0.0033843823876850143,0.0016932536241828222,0.033333016234709634,0.01680409723534315,0.2875262690967756,0.15588697699651133,0.9662954475856387,0.8163436257080745,52.97640523221024,-4.393960475921631,-4.387131690979004,-4.477564811706543,92,-0.5498947501182556,-4.477564811706543,100,100,2.8450397427097829 0.24261512621431053 0.85630314278475539 1.9536009066557216,1.8102422118773407 -1.8025942935402961 1.5590316228902006 2.1505934471143915,19.863556653261185,0.028035439550876617,0.0749757019802928,19.89159209281206,0.0011844336986541748
e1-v2,N12_i06_Amargin_s42,12,2,6,61cd771b698a,Amargin,0.44182107852103675,0.24575293206339022,1.7978262754035916,0.44182107852103675,12.999999999975014,42,lightning_gpu,single,2,100,adam_0.03,0.03,0.1612028492881744,0.9042243763176306,66,2023-08-06,2026-08-05,ok,,1000,248,478,144,2,True,-1.5893210920014027,0.1779632220827443,-1.5893210920014025,True,0.248,144,0.1779632220827443,0.018535634775546452,0.010435568283392786,3,1,False,False,True,1.310535097105537,0.40240912687901276,0.30629406855685865,0,0,1.0149862954812678,1.7761979292535657,1.6060814647959725,0.999999753062248,0.2544049670837012,0.0004467391991056502,0.0014687054208479822,0.005187673668842763,2.796380371164095,12.20171707379064,0.01459036410702419,0.004458421765661802,0.13668746379661423,0.043700281202333824,0.7700250814677831,0.36035312760707583,0.9999995861864218,0.988534241051941,0.9999986617912253,0.2267156978487037,0.0002550435019657016,0.000921312952414155,0.003277854950283654,3.04968880149442,12.825123099473444,0.009175026426165744,0.002547509886096977,0.08805332608777572,0.025185032686950493,0.6021728331058511,0.22514241754569697,0.999900701115487,0.9219776777783938,2.7436895463943314,-1.7813124656677246,-1.7813122272491455,-1.7813152074813843,98,-1.7811790704727173,-1.7813152074813843,100,100,2.4314546363447995 1.3787772821439981 2.6973649175810768 2.1908462769412909,2.4358326299378019 1.4777068450601114 2.7356729931593025 2.3022809195976834,20.016110594384372,0.02751774527132511,0.07870493736118078,20.043628339655697,0.0010545840486884117
e1-v2,N12_i06_Amargin_s43,12,2,6,61cd771b698a,Amargin,0.44182107852103675,0.24575293206339022,1.7978262754035916,0.44182107852103675,12.999999999975014,43,lightning_gpu,single,2,100,adam_0.03,0.03,0.1612028492881744,0.9042243763176306,66,2023-08-06,2026-08-05,ok,,1000,19,821,48,2,True,-1.5991574881824948,0.1681268259016523,-1.5991574881824948,True,0.019,48,0.1681268259016523,0.007657365577419099,0.004311099259437292,2,1,False,True,True,1.128174476410969,0.3104087979677689,0.2742561584552797,2,0,1.0149862954812678,1.7761979292535657,1.6060814647959725,0.9999997274885573,0.020158939791144803,0.0002956337411887944,0.0005810616421513259,0.0014181914157234132,3.810270488545621,14.302118259569397,0.005795446471396293,0.0029524075419647966,0.05646616379967406,0.02913489579054318,0.4407901780289927,0.25597262424614786,0.9970094717618606,0.9480136707799334,0.999999246504558,0.18537307740189135,0.0031563800293952227,0.006145647261291742,0.014752573100849986,3.900334426873965,16.80141460518462,0.05978442491463054,0.031119230000160814,0.46014837631923633,0.271040562913079,0.9978974607150535,0.9576324230469693,1.0,0.9999999999999813,2.7436895463943314,-1.0735499858856201,-1.0735465288162231,-1.0735511779785156,98,-1.073483943939209,-1.0735511779785156,100,100,2.0492585716432195 0.13752423515278736 0.062924802978478217 2.6364640840167701,2.1656661019690668 -0.028995564241686967 0.13555748092202433 2.7375527008624596,19.743842127732933,0.028254698030650616,0.07940338924527168,19.772096825763583,0.0011420221999287605
e1-v2,N12_i06_Amargin_s44,12,2,6,61cd771b698a,Amargin,0.44182107852103675,0.24575293206339022,1.7978262754035916,0.44182107852103675,12.999999999975014,44,lightning_gpu,single,2,100,adam_0.03,0.03,0.1612028492881744,0.9042243763176306,66,2023-08-06,2026-08-05,ok,,1000,434,129,18,2,True,-1.6060814647959725,0.1612028492881744,-1.6060814647959727,True,0.434,18,0.1612028492881744,0.0,0.0,1,1,True,True,True,1.0149862954812678,0.2592541011299535,0.25444097351826733,22,9,1.0149862954812678,1.7761979292535657,1.6060814647959725,1.0000001106106957,0.41908396501094103,0.008549087680876255,0.01656657550483942,0.03970124339684844,0.3620611416777797,0.8830046904374562,0.153845539604881,0.08227583512948056,0.8118533538335235,0.5762383275671423,0.9999999444140782,0.9998132688639858,1.0,1.0,1.000000790139893,0.1231347534339875,0.0019424146739766002,0.003776835626922548,0.009297031327150762,3.003113860243177,12.274696916530957,0.037132876756410305,0.019255239334632024,0.31504256955241383,0.17669648952694705,0.9772680960261932,0.8569131667976607,1.0,0.9999999964025338,2.7436895463943314,-4.490560054779053,-4.491223335266113,-4.490560054779053,99,-4.41449499130249,-4.490560054779053,100,100,0.38505090477492371 0.8108861395016167 1.274766337564649 3.0447811714676671,0.28701906044549896 0.98069216360831568 0.52555149424259073 3.4223837452657033,19.986894324421883,0.02763216197490692,0.07918617129325867,20.01452648639679,0.0010453620925545692
e1-v2,N12_i06_Amargin_s45,12,2,6,61cd771b698a,Amargin,0.44182107852103675,0.24575293206339022,1.7978262754035916,0.44182107852103675,12.999999999975014,45,lightning_gpu,single,2,100,adam_0.03,0.03,0.1612028492881744,0.9042243763176306,66,2023-08-06,2026-08-05,ok,,1000,162,487,18,2,True,-1.6060814647959725,0.1612028492881744,-1.6060814647959727,True,0.162,18,0.1612028492881744,0.0,0.0,1,1,True,True,True,1.0149862954812678,0.2592541011299535,0.25444097351826733,2,1,1.0149862954812678,1.7761979292535657,1.6060814647959725,0.9999991875632723,0.16420385683886707,0.002618997124955058,0.004873367492109537,0.011211955919861794,2.575613573629748,9.99804450581281,0.047678709106837136,0.025883455523174725,0.3864712213329613,0.23067615229718297,0.9924430005776782,0.9273740292826614,1.0,0.9999999999959176,1.0000007325917153,0.14980732830008492,0.003431234508752823,0.006617271341383457,0.016367439879104495,6.120929784132128,32.75903063096274,0.06423661240822598,0.033787362100351825,0.4851739770774439,0.2908679130406524,0.998692008532912,0.9678433077974555,1.0,0.9999999999999988,2.7436895463943314,-2.216602325439453,-2.216632843017578,-2.2211663722991943,91,-1.3886171579360962,-2.2211663722991943,100,100,1.8005430614133757 1.660303899153966 2.3990779832738145 2.5500080338093531,2.218333609279012 3.3557941174975867 2.6847148473836087 2.5452130219267608,19.865185423754156,0.027730148285627365,0.07464195601642132,19.892915572039783,0.001175612211227417
e1-v2,N12_i06_Amargin_s46,12,2,6,61cd771b698a,Amargin,0.44182107852103675,0.24575293206339022,1.7978262754035916,0.44182107852103675,12.999999999975014,46,lightning_gpu,single,2,100,adam_0.03,0.03,0.1612028492881744,0.9042243763176306,66,2023-08-06,2026-08-05,ok,,1000,417,268,18,2,True,-1.6060814647959725,0.1612028492881744,-1.6060814647959727,True,0.417,18,0.1612028492881744,0.0,0.0,1,1,True,True,True,1.0149862954812678,0.2592541011299535,0.25444097351826733,9,6,1.0149862954812678,1.7761979292535657,1.6060814647959725,0.9999993056396761,0.43746783351525664,0.005259883124381304,0.010921021923422813,0.028482395224273205,0.9153673157837754,2.3463773708385816,0.10399648273621609,0.051371147467383915,0.6664989966125467,0.40984879833589527,0.9999829795338994,0.9948757187570956,1.0,1.0,1.0000003479872817,0.0770318404538557,0.001210414688102901,0.0021558934822678566,0.004541172296740115,5.247446531657177,25.188365790110822,0.021350978285256783,0.012038429569606213,0.19412132621919032,0.11406773635060385,0.8844695059525912,0.702144804473407,0.9999999995763899,0.999994503935769,2.7436895463943314,-4.055560111999512,-4.053905487060547,-4.057455062866211,97,-1.9806159734725952,-4.057455062866211,100,100,2.8450397427097829 0.24261512621431053 0.85630314278475539 1.9536009066557216,1.2550473809950629 0.65647480256748869 0.90854350728311295 2.6445994726092752,19.815825443714857,0.027980826795101166,0.07633970770984888,19.84380627050996,0.0011673551052808762
e1-v2,N12_i07_Aheur_s42,12,2,7,6ae2087493d3,Aheur,12.999999999974966,0.0,,0.2451029175931008,12.999999999974966,42,lightning_gpu,single,2,100,adam_0.03,0.03,-0.2433183778032576,1.1416497313076124,66,2023-08-06,2026-08-05,ok,,1000,184,621,2052,2,True,-52.24331837770312,-0.2433183778032576,-52.24331837770312,True,0.184,2052,-0.2433183778032576,0.0,0.0,1,1,True,True,True,1.7210190677255686,0.4105310771456001,0.23795847752391283,2,2,1.7210190677255686,45.76124965917974,52.24331837770312,1.000000085836291,0.18167905625887215,0.002615696983411908,0.002615696983411908,0.005253949668258429,2.5251961908056533,12.894788522364252,0.025851223403919432,0.025851223403919432,0.23042155616390214,0.23042155616390214,0.9271333263385809,0.9271333263385809,0.9999999999957803,0.9999999999957803,0.99999887305421,0.1142601037863642,0.001690021948888898,0.001690021948888898,0.0033805009443312883,3.1784129989425383,17.521058422222268,0.016772269180435173,0.016772269180435173,0.15561368059994873,0.15561368059994873,0.8157481389018552,0.8157481389018552,0.9999999549059925,0.9999999549059925,52.82132507196758,-1.526713490486145,-1.5267083644866943,-1.526731252670288,97,-1.5244351625442505,-1.526731252670288,100,100,2.4314546363447995 1.3787772821439981 2.6973649175810768 2.1908462769412909,2.2454104706885607 1.391983117865484 2.7941999143240417 2.0924358112393069,20.05199613235891,0.02951721753925085,0.07496336381882429,20.08151334989816,0.0011889012530446053
e1-v2,N12_i07_Aheur_s43,12,2,7,6ae2087493d3,Aheur,12.999999999974966,0.0,,0.2451029175931008,12.999999999974966,43,lightning_gpu,single,2,100,adam_0.03,0.03,-0.2433183778032576,1.1416497313076124,66,2023-08-06,2026-08-05,ok,,1000,12,826,2052,2,True,-52.24331837770312,-0.2433183778032576,-52.24331837770312,True,0.012,2052,-0.2433183778032576,0.0,0.0,1,1,True,True,True,1.7210190677255686,0.4105310771456001,0.23795847752391283,1,1,1.7210190677255686,45.76124965917974,52.24331837770312,1.0000005869396773,0.010678142847609706,0.00016011645493563265,0.00016011645493563265,0.0003202402003807947,3.28644764234402,15.560409831148718,0.0016000113642510305,0.0016000113642510305,0.015885402162869378,0.015885402162869378,0.1479663647539068,0.1479663647539068,0.7983643149831149,0.7983643149831149,0.9999997366520574,0.22209311975166202,0.0033703779336065054,0.0033703779336065054,0.006741750054061413,3.840444684875113,21.838062963375705,0.033197171489592336,0.033197171489592336,0.28652440348631736,0.28652440348631736,0.9658184909279913,0.9658184909279913,0.9999999999999978,0.9999999999999978,52.82132507196758,-0.856264591217041,-0.8562555313110352,-0.8562650084495544,98,-0.855913519859314,-0.8562650084495544,100,100,2.0492585716432195 0.13752423515278736 0.062924802978478217 2.6364640840167701,1.8766086141954099 -0.021092450905455397 0.12118425066381555 2.8081030266536957,19.755740635097027,0.028223874978721142,0.07967341225594282,19.783964510075748,0.0011816676706075668
e1-v2,N12_i07_Aheur_s44,12,2,7,6ae2087493d3,Aheur,12.999999999974966,0.0,,0.2451029175931008,12.999999999974966,44,lightning_gpu,single,2,100,adam_0.03,0.03,-0.2433183778032576,1.1416497313076124,66,2023-08-06,2026-08-05,ok,,1000,470,233,2052,2,True,-52.24331837770312,-0.2433183778032576,-52.24331837770312,True,0.47,2052,-0.2433183778032576,0.0,0.0,1,1,True,True,True,1.7210190677255686,0.4105310771456001,0.23795847752391283,8,8,1.7210190677255686,45.76124965917974,52.24331837770312,0.9999992446752302,0.4923630650155246,0.007548063062131405,0.007548063062131405,0.015084562823176384,0.33289276238464205,0.6592206281119068,0.07296776311485231,0.07296776311485231,0.5312423516007284,0.5312423516007284,0.9994877479928007,0.9994877479928007,1.0,1.0,1.0000019424187485,0.11906583688687533,0.001809567678719759,0.001809567678719759,0.0036156357964500785,2.2529737567385277,11.755453518439026,0.01794903151622762,0.01794903151622762,0.16566534524647136,0.16566534524647136,0.836543262182216,0.836543262182216,0.9999999863846668,0.9999999863846668,52.82132507196758,-4.578598976135254,-4.57952880859375,-4.578598976135254,99,-4.332018852233887,-4.578598976135254,100,100,0.38505090477492371 0.8108861395016167 1.274766337564649 3.0447811714676671,0.21328548812624343 0.76024596496812147 0.50710900147685611 3.4110684471799124,20.04667671211064,0.029540851712226868,0.07825696002691984,20.076217563822865,0.0011471258476376534
e1-v2,N12_i07_Aheur_s45,12,2,7,6ae2087493d3,Aheur,12.999999999974966,0.0,,0.2451029175931008,12.999999999974966,45,lightning_gpu,single,2,100,adam_0.03,0.03,-0.2433183778032576,1.1416497313076124,66,2023-08-06,2026-08-05,ok,,1000,96,569,2052,2,True,-52.24331837770312,-0.2433183778032576,-52.24331837770312,True,0.096,2052,-0.2433183778032576,0.0,0.0,1,1,True,True,True,1.7210190677255686,0.4105310771456001,0.23795847752391283,1,1,1.7210190677255686,45.76124965917974,52.24331837770312,1.0000007779208318,0.11261859012302011,0.00189240463078022,0.00189240463078022,0.003752542659640312,2.0703339146525,10.527942761873419,0.018763703081235428,0.018763703081235428,0.1725608830047931,0.1725608830047931,0.84956098466842,0.84956098466842,0.9999999940624836,0.9999999940624836,1.0000007513544915,0.06803786603268236,0.0010422805789858103,0.0010422805789858103,0.0020834329770877957,4.263937593141412,24.68981886340316,0.010374055719727049,0.010374055719727049,0.09902918448259368,0.09902918448259368,0.6475421122034821,0.6475421122034821,0.9999704149476129,0.9999704149476129,52.82132507196758,-2.117809295654297,-2.1178321838378906,-2.1186375617980957,93,-2.070845603942871,-2.1186375617980957,100,100,1.8005430614133757 1.660303899153966 2.3990779832738145 2.5500080338093531,1.6002049388569439 2.4823638160874166 2.6639419680160996 2.4670135026935314,19.92938309442252,0.027675463818013668,0.07533353287726641,19.957058558240533,0.001132323406636715
e1-v2,N12_i07_Aheur_s46,12,2,7,6ae2087493d3,Aheur,12.999999999974966,0.0,,0.2451029175931008,12.999999999974966,46,lightning_gpu,single,2,100,adam_0.03,0.03,-0.2433183778032576,1.1416497313076124,66,2023-08-06,2026-08-05,ok,,1000,266,273,2052,2,True,-52.24331837770312,-0.2433183778032576,-52.24331837770312,True,0.266,2052,-0.2433183778032576,0.0,0.0,1,1,True,True,True,1.7210190677255686,0.4105310771456001,0.23795847752391283,9,9,1.7210190677255686,45.76124965917974,52.24331837770312,0.9999989863388237,0.28897445858456194,0.0048195598646998405,0.0048195598646998405,0.00954378629103303,0.3155882889300887,1.4250513047925324,0.04716365285606672,0.04716365285606672,0.383144906685849,0.383144906685849,0.9920231477103257,0.9920231477103257,1.0,1.0,1.000000188327249,0.01158774115901906,0.00016966660041362047,0.00016966660041362047,0.0003396080282982439,4.8040304326888705,28.414817249704356,0.0016953711860719922,0.0016953711860719922,0.016824952130976012,0.016824952130976012,0.15606600753085176,0.15606600753085176,0.8167327766189649,0.8167327766189649,52.82132507196758,-4.399460792541504,-4.391379356384277,-4.479061603546143,92,-0.5620694756507874,-4.479061603546143,100,100,2.8450397427097829 0.24261512621431053 0.85630314278475539 1.9536009066557216,1.8074913801032821 -1.7963585217603966 1.5588430338337183 2.1436078221739532,19.853654062375426,0.028202638030052185,0.08039763383567333,19.88185670040548,0.0011796168982982635
e1-v2,N12_i07_Amargin_s42,12,2,7,6ae2087493d3,Amargin,0.2451029175931008,0.0,,0.2451029175931008,12.999999999974966,42,lightning_gpu,single,2,100,adam_0.03,0.03,-0.2433183778032576,1.1416497313076124,66,2023-08-06,2026-08-05,ok,,1000,527,214,2052,2,True,-1.2237300481756608,-0.2433183778032576,-1.223730048175661,True,0.527,2052,-0.2433183778032576,0.0,0.0,1,1,True,True,True,1.7210190677255686,0.4105310771456001,0.23795847752391283,4,4,1.7210190677255686,1.0718962345605214,1.2237300481756608,1.0000009096614129,0.5156308771111071,0.005230227950960398,0.005230227950960398,0.010887209791690111,0.6136044072356354,2.4050013038149416,0.051088304472098445,0.051088304472098445,0.40808684189527034,0.40808684189527034,0.9947206562169006,0.9947206562169006,1.0,1.0,0.9999989664784024,0.24427091357210884,0.00047453748993575573,0.00047453748993575573,0.0011186596238985658,2.594781965748016,12.760416416259767,0.004735254349488072,0.004735254349488072,0.04635616121576214,0.04635616121576214,0.3778973193787981,0.3778973193787981,0.9913179810968646,0.9913179810968646,1.801736742440119,-4.017582893371582,-4.026188373565674,-4.017582893371582,99,-2.731595993041992,-4.017582893371582,100,100,2.4314546363447995 1.3787772821439981 2.6973649175810768 2.1908462769412909,1.1596822531052449 0.77898911727987297 2.3430547349301332 1.9573476941893602,19.98927191644907,0.029923255555331707,0.07925905287265778,20.0191951720044,0.0010740607976913452
e1-v2,N12_i07_Amargin_s43,12,2,7,6ae2087493d3,Amargin,0.2451029175931008,0.0,,0.2451029175931008,12.999999999974966,43,lightning_gpu,single,2,100,adam_0.03,0.03,-0.2433183778032576,1.1416497313076124,66,2023-08-06,2026-08-05,ok,,1000,15,827,2056,2,True,-1.196983005285304,-0.21657133491290081,-1.196983005285304,True,0.015,2056,-0.21657133491290081,0.023428414299823383,0.021856979756467804,2,1,False,False,True,1.689530060931815,0.4140873034861822,0.24449834485830635,0,0,1.7210190677255686,1.0718962345605214,1.2237300481756608,0.9999998509297257,0.020320042720413767,0.0003194392193108797,0.0003194392193108797,0.0006418357661459595,3.0078886814174743,14.376594718167325,0.003189804238779126,0.003189804238779126,0.03144404712528892,0.03144404712528892,0.2734807147393805,0.2734807147393805,0.9590294805560662,0.9590294805560662,0.9999997492133019,0.141648318618536,0.0030359486117959023,0.0030359486117959023,0.006123000290244818,3.11608449579781,16.287326787196875,0.029948061938660064,0.029948061938660064,0.2621809286790757,0.2621809286790757,0.9521921990257556,0.9521921990257556,0.9999999999999376,0.9999999999999376,1.801736742440119,-1.068731665611267,-1.0687339305877686,-1.068731665611267,99,-1.0684411525726318,-1.068731665611267,100,100,2.0492585716432195 0.13752423515278736 0.062924802978478217 2.6364640840167701,2.2113912258697979 -0.039467928142814787 0.14147087030073688 2.7159666501135264,19.948671486228704,0.027644476853311062,0.08006645645946264,19.976315963082016,0.0010810550302267075
e1-v2,N12_i07_Amargin_s44,12,2,7,6ae2087493d3,Amargin,0.2451029175931008,0.0,,0.2451029175931008,12.999999999974966,44,lightning_gpu,single,2,100,adam_0.03,0.03,-0.2433183778032576,1.1416497313076124,66,2023-08-06,2026-08-05,ok,,1000,378,121,2052,2,True,-1.2237300481756608,-0.2433183778032576,-1.223730048175661,True,0.378,2052,-0.2433183778032576,0.0,0.0,1,1,True,True,True,1.7210190677255686,0.4105310771456001,0.23795847752391283,14,14,1.7210190677255686,1.0718962345605214,1.2237300481756608,0.9999996554242987,0.3974376635160297,0.01069787610322237,0.01069787610322237,0.020512391813099384,0.12931259588476218,0.9314049254655181,0.1019729582894966,0.1019729582894966,0.6588902406967672,0.6588902406967672,0.9999786724263952,0.9999786724263952,1.0,1.0,1.0000009242430679,0.12355579389259219,0.002018371131271124,0.002018371131271124,0.003916000830940902,2.400854302776888,12.31222259279457,0.020001372543085094,0.020001372543085094,0.1829386365875869,0.1829386365875869,0.867399016904795,0.867399016904795,0.9999999983193881,0.9999999983193881,1.801736742440119,-4.494967460632324,-4.495438098907471,-4.494967460632324,99,-4.436906337738037,-4.494967460632324,100,100,0.38505090477492371 0.8108861395016167 1.274766337564649 3.0447811714676671,0.31018656182926774 1.0192180175593941 0.52529792658538521 3.4171748904349717,20.074417028576136,0.02785161416977644,0.07545190304517746,20.102268642745912,0.0011494727805256844
e1-v2,N12_i07_Amargin_s45,12,2,7,6ae2087493d3,Amargin,0.2451029175931008,0.0,,0.2451029175931008,12.999999999974966,45,lightning_gpu,single,2,100,adam_0.03,0.03,-0.2433183778032576,1.1416497313076124,66,2023-08-06,2026-08-05,ok,,1000,86,552,2052,2,True,-1.2237300481756608,-0.2433183778032576,-1.223730048175661,True,0.086,2052,-0.2433183778032576,0.0,0.0,1,1,True,True,True,1.7210190677255686,0.4105310771456001,0.23795847752391283,3,3,1.7210190677255686,1.0718962345605214,1.2237300481756608,0.9999997961476907,0.08923244581092149,0.0038079575169831514,0.0038079575169831514,0.008393590105697513,3.0745510290804647,16.06216919518311,0.03743363298791291,0.03743363298791291,0.31717906265015927,0.31717906265015927,0.9779672709216042,0.9779672709216042,1.0,1.0,1.0000003037191458,0.1389439216873143,0.004761673975735903,0.004761673975735903,0.010114835109561682,5.032489437836942,30.446112811375876,0.04660927883582344,0.04660927883582344,0.37954654313213554,0.37954654313213554,0.9915454190671349,0.9915454190671349,1.0,1.0,1.801736742440119,-0.8023329377174377,-0.802434504032135,-0.8023329377174377,99,-0.7049102783203125,-0.8023329377174377,100,100,1.8005430614133757 1.660303899153966 2.3990779832738145 2.5500080338093531,1.8457346322824404 2.7563782328201958 2.603137653300982 2.4811385745948118,19.84488044027239,0.027704905718564987,0.07958760112524033,19.872585345990956,0.0010689087212085724
e1-v2,N12_i07_Amargin_s46,12,2,7,6ae2087493d3,Amargin,0.2451029175931008,0.0,,0.2451029175931008,12.999999999974966,46,lightning_gpu,single,2,100,adam_0.03,0.03,-0.2433183778032576,1.1416497313076124,66,2023-08-06,2026-08-05,ok,,1000,266,119,2052,2,True,-1.2237300481756608,-0.2433183778032576,-1.223730048175661,True,0.266,2052,-0.2433183778032576,0.0,0.0,1,1,True,True,True,1.7210190677255686,0.4105310771456001,0.23795847752391283,12,12,1.7210190677255686,1.0718962345605214,1.2237300481756608,1.0000005604649347,0.2888594925025245,0.0114136366173625,0.0114136366173625,0.018277306109666824,0.06523468951315911,1.3579848740671312,0.10844907520948466,0.10844907520948466,0.6827062275204949,0.6827062275204949,0.999989657739253,0.999989657739253,1.0,1.0,1.0000002106949921,0.11614422523416579,0.002544296672567725,0.002544296672567725,0.004964948166161776,4.324645273802879,22.872915189510053,0.025153629346141626,0.025153629346141626,0.22489276355664256,0.22489276355664256,0.9217259302299785,0.9217259302299785,0.9999999999913667,0.9999999999913667,1.801736742440119,-4.473588943481445,-4.4729766845703125,-4.478818893432617,79,-2.9060544967651367,-4.478818893432617,100,100,2.8450397427097829 0.24261512621431053 0.85630314278475539 1.9536009066557216,1.278129768900403 -1.1495324977189172 1.5447898840237995 0.90941722178111017,19.90882773976773,0.02766022738069296,0.07471420243382454,19.936487967148423,0.001120113767683506
e1-v2,N12_i08_Aheur_s42,12,2,8,e516d5ec7c2b,Aheur,12.99999999997615,0.11805440907930864,110.118716457619,0.29081914513312296,12.99999999997615,42,lightning_gpu,single,2,100,adam_0.03,0.03,-0.1460625980423026,1.0175618013780192,66,2023-08-06,2026-08-05,ok,,1000,174,628,12,2,True,-52.14606259794691,-0.1460625980423026,-52.146062597946894,True,0.174,12,-0.1460625980423026,0.0,0.0,1,1,True,True,True,1.4332036463892788,0.47576925177596985,0.3312643342570841,3,3,1.4332036463892788,51.24608896219258,52.14606259794691,0.9999984117866916,0.1839742478914559,0.0026972205378115177,0.0026972205378115177,0.024625385412946343,1.8265379509614734,12.916086524033744,0.026647174034385213,0.026647174034385213,0.23668650392513035,0.23668650392513035,0.9328525674400311,0.9328525674400311,0.9999999999981366,0.9999999999981366,0.9999993212668414,0.11312711634673178,0.0015885991742834449,0.0015885991742834449,0.015088752144947648,2.305593025329499,17.604521574041428,0.01577290736547854,0.01577290736547854,0.14699189825248826,0.14699189825248826,0.7960463130976814,0.7960463130976814,0.999999875458066,0.999999875458066,52.57412992192412,-1.521857500076294,-1.521847128868103,-1.5218706130981445,98,-1.5198910236358643,-1.5218706130981445,100,100,2.4314546363447995 1.3787772821439981 2.6973649175810768 2.1908462769412909,2.2424841306121523 1.3912760901045131 2.7953271046769315 2.0900977537613694,21.321628796868026,0.030117543414235115,0.08138272911310196,21.35174634028226,0.0012287301942706108
e1-v2,N12_i08_Aheur_s43,12,2,8,e516d5ec7c2b,Aheur,12.99999999997615,0.11805440907930864,110.118716457619,0.29081914513312296,12.99999999997615,43,lightning_gpu,single,2,100,adam_0.03,0.03,-0.1460625980423026,1.0175618013780192,66,2023-08-06,2026-08-05,ok,,1000,13,822,132,2,True,-52.08157816756011,-0.08157816765551085,-52.0815781675601,True,0.013,132,-0.08157816765551085,0.0633715124717384,0.0012366116859862516,10,1,False,False,False,1.2480186234563824,0.38111803369049513,0.3045772126683173,0,0,1.4332036463892788,51.24608896219258,52.14606259794691,1.0000005496131052,0.010651031421730295,0.0001605925353942439,0.0001605925353942439,0.0014424807304749265,2.3749949350977433,15.571692672692734,0.0016047653024947595,0.0016047653024947595,0.015932260334272308,0.015932260334272308,0.14837196980033895,0.14837196980033895,0.7993221348617623,0.7993221348617623,0.9999994785498529,0.22220882400870323,0.0033702459186315536,0.0033702459186315536,0.030340539989992976,2.784420062121936,21.909367856485915,0.03319589084807384,0.03319589084807384,0.2865149526252849,0.2865149526252849,0.9658139628971738,0.9658139628971738,0.9999999999999978,0.9999999999999978,52.57412992192412,-0.8547834157943726,-0.8547753095626831,-0.8547834157943726,99,-0.8543683290481567,-0.8547834157943726,100,100,2.0492585716432195 0.13752423515278736 0.062924802978478217 2.6364640840167701,1.8731360024067558 -0.02109035929870557 0.1210797612672985 2.8085551324125144,21.289830391295254,0.03193130623549223,0.08524708263576031,21.321761697530746,0.0012476583942770958
e1-v2,N12_i08_Aheur_s44,12,2,8,e516d5ec7c2b,Aheur,12.99999999997615,0.11805440907930864,110.118716457619,0.29081914513312296,12.99999999997615,44,lightning_gpu,single,2,100,adam_0.03,0.03,-0.1460625980423026,1.0175618013780192,66,2023-08-06,2026-08-05,ok,,1000,483,234,12,2,True,-52.14606259794691,-0.1460625980423026,-52.146062597946894,True,0.483,12,-0.1460625980423026,0.0,0.0,1,1,True,True,True,1.4332036463892788,0.47576925177596985,0.3312643342570841,4,4,1.4332036463892788,51.24608896219258,52.14606259794691,1.0000011155861586,0.49215676123276353,0.007475966587662697,0.007475966587662697,0.06745264446362853,0.23649106458692964,0.6596451868056512,0.0722941021902358,0.0722941021902358,0.5278247967259413,0.5278247967259413,0.9994491520220385,0.9994491520220385,1.0,1.0,1.0000017551938072,0.1189691232284531,0.0018082859460264444,0.0018082859460264444,0.016209783614613116,1.6254640335641386,11.74570273127756,0.01793642135622897,0.01793642135622897,0.16555820517140074,0.16555820517140074,0.8363332398549566,0.8363332398549566,0.9999999862087111,0.9999999862087111,52.57412992192412,-4.5817999839782715,-4.582747936248779,-4.5817999839782715,99,-4.330523490905762,-4.5817999839782715,100,100,0.38505090477492371 0.8108861395016167 1.274766337564649 3.0447811714676671,0.21237760170434566 0.75828590969755671 0.50761810423682285 3.4112377121013018,21.342584691010416,0.030885346233844757,0.08612460270524025,21.37347003724426,0.0012011602520942688
e1-v2,N12_i08_Aheur_s45,12,2,8,e516d5ec7c2b,Aheur,12.99999999997615,0.11805440907930864,110.118716457619,0.29081914513312296,12.99999999997615,45,lightning_gpu,single,2,100,adam_0.03,0.03,-0.1460625980423026,1.0175618013780192,66,2023-08-06,2026-08-05,ok,,1000,99,575,12,2,True,-52.14606259794691,-0.1460625980423026,-52.146062597946894,True,0.099,12,-0.1460625980423026,0.0,0.0,1,1,True,True,True,1.4332036463892788,0.47576925177596985,0.3312643342570841,2,2,1.4332036463892788,51.24608896219258,52.14606259794691,1.0000003912091415,0.11713871220126748,0.0018669975688681006,0.0018669975688681006,0.016649033990688622,1.48966318888287,10.494824722052726,0.0185138984771116,0.0185138984771116,0.1704519612360067,0.1704519612360067,0.845682418289422,0.845682418289422,0.9999999923413171,0.9999999923413171,1.0000006368954928,0.0689767743460834,0.0010609636083245277,0.0010609636083245277,0.009463955648243427,3.082466789514376,24.612773354945602,0.010559125159529836,0.010559125159529836,0.10071266817028401,0.10071266817028401,0.6540727646921911,0.6540727646921911,0.9999754615255434,0.9999754615255434,52.57412992192412,-2.127039670944214,-2.1269690990448,-2.1276493072509766,95,-2.068521738052368,-2.1276493072509766,100,100,1.8005430614133757 1.660303899153966 2.3990779832738145 2.5500080338093531,1.5985336012998836 2.4779971086387205 2.6643873180302968 2.465366448903441,21.348626513034105,0.03104633465409279,0.08126757107675076,21.379672847688198,0.0012862961739301682
e1-v2,N12_i08_Aheur_s46,12,2,8,e516d5ec7c2b,Aheur,12.99999999997615,0.11805440907930864,110.118716457619,0.29081914513312296,12.99999999997615,46,lightning_gpu,single,2,100,adam_0.03,0.03,-0.1460625980423026,1.0175618013780192,66,2023-08-06,2026-08-05,ok,,1000,275,266,12,2,True,-52.14606259794691,-0.1460625980423026,-52.146062597946894,True,0.275,12,-0.1460625980423026,0.0,0.0,1,1,True,True,True,1.4332036463892788,0.47576925177596985,0.3312643342570841,7,7,1.4332036463892788,51.24608896219258,52.14606259794691,1.00000058345654,0.288063436280936,0.0045053414069116116,0.0045053414069116116,0.04055973282083869,0.22471305120232488,1.4265190001620454,0.044150887443846876,0.044150887443846876,0.36336074621426095,0.36336074621426095,0.9890620954896169,0.9890620954896169,1.0,1.0,0.9999999480724,0.011533178490935825,0.00017929838213603944,0.00017929838213603944,0.001546097846585326,3.475587839276098,28.421646774196233,0.0017915378568889029,0.0017915378568889029,0.017771634071116482,0.017771634071116482,0.16415697946803987,0.16415697946803987,0.8335640253457185,0.8335640253457185,52.57412992192412,-4.400227069854736,-4.393343925476074,-4.485432147979736,92,-0.575725793838501,-4.485432147979736,100,100,2.8450397427097829 0.24261512621431053 0.85630314278475539 1.9536009066557216,1.8051384830288761 -1.7973241235279303 1.5589004468258538 2.1393237407920451,21.381053494289517,0.02990916185081005,0.08093306329101324,21.410962656140327,0.0011643096804618835
e1-v2,N12_i08_Amargin_s42,12,2,8,e516d5ec7c2b,Amargin,0.29081914513312296,0.11805440907930864,2.46343315257079,0.29081914513312296,12.99999999997615,42,lightning_gpu,single,2,100,adam_0.03,0.03,-0.1460625980423026,1.0175618013780192,66,2023-08-06,2026-08-05,ok,,1000,236,517,68,2,True,-1.2797737155823503,-0.11649713504985859,-1.2797737155823503,True,0.236,68,-0.11649713504985859,0.02905520131790067,0.022580446286366972,4,1,False,False,True,1.4051712532814875,0.4740129098812378,0.3366229623447062,0,0,1.4332036463892788,1.2867416768216335,1.3093391785747945,1.0000000709759718,0.24782840463558387,5.996422260068357e-05,5.996422260068357e-05,0.01002676541065739,1.7026553448755144,12.094288202912281,0.000599480445018119,0.000599480445018119,0.005978658319624852,0.005978658319624852,0.058203465209101135,0.058203465209101135,0.4510018489152079,0.4510018489152079,0.9999989164459713,0.17164801353646908,7.845326763344929e-05,7.845326763344929e-05,0.0070980891832732596,1.8686731150888787,12.885673729640231,0.0007842557630872715,0.0007842557630872715,0.007814937865367022,0.007814937865367022,0.0754575802830697,0.0754575802830697,0.5436811368395134,0.5436811368395134,1.7374065025520133,-1.7564467191696167,-1.7564480304718018,-1.756447196006775,97,-1.7562938928604126,-1.756447196006775,100,100,2.4314546363447995 1.3787772821439981 2.6973649175810768 2.1908462769412909,2.3794866180323289 1.4530629705489122 2.752701847487546 2.2650381869390848,19.947812979109585,0.029373559169471264,0.07978357840329409,19.977186538279057,0.001123315654695034
e1-v2,N12_i08_Amargin_s43,12,2,8,e516d5ec7c2b,Amargin,0.29081914513312296,0.11805440907930864,2.46343315257079,0.29081914513312296,12.99999999997615,43,lightning_gpu,single,2,100,adam_0.03,0.03,-0.1460625980423026,1.0175618013780192,66,2023-08-06,2026-08-05,ok,,1000,12,821,6,2,True,-1.2908279527159305,-0.1275513721834387,-1.2908279527159305,True,0.012,6,-0.1275513721834387,0.018191746028393865,0.014137838507981724,2,1,False,False,True,1.1350936494761146,0.2698868965467776,0.23688520913748248,0,0,1.4332036463892788,1.2867416768216335,1.3093391785747945,1.0000002280038984,0.01639007480116561,0.00020953742205165327,0.00020953742205165327,0.001958553373697214,2.230352728179973,14.642179138044185,0.002093399557198339,0.002093399557198339,0.020737887946364997,0.020737887946364997,0.18905851414851815,0.18905851414851815,0.8770028114076865,0.8770028114076865,0.9999998576935241,0.19705766066908836,0.0027744213584810495,0.0027744213584810495,0.029257708927616477,2.3806576867180356,17.61780302049783,0.027400380263589152,0.027400380263589152,0.2425727000658635,0.2425727000658635,0.9378545204936836,0.9378545204936836,0.9999999999991408,0.9999999999991408,1.7374065025520133,-1.026236891746521,-1.026239275932312,-1.0262370109558105,97,-1.0259846448898315,-1.0262370109558105,100,100,2.0492585716432195 0.13752423515278736 0.062924802978478217 2.6364640840167701,2.0840533342898655 -0.030151685171545522 0.12564165374107711 2.7588356728166659,19.85642641223967,0.02776482794433832,0.07960042264312506,19.88419124018401,0.0010774936527013779
e1-v2,N12_i08_Amargin_s44,12,2,8,e516d5ec7c2b,Amargin,0.29081914513312296,0.11805440907930864,2.46343315257079,0.29081914513312296,12.99999999997615,44,lightning_gpu,single,2,100,adam_0.03,0.03,-0.1460625980423026,1.0175618013780192,66,2023-08-06,2026-08-05,ok,,1000,454,158,12,2,True,-1.3093391785747945,-0.1460625980423026,-1.3093391785747945,True,0.454,12,-0.1460625980423026,0.0,0.0,1,1,True,True,True,1.4332036463892788,0.47576925177596985,0.3312643342570841,10,10,1.4332036463892788,1.2867416768216335,1.3093391785747945,1.0000002018947622,0.44791914988309145,0.00725296838209033,0.00725296838209033,0.075303228572011,0.12388878071292102,0.8002397028741992,0.07020764350762954,0.07020764350762954,0.5170972075862441,0.5170972075862441,0.9993104001356148,0.9993104001356148,1.0,1.0,1.0000004370886018,0.123416468501091,0.0020209013018757105,0.0020209013018757105,0.01633167651016265,1.7032971174491545,12.103332916602085,0.020026218044839394,0.020026218044839394,0.1831457591603417,0.1831457591603417,0.8677347731800846,0.8677347731800846,0.9999999983614609,0.9999999983614609,1.7374065025520133,-4.554945468902588,-4.555610656738281,-4.554945468902588,99,-4.494547367095947,-4.554945468902588,100,100,0.38505090477492371 0.8108861395016167 1.274766337564649 3.0447811714676671,0.27162779047541979 0.91630002123251142 0.52662977995654447 3.4183721435182837,19.99315070733428,0.02955363504588604,0.07550187036395073,20.022704342380166,0.0011269468814134598
e1-v2,N12_i08_Amargin_s45,12,2,8,e516d5ec7c2b,Amargin,0.29081914513312296,0.11805440907930864,2.46343315257079,0.29081914513312296,12.99999999997615,45,lightning_gpu,single,2,100,adam_0.03,0.03,-0.1460625980423026,1.0175618013780192,66,2023-08-06,2026-08-05,ok,,1000,244,484,12,2,True,-1.3093391785747945,-0.1460625980423026,-1.3093391785747945,True,0.244,12,-0.1460625980423026,0.0,0.0,1,1,True,True,True,1.4332036463892788,0.47576925177596985,0.3312643342570841,2,2,1.4332036463892788,1.2867416768216335,1.3093391785747945,1.0000011134703701,0.22981314815115184,0.0015579414321109653,0.0015579414321109653,0.023450374719686806,1.5390003404786432,9.897732322631992,0.015470643687296226,0.015470643687296226,0.14436862175501786,0.14436862175501786,0.7896865589891756,0.7896865589891756,0.9999998306948025,0.9999998306948025,1.0000013473992624,0.14364588243188336,0.0038442458026111126,0.0038442458026111126,0.027679544873535633,3.5252357009195245,29.845860482654984,0.03778420954916062,0.03778420954916062,0.3196618947180564,0.3196618947180564,0.9787554291850897,0.9787554291850897,1.0,1.0,1.7374065025520133,-2.2152316570281982,-2.2183218002319336,-2.2152316570281982,99,-0.919688880443573,-2.2152316570281982,100,100,1.8005430614133757 1.660303899153966 2.3990779832738145 2.5500080338093531,2.1687201121921054 3.2546004679916227 2.6912795155057507 2.485642192419248,19.76573126669973,0.027479633688926697,0.07924473285675049,19.793210900388658,0.0010590003803372383
e1-v2,N12_i08_Amargin_s46,12,2,8,e516d5ec7c2b,Amargin,0.29081914513312296,0.11805440907930864,2.46343315257079,0.29081914513312296,12.99999999997615,46,lightning_gpu,single,2,100,adam_0.03,0.03,-0.1460625980423026,1.0175618013780192,66,2023-08-06,2026-08-05,ok,,1000,510,317,12,2,True,-1.3093391785747945,-0.1460625980423026,-1.3093391785747945,True,0.51,12,-0.1460625980423026,0.0,0.0,1,1,True,True,True,1.4332036463892788,0.47576925177596985,0.3312643342570841,6,6,1.4332036463892788,1.2867416768216335,1.3093391785747945,0.9999989195997614,0.5126480567269027,0.008002862334251404,0.008002862334251404,0.0667863842099905,0.5025209990887503,2.3934018880195254,0.07720721489065807,0.07720721489065807,0.5522434958738468,0.5522434958738468,0.9996760939712684,0.9996760939712684,1.0,1.0,1.0000006261263366,0.05853432195726782,0.0003472886746749282,0.0003472886746749282,0.007452470250427723,3.3343309412221247,25.97336932584875,0.003467464345990101,0.003467464345990101,0.03413856717110941,0.03413856717110941,0.2934412990651305,0.2934412990651305,0.9689913764306214,0.9689913764306214,1.7374065025520133,-4.069581985473633,-4.07100248336792,-4.069581985473633,99,-1.59800124168396,-4.069581985473633,100,100,2.8450397427097829 0.24261512621431053 0.85630314278475539 1.9536009066557216,1.2244382507696216 0.60369809050344636 0.8845837744196875 2.6299946183342944,19.822465213946998,0.029068120755255222,0.07469153217971325,19.851533334702253,0.0011470355093479156
e1-v2,N12_i09_Aheur_s42,12,2,9,2f1babcfca89,Aheur,12.99999999998611,0.0,,0.1680400752662409,12.99999999998611,42,lightning_gpu,single,2,100,adam_0.03,0.03,-0.1375171886609703,0.6975894625131225,66,2023-08-06,2026-08-05,ok,,1000,188,606,17,2,True,-52.137517188605415,-0.1375171886609703,-52.137517188605415,True,0.188,17,-0.1375171886609703,0.0,0.0,1,1,True,True,True,1.5925130800477116,0.44467945089569777,0.2786033323396032,2,2,1.5925130800477116,74.73954236747755,52.137517188605415,1.0000006004402167,0.18537771445699036,0.0027258405461907387,0.0027258405461907387,0.0027258405461907387,1.2783676351913569,12.928849373169214,0.02692646503236107,0.02692646503236107,0.2388739073294407,0.2388739073294407,0.9347521650746635,0.9347521650746635,0.9999999999986015,0.9999999999986015,0.9999989596417436,0.11262312578037381,0.0016875017900019884,0.0016875017900019884,0.0016875017900019884,1.5845847897338543,17.62431496537465,0.016747448049654556,0.016747448049654556,0.1554004949495137,0.1554004949495137,0.815282421857925,0.815282421857925,0.9999999537531392,0.9999999537531392,52.40181886605155,-1.5180195569992065,-1.51801335811615,-1.5180314779281616,98,-1.5162180662155151,-1.5180314779281616,100,100,2.4314546363447995 1.3787772821439981 2.6973649175810768 2.1908462769412909,2.2420747933233818 1.3918065983301615 2.7960543101481012 2.0886606786375927,20.077766062691808,0.027525668032467365,0.07484517991542816,20.105291730724275,0.0010831346735358238
e1-v2,N12_i09_Aheur_s43,12,2,9,2f1babcfca89,Aheur,12.99999999998611,0.0,,0.1680400752662409,12.99999999998611,43,lightning_gpu,single,2,100,adam_0.03,0.03,-0.1375171886609703,0.6975894625131225,66,2023-08-06,2026-08-05,ok,,1000,13,823,17,2,True,-52.137517188605415,-0.1375171886609703,-52.137517188605415,True,0.013,17,-0.1375171886609703,0.0,0.0,1,1,True,True,True,1.5925130800477116,0.44467945089569777,0.2786033323396032,1,1,1.5925130800477116,74.73954236747755,52.137517188605415,0.9999993438214005,0.010633908896124922,0.00016000338655430824,0.00016000338655430824,0.00016000338655430824,1.6609456009653818,15.578683389201615,0.0015988823081898307,0.0015988823081898307,0.015874273094172775,0.015874273094172775,0.14787000581926046,0.14787000581926046,0.7981361633005569,0.7981361633005569,0.9999999940811222,0.22199852019548416,0.0033670179545879364,0.0033670179545879364,0.0033670179545879364,1.8954681566941554,21.93388280993713,0.03316457676804718,0.03316457676804718,0.28628382633667526,0.28628382633667526,0.965703059104451,0.965703059104451,0.9999999999999978,0.9999999999999978,52.40181886605155,-0.8533375859260559,-0.8533293008804321,-0.8533375859260559,99,-0.8529688715934753,-0.8533375859260559,100,100,2.0492585716432195 0.13752423515278736 0.062924802978478217 2.6364640840167701,1.8721501221176309 -0.02107010887967185 0.12116264255340076 2.8086971885884289,19.918450660072267,0.029662635177373886,0.07529818266630173,19.94811329524964,0.001132868230342865
e1-v2,N12_i09_Aheur_s44,12,2,9,2f1babcfca89,Aheur,12.99999999998611,0.0,,0.1680400752662409,12.99999999998611,44,lightning_gpu,single,2,100,adam_0.03,0.03,-0.1375171886609703,0.6975894625131225,66,2023-08-06,2026-08-05,ok,,1000,478,235,17,2,True,-52.137517188605415,-0.1375171886609703,-52.137517188605415,True,0.478,17,-0.1375171886609703,0.0,0.0,1,1,True,True,True,1.5925130800477116,0.44467945089569777,0.2786033323396032,6,6,1.5925130800477116,74.73954236747755,52.137517188605415,0.999998780766493,0.4920059023424983,0.007513360120356083,0.007513360120356083,0.007513360120356083,0.22041564431489757,0.6598983262201585,0.07264355791043065,0.07264355791043065,0.52960041234587,0.52960041234587,0.9994695196227933,0.9994695196227933,1.0,1.0,1.0000009250143194,0.11892701138276607,0.0018049874342978,0.0018049874342978,0.0018049874342978,1.1380866289524723,11.744577039607975,0.01790396870853639,0.01790396870853639,0.1652824198412408,0.1652824198412408,0.8357915114639796,0.8357915114639796,0.9999999857453671,0.9999999857453671,52.40181886605155,-4.580965518951416,-4.581906795501709,-4.580965518951416,99,-4.32714319229126,-4.580965518951416,100,100,0.38505090477492371 0.8108861395016167 1.274766337564649 3.0447811714676671,0.21197474414810949 0.75748743268304597 0.50788827230520694 3.4113151053553823,19.848856270313263,0.0277083283290267,0.07548143249005079,19.87656459864229,0.00110671017318964
e1-v2,N12_i09_Aheur_s45,12,2,9,2f1babcfca89,Aheur,12.99999999998611,0.0,,0.1680400752662409,12.99999999998611,45,lightning_gpu,single,2,100,adam_0.03,0.03,-0.1375171886609703,0.6975894625131225,66,2023-08-06,2026-08-05,ok,,1000,106,579,17,2,True,-52.137517188605415,-0.1375171886609703,-52.137517188605415,True,0.106,17,-0.1375171886609703,0.0,0.0,1,1,True,True,True,1.5925130800477116,0.44467945089569777,0.2786033323396032,1,1,1.5925130800477116,74.73954236747755,52.137517188605415,0.9999994145655364,0.1191172810504213,0.001925398944877088,0.001925398944877088,0.001925398944877088,1.0484744292227202,10.475482380774338,0.019088020851714904,0.019088020851714904,0.1752916669163742,0.1752916669163742,0.854452808990492,0.854452808990492,0.9999999957338288,0.9999999957338288,1.0000005737601896,0.06880762113723904,0.0010475014569237828,0.0010475014569237828,0.0010475014569237828,2.085788801572728,24.58908654156039,0.01042577557380453,0.01042577557380453,0.09949993933707724,0.09949993933707724,0.6493793713190728,0.6493793713190728,0.9999719214522944,0.9999719214522944,52.40181886605155,-2.1310112476348877,-2.131033420562744,-2.1316604614257812,95,-2.078089475631714,-2.1316604614257812,100,100,1.8005430614133757 1.660303899153966 2.3990779832738145 2.5500080338093531,1.598615460891786 2.4768600936302092 2.6642947262217245 2.4648779829516818,19.89777985960245,0.02853246871381998,0.07533849775791168,19.92631232831627,0.0011666566133499146
e1-v2,N12_i09_Aheur_s46,12,2,9,2f1babcfca89,Aheur,12.99999999998611,0.0,,0.1680400752662409,12.99999999998611,46,lightning_gpu,single,2,100,adam_0.03,0.03,-0.1375171886609703,0.6975894625131225,66,2023-08-06,2026-08-05,ok,,1000,305,245,17,2,True,-52.137517188605415,-0.1375171886609703,-52.137517188605415,True,0.305,17,-0.1375171886609703,0.0,0.0,1,1,True,True,True,1.5925130800477116,0.44467945089569777,0.2786033323396032,5,5,1.5925130800477116,74.73954236747755,52.137517188605415,1.0000007139662728,0.2863309639506042,0.004622051026672125,0.004622051026672125,0.004622051026672125,0.19865124431505882,1.4303979470778074,0.045270913049964556,0.045270913049964556,0.3707814166328808,0.3707814166328808,0.990272182684828,0.990272182684828,1.0,1.0,1.0000009664295249,0.011541509535163641,0.0001693424565019086,0.0001693424565019086,0.0001693424565019086,2.338950168152582,28.42152709886659,0.0016921346885508948,0.0016921346885508948,0.016793077190837336,0.016793077190837336,0.1557923607328594,0.1557923607328594,0.8161376622052108,0.8161376622052108,52.40181886605155,-4.397321701049805,-4.391184329986572,-4.484990119934082,92,-0.581333339214325,-4.484990119934082,100,100,2.8450397427097829 0.24261512621431053 0.85630314278475539 1.9536009066557216,1.804810677016478 -1.798779470331346 1.5588248641363907 2.1390947953465136,19.932735569775105,0.027662445791065693,0.07949005160480738,19.96039801556617,0.001042940653860569
e1-v2,N12_i09_Amargin_s42,12,2,9,2f1babcfca89,Amargin,0.1680400752662409,0.0,,0.1680400752662409,12.99999999998611,42,lightning_gpu,single,2,100,adam_0.03,0.03,-0.1375171886609703,0.6975894625131225,66,2023-08-06,2026-08-05,ok,,1000,184,463,33,2,True,-0.7382480403678766,-0.066087739302913,-0.7382480403678766,True,0.184,33,-0.066087739302913,0.1023946793873963,0.08821963098200407,2,1,False,False,False,1.558209260690386,0.5163912261663717,0.33075867225819244,0,0,1.5925130800477116,1.1606790716261757,0.8096774897259339,1.0000010373520416,0.1807474434899632,0.0009134482825174928,0.0009134482825174928,0.0009134482825174928,1.197529194964176,11.97868896232168,0.009097026690123355,0.009097026690123355,0.08733516894256566,0.08733516894256566,0.599028822425164,0.599028822425164,0.9998925685197142,0.9998925685197142,0.9999986113132202,0.24710560154926497,0.0017003481043502688,0.0017003481043502688,0.0017003481043502688,1.3093181685978532,12.81462815531556,0.01687396594852464,0.01687396594852464,0.15648663606996072,0.15648663606996072,0.8176441601890037,0.8176441601890037,0.9999999593372488,0.9999999593372488,1.0739791671720689,-1.7527347803115845,-1.7527369260787964,-1.7527371644973755,86,-1.7524126768112183,-1.7527371644973755,100,100,2.4314546363447995 1.3787772821439981 2.6973649175810768 2.1908462769412909,2.4089214508260626 1.4621954087835443 2.7312945066171848 2.3524102827274191,19.87965541612357,0.02938009425997734,0.07477899827063084,19.909035510383546,0.0010973941534757614
e1-v2,N12_i09_Amargin_s43,12,2,9,2f1babcfca89,Amargin,0.1680400752662409,0.0,,0.1680400752662409,12.99999999998611,43,lightning_gpu,single,2,100,adam_0.03,0.03,-0.1375171886609703,0.6975894625131225,66,2023-08-06,2026-08-05,ok,,1000,19,815,528,2,True,-0.6585098267088726,0.013650474356091014,-0.6585098267088727,True,0.019,528,0.013650474356091014,0.21670003797429446,0.18670108152349615,6,1,False,False,False,1.3542503745670638,0.4502887041661259,0.33176191980730124,0,0,1.5925130800477116,1.1606790716261757,0.8096774897259339,0.9999994600038917,0.018918981251772493,0.0003245625412091613,0.0003245625412091613,0.0003245625412091613,1.5230505281625604,14.45357396428335,0.003240889174583206,0.003240889174583206,0.03194030217758381,0.03194030217758381,0.27719458097896155,0.27719458097896155,0.9610763105452691,0.9610763105452691,0.9999998106671057,0.16254888707771897,0.004630235489457846,0.004630235489457846,0.004630235489457846,1.5705717205964613,16.66787711324241,0.04534941243376556,0.04534941243376556,0.3712985790444241,0.3712985790444241,0.9903518417278064,0.9903518417278064,1.0,1.0,1.0739791671720689,-1.0623972415924072,-1.0624003410339355,-1.0623983144760132,97,-1.0620815753936768,-1.0623983144760132,100,100,2.0492585716432195 0.13752423515278736 0.062924802978478217 2.6364640840167701,2.1666020527161272 -0.033812953136807343 0.13764669386966766 2.7291865898456154,19.889958343468606,0.027640976011753082,0.07515791244804859,19.91759931948036,0.001065017655491829
e1-v2,N12_i09_Amargin_s44,12,2,9,2f1babcfca89,Amargin,0.1680400752662409,0.0,,0.1680400752662409,12.99999999998611,44,lightning_gpu,single,2,100,adam_0.03,0.03,-0.1375171886609703,0.6975894625131225,66,2023-08-06,2026-08-05,ok,,1000,428,124,17,2,True,-0.8096774897259339,-0.1375171886609703,-0.809677489725934,True,0.428,17,-0.1375171886609703,0.0,0.0,1,1,True,True,True,1.5925130800477116,0.44467945089569777,0.2786033323396032,12,12,1.5925130800477116,1.1606790716261757,0.8096774897259339,0.9999999915645894,0.41554769524373114,0.011830387637019157,0.011830387637019157,0.011830387637019157,0.10976104406058103,0.8865169826673664,0.11220039842597695,0.11220039842597695,0.6958068305687861,0.6958068305687861,0.9999932158634819,0.9999932158634819,1.0,1.0,1.0000004570829333,0.12339086446445435,0.002004866022616625,0.002004866022616625,0.002004866022616625,1.2080077193940246,12.27401835010096,0.01986874691604179,0.01986874691604179,0.18183221368811409,0.18183221368811409,0.8655924204100427,0.8655924204100427,0.9999999980758558,0.9999999980758558,1.0739791671720689,-4.500526428222656,-4.50110387802124,-4.500526428222656,99,-4.445391654968262,-4.500526428222656,100,100,0.38505090477492371 0.8108861395016167 1.274766337564649 3.0447811714676671,0.2965193073793308 0.98932671088891211 0.52971655528511563 3.4187268148545211,19.95263832528144,0.029530752450227737,0.07527530193328857,19.98216907773167,0.0011232774704694748
e1-v2,N12_i09_Amargin_s45,12,2,9,2f1babcfca89,Amargin,0.1680400752662409,0.0,,0.1680400752662409,12.99999999998611,45,lightning_gpu,single,2,100,adam_0.03,0.03,-0.1375171886609703,0.6975894625131225,66,2023-08-06,2026-08-05,ok,,1000,104,553,33,2,True,-0.7382480403678766,-0.066087739302913,-0.7382480403678766,True,0.104,33,-0.066087739302913,0.1023946793873963,0.08821963098200407,2,1,False,False,False,1.558209260690386,0.5163912261663717,0.33075867225819244,0,0,1.5925130800477116,1.1606790716261757,0.8096774897259339,0.9999988824042548,0.10742109548846202,0.0024783420376479626,0.0024783420376479626,0.0024783420376479626,1.1381778367797926,10.98259092872595,0.024508841101481327,0.024508841101481327,0.21975072036968923,0.21975072036968923,0.9163754557828288,0.9163754557828288,0.999999999983276,0.999999999983276,1.000001411037175,0.14108370908070356,0.0061478461138904095,0.0061478461138904095,0.0061478461138904095,2.4945560097810113,31.123522824571264,0.05980522650262954,0.05980522650262954,0.4602678026868957,0.4602678026868957,0.9979021073401457,0.9979021073401457,1.0,1.0,1.0739791671720689,-1.9634215831756592,-1.9638434648513794,-1.9673160314559937,90,-1.2937302589416504,-1.9673160314559937,100,100,1.8005430614133757 1.660303899153966 2.3990779832738145 2.5500080338093531,2.22009487941992 3.2632933783465914 2.6722826741673842 2.5831574109285018,19.97785027232021,0.027696212753653526,0.0775837916880846,20.005546485073864,0.0010580401867628098
e1-v2,N12_i09_Amargin_s46,12,2,9,2f1babcfca89,Amargin,0.1680400752662409,0.0,,0.1680400752662409,12.99999999998611,46,lightning_gpu,single,2,100,adam_0.03,0.03,-0.1375171886609703,0.6975894625131225,66,2023-08-06,2026-08-05,ok,,1000,454,317,17,2,True,-0.8096774897259339,-0.1375171886609703,-0.809677489725934,True,0.454,17,-0.1375171886609703,0.0,0.0,1,1,True,True,True,1.5925130800477116,0.44467945089569777,0.2786033323396032,9,9,1.5925130800477116,1.1606790716261757,0.8096774897259339,0.9999992063666525,0.4508062703534961,0.005784941837191582,0.005784941837191582,0.005784941837191582,0.384546667592624,2.251455668928429,0.0563664665186433,0.0563664665186433,0.4401990151761428,0.4401990151761428,0.9969777068864434,0.9969777068864434,1.0,1.0,1.000000378155363,0.10300038606510498,0.0036744000390172005,0.0036744000390172005,0.0036744000390172005,2.1983529804335826,24.19929983970789,0.036142360639020876,0.036142360639020876,0.3079635995098191,0.3079635995098191,0.9748064489727991,0.9748064489727991,0.9999999999999999,0.9999999999999999,1.0739791671720689,-4.030341625213623,-4.031677722930908,-4.037497520446777,84,-1.3531771898269653,-4.037497520446777,100,100,2.8450397427097829 0.24261512621431053 0.85630314278475539 1.9536009066557216,1.2083865300513206 0.65642364350029492 0.86032477567689258 2.6789606582208751,21.317713037133217,0.03207003232091665,0.08375091291964054,21.349783069454134,0.0012373542413115501
e1-v2,N16_i00_Aheur_s42,16,3,0,514ae30a9bf6,Aheur,16.999999999972275,0.04411181027848038,385.38431981481386,0.31113031231330396,16.999999999972275,42,lightning_gpu,single,2,100,adam_0.03,0.03,-0.2671105968767471,1.2705106296258624,560,2023-08-06,2026-08-05,ok,,1000,277,817,16394,3,True,-153.2671105966272,-0.2671105968767471,-153.26711059662722,True,0.277,16394,-0.2671105968767471,0.0,0.0,1,1,True,True,True,1.3851408274006345,0.2568156466299874,0.1846856590820826,2,1,1.3851408274006345,120.63426076313978,153.2671105966272,0.9999991320877086,0.28230250906199217,0.00045094898086972535,0.0013708359620068222,0.003291555622126907,2.1588227561049487,18.14013262600386,0.013624104401689152,0.004500349830093842,0.12818465840088444,0.04410295848824852,0.7463440397196492,0.36304144539384275,0.9999988973169062,0.989007113414281,0.9999988074220596,0.03190982837259071,4.177100345259532e-05,0.00012985356443095952,0.00032588999965810217,3.778684559987865,34.84298674407819,0.0012977771193312115,0.00041763152651841384,0.012902242743144221,0.004168475275660666,0.121783380154046,0.04091145315568434,0.7270918429194855,0.3414525869870708,85.75412863060436,-2.1708271503448486,-2.1708579063415527,-2.170882225036621,92,-2.166595935821533,-2.170882225036621,100,100,2.4314546363447995 1.3787772821439981 2.6973649175810768 2.1908462769412909,2.1262613639460195 1.3184919032190014 2.7782178739281242 2.1486650354349899,34.89152959920466,0.04319758806377649,0.13047997001558542,34.934727187268436,0.00234407652169466
e1-v2,N16_i00_Aheur_s43,16,3,0,514ae30a9bf6,Aheur,16.999999999972275,0.04411181027848038,385.38431981481386,0.31113031231330396,16.999999999972275,43,lightning_gpu,single,2,100,adam_0.03,0.03,-0.2671105968767471,1.2705106296258624,560,2023-08-06,2026-08-05,ok,,1000,1,985,2592,3,True,-152.48280246072534,0.5171975390251179,-152.48280246072534,True,0.001,2592,0.5171975390251179,0.6173172562380108,0.005117263141771034,464,1,False,False,False,0.7248441640241804,0.22240926530437216,0.3054577470489037,0,0,1.3851408274006345,120.63426076313978,153.2671105966272,1.0000030675626022,0.0005658042318827938,1.0292978913639672e-06,3.05959758861718e-06,7.045261668281455e-06,3.0769399945175486,22.68222509176553,3.0595554638468414e-05,1.0292931238331526e-05,0.0003059134258625029,0.00010292454501470427,0.0030549264560976175,0.001028768875174113,0.03013270167301796,0.01024019273147414,0.9999994966201413,0.2055194009153638,0.0003709208103828132,0.0011108783073723316,0.002588712581200525,3.55274262042536,32.31863190088134,0.011053414982330478,0.003703023022568197,0.10519510510478625,0.0364192271075251,0.6709336214380439,0.30994889472805576,0.9999851120426031,0.975519935467756,85.75412863060436,-1.2597391605377197,-1.25974702835083,-1.2597774267196655,96,-1.25949227809906,-1.2597774267196655,100,100,2.0492585716432195 0.13752423515278736 0.062924802978478217 2.6364640840167701,1.9213455162538631 -0.020323951973535381 0.12208697450311491 2.8031005105780675,35.074292624369264,0.042699048295617104,0.12997898273169994,35.11699167266488,0.0024023475125432014
e1-v2,N16_i00_Aheur_s44,16,3,0,514ae30a9bf6,Aheur,16.999999999972275,0.04411181027848038,385.38431981481386,0.31113031231330396,16.999999999972275,44,lightning_gpu,single,2,100,adam_0.03,0.03,-0.2671105968767471,1.2705106296258624,560,2023-08-06,2026-08-05,ok,,1000,286,740,16402,3,True,-153.26084886738235,-0.26084886763190396,-153.2608488673824,True,0.286,16402,-0.26084886763190396,0.004928513857996672,4.085500940461349e-05,2,1,False,True,True,1.376780890762973,0.25918646419037544,0.18752908754224196,2,0,1.3851408274006345,120.63426076313978,153.2671105966272,1.0000007417072112,0.2600396057823673,0.0004612351767718792,0.0013846585934516042,0.0032350161636713892,0.5816620672293855,3.0205063024393297,0.013760626163217715,0.004602790327910555,0.12939056441812724,0.04508615558516593,0.7498308822961235,0.36956270316958506,0.9999990398546811,0.9900821169665711,1.0000003464979272,0.10086732641502749,0.0001825682120397687,0.0005466193833854049,0.0012698079808615148,2.0270376529216447,16.73699861566911,0.005452767740464104,0.0018241829485473593,0.053208977590948225,0.018092811638490636,0.4211829540890243,0.16688607348674966,0.9957790216539562,0.8389191387747548,85.75412863060436,-5.186572074890137,-5.186587810516357,-5.186572074890137,99,-5.1833109855651855,-5.186572074890137,100,100,0.38505090477492371 0.8108861395016167 1.274766337564649 3.0447811714676671,0.77683351029682723 0.70247416988331823 1.0772956655763568 3.2992254856961321,34.89096260815859,0.04272426012903452,0.12986829970031977,34.93368686828762,0.0019801147282123566
e1-v2,N16_i00_Aheur_s45,16,3,0,514ae30a9bf6,Aheur,16.999999999972275,0.04411181027848038,385.38431981481386,0.31113031231330396,16.999999999972275,45,lightning_gpu,single,2,100,adam_0.03,0.03,-0.2671105968767471,1.2705106296258624,560,2023-08-06,2026-08-05,ok,,1000,110,767,20496,3,True,-153.16782913860519,-0.16782913885472328,-153.1678291386052,True,0.11,20496,-0.16782913885472328,0.07814295741174557,0.0006477675323528192,17,1,False,False,False,1.4059997392031873,0.36152637431901513,0.2564199439491602,0,0,1.3851408274006345,120.63426076313978,153.2671105966272,0.9999995470578824,0.11069397346000187,0.00019572305609472096,0.0005896373477298766,0.0013797377469018102,2.568394916097178,22.545347025456067,0.005880752802911893,0.0019555076221978718,0.05727543729158846,0.019383890051308916,0.4455680773322098,0.1777758334053815,0.9972553796564461,0.8587779950321297,1.0000009398256484,0.007375569256510062,2.0396835680003278e-05,5.769944800704252e-05,0.00012183693252154626,4.281980912947901,39.875340272952805,0.0005768446879359512,0.00020394963642755837,0.005753496148787729,0.0020376255864783532,0.056067965409346554,0.02019043114870056,0.43842566485463197,0.18451352092829176,85.75412863060436,-1.2927745580673218,-1.292791485786438,-1.2927987575531006,97,-1.254472255706787,-1.2927987575531006,100,100,1.8005430614133757 1.660303899153966 2.3990779832738145 2.5500080338093531,2.0468554652437412 2.4128051240995636 2.6231776788038705 2.7335519186885335,34.91738003399223,0.04294385761022568,0.12981820572167635,34.96032389160246,0.0023629171773791313
e1-v2,N16_i00_Aheur_s46,16,3,0,514ae30a9bf6,Aheur,16.999999999972275,0.04411181027848038,385.38431981481386,0.31113031231330396,16.999999999972275,46,lightning_gpu,single,2,100,adam_0.03,0.03,-0.2671105968767471,1.2705106296258624,560,2023-08-06,2026-08-05,ok,,1000,276,657,16402,3,True,-153.26084886738235,-0.26084886763190396,-153.2608488673824,True,0.276,16402,-0.26084886763190396,0.004928513857996672,4.085500940461349e-05,2,1,False,True,True,1.376780890762973,0.25918646419037544,0.18752908754224196,2,0,1.3851408274006345,120.63426076313978,153.2671105966272,1.0000000860987934,0.294315712118987,0.0005937034147791564,0.0017535346560180187,0.003988035605289042,0.35038987664490095,1.6995508202118654,0.01739762183811211,0.005921197465702632,0.16096880308737216,0.057658904340358585,0.827105534663835,0.4478191869343461,0.9999999761322814,0.997364802808738,0.9999994257588298,0.03483046779001597,6.246833800105378e-05,0.0001871971253422089,0.0004385240681585856,4.841155954390269,46.2550467023772,0.0018703951159846355,0.0006245078060633791,0.0185473067923152,0.00622755680643694,0.17073428370277022,0.06055902608545649,0.8462068081446081,0.46457951755650895,85.75412863060436,-5.4677886962890625,-5.451150417327881,-5.503795623779297,96,-0.9671612977981567,-5.503795623779297,100,100,2.8450397427097829 0.24261512621431053 0.85630314278475539 1.9536009066557216,1.8408977504570097 -1.7183776649693303 1.5640617648063886 2.0963030183538085,34.752409188076854,0.043056901544332504,0.12994092795997858,34.795466089621186,0.0023764772340655327
e1-v2,N16_i00_Amargin_s42,16,3,0,514ae30a9bf6,Amargin,0.31113031231330396,0.04411181027848038,7.0532202226369884,0.31113031231330396,16.999999999972275,42,lightning_gpu,single,2,100,adam_0.03,0.03,-0.2671105968767471,1.2705106296258624,560,2023-08-06,2026-08-05,ok,,1000,436,636,16394,3,True,-3.0672834076964826,-0.2671105968767471,-3.0672834076964826,True,0.436,16394,-0.2671105968767471,0.0,0.0,1,1,True,True,True,1.3851408274006345,0.2568156466299874,0.1846856590820826,4,1,1.3851408274006345,2.414213101546211,3.0672834076964826,1.000001217937049,0.4318589069880545,0.0010108831338584423,0.002914194483309984,0.006601686181966215,0.34813844542424777,1.634443089938414,0.028762735779109483,0.01006297026831593,0.2531156324207319,0.09619300462967462,0.945982597496597,0.6362885410221921,0.9999999999997885,0.9999594892913667,0.9999986924463524,0.14549804504167696,0.0002316074533155188,0.0006458734133047983,0.0014065476570976898,2.6048127788349955,19.437397899803425,0.00643999456688471,0.0023136621328584406,0.06256532910007762,0.022897215079813904,0.475904877365396,0.20676382618331146,0.9984364881374291,0.9013663487110921,2.3097801923095114,-5.132847309112549,-5.13820743560791,-5.132847309112549,99,-4.6717329025268555,-5.132847309112549,100,100,2.4314546363447995 1.3787772821439981 2.6973649175810768 2.1908462769412909,0.78693524693904948 0.66867719467823306 2.0773686544749999 1.6729934797500579,34.93574868887663,0.043142677284777164,0.13027794286608696,34.978891366161406,0.002306436188519001
e1-v2,N16_i00_Amargin_s43,16,3,0,514ae30a9bf6,Amargin,0.31113031231330396,0.04411181027848038,7.0532202226369884,0.31113031231330396,16.999999999972275,43,lightning_gpu,single,2,100,adam_0.03,0.03,-0.2671105968767471,1.2705106296258624,560,2023-08-06,2026-08-05,ok,,1000,6,981,82,3,True,-2.854792815455584,-0.054620004635848485,-2.8547928154555846,True,0.006,82,-0.054620004635848485,0.16724818138945635,0.06927647823729409,52,1,False,False,False,1.124523868063652,0.2592987041952431,0.2296960620675972,0,0,1.3851408274006345,2.414213101546211,3.0672834076964826,1.0000010459301656,0.0015966795858588512,9.834511729422957e-06,2.4932199266913813e-05,4.7233163513737964e-05,2.861447552263419,21.610689558245667,0.00024929402187368055,9.834076511539003e-05,0.00249014543916537,0.0009829725744862072,0.024624262161840882,0.009786358944246398,0.22067342749067798,0.09366438077123562,0.9999998563346231,0.17274454458674882,0.0007481553475372493,0.0019377347198314965,0.0037493878044188023,3.0049938598402974,25.551173943045274,0.01920925063191714,0.007456415522931192,0.1763103477662099,0.07211134343277592,0.8562406498017857,0.5268937829863725,0.9999999962298294,0.9994381937700988,2.3097801923095114,-1.3592727184295654,-1.359275221824646,-1.3592743873596191,98,-1.3588199615478516,-1.3592743873596191,100,100,2.0492585716432195 0.13752423515278736 0.062924802978478217 2.6364640840167701,2.2233202395844414 -0.033612890087318791 0.14591322826139208 2.7319297959066273,34.99880791641772,0.045753891579806805,0.12989077996462584,35.044561807997525,0.002214067615568638
e1-v2,N16_i00_Amargin_s44,16,3,0,514ae30a9bf6,Amargin,0.31113031231330396,0.04411181027848038,7.0532202226369884,0.31113031231330396,16.999999999972275,44,lightning_gpu,single,2,100,adam_0.03,0.03,-0.2671105968767471,1.2705106296258624,560,2023-08-06,2026-08-05,ok,,1000,398,534,16394,3,True,-3.0672834076964826,-0.2671105968767471,-3.0672834076964826,True,0.398,16394,-0.2671105968767471,0.0,0.0,1,1,True,True,True,1.3851408274006345,0.2568156466299874,0.1846856590820826,4,2,1.3851408274006345,2.414213101546211,3.0672834076964826,1.0000010342452899,0.4058352184802061,0.0015297536738216877,0.004235948552377522,0.008833387168124318,0.15442261139772434,1.094483509550272,0.04156109235551142,0.01519265858837826,0.34589968986733954,0.14194964650803388,0.9856634864184619,0.7836645229398258,1.0,0.9999997754684076,1.000000756704594,0.10164483111293521,0.0002995653485413641,0.0008356447797268629,0.0016676294762874022,2.1772923679522083,17.727315799273583,0.008325094119975285,0.0029916184367486665,0.08020035749818444,0.02951664038735624,0.5665566299099767,0.25889297224767627,0.9997659419167958,0.9500184965019203,2.3097801923095114,-5.294826030731201,-5.294810771942139,-5.295081615447998,95,-5.081279754638672,-5.295081615447998,100,100,0.38505090477492371 0.8108861395016167 1.274766337564649 3.0447811714676671,0.26096615370362858 0.98064386583968211 0.66253099931478654 3.415203613892134,34.95103614684194,0.042816088534891605,0.13034560903906822,34.993852235376835,0.0023077763617038727
e1-v2,N16_i00_Amargin_s45,16,3,0,514ae30a9bf6,Amargin,0.31113031231330396,0.04411181027848038,7.0532202226369884,0.31113031231330396,16.999999999972275,45,lightning_gpu,single,2,100,adam_0.03,0.03,-0.2671105968767471,1.2705106296258624,560,2023-08-06,2026-08-05,ok,,1000,63,831,14,3,True,-3.0019043119857463,-0.20173150116601057,-3.0019043119857463,True,0.063,14,-0.20173150116601057,0.05145891280735623,0.02131498365840148,8,1,False,False,False,1.236091263851482,0.22205720460493072,0.17883566615959112,0,0,1.3851408274006345,2.414213101546211,3.0672834076964826,0.9999980801465048,0.06470125727742015,7.414066203637049e-05,0.00017763860523700714,0.00031249991297954693,2.6093994573763455,20.44916358976285,0.0017749667284843174,0.0007411593115624893,0.01760856344034345,0.0073869226374644326,0.16276826653187793,0.07146147796591984,0.8307780053822955,0.5235698259694311,1.0000000442014771,0.11219763842609609,0.001236101845279336,0.003205963526852429,0.0051635947020258754,4.909085385132739,47.58129794025687,0.03160104825778476,0.012292486957400373,0.2746575304193609,0.11634330419209349,0.9596883043803182,0.7097075597096296,0.9999999999999887,0.9999957503098907,2.3097801923095114,-1.6238676309585571,-1.6248406171798706,-1.6330814361572266,82,-1.0189664363861084,-1.6330814361572266,100,100,1.8005430614133757 1.660303899153966 2.3990779832738145 2.5500080338093531,2.1980950944070594 3.4063555304548814 2.7431237059449294 2.8573291580664906,34.97678663954139,0.0429958775639534,0.12936558946967125,35.01978251710534,0.0022495100274682045
e1-v2,N16_i00_Amargin_s46,16,3,0,514ae30a9bf6,Amargin,0.31113031231330396,0.04411181027848038,7.0532202226369884,0.31113031231330396,16.999999999972275,46,lightning_gpu,single,2,100,adam_0.03,0.03,-0.2671105968767471,1.2705106296258624,560,2023-08-06,2026-08-05,ok,,1000,402,747,16394,3,True,-3.0672834076964826,-0.2671105968767471,-3.0672834076964826,True,0.402,16394,-0.2671105968767471,0.0,0.0,1,1,True,True,True,1.3851408274006345,0.2568156466299874,0.1846856590820826,1,1,1.3851408274006345,2.414213101546211,3.0672834076964826,1.0000007256159011,0.4055253787373658,0.00036327948328107595,0.001188993192045018,0.003100840956903994,0.7049546681215835,3.060452458217481,0.011826516491115213,0.0036268618430467248,0.11216561834029926,0.03568237152841047,0.6956876400465319,0.30465383985138006,0.9999931892346128,0.9735752670325877,1.0000012461143288,0.059748224038685294,0.0006013088277541101,0.0013049414119450375,0.0019139465148327872,4.498640266058522,36.35631071486611,0.012973050925260021,0.005996843586315914,0.12241315417936172,0.058375749349528494,0.7290425792447259,0.45200531249342724,0.9999978669035346,0.9975578997802861,2.3097801923095114,-4.788407325744629,-4.791642665863037,-4.80132532119751,93,-1.543840765953064,-4.80132532119751,100,100,2.8450397427097829 0.24261512621431053 0.85630314278475539 1.9536009066557216,1.3550788656394266 0.57362390272142427 0.8745204736467157 2.6100454561050426,35.128717970103025,0.04309395141899586,0.130044880323112,35.17181192152202,0.0023308172821998596
e1-v2,N16_i01_Aheur_s42,16,3,1,f9598a6bfdd0,Aheur,16.999999999977796,0.16999090952598905,100.00534762347837,0.47365326741735486,16.999999999977796,42,lightning_gpu,single,2,100,adam_0.03,0.03,0.13112281842114482,1.2939192012170153,560,2023-08-06,2026-08-05,ok,,1000,281,827,19,3,True,-152.78290818067424,0.21709181912593156,-152.78290818067424,True,0.281,19,0.21709181912593156,0.0664407797827927,0.0005623708520000738,4,1,False,False,False,1.2215941427161707,0.23253584088784374,0.18953581454887472,0,0,1.3851408274006345,118.14406729384329,152.86887718137902,0.9999999968678992,0.2801880778570194,0.00045785363181494176,0.00045785363181494176,0.0013778111024294049,3.3386197088790244,18.147475609747545,0.004569114478838565,0.004569114478838565,0.04476304406385856,0.04476304406385856,0.367426259112858,0.367426259112858,0.9897408448628072,0.9897408448628072,0.9999987379637787,0.03153033256603521,4.334916957304813e-05,4.334916957304813e-05,0.00013148217112757266,5.529602210803522,34.79836076936408,0.0004334071437323006,0.0004334071437323006,0.004325628320500985,0.004325628320500985,0.042423924798072665,0.042423924798072665,0.3517644150989011,0.3517644150989011,85.93887363468885,-2.1730196475982666,-2.1730480194091797,-2.173072338104248,92,-2.1693406105041504,-2.173072338104248,100,100,2.4314546363447995 1.3787772821439981 2.6973649175810768 2.1908462769412909,2.1256888047907379 1.3173836211724459 2.7773780942595194 2.1502550225797279,34.94179561920464,0.04271308425813913,0.13061388581991196,34.98450870346278,0.0020278505980968475
e1-v2,N16_i01_Aheur_s43,16,3,1,f9598a6bfdd0,Aheur,16.999999999977796,0.16999090952598905,100.00534762347837,0.47365326741735486,16.999999999977796,43,lightning_gpu,single,2,100,adam_0.03,0.03,0.13112281842114482,1.2939192012170153,560,2023-08-06,2026-08-05,ok,,1000,1,986,16408,3,True,-152.43439794532668,0.5656020544734961,-152.43439794532668,True,0.001,16408,0.5656020544734961,0.3357854459874274,0.002842169341878801,143,1,False,False,False,1.3296739434296436,0.3408723888825297,0.25560581265952526,0,0,1.3851408274006345,118.14406729384329,152.86887718137902,1.0000037649064666,0.0005421642758278722,9.7018107680924e-07,9.7018107680924e-07,2.9126094887033105e-06,4.742057849350557,22.65812661151608,9.701768411862766e-06,9.701768411862766e-06,9.701344863455308e-05,9.701344863455308e-05,0.0009697110734784298,0.0009697110734784298,0.009654904691761446,0.009654904691761446,1.0000001609169828,0.20545508098439313,0.0003707106225192547,0.0003707106225192547,0.0011114726075902581,5.228281806259474,32.25906966425697,0.003700928148223648,0.003700928148223648,0.03639896608308635,0.03639896608308635,0.309803785302051,0.309803785302051,0.9754684081028046,0.9754684081028046,85.93887363468885,-1.264459490776062,-1.264466643333435,-1.2644920349121094,96,-1.2642301321029663,-1.2644920349121094,100,100,2.0492585716432195 0.13752423515278736 0.062924802978478217 2.6364640840167701,1.9224177611947719 -0.020382383655691266 0.12177310524967615 2.8028433236757757,34.84446172602475,0.042754233814775944,0.1305723860859871,34.88721595983952,0.002456657588481903
e1-v2,N16_i01_Aheur_s44,16,3,1,f9598a6bfdd0,Aheur,16.999999999977796,0.16999090952598905,100.00534762347837,0.47365326741735486,16.999999999977796,44,lightning_gpu,single,2,100,adam_0.03,0.03,0.13112281842114482,1.2939192012170153,560,2023-08-06,2026-08-05,ok,,1000,263,721,16417,3,True,-152.77618383761893,0.223816162181238,-152.77618383761893,True,0.263,16417,0.223816162181238,0.07163765996586886,0.0006063585045510113,5,1,False,False,False,1.120231987264284,0.2057724150885129,0.18279465094420946,0,0,1.3851408274006345,118.14406729384329,152.86887718137902,1.0000014725073036,0.2601178951736074,0.00046170735731720924,0.00046170735731720924,0.0013854620628990233,1.167921806007241,3.0119963291131846,0.004607492558726278,0.004607492558726278,0.04513126451063254,0.04513126451063254,0.36986045049725313,0.36986045049725313,0.9901288584117087,0.9901288584117087,1.0000012000705283,0.10090384387876838,0.00018188015383202583,0.00018188015383202583,0.0005455345963127911,3.167626999803095,16.73445399200773,0.0018173136425243541,0.0018173136425243541,0.01802523606979889,0.01802523606979889,0.1663125408108026,0.1663125408108026,0.8378067835535319,0.8378067835535319,85.93887363468885,-5.192324638366699,-5.192335605621338,-5.192324638366699,99,-5.188928604125977,-5.192324638366699,100,100,0.38505090477492371 0.8108861395016167 1.274766337564649 3.0447811714676671,0.77686739461016829 0.70403459080682362 1.0767560970087027 3.2992448297583183,34.89504125714302,0.043161286041140556,0.13494287431240082,34.93820254318416,0.002287367358803749
e1-v2,N16_i01_Aheur_s45,16,3,1,f9598a6bfdd0,Aheur,16.999999999977796,0.16999090952598905,100.00534762347837,0.47365326741735486,16.999999999977796,45,lightning_gpu,single,2,100,adam_0.03,0.03,0.13112281842114482,1.2939192012170153,560,2023-08-06,2026-08-05,ok,,1000,130,775,16401,3,True,-152.86887718137902,0.13112281842114482,-152.86887718137905,True,0.13,16401,0.13112281842114482,0.0,0.0,1,1,True,True,True,1.3851408274006345,0.2568156466299874,0.1846856590820826,1,1,1.3851408274006345,118.14406729384329,152.86887718137902,0.9999981198174055,0.11187219452403951,0.000198603724129498,0.000198603724129498,0.000596052486798726,3.8912999050897765,22.557124276097056,0.001984263226236349,0.001984263226236349,0.019666388006699953,0.019666388006699953,0.18014144578349722,0.18014144578349722,0.8627888754988027,0.8627888754988027,1.0000015750110087,0.0073825499466693145,1.9006944057764485e-05,1.9006944057764485e-05,5.635545130644459e-05,6.231926667411624,39.89115782369758,0.00019005318452514075,0.00019005318452514075,0.0018989072591657497,0.0018989072591657497,0.018827628333058177,0.018827628333058177,0.17309978224919387,0.17309978224919387,85.93887363468885,-1.2943165302276611,-1.2943129539489746,-1.294398546218872,79,-1.2514680624008179,-1.294398546218872,100,100,1.8005430614133757 1.660303899153966 2.3990779832738145 2.5500080338093531,2.0462854917998925 2.4144686136119202 2.6232985720181228 2.7342369356978238,35.11919831484556,0.04323449078947306,0.13514688331633806,35.162432805635035,0.00252361036837101
e1-v2,N16_i01_Aheur_s46,16,3,1,f9598a6bfdd0,Aheur,16.999999999977796,0.16999090952598905,100.00534762347837,0.47365326741735486,16.999999999977796,46,lightning_gpu,single,2,100,adam_0.03,0.03,0.13112281842114482,1.2939192012170153,560,2023-08-06,2026-08-05,ok,,1000,285,649,16401,3,True,-152.86887718137902,0.13112281842114482,-152.86887718137905,True,0.285,16401,0.13112281842114482,0.0,0.0,1,1,True,True,True,1.3851408274006345,0.2568156466299874,0.1846856590820826,1,1,1.3851408274006345,118.14406729384329,152.86887718137902,1.0000007890772595,0.2937637403665576,0.0005825286498293281,0.0005825286498293281,0.0017403796664439142,0.8304149389177603,1.7032081506718288,0.005810039911880782,0.005810039911880782,0.05660465135091175,0.05660465135091175,0.44161041854663186,0.44161041854663186,0.9970530479779804,0.9970530479779804,1.0000011474765245,0.03495336681953631,6.305956048890948e-05,6.305956048890948e-05,0.00018893623200710863,6.9526061657235,46.25817853857657,0.0006304166921089482,0.0006304166921089482,0.006286312818908124,0.006286312818908124,0.061114315401457064,0.061114315401457064,0.4677359021380375,0.4677359021380375,85.93887363468885,-5.470959186553955,-5.455152988433838,-5.508378505706787,96,-0.9780412912368774,-5.508378505706787,100,100,2.8450397427097829 0.24261512621431053 0.85630314278475539 1.9536009066557216,1.8403862216772686 -1.7196110706404404 1.5639175800670986 2.0962737634038353,34.95323920994997,0.045479427091777325,0.1303213369101286,34.99871863704175,0.0023187296465039253
e1-v2,N16_i01_Amargin_s42,16,3,1,f9598a6bfdd0,Amargin,0.47365326741735486,0.16999090952598905,2.7863446859488707,0.47365326741735486,16.999999999977796,42,lightning_gpu,single,2,100,adam_0.03,0.03,0.13112281842114482,1.2939192012170153,560,2023-08-06,2026-08-05,ok,,1000,524,574,32785,3,True,-4.07756446213782,0.18531494461837372,-4.07756446213782,True,0.524,32785,0.18531494461837372,0.04188215627858191,0.013116001642068272,3,1,False,False,True,1.4680414110056843,0.30005017887076635,0.20370690951142958,0,0,1.3851408274006345,3.1932106614144553,4.131756588335049,0.9999999245935461,0.5238786827540025,0.0007962097297422588,0.0007962097297422588,0.002371662005316466,0.9173072215160667,2.5275763400966538,0.007933630036940253,0.007933630036940253,0.07656298790600091,0.07656298790600091,0.5491077461731386,0.5491077461731386,0.9996526816385993,0.9996526816385993,0.9999979310279781,0.10091879160609096,0.0004795398854184896,0.0004795398854184896,0.0013021203922107816,4.100226514193016,22.270335612217437,0.004785063943422263,0.004785063943422263,0.04683331984525296,0.04683331984525296,0.3810030300861741,0.3810030300861741,0.9917418031507859,0.9917418031507859,3.307139971886637,-5.191647529602051,-5.205955505371094,-5.191647529602051,99,-4.895837306976318,-5.191647529602051,100,100,2.4314546363447995 1.3787772821439981 2.6973649175810768 2.1908462769412909,0.98846384623365957 0.70568657872092122 2.2476259403477714 1.8765829897139601,35.023698162287474,0.04290707688778639,0.1298169381916523,35.06660523917526,0.002372894436120987
e1-v2,N16_i01_Amargin_s43,16,3,1,f9598a6bfdd0,Amargin,0.47365326741735486,0.16999090952598905,2.7863446859488707,0.47365326741735486,16.999999999977796,43,lightning_gpu,single,2,100,adam_0.03,0.03,0.13112281842114482,1.2939192012170153,560,2023-08-06,2026-08-05,ok,,1000,1,984,43008,3,True,-3.682455977149725,0.5804234296064688,-3.6824559771497247,True,0.001,43008,0.5804234296064688,0.34724008327778694,0.10874324311693688,154,1,False,False,False,0.999810537844684,0.2350694080126137,0.2341137637108755,0,0,1.3851408274006345,3.1932106614144553,4.131756588335049,1.0000010039476148,0.0024551781963282338,8.22380661702482e-06,8.22380661702482e-06,2.3793181753717363e-05,4.416772794696259,21.07293933424819,8.223502284221418e-05,8.223502284221418e-05,0.000822045978192909,0.000822045978192909,0.008190117165219668,0.008190117165219668,0.07894765034610751,0.07894765034610751,0.9999994934923764,0.20763014018302783,0.0006087030633352697,0.0006087030633352697,0.0017578576225787401,4.507412176592968,25.364294074763315,0.0060703842950314835,0.0060703842950314835,0.05907217233587225,0.05907217233587225,0.456044805330474,0.456044805330474,0.9977320614380715,0.9977320614380715,3.307139971886637,-1.4917210340499878,-1.491720199584961,-1.4917232990264893,98,-1.4913268089294434,-1.4917232990264893,100,100,2.0492585716432195 0.13752423515278736 0.062924802978478217 2.6364640840167701,2.1562317828519535 -0.028410563555229505 0.13876641160110711 2.7378799664070264,34.92860950436443,0.04286222159862518,0.13030191976577044,34.971471725963056,0.002300592139363289
e1-v2,N16_i01_Amargin_s44,16,3,1,f9598a6bfdd0,Amargin,0.47365326741735486,0.16999090952598905,2.7863446859488707,0.47365326741735486,16.999999999977796,44,lightning_gpu,single,2,100,adam_0.03,0.03,0.13112281842114482,1.2939192012170153,560,2023-08-06,2026-08-05,ok,,1000,391,530,49153,3,True,-4.087430725597453,0.17544868115874124,-4.087430725597452,True,0.391,49153,0.17544868115874124,0.03425705615613792,0.010728091500534925,2,1,False,False,True,1.0888101742109118,0.18579278723010573,0.16971993062429797,0,0,1.3851408274006345,3.1932106614144553,4.131756588335049,0.9999980409968083,0.38995274793705903,0.00113496498670429,0.00113496498670429,0.003328944556415081,0.5568345733085931,1.1180263942494748,0.011291858410620748,0.011291858410620748,0.10735021646596621,0.10735021646596621,0.6787737409242733,0.6787737409242733,0.9999883020327682,0.9999883020327682,1.0000022373255888,0.10226154506381135,0.00023415597388520837,0.00023415597388520837,0.0007006232481217012,3.3389325317715675,17.34192625693686,0.0023390939729412974,0.0023390939729412974,0.023146257996064068,0.023146257996064068,0.20878330075807094,0.20878330075807094,0.9038488577127467,0.9038488577127467,3.307139971886637,-5.5161333084106445,-5.516819000244141,-5.5161333084106445,99,-5.1730265617370605,-5.5161333084106445,100,100,0.38505090477492371 0.8108861395016167 1.274766337564649 3.0447811714676671,0.2579784483421344 0.92747219406184711 0.63762682035064755 3.4029962227982153,34.98795802053064,0.042887757532298565,0.12971064914017916,35.03084577806294,0.002560264430940151
e1-v2,N16_i01_Amargin_s45,16,3,1,f9598a6bfdd0,Amargin,0.47365326741735486,0.16999090952598905,2.7863446859488707,0.47365326741735486,16.999999999977796,45,lightning_gpu,single,2,100,adam_0.03,0.03,0.13112281842114482,1.2939192012170153,560,2023-08-06,2026-08-05,ok,,1000,69,831,16402,3,True,-3.9536039410345305,0.3092754657216633,-3.9536039410345305,True,0.069,16402,0.3092754657216633,0.13768452244387,0.043117895135324914,19,1,False,False,False,1.102507816905773,0.2194184364119228,0.19811055582800477,0,0,1.3851408274006345,3.1932106614144553,4.131756588335049,0.99999927775917,0.072393918122998,6.51931486572721e-06,6.51931486572721e-06,4.1735027934919344e-05,3.8144927052086386,19.51787756018369,6.519123612458433e-05,6.519123612458433e-05,0.0006517211491112729,0.0006517211491112729,0.0064981313502090465,0.0064981313502090465,0.06311371156282963,0.06311371156282963,1.0000010095420127,0.08664391949787387,0.0008791021537035704,0.0008791021537035704,0.0024158817250281572,6.82584415294029,47.43070151976653,0.008756326011486126,0.008756326011486126,0.08419230752450635,0.08419230752450635,0.5850049931929497,0.5850049931929497,0.9998484943903247,0.9998484943903247,3.307139971886637,-1.895919919013977,-1.8965437412261963,-1.9001295566558838,79,-1.2374193668365479,-1.9001295566558838,100,100,1.8005430614133757 1.660303899153966 2.3990779832738145 2.5500080338093531,2.1228953022761874 3.3500443414299959 2.7476437958829192 2.8718411373641701,35.19542719330639,0.04351918864995241,0.13009343016892672,35.23894638195634,0.001907510682940483
e1-v2,N16_i01_Amargin_s46,16,3,1,f9598a6bfdd0,Amargin,0.47365326741735486,0.16999090952598905,2.7863446859488707,0.47365326741735486,16.999999999977796,46,lightning_gpu,single,2,100,adam_0.03,0.03,0.13112281842114482,1.2939192012170153,560,2023-08-06,2026-08-05,ok,,1000,421,715,32785,3,True,-4.07756446213782,0.18531494461837372,-4.07756446213782,True,0.421,32785,0.18531494461837372,0.04188215627858191,0.013116001642068272,3,1,False,False,True,1.4680414110056843,0.30005017887076635,0.20370690951142958,0,0,1.3851408274006345,3.1932106614144553,4.131756588335049,1.0000011842082677,0.43326735141454265,0.000443335302406922,0.000443335302406922,0.0013570240698754787,1.1991107191662222,2.9522341650104673,0.004424518893698659,0.004424518893698659,0.04337456626962144,0.04337456626962144,0.3581711531698142,0.3581711531698142,0.9881370602551954,0.9881370602551954,0.9999993170232688,0.02586527538444905,0.0001684220042079687,0.0001684220042079687,0.000460519251646474,6.545880982531855,40.01898740924622,0.0016829441464876194,0.0016829441464876194,0.016702558231186493,0.016702558231186493,0.1550148187714785,0.1550148187714785,0.814437195938132,0.814437195938132,3.307139971886637,-5.053277015686035,-5.059930801391602,-5.067938327789307,90,-2.0126378536224365,-5.067938327789307,100,100,2.8450397427097829 0.24261512621431053 0.85630314278475539 1.9536009066557216,1.3482828750105145 0.56067607919527696 0.89859859709392387 2.5840194842143971,34.83668916672468,0.04310444835573435,0.13608349952846766,34.879793615080416,0.0025857333093881607
e1-v2,N16_i02_Aheur_s42,16,3,2,75660748013c,Aheur,16.999999999972275,0.12723591140579504,133.6100776278009,0.3395442826208949,16.999999999972275,42,lightning_gpu,single,2,100,adam_0.03,0.03,-0.11763741225508972,0.9002704346258038,560,2023-08-06,2026-08-05,ok,,1000,295,819,20488,3,True,-153.07637972305807,-0.07637972330761222,-153.0763797230581,True,0.295,20488,-0.07637972330761222,0.045828106045297606,0.0002694509244317964,3,1,False,False,True,1.4041957728067274,0.40706349292123767,0.28917868917208883,0,0,1.3514628008784804,170.0796022204691,153.11763741200554,0.9999996698289806,0.28275853258674033,0.0004913592129014432,0.0004913592129014432,0.0019751234794966877,1.9893187501878389,18.140115598792818,0.004902741828047175,0.004902741828047175,0.04795977976745136,0.04795977976745136,0.38827960354135316,0.38827960354135316,0.992662812571933,0.992662812571933,0.9999982834406183,0.03386214752754313,5.536667231353931e-05,5.536667231353931e-05,0.00022437958978116512,3.4342013571347794,34.92448605000004,0.0005535287974222092,0.0005535287974222092,0.0055215205704474135,0.0055215205704474135,0.05386328855716638,0.05386328855716638,0.4251706420679442,0.4251706420679442,85.5948553399006,-2.173182487487793,-2.1732187271118164,-2.1732444763183594,92,-2.168576717376709,-2.1732444763183594,100,100,2.4314546363447995 1.3787772821439981 2.6973649175810768 2.1908462769412909,2.1237622884887593 1.317130921874635 2.7783009264784337 2.1485953636094401,34.834825105033815,0.04319565184414387,0.13041489105671644,34.87802075687796,0.0022041359916329384
e1-v2,N16_i02_Aheur_s43,16,3,2,75660748013c,Aheur,16.999999999972275,0.12723591140579504,133.6100776278009,0.3395442826208949,16.999999999972275,43,lightning_gpu,single,2,100,adam_0.03,0.03,-0.11763741225508972,0.9002704346258038,560,2023-08-06,2026-08-05,ok,,1000,0,986,32772,2,False,-135.89530646252774,0.10469353725044428,-135.89530646252774,True,0.0,,,,,,,,,,,,,0,0,1.3514628008784804,170.0796022204691,153.11763741200554,1.000003348617497,0.000567088151342432,9.900323902911623e-07,9.900323902911623e-07,3.959006107834284e-06,2.8350928333727436,22.68391240963183,9.900279795638234e-06,9.900279795638234e-06,9.899838737359445e-05,9.899838737359445e-05,0.0009895429595140337,0.0009895429595140337,0.009851481881627877,0.009851481881627877,0.9999996009399155,0.2047216511273291,0.0003669557918328792,0.0003669557918328792,0.0014674038393422961,3.2295532259441107,32.38561789734041,0.003663504299190712,0.003663504299190712,0.03603694872446561,0.03603694872446561,0.307206384019416,0.307206384019416,0.9745294237566146,0.9745294237566146,85.5948553399006,-1.2609113454818726,-1.2609161138534546,-1.2609336376190186,96,-1.2606446743011475,-1.2609336376190186,100,100,2.0492585716432195 0.13752423515278736 0.062924802978478217 2.6364640840167701,1.9189943398800451 -0.020325579115829519 0.1218457606595706 2.803409298473067,34.711548898369074,0.043202183209359646,0.13046435080468655,34.75475108157843,0.002376641146838665
e1-v2,N16_i02_Aheur_s44,16,3,2,75660748013c,Aheur,16.999999999972275,0.12723591140579504,133.6100776278009,0.3395442826208949,16.999999999972275,44,lightning_gpu,single,2,100,adam_0.03,0.03,-0.11763741225508972,0.9002704346258038,560,2023-08-06,2026-08-05,ok,,1000,300,732,152,3,True,-153.10239556346454,-0.10239556371409364,-153.10239556346457,True,0.3,152,-0.10239556371409364,0.016930300001833713,9.954338898257459e-05,2,1,False,False,True,1.2983315293632645,0.33078052876886277,0.2540033275865955,0,0,1.3514628008784804,170.0796022204691,153.11763741200554,0.9999990362656135,0.26007108567864634,0.0004632496857084334,0.0004632496857084334,0.001853529509389773,0.587536185411984,3.021149896934425,0.004622851764830571,0.004622851764830571,0.04527859340137519,0.04527859340137519,0.3708320325087493,0.3708320325087493,0.990280005146006,0.990280005146006,1.0000007143466974,0.10085868304304313,0.00018030108185485005,0.00018030108185485005,0.0007207685266621411,1.8733358086015126,16.72315165925238,0.001801548640078976,0.001801548640078976,0.017870134853745334,0.017870134853745334,0.16499480955511658,0.16499480955511658,0.8352248366166241,0.8352248366166241,85.5948553399006,-5.192361831665039,-5.192363739013672,-5.192361831665039,99,-5.1891608238220215,-5.192361831665039,100,100,0.38505090477492371 0.8108861395016167 1.274766337564649 3.0447811714676671,0.77589934875062694 0.70153237615039021 1.0773706382863133 3.2991733327379951,34.93121952936053,0.04547666758298874,0.13011879660189152,34.97669619694352,0.002235674299299717
e1-v2,N16_i02_Aheur_s45,16,3,2,75660748013c,Aheur,16.999999999972275,0.12723591140579504,133.6100776278009,0.3395442826208949,16.999999999972275,45,lightning_gpu,single,2,100,adam_0.03,0.03,-0.11763741225508972,0.9002704346258038,560,2023-08-06,2026-08-05,ok,,1000,123,768,152,3,True,-153.10239556346454,-0.10239556371409364,-153.10239556346457,True,0.123,152,-0.10239556371409364,0.016930300001833713,9.954338898257459e-05,2,1,False,False,True,1.2983315293632645,0.33078052876886277,0.2540033275865955,0,0,1.3514628008784804,170.0796022204691,153.11763741200554,0.9999992777233047,0.1113351165986387,0.0001997361978283152,0.0001997361978283152,0.0007989553414518014,2.354528086354487,22.54387132357124,0.0019955676794627397,0.0019955676794627397,0.01977742403751892,0.01977742403751892,0.1810695732488239,0.1810695732488239,0.8643342959370658,0.8643342959370658,1.0000017577804172,0.006851468002423644,1.3615400348498952e-05,1.3615400348498952e-05,5.348084232537076e-05,3.875094565684708,39.783843232795135,0.00013614566172714948,0.00013614566172714948,0.0013606228161708867,0.0013606228161708867,0.01352322146261209,0.01352322146261209,0.12729258688483402,0.12729258688483402,85.5948553399006,-1.2943884134292603,-1.2943217754364014,-1.2944080829620361,98,-1.2599914073944092,-1.2944080829620361,100,100,1.8005430614133757 1.660303899153966 2.3990779832738145 2.5500080338093531,2.0447983610580205 2.4096118921998317 2.622957501408981 2.7334949360575309,34.80698770843446,0.04298850055783987,0.13013131078332663,34.8499762089923,0.0026452485471963882
e1-v2,N16_i02_Aheur_s46,16,3,2,75660748013c,Aheur,16.999999999972275,0.12723591140579504,133.6100776278009,0.3395442826208949,16.999999999972275,46,lightning_gpu,single,2,100,adam_0.03,0.03,-0.11763741225508972,0.9002704346258038,560,2023-08-06,2026-08-05,ok,,1000,313,647,152,3,True,-153.10239556346454,-0.10239556371409364,-153.10239556346457,True,0.313,152,-0.10239556371409364,0.016930300001833713,9.954338898257459e-05,2,1,False,False,True,1.2983315293632645,0.33078052876886277,0.2540033275865955,0,0,1.3514628008784804,170.0796022204691,153.11763741200554,0.9999995544399969,0.2926059383316897,0.0005415537743829191,0.0005415537743829191,0.002155800408218056,0.38525246898193644,1.714615401736106,0.005402359162962167,0.005402359162962167,0.052728987560333285,0.052728987560333285,0.41824185008636605,0.41824185008636605,0.9955595727332632,0.9955595727332632,1.000000560410598,0.03465909096848918,6.245140684768558e-05,6.245140684768558e-05,0.0002498574249329977,4.357401372737495,46.28419849435991,0.0006243385896824716,0.0006243385896824716,0.006225874128547693,0.006225874128547693,0.06054311913803978,0.06054311913803978,0.4644888513552621,0.4644888513552621,85.5948553399006,-5.4694952964782715,-5.454216480255127,-5.50958251953125,96,-0.9740471839904785,-5.50958251953125,100,100,2.8450397427097829 0.24261512621431053 0.85630314278475539 1.9536009066557216,1.8356384076832797 -1.7188838303081848 1.5637745572397708 2.0961759649369136,35.15087722521275,0.04292656388133764,0.1304091801866889,35.19380378909409,0.0021712984889745712
e1-v2,N16_i02_Amargin_s42,16,3,2,75660748013c,Amargin,0.3395442826208949,0.12723591140579504,2.66861987994869,0.3395442826208949,16.999999999972275,42,lightning_gpu,single,2,100,adam_0.03,0.03,-0.11763741225508972,0.9002704346258038,560,2023-08-06,2026-08-05,ok,,1000,181,463,4120,3,True,-3.1036412849998576,-0.04774274141180346,-3.1036412849998585,True,0.181,4120,-0.04774274141180346,0.0776374166639582,0.022024225285551136,10,1,False,False,False,1.4126422639265745,0.42474053441820125,0.2999630870737039,0,0,1.3514628008784804,3.5250918321695415,3.173535955843144,0.9999996566029985,0.17673298847148544,6.296320498222485e-05,6.296320498222485e-05,0.0003405042698432226,0.5005826131806201,4.1417846969883705,0.0006294536833388875,0.0006294536833388875,0.006276737190818671,0.006276737190818671,0.0610238385356241,0.0610238385356241,0.46722275685348336,0.46722275685348336,0.9999991709560918,0.04742372949431228,0.00019696248637046665,0.00019696248637046665,0.0007272545844898559,2.564646131382598,24.13819493881323,0.001967880040362746,0.001967880040362746,0.019505446914457325,0.019505446914457325,0.17879449152877858,0.17879449152877858,0.8605178803215301,0.8605178803215301,2.292576753143709,-4.933829307556152,-4.9411492347717285,-4.933829307556152,99,-4.819710731506348,-4.933829307556152,100,100,2.4314546363447995 1.3787772821439981 2.6973649175810768 2.1908462769412909,1.1309182468711592 0.7682496860626753 2.4064648376829152 2.0026129387558802,34.980520001612604,0.04277295619249344,0.13009052723646164,35.0232929578051,0.0025924500077962875
e1-v2,N16_i02_Amargin_s43,16,3,2,75660748013c,Amargin,0.3395442826208949,0.12723591140579504,2.66861987994869,0.3395442826208949,16.999999999972275,43,lightning_gpu,single,2,100,adam_0.03,0.03,-0.11763741225508972,0.9002704346258038,560,2023-08-06,2026-08-05,ok,,1000,0,982,33024,2,False,-2.611192158361587,0.10516210260557246,-2.611192158361587,True,0.0,,,,,,,,,,,,,0,0,1.3514628008784804,3.5250918321695415,3.173535955843144,1.0000005095454334,0.0011907416770213786,3.4900051559816347e-06,3.4900051559816347e-06,1.3858944384992355e-05,2.6738603949386177,21.338155570580284,3.4899503458807324e-05,3.4899503458807324e-05,0.00034894023079812264,0.00034894023079812264,0.0034839282354643952,0.0034839282354643952,0.034298126976074594,0.034298126976074594,0.9999998653720468,0.22204882311052643,0.00047290066140703857,0.00047290066140703857,0.0018729286966845393,2.8038028083386637,26.505942360371137,0.004718955717832318,0.004718955717832318,0.04619997930345354,0.04619997930345354,0.37687772674147535,0.37687772674147535,0.9911746334524935,0.9911746334524935,2.292576753143709,-1.4463106393814087,-1.4463131427764893,-1.4463106393814087,99,-1.446197748184204,-1.4463106393814087,100,100,2.0492585716432195 0.13752423515278736 0.062924802978478217 2.6364640840167701,2.11073388589885 -0.025110598001098352 0.13550209515164161 2.7541656362596596,34.9081902122125,0.0491433497518301,0.13176776748150587,34.95733356196433,0.0019448576495051384
e1-v2,N16_i02_Amargin_s44,16,3,2,75660748013c,Amargin,0.3395442826208949,0.12723591140579504,2.66861987994869,0.3395442826208949,16.999999999972275,44,lightning_gpu,single,2,100,adam_0.03,0.03,-0.11763741225508972,0.9002704346258038,560,2023-08-06,2026-08-05,ok,,1000,258,634,20488,3,True,-3.1322782668956664,-0.07637972330761222,-3.132278266895667,True,0.258,20488,-0.07637972330761222,0.045828106045297606,0.013000542461639187,3,1,False,False,True,1.4041957728067274,0.40706349292123767,0.28917868917208883,0,0,1.3514628008784804,3.5250918321695415,3.173535955843144,1.0000004761441261,0.2543216552003287,0.00041705049807205796,0.00041705049807205796,0.0016842816257849336,0.450514066620718,2.691931256864561,0.00416268677863052,0.00416268677863052,0.040855702496197854,0.040855702496197854,0.34106968117572645,0.34106968117572645,0.9845689702534229,0.9845689702534229,1.0000009792706805,0.10210343269864097,0.00018987592193298042,0.00018987592193298042,0.0007427865057252347,1.9697347050885101,17.273089846567018,0.0018971376615676272,0.0018971376615676272,0.01881023235846635,0.01881023235846635,0.17295316292602725,0.17295316292602725,0.8502726800902733,0.8502726800902733,2.292576753143709,-5.177712440490723,-5.177725315093994,-5.177712440490723,99,-5.126714706420898,-5.177712440490723,100,100,0.38505090477492371 0.8108861395016167 1.274766337564649 3.0447811714676671,0.82340910245715004 0.85652386814253079 1.0443995219294229 3.2990453158085882,35.007279886864126,0.04320577718317509,0.13131384178996086,35.0504856640473,0.002017877995967865
e1-v2,N16_i02_Amargin_s45,16,3,2,75660748013c,Amargin,0.3395442826208949,0.12723591140579504,2.66861987994869,0.3395442826208949,16.999999999972275,45,lightning_gpu,single,2,100,adam_0.03,0.03,-0.11763741225508972,0.9002704346258038,560,2023-08-06,2026-08-05,ok,,1000,43,769,44,3,True,-3.014087617996496,0.04181092559155797,-3.0140876179964966,True,0.043,44,0.04181092559155797,0.17711160081906074,0.05024311684670531,33,1,False,False,False,1.1780996854060342,0.32453874632820834,0.2746276485225443,0,0,1.3514628008784804,3.5250918321695415,3.173535955843144,1.000000085238554,0.039509848687885096,4.035012170788832e-05,4.035012170788832e-05,0.00016508385488123167,2.1425525772828395,18.970658030111725,0.00040342795900727424,0.00040342795900727424,0.0040269635283454175,0.0040269635283454175,0.0395476770977049,0.0395476770977049,0.3320282240830733,0.3320282240830733,1.0000006089972662,0.058424123480676826,0.00037766387686133385,0.00037766387686133385,0.0012957992003066465,4.31829833922341,47.17360481776831,0.0037702268781123482,0.0037702268781123482,0.037069000135735,0.037069000135735,0.3145880330049059,0.3145880330049059,0.9771167962500712,0.9771167962500712,2.292576753143709,-2.01469087600708,-2.0287015438079834,-2.01469087600708,99,-1.2314584255218506,-2.01469087600708,100,100,1.8005430614133757 1.660303899153966 2.3990779832738145 2.5500080338093531,2.0936566160368089 3.2566262080705357 2.7521208495949674 2.8344776034740105,34.925058869645,0.042915478348731995,0.1303119258955121,34.96797434799373,0.0021688761189579964
e1-v2,N16_i02_Amargin_s46,16,3,2,75660748013c,Amargin,0.3395442826208949,0.12723591140579504,2.66861987994869,0.3395442826208949,16.999999999972275,46,lightning_gpu,single,2,100,adam_0.03,0.03,-0.11763741225508972,0.9002704346258038,560,2023-08-06,2026-08-05,ok,,1000,425,730,16408,3,True,-3.173535955843144,-0.11763741225508972,-3.1735359558431444,True,0.425,16408,-0.11763741225508972,0.0,0.0,1,1,True,True,True,1.3514628008784804,0.35482033841586325,0.2618054586377607,1,1,1.3514628008784804,3.5250918321695415,3.173535955843144,1.0000004940133966,0.44213031441904604,0.0005916689406149089,0.0005916689406149089,0.002453528461046517,0.6071517554722579,3.1694677545989416,0.005900960989560944,0.005900960989560944,0.057467054257123396,0.057467054257123396,0.44669397822483814,0.44669397822483814,0.9973106088722629,0.9973106088722629,1.0000008277568058,0.012302617924743409,4.3326308514224365e-05,4.3326308514224365e-05,0.0001581166916366783,4.113567200710786,42.29217243029275,0.000433178622295749,0.000433178622295749,0.004323352002210568,0.004323352002210568,0.0424020323960812,0.0424020323960812,0.3516161982158069,0.3516161982158069,2.292576753143709,-5.0320353507995605,-5.038675308227539,-5.034396171569824,88,-2.4368350505828857,-5.034396171569824,100,100,2.8450397427097829 0.24261512621431053 0.85630314278475539 1.9536009066557216,1.33072851671587 0.53322913379833314 0.92135869408502846 2.5574382539938751,34.868764132261276,0.044737979769706726,0.12970518227666616,34.91350211203098,0.0025951405987143517
e1-v2,N16_i03_Aheur_s42,16,3,3,ba5bb77bd55e,Aheur,16.999999999981483,0.03003951242417713,565.9213025807679,0.3007600644778749,16.999999999981483,42,lightning_gpu,single,2,100,adam_0.03,0.03,-0.11549302526090832,1.7607173941878844,560,2023-08-06,2026-08-05,ok,,1000,286,820,32802,3,True,-153.02132422670311,-0.021324226869782525,-153.02132422670314,True,0.286,32802,-0.021324226869782525,0.05348319878134693,0.0006150180920992259,8,1,False,False,False,1.317743849974798,0.26495642154780197,0.2003093556861223,0,0,1.8371572841510873,86.9619926119475,153.11549302509425,0.9999998761882978,0.28177315107313916,0.0004843951901420951,0.0004843951901420951,0.003254809940699488,2.283855904599611,18.141131030262812,0.004833406787298489,0.004833406787298489,0.04729622203187811,0.04729622203187811,0.3840026068715666,0.3840026068715666,0.9921333696638812,0.9921333696638812,0.9999980924491183,0.03042513299442362,4.7393987188115716e-05,4.7393987188115716e-05,0.00030256617537816055,3.849539339694874,34.7748632519349,0.00047383880610385454,0.00047383880610385454,0.004728297272357906,0.004728297272357906,0.0462894977227587,0.0462894977227587,0.3774623080668642,0.3774623080668642,85.81868349196083,-2.1693227291107178,-2.1693544387817383,-2.1693787574768066,92,-2.1653780937194824,-2.1693787574768066,100,100,2.4314546363447995 1.3787772821439981 2.6973649175810768 2.1908462769412909,2.1280485445550852 1.3193906329330123 2.7780654094549666 2.1488910541526014,34.92336771264672,0.042970700189471245,0.13029790855944157,34.966338412836194,0.002387711778283119
e1-v2,N16_i03_Aheur_s43,16,3,3,ba5bb77bd55e,Aheur,16.999999999981483,0.03003951242417713,565.9213025807679,0.3007600644778749,16.999999999981483,43,lightning_gpu,single,2,100,adam_0.03,0.03,-0.11549302526090832,1.7607173941878844,560,2023-08-06,2026-08-05,ok,,1000,0,987,49162,4,False,-135.7584665485434,0.24153345130845816,-135.7584665485434,True,0.0,,,,,,,,,,,,,0,0,1.8371572841510873,86.9619926119475,153.11549302509425,1.0000000470188297,0.000562149765983122,9.880881179924472e-07,9.880881179924472e-07,7.078573503349617e-06,3.244384916864409,22.67805322282811,9.880837245734853e-06,9.880837245734853e-06,9.88039791804951e-05,9.88039791804951e-05,0.000987600607346928,0.000987600607346928,0.009832230492084038,0.009832230492084038,1.0000004764717545,0.20609730531577952,0.00037151729338802397,0.00037151729338802397,0.002599978557555005,3.63695011515366,32.26261781337837,0.003708967953858777,0.003708967953858777,0.03647672269172508,0.03647672269172508,0.3103605285128931,0.3103605285128931,0.9756655741691954,0.9756655741691954,85.81868349196083,-1.2594292163848877,-1.2594352960586548,-1.259464144706726,96,-1.2591804265975952,-1.259464144706726,100,100,2.0492585716432195 0.13752423515278736 0.062924802978478217 2.6364640840167701,1.9232091128749562 -0.020332381178922131 0.12222480190367864 2.8028473179581148,34.84826497640461,0.04539594240486622,0.12996131274849176,34.89366091880947,0.0022899452596902847
e1-v2,N16_i03_Aheur_s44,16,3,3,ba5bb77bd55e,Aheur,16.999999999981483,0.03003951242417713,565.9213025807679,0.3007600644778749,16.999999999981483,44,lightning_gpu,single,2,100,adam_0.03,0.03,-0.11549302526090832,1.7607173941878844,560,2023-08-06,2026-08-05,ok,,1000,276,738,33282,3,True,-153.11549302509425,-0.11549302526090832,-153.11549302509425,True,0.276,33282,-0.11549302526090832,0.0,0.0,1,1,True,True,True,1.8371572841510873,0.4605438603961853,0.2501385506622701,2,2,1.8371572841510873,86.9619926119475,153.11549302509425,1.0000000350314728,0.2600284500804264,0.0004626236332114786,0.0004626236332114786,0.003233476309105754,0.734384683092604,3.0190253678567807,0.0046166172756507695,0.0046166172756507695,0.04521879327377276,0.04521879327377276,0.37043783446151546,0.37043783446151546,0.9902189336329732,0.9902189336329732,1.0000007462467693,0.10087776146247052,0.0001803826744435355,0.0001803826744435355,0.001271997723961249,2.1573952806841383,16.74695638611138,0.0018023632426102942,0.0018023632426102942,0.017878149718275615,0.017878149718275615,0.16506294929873333,0.16506294929873333,0.8353592503350871,0.8353592503350871,85.81868349196083,-5.182960033416748,-5.182969093322754,-5.182960033416748,99,-5.1796345710754395,-5.182960033416748,100,100,0.38505090477492371 0.8108861395016167 1.274766337564649 3.0447811714676671,0.77753317885346274 0.70334565599600229 1.0771778575788431 3.2992652724657598,34.99653889704496,0.04266983550041914,0.13023104798048735,35.039208732545376,0.002304183319211006
e1-v2,N16_i03_Aheur_s45,16,3,3,ba5bb77bd55e,Aheur,16.999999999981483,0.03003951242417713,565.9213025807679,0.3007600644778749,16.999999999981483,45,lightning_gpu,single,2,100,adam_0.03,0.03,-0.11549302526090832,1.7607173941878844,560,2023-08-06,2026-08-05,ok,,1000,112,772,33282,3,True,-153.11549302509425,-0.11549302526090832,-153.11549302509425,True,0.112,33282,-0.11549302526090832,0.0,0.0,1,1,True,True,True,1.8371572841510873,0.4605438603961853,0.2501385506622701,1,1,1.8371572841510873,86.9619926119475,153.11549302509425,0.9999985339317163,0.10976410735747777,0.00019460124894976616,0.00019460124894976616,0.0013603328407043591,2.677221167851196,22.547704881066238,0.0019443092394600958,0.0019443092394600958,0.01927385618928057,0.01927385618928057,0.1768527586521812,0.1768527586521812,0.8571845243853089,0.8571845243853089,1.0000010677552158,0.007769330954943143,1.6693418729119003e-05,1.6693418729119003e-05,0.00013389311243372504,4.350410168446344,39.94649248121679,0.0001669216476890556,0.0001669216476890556,0.0016679632071963102,0.0016679632071963102,0.01655499274617367,0.01655499274617367,0.1537458752846751,0.1537458752846751,85.81868349196083,-1.29184889793396,-1.2918546199798584,-1.2919106483459473,79,-1.2493555545806885,-1.2919106483459473,100,100,1.8005430614133757 1.660303899153966 2.3990779832738145 2.5500080338093531,2.0483290727940053 2.4153342460163945 2.6235289687400059 2.7337016809322381,34.86817587912083,0.04296322911977768,0.13046125695109367,34.911139108240604,0.0024937018752098083
e1-v2,N16_i03_Aheur_s46,16,3,3,ba5bb77bd55e,Aheur,16.999999999981483,0.03003951242417713,565.9213025807679,0.3007600644778749,16.999999999981483,46,lightning_gpu,single,2,100,adam_0.03,0.03,-0.11549302526090832,1.7607173941878844,560,2023-08-06,2026-08-05,ok,,1000,295,650,33282,3,True,-153.11549302509425,-0.11549302526090832,-153.11549302509425,True,0.295,33282,-0.11549302526090832,0.0,0.0,1,1,True,True,True,1.8371572841510873,0.4605438603961853,0.2501385506622701,1,1,1.8371572841510873,86.9619926119475,153.11549302509425,0.9999995396573857,0.29561739452765323,0.0005614812835119665,0.0005614812835119665,0.0040534912259317935,0.49015421237086987,1.687470122283138,0.00560064730042753,0.00560064730042753,0.05461582273687837,0.05461582273687837,0.4297263656925837,0.4297263656925837,0.9963622493133648,0.9963622493133648,1.0000008507541907,0.03494667463382939,6.364598812069744e-05,6.364598812069744e-05,0.0004398963792482391,4.884765256705929,46.23411622551231,0.0006362776256104707,0.0006362776256104707,0.006344588918533178,0.006344588918533178,0.06166477736445941,0.06166477736445941,0.4708483081370175,0.4708483081370175,85.81868349196083,-5.4669623374938965,-5.449584484100342,-5.49989652633667,96,-0.9630749225616455,-5.49989652633667,100,100,2.8450397427097829 0.24261512621431053 0.85630314278475539 1.9536009066557216,1.8450056247106499 -1.7181030246151447 1.5642952994174366 2.0964110645889811,35.11429916974157,0.042954606004059315,0.13051213696599007,35.15725377574563,0.0023146560415625572
e1-v2,N16_i03_Amargin_s42,16,3,3,ba5bb77bd55e,Amargin,0.3007600644778749,0.03003951242417713,10.012148673751772,0.3007600644778749,16.999999999981483,42,lightning_gpu,single,2,100,adam_0.03,0.03,-0.11549302526090832,1.7607173941878844,560,2023-08-06,2026-08-05,ok,,1000,419,612,33282,3,True,-2.822333605561782,-0.11549302526090832,-2.8223336055617825,True,0.419,33282,-0.11549302526090832,0.0,0.0,1,1,True,True,True,1.8371572841510873,0.4605438603961853,0.2501385506622701,1,1,1.8371572841510873,1.6029452624698803,2.822333605561782,0.9999989069906801,0.3965763262822293,0.00098006846383214,0.00098006846383214,0.006794554530642927,0.42488239495140556,1.5824325974279208,0.009757573372789374,0.009757573372789374,0.09340087398033003,0.09340087398033003,0.6248949072559863,0.6248949072559863,0.99994485202051,0.99994485202051,0.9999980135077017,0.12711321440411893,7.024002115940675e-05,7.024002115940675e-05,0.00045048986612528097,2.7001554619006436,17.96986482336626,0.0007021782384480924,0.0007021782384480924,0.006999636436375356,0.006999636436375356,0.06783224709436564,0.06783224709436564,0.5046173977091497,0.5046173977091497,2.3224838144427817,-5.021660327911377,-5.027294158935547,-5.021660327911377,99,-4.546840190887451,-5.021660327911377,100,100,2.4314546363447995 1.3787772821439981 2.6973649175810768 2.1908462769412909,0.73879905360862796 0.66389276455240043 2.065969382136668 1.6263257536908469,35.05267361737788,0.042745139449834824,0.13010158948600292,35.09541875682771,0.0020051803439855576
e1-v2,N16_i03_Amargin_s43,16,3,3,ba5bb77bd55e,Amargin,0.3007600644778749,0.03003951242417713,10.012148673751772,0.3007600644778749,16.999999999981483,43,lightning_gpu,single,2,100,adam_0.03,0.03,-0.11549302526090832,1.7607173941878844,560,2023-08-06,2026-08-05,ok,,1000,1,984,32900,3,True,-2.6521174236530354,0.0547231566478385,-2.652117423653036,True,0.001,32900,0.0547231566478385,0.09667433426319819,0.060310440117112056,27,1,False,False,False,1.0608483935001405,0.20781134891404432,0.19494901456342445,0,0,1.8371572841510873,1.6029452624698803,2.822333605561782,0.9999999082854363,0.0021727390690955417,9.403213880432304e-06,9.403213880432304e-06,7.744209324300755e-05,3.0278911929776413,21.55941053906595,9.402815998471592e-05,9.402815998471592e-05,0.0009398838413209321,0.0009398838413209321,0.009359185709070239,0.009359185709070239,0.08974689511616785,0.08974689511616785,0.9999998810418206,0.12810550849098945,0.000416284630773589,0.000416284630773589,0.0032991136831697077,3.122191030014047,25.636358368107025,0.004155056777911059,0.004155056777911059,0.04078221133542992,0.04078221133542992,0.3405646241730741,0.3405646241730741,0.9844502856879948,0.9844502856879948,2.3224838144427817,-1.3194785118103027,-1.3195133209228516,-1.3194785118103027,99,-1.3173609972000122,-1.3194785118103027,100,100,2.0492585716432195 0.13752423515278736 0.062924802978478217 2.6364640840167701,2.332644285423541 -0.047065882680546241 0.10706944763755598 2.7600192173706088,35.04735367838293,0.04292318504303694,0.13018189184367657,35.09027686342597,0.002283431589603424
e1-v2,N16_i03_Amargin_s44,16,3,3,ba5bb77bd55e,Amargin,0.3007600644778749,0.03003951242417713,10.012148673751772,0.3007600644778749,16.999999999981483,44,lightning_gpu,single,2,100,adam_0.03,0.03,-0.11549302526090832,1.7607173941878844,560,2023-08-06,2026-08-05,ok,,1000,419,538,32774,3,True,-2.7545059616949255,-0.04766538139405174,-2.7545059616949263,True,0.419,32774,-0.04766538139405174,0.038522731751702545,0.024032468639849387,3,1,False,False,True,1.152575636436022,0.1809359057450723,0.15611635371841412,0,0,1.8371572841510873,1.6029452624698803,2.822333605561782,0.9999991383264999,0.39982965755916666,0.0012111276155337691,0.0012111276155337691,0.009552073897793889,0.2673908890023071,1.1303126762562126,0.012045481531822944,0.012045481531822944,0.11413097120068094,0.11413097120068094,0.7023573351702666,0.7023573351702666,0.9999945430265383,0.9999945430265383,1.0000016430399228,0.10093855086597614,0.0001889393461169675,0.0001889393461169675,0.0017871013697003946,2.3561935509041843,18.048798452220126,0.0018877878568316353,0.0018877878568316353,0.018718314783525036,0.018718314783525036,0.17217806113539047,0.17217806113539047,0.8488635146666965,0.8488635146666965,2.3224838144427817,-5.153645038604736,-5.153652191162109,-5.153645038604736,99,-5.051929950714111,-5.153645038604736,100,100,0.38505090477492371 0.8108861395016167 1.274766337564649 3.0447811714676671,0.29283202458339624 1.0372564847193826 0.68297293606260712 3.4180096889416718,34.932919583283365,0.04285106062889099,0.12972084153443575,34.975770643912256,0.0025700917467474937
e1-v2,N16_i03_Amargin_s45,16,3,3,ba5bb77bd55e,Amargin,0.3007600644778749,0.03003951242417713,10.012148673751772,0.3007600644778749,16.999999999981483,45,lightning_gpu,single,2,100,adam_0.03,0.03,-0.11549302526090832,1.7607173941878844,560,2023-08-06,2026-08-05,ok,,1000,81,827,32774,3,True,-2.7545059616949255,-0.04766538139405174,-2.7545059616949263,True,0.081,32774,-0.04766538139405174,0.038522731751702545,0.024032468639849387,3,1,False,False,True,1.152575636436022,0.1809359057450723,0.15611635371841412,0,0,1.8371572841510873,1.6029452624698803,2.822333605561782,0.9999992146319531,0.06208260204057581,6.060284067643806e-05,6.060284067643806e-05,0.0005395031262196426,2.8580813821176925,22.16444670858791,0.0006058631617772425,0.0006058631617772425,0.006042140119127404,0.006042140119127404,0.05880475772936522,0.05880475772936522,0.45449688917854314,0.45449688917854314,0.9999995076731069,0.12052478007262835,0.0009207566035911441,0.0009207566035911441,0.006077890226151794,5.0960673477633645,49.12201183326394,0.009169508885892297,0.009169508885892297,0.08800254185518908,0.08800254185518908,0.6019512366950566,0.6019512366950566,0.9999001466155527,0.9999001466155527,2.3224838144427817,-1.3020356893539429,-1.3142722845077515,-1.3020356893539429,99,-0.3880672752857208,-1.3020356893539429,100,100,1.8005430614133757 1.660303899153966 2.3990779832738145 2.5500080338093531,2.2743133704444385 3.3252119433307219 2.7176937151748346 2.8565078777272936,34.865192245692015,0.04267502669245005,0.13046936318278313,34.907867272384465,0.002229916863143444
e1-v2,N16_i03_Amargin_s46,16,3,3,ba5bb77bd55e,Amargin,0.3007600644778749,0.03003951242417713,10.012148673751772,0.3007600644778749,16.999999999981483,46,lightning_gpu,single,2,100,adam_0.03,0.03,-0.11549302526090832,1.7607173941878844,560,2023-08-06,2026-08-05,ok,,1000,194,307,34818,3,True,-2.781205122832286,-0.07436454253141234,-2.7812051228322865,True,0.194,34818,-0.07436454253141234,0.02335893475310735,0.014572509305224182,2,1,False,False,True,1.5429659333396755,0.33115166237468957,0.21397210090056376,0,0,1.8371572841510873,1.6029452624698803,2.822333605561782,1.0000004484284606,0.1540201326897659,0.001206892658956349,0.001206892658956349,0.014597086468711495,0.11973610964125585,3.1495724366306206,0.012003590553317345,0.012003590553317345,0.11375527574696886,0.11375527574696886,0.701092626262063,0.701092626262063,0.9999943066709132,0.9999943066709132,1.0000005700635344,0.09527106720088341,0.00035512205795384943,0.00035512205795384943,0.0034954205329995602,4.40717475525637,32.205585546887846,0.0035455509249825434,0.0035455509249825434,0.034895132798661965,0.034895132798661965,0.29895635212161575,0.29895635212161575,0.9713284887115755,0.9713284887115755,2.3224838144427817,-4.939205646514893,-4.955744743347168,-4.939205646514893,99,-1.6939620971679688,-4.939205646514893,100,100,2.8450397427097829 0.24261512621431053 0.85630314278475539 1.9536009066557216,1.3463508712068364 -1.1481455366433899 1.6331126721257545 0.62245641304383448,34.82182774785906,0.04530069511383772,0.1300396742299199,34.8671284429729,0.0024597616866230965
e1-v2,N16_i04_Aheur_s42,16,3,4,1bcf1e63b3af,Aheur,16.999999999977796,0.06840812030252952,248.50850929387676,0.25206565047481155,16.999999999977796,42,lightning_gpu,single,2,100,adam_0.03,0.03,-0.14375872193528128,0.7426115576466197,560,2023-08-06,2026-08-05,ok,,1000,290,817,1090,3,True,-153.10959692499642,-0.1095969251962603,-153.10959692499642,True,0.29,1090,-0.1095969251962603,0.0460022422049042,0.00022307012067722252,3,1,False,False,True,1.73143090526851,0.47465875244621747,0.2735649173206612,0,0,1.6546213008669826,206.22323628662224,153.14375872173545,0.9999992500613359,0.2831455049745273,0.0004990730667486787,0.0004990730667486787,0.0014983126311562955,1.6336769195972087,18.138062402116617,0.004979537244529264,0.004979537244529264,0.04869425008429484,0.04869425008429484,0.3929824921921309,0.3929824921921309,0.9932077732904785,0.9932077732904785,0.9999982287158673,0.03296084296744084,5.5782591516617686e-05,5.5782591516617686e-05,0.00016792338647064753,2.844557038970236,34.89829460428837,0.0005576859096053655,0.0005576859096053655,0.005562884278680569,0.005562884278680569,0.05425674502166922,0.05425674502166922,0.4275566350120025,0.4275566350120025,85.57504071063161,-2.171299934387207,-2.1713361740112305,-2.171365737915039,92,-2.166707992553711,-2.171365737915039,100,100,2.4314546363447995 1.3787772821439981 2.6973649175810768 2.1908462769412909,2.1252059833781454 1.3181660503150001 2.7785168962468361 2.1481317103797757,35.21027065068483,0.042736537754535675,0.1332250665873289,35.25300718843937,0.002309921197593212
e1-v2,N16_i04_Aheur_s43,16,3,4,1bcf1e63b3af,Aheur,16.999999999977796,0.06840812030252952,248.50850929387676,0.25206565047481155,16.999999999977796,43,lightning_gpu,single,2,100,adam_0.03,0.03,-0.14375872193528128,0.7426115576466197,560,2023-08-06,2026-08-05,ok,,1000,0,987,18468,4,False,-135.7133826689658,0.28661733085655383,-135.71338266896583,True,0.0,,,,,,,,,,,,,0,0,1.6546213008669826,206.22323628662224,153.14375872173545,1.0000037117555394,0.0005737147795343844,1.001741225081787e-06,1.001741225081787e-06,3.0032869062779355e-06,2.329649968346885,22.69034988033968,1.0017367094050655e-05,1.0017367094050655e-05,0.000100169155417551,0.000100169155417551,0.0010012401510782754,0.0010012401510782754,0.009967410064195326,0.009967410064195326,1.000000015295214,0.20515117803006433,0.0003677581553347409,0.0003677581553347409,0.0011024961713701487,2.6745907997889953,32.36990662233103,0.003671501445312253,0.003671501445312253,0.03611431891990258,0.03611431891990258,0.3077622374997495,0.3077622374997495,0.9747330471737792,0.9747330471737792,85.57504071063161,-1.258887529373169,-1.2588913440704346,-1.2589198350906372,96,-1.2586169242858887,-1.2589198350906372,100,100,2.0492585716432195 0.13752423515278736 0.062924802978478217 2.6364640840167701,1.9198634273302184 -0.02030501631422562 0.12206420499806635 2.8033308177517635,34.884847193956375,0.0427569393068552,0.13000907935202122,34.92760413326323,0.0022218478843569756
e1-v2,N16_i04_Aheur_s44,16,3,4,1bcf1e63b3af,Aheur,16.999999999977796,0.06840812030252952,248.50850929387676,0.25206565047481155,16.999999999977796,44,lightning_gpu,single,2,100,adam_0.03,0.03,-0.14375872193528128,0.7426115576466197,560,2023-08-06,2026-08-05,ok,,1000,289,742,3074,3,True,-153.14375872173545,-0.14375872193528128,-153.14375872173545,True,0.289,3074,-0.14375872193528128,0.0,0.0,1,1,True,True,True,1.6546213008669826,0.40464477555741013,0.24394994512998822,1,1,1.6546213008669826,206.22323628662224,153.14375872173545,1.0000002541754789,0.2600327006948646,0.0004635134246200323,0.0004635134246200323,0.001390735647873953,0.45909907040814435,3.0234285720154084,0.004625478175254383,0.004625478175254383,0.04530378446071848,0.04530378446071848,0.37099802361080436,0.37099802361080436,0.9903056186322398,0.9903056186322398,1.0000013544654394,0.10085198142041918,0.0001799338060664013,0.0001799338060664013,0.000539830929483287,1.5361304543111216,16.730998799491772,0.0017978818316566336,0.0017978818316566336,0.017834056440803492,0.017834056440803492,0.16468802077282907,0.16468802077282907,0.8346184352116743,0.8346184352116743,85.57504071063161,-5.1876678466796875,-5.187676906585693,-5.1876678466796875,99,-5.184484958648682,-5.1876678466796875,100,100,0.38505090477492371 0.8108861395016167 1.274766337564649 3.0447811714676671,0.77636756935727846 0.70153548364824214 1.0774982694209214 3.2991929284422228,34.79894858878106,0.043139250949025154,0.13015552423894405,34.842087839730084,0.002313832752406597
e1-v2,N16_i04_Aheur_s45,16,3,4,1bcf1e63b3af,Aheur,16.999999999977796,0.06840812030252952,248.50850929387676,0.25206565047481155,16.999999999977796,45,lightning_gpu,single,2,100,adam_0.03,0.03,-0.14375872193528128,0.7426115576466197,560,2023-08-06,2026-08-05,ok,,1000,94,770,1090,3,True,-153.10959692499642,-0.1095969251962603,-153.10959692499642,True,0.094,1090,-0.1095969251962603,0.0460022422049042,0.00022307012067722252,3,1,False,False,True,1.73143090526851,0.47465875244621747,0.2735649173206612,0,0,1.6546213008669826,206.22323628662224,153.14375872173545,1.000001954775712,0.11057307316514198,0.00019799277652055025,0.00019799277652055025,0.0005948259204160422,1.9404483551206906,22.541036152600554,0.001978164644988012,0.001978164644988012,0.019606481049651348,0.019606481049651348,0.17964030271384035,0.17964030271384035,0.8619478541579987,0.8619478541579987,1.0000017584673806,0.0070920138650762965,1.3455489352054428e-05,1.3455489352054428e-05,3.989711149188224e-05,3.217286720443704,39.82626816065654,0.00013454674655410948,0.00013454674655410948,0.0013446531305385534,0.0013446531305385534,0.01336545822888946,0.01336545822888946,0.12589589642646826,0.12589589642646826,85.57504071063161,-1.293127417564392,-1.2930922508239746,-1.2931610345840454,98,-1.2581658363342285,-1.2931610345840454,100,100,1.8005430614133757 1.660303899153966 2.3990779832738145 2.5500080338093531,2.0460426018728066 2.410721781438153 2.6230534387513704 2.7333312373194918,35.06073536351323,0.04258809797465801,0.12968229316174984,35.10332346148789,0.0019298605620861053
e1-v2,N16_i04_Aheur_s46,16,3,4,1bcf1e63b3af,Aheur,16.999999999977796,0.06840812030252952,248.50850929387676,0.25206565047481155,16.999999999977796,46,lightning_gpu,single,2,100,adam_0.03,0.03,-0.14375872193528128,0.7426115576466197,560,2023-08-06,2026-08-05,ok,,1000,296,652,3074,3,True,-153.14375872173545,-0.14375872193528128,-153.14375872173545,True,0.296,3074,-0.14375872193528128,0.0,0.0,1,1,True,True,True,1.6546213008669826,0.40464477555741013,0.24394994512998822,1,1,1.6546213008669826,206.22323628662224,153.14375872173545,1.0000011895575023,0.2936475556343794,0.0005374493193812668,0.0005374493193812668,0.0016072533908300102,0.2900566556082037,1.7058942330320264,0.005361513475794388,0.005361513475794388,0.05233989467437927,0.05233989467437927,0.4158478486979612,0.4158478486979612,0.9953734228944692,0.9953734228944692,1.0000005559518002,0.034715858921117615,6.272287282627076e-05,6.272287282627076e-05,0.00018780996470013633,3.6257932861315316,46.269421107546265,0.0006270517207259685,0.0006270517207259685,0.006252853037443273,0.006252853037443273,0.06079813106491139,0.06079813106491139,0.4659407012715474,0.4659407012715474,85.57504071063161,-5.46766996383667,-5.451389312744141,-5.505259037017822,96,-0.9671516418457031,-5.505259037017822,100,100,2.8450397427097829 0.24261512621431053 0.85630314278475539 1.9536009066557216,1.8384566601232939 -1.7182229775175595 1.5639591969311448 2.0962182854432654,35.13324454985559,0.04310034681111574,0.13014301471412182,35.176344896666706,0.0022271843627095222
e1-v2,N16_i04_Amargin_s42,16,3,4,1bcf1e63b3af,Amargin,0.25206565047481155,0.06840812030252952,3.6847328849275653,0.25206565047481155,16.999999999977796,42,lightning_gpu,single,2,100,adam_0.03,0.03,-0.14375872193528128,0.7426115576466197,560,2023-08-06,2026-08-05,ok,,1000,481,672,2114,3,True,-2.4009039607955724,-0.13231310652226835,-2.400903960795572,True,0.481,2114,-0.13231310652226835,0.015412654563692436,0.0047445923782744774,2,1,False,False,True,1.5357366972065334,0.3426619481230868,0.22247430092968498,0,0,1.6546213008669826,3.248467588968673,2.4123495762085856,0.9999985041742148,0.48729648400330916,0.000959605909883976,0.000959605909883976,0.0028680451214313507,0.3305307300972128,1.8052442547928338,0.0095547270009958,0.0095547270009958,0.09154203667947924,0.09154203667947924,0.617132623948194,0.617132623948194,0.9999323163736962,0.9999323163736962,0.9999996543214853,0.12235747988006551,0.00027065383619628847,0.00027065383619628847,0.0007198213861556724,1.8561056477523763,19.558755293638256,0.0027032443325401,0.0027032443325401,0.026705963785895404,0.026705963785895404,0.23714741403558248,0.23714741403558248,0.9332569225410046,0.9332569225410046,1.8353689631166932,-5.069738864898682,-5.0768818855285645,-5.069738864898682,99,-4.651939868927002,-5.069738864898682,100,100,2.4314546363447995 1.3787772821439981 2.6973649175810768 2.1908462769412909,0.88770136419115164 0.69470260918463811 2.1173740639331138 1.7443998357422696,34.880992878228426,0.04286778345704079,0.13013037480413914,34.92386066168547,0.0024356571957468987
e1-v2,N16_i04_Amargin_s43,16,3,4,1bcf1e63b3af,Amargin,0.25206565047481155,0.06840812030252952,3.6847328849275653,0.25206565047481155,16.999999999977796,43,lightning_gpu,single,2,100,adam_0.03,0.03,-0.14375872193528128,0.7426115576466197,560,2023-08-06,2026-08-05,ok,,1000,4,985,4192,3,True,-2.091589234753793,0.177001619519511,-2.091589234753793,True,0.004,4192,0.177001619519511,0.43193556328600774,0.13296594515912627,238,1,False,False,False,1.2550238882997218,0.3493077385412027,0.2775307639865582,0,0,1.6546213008669826,3.248467588968673,2.4123495762085856,1.0000000324532026,0.00144338375650932,4.549161076283781e-06,4.549161076283781e-06,1.3139939255779609e-05,2.191020147172156,21.437816813269922,4.549067950510022e-05,4.549067950510022e-05,0.0004548136832606131,0.0004548136832606131,0.004538839616418877,0.004538839616418877,0.044472480186739216,0.044472480186739216,1.000000184385099,0.193811234246823,0.0004419001052156091,0.0004419001052156091,0.0012874268577434123,2.2970347666187356,25.801882353539803,0.004410223992600382,0.004410223992600382,0.04323720099868111,0.04323720099868111,0.35724893239433286,0.35724893239433286,0.9879654995704301,0.9879654995704301,1.8353689631166932,-1.3669160604476929,-1.3669179677963257,-1.3669160604476929,99,-1.3667502403259277,-1.3669160604476929,100,100,2.0492585716432195 0.13752423515278736 0.062924802978478217 2.6364640840167701,2.2241852263653916 -0.0297135773868532 0.14351131721418159 2.7405395871503027,34.73551818262786,0.04313420504331589,0.13028452917933464,34.77865238767117,0.0024715475738048553
e1-v2,N16_i04_Amargin_s44,16,3,4,1bcf1e63b3af,Amargin,0.25206565047481155,0.06840812030252952,3.6847328849275653,0.25206565047481155,16.999999999977796,44,lightning_gpu,single,2,100,adam_0.03,0.03,-0.14375872193528128,0.7426115576466197,560,2023-08-06,2026-08-05,ok,,1000,415,553,3074,3,True,-2.4123495762085856,-0.14375872193528128,-2.4123495762085847,True,0.415,3074,-0.14375872193528128,0.0,0.0,1,1,True,True,True,1.6546213008669826,0.40464477555741013,0.24394994512998822,1,1,1.6546213008669826,3.248467588968673,2.4123495762085856,0.9999987890596964,0.4073925102711655,0.0010074335150420666,0.0010074335150420666,0.002908883267082274,0.158747244679113,1.0851591149792923,0.01002878612744973,0.01002878612744973,0.0958808568249101,0.0958808568249101,0.6350304367619843,0.6350304367619843,0.999958065981902,0.999958065981902,1.0000014250645108,0.10147186998801772,0.00017298429156653583,0.00017298429156653583,0.0005201105523156002,1.664287966589093,17.75718884048456,0.0017284969762033642,0.0017284969762033642,0.01715114101854931,0.01715114101854931,0.15886175857050355,0.15886175857050355,0.8227142693888863,0.8227142693888863,1.8353689631166932,-5.269458293914795,-5.269376754760742,-5.2696099281311035,97,-5.004427909851074,-5.2696099281311035,100,100,0.38505090477492371 0.8108861395016167 1.274766337564649 3.0447811714676671,0.25452602588054157 0.97627107769583832 0.65367673253114633 3.4132834836756625,34.79622405953705,0.04535704292356968,0.13031731825321913,34.84158110246062,0.002452288754284382
e1-v2,N16_i04_Amargin_s45,16,3,4,1bcf1e63b3af,Amargin,0.25206565047481155,0.06840812030252952,3.6847328849275653,0.25206565047481155,16.999999999977796,45,lightning_gpu,single,2,100,adam_0.03,0.03,-0.14375872193528128,0.7426115576466197,560,2023-08-06,2026-08-05,ok,,1000,54,813,2114,3,True,-2.4009039607955724,-0.13231310652226835,-2.400903960795572,True,0.054,2114,-0.13231310652226835,0.015412654563692436,0.0047445923782744774,2,1,False,False,True,1.5357366972065334,0.3426619481230868,0.22247430092968498,0,0,1.6546213008669826,3.248467588968673,2.4123495762085856,0.9999989012742403,0.059672093678273086,5.1447656005620956e-05,5.1447656005620956e-05,0.00024249591660918668,1.915289548205751,19.789991827407107,0.000514357467636839,0.000514357467636839,0.005131685629107485,0.005131685629107485,0.050147889327031514,0.050147889327031514,0.4021944797006378,0.4021944797006378,1.0000004457710228,0.08344286680858204,0.00022105492826085538,0.00022105492826085538,0.0005833924369653687,3.77488072595238,50.18438946576577,0.002208351640677675,0.002208351640677675,0.021865347029096927,0.021865347029096927,0.19834694503064798,0.19834694503064798,0.8903863803191205,0.8903863803191205,1.8353689631166932,-1.7414705753326416,-1.7434512376785278,-1.7505302429199219,84,-1.0535699129104614,-1.7505302429199219,100,100,1.8005430614133757 1.660303899153966 2.3990779832738145 2.5500080338093531,2.1997749389283037 3.4790232748707464 2.7500450802101537 2.8463635058799306,34.83446370437741,0.04263612441718578,0.13019126374274492,34.8770998287946,0.0023632049560546875
e1-v2,N16_i04_Amargin_s46,16,3,4,1bcf1e63b3af,Amargin,0.25206565047481155,0.06840812030252952,3.6847328849275653,0.25206565047481155,16.999999999977796,46,lightning_gpu,single,2,100,adam_0.03,0.03,-0.14375872193528128,0.7426115576466197,560,2023-08-06,2026-08-05,ok,,1000,404,667,1090,3,True,-2.3781877794695645,-0.1095969251962603,-2.378187779469564,True,0.404,1090,-0.1095969251962603,0.0460022422049042,0.014161213232085544,3,1,False,False,True,1.73143090526851,0.47465875244621747,0.2735649173206612,0,0,1.6546213008669826,3.248467588968673,2.4123495762085856,0.9999990037506501,0.39032600916107185,0.0004592651384882629,0.0004592651384882629,0.0015078416909091175,0.4596768313104685,3.1180714967657357,0.004583171398941266,0.004583171398941266,0.04489792873052467,0.04489792873052467,0.368318920360751,0.368318920360751,0.9898847018243149,0.9898847018243149,1.0000010959860839,0.038235729711573185,7.078860653564334e-05,7.078860653564334e-05,0.00019533642262103967,3.274719942503168,37.6578316817696,0.0007076606117113471,0.0007076606117113471,0.007054113331306011,0.007054113331306011,0.06834351649333914,0.06834351649333914,0.5073277442598467,0.5073277442598467,1.8353689631166932,-4.820675849914551,-4.8262200355529785,-4.820675849914551,99,-2.347774028778076,-4.820675849914551,100,100,2.8450397427097829 0.24261512621431053 0.85630314278475539 1.9536009066557216,1.3742519173309005 0.60105990836333234 0.9164727284091998 2.5854959963509239,35.021209770813584,0.042870741337537766,0.12991226464509964,35.06408051215112,0.002418843097984791
e1-v2,N16_i05_Aheur_s42,16,3,5,9a047c6a7f24,Aheur,16.99999999996662,0.11694063054908133,145.37291205071384,0.5130221373337467,16.99999999996662,42,lightning_gpu,single,2,100,adam_0.03,0.03,-0.14030133226030816,1.610017545529923,560,2023-08-06,2026-08-05,ok,,1000,269,823,1041,3,True,-153.05567260003292,-0.05567260033335153,-153.0556726000329,True,0.269,1041,-0.05567260033335153,0.05256385693554776,0.0005526222110762876,2,1,False,False,False,1.3390492189834708,0.2732617257763955,0.20332465895695825,0,0,1.5201379574286038,95.11716301300004,153.1403013319599,0.9999996609073207,0.2804747637710534,0.00047075352631509304,0.00047075352631509304,0.00047075352631509304,3.2598614004601734,18.14681842160391,0.0046975753719088464,0.0046975753719088464,0.04599506687275734,0.04599506687275734,0.3755377287312929,0.3755377287312929,0.99098300054973,0.99098300054973,0.9999982046367677,0.032177210807276424,4.6891451347619295e-05,4.6891451347619295e-05,4.6891451347619295e-05,5.47005752611239,34.826883324855544,0.000468815579478421,0.000468815579478421,0.004678277687312216,0.004678277687312216,0.045810080960933974,0.045810080960933974,0.37432581077089155,0.37432581077089155,85.9101865406755,-2.173581838607788,-2.173614740371704,-2.173637866973877,92,-2.169772148132324,-2.173637866973877,100,100,2.4314546363447995 1.3787772821439981 2.6973649175810768 2.1908462769412909,2.1249596695085509 1.3170375123800415 2.7774642913015111 2.1501214742048824,34.85834647156298,0.04291475657373667,0.13255677185952663,34.90126122813672,0.0026206476613879204
e1-v2,N16_i05_Aheur_s43,16,3,5,9a047c6a7f24,Aheur,16.99999999996662,0.11694063054908133,145.37291205071384,0.5130221373337467,16.99999999996662,43,lightning_gpu,single,2,100,adam_0.03,0.03,-0.14030133226030816,1.610017545529923,560,2023-08-06,2026-08-05,ok,,1000,1,985,328,3,True,-152.49661435109456,0.5033856486050299,-152.49661435109454,True,0.001,328,0.5033856486050299,0.39980122120561995,0.004203250060674933,176,1,False,False,False,1.2027675841948933,0.345187252508411,0.2861627275553843,0,0,1.5201379574286038,95.11716301300004,153.1403013319599,1.0000009260517686,0.0005443699839702276,9.41963151035452e-07,9.41963151035452e-07,9.41963151035452e-07,4.634057148961626,22.660484569700884,9.41959158218264e-06,9.41959158218264e-06,9.41919231305377e-05,9.41919231305377e-05,0.0009415200862433748,0.0009415200862433748,0.009375410148719232,0.009375410148719232,0.9999997730156593,0.2052118516585324,0.00036993686808273196,0.00036993686808273196,0.00036993686808273196,5.162723242231203,32.28413043525285,0.003693216354258677,0.003693216354258677,0.03632437651763287,0.03632437651763287,0.30926933826171754,0.30926933826171754,0.9752777867111722,0.9752777867111722,85.9101865406755,-1.264453411102295,-1.264457106590271,-1.264487862586975,96,-1.2642263174057007,-1.264487862586975,100,100,2.0492585716432195 0.13752423515278736 0.062924802978478217 2.6364640840167701,1.9216085923519011 -0.020378546961209349 0.12172364341269719 2.8029571679960781,34.9466363247484,0.04310369398444891,0.1304127611219883,34.989740018732846,0.0019860202446579933
e1-v2,N16_i05_Aheur_s44,16,3,5,9a047c6a7f24,Aheur,16.99999999996662,0.11694063054908133,145.37291205071384,0.5130221373337467,16.99999999996662,44,lightning_gpu,single,2,100,adam_0.03,0.03,-0.14030133226030816,1.610017545529923,560,2023-08-06,2026-08-05,ok,,1000,261,728,81,3,True,-153.1403013319599,-0.14030133226030816,-153.14030133195985,True,0.261,81,-0.14030133226030816,0.0,0.0,1,1,True,True,True,1.5201379574286038,0.32423132231285184,0.2126328868595685,1,1,1.5201379574286038,95.11716301300004,153.1403013319599,0.9999993107224014,0.260118743928615,0.00046203171950764954,0.00046203171950764954,0.00046203171950764954,1.083052392823383,3.0128479636565118,0.00461072272234242,0.00461072272234242,0.045162250651110236,0.045162250651110236,0.37006490521273483,0.37006490521273483,0.9901608395385,0.9901608395385,1.0000014015308807,0.10089853798854165,0.0001808463130146265,0.0001808463130146265,0.0001808463130146265,3.0857392014913363,16.730369278920534,0.0018069920971777176,0.0018069920971777176,0.017923691845211476,0.017923691845211476,0.16545003849211448,0.16545003849211448,0.836120958778057,0.836120958778057,85.9101865406755,-5.193660259246826,-5.193667888641357,-5.193660259246826,99,-5.1902971267700195,-5.193660259246826,100,100,0.38505090477492371 0.8108861395016167 1.274766337564649 3.0447811714676671,0.77657263313882074 0.70362682041097879 1.0768203703028323 3.299228156525003,35.080021942034364,0.04301353171467781,0.12988761812448502,35.12303547374904,0.002544758841395378
e1-v2,N16_i05_Aheur_s45,16,3,5,9a047c6a7f24,Aheur,16.99999999996662,0.11694063054908133,145.37291205071384,0.5130221373337467,16.99999999996662,45,lightning_gpu,single,2,100,adam_0.03,0.03,-0.14030133226030816,1.610017545529923,560,2023-08-06,2026-08-05,ok,,1000,112,774,16401,3,True,-153.00313038909317,-0.0031303893935878957,-153.00313038909314,True,0.112,16401,-0.0031303893935878957,0.08519841491638631,0.0008957207323849841,3,1,False,False,False,1.3700003701454733,0.30472358279259804,0.22169598593637402,0,0,1.5201379574286038,95.11716301300004,153.1403013319599,0.999999337547365,0.11226596591586713,0.00020121251873206347,0.00020121251873206347,0.00020121251873206347,3.817507920583919,22.5558160283681,0.0020103042730466036,0.0020103042730466036,0.01992215467651648,0.01992215467651648,0.1822779274218037,0.1822779274218037,0.8663228409602752,0.8663228409602752,1.0000008227972987,0.0072305833291466115,1.6696883903932758e-05,1.6696883903932758e-05,1.6696883903932758e-05,6.167980967575767,39.86069785356458,0.0001669562942309133,0.0001669562942309133,0.001668309152415004,0.001668309152415004,0.016558400606033752,0.016558400606033752,0.15377519945096674,0.15377519945096674,85.9101865406755,-1.2946434020996094,-1.2946661710739136,-1.2947336435317993,79,-1.253670334815979,-1.2947336435317993,100,100,1.8005430614133757 1.660303899153966 2.3990779832738145 2.5500080338093531,2.0456639643298935 2.4133684644921392 2.6231375079190826 2.7341504670670811,34.984671011567116,0.04289600346237421,0.1298902165144682,35.02756701502949,0.00227200984954834
e1-v2,N16_i05_Aheur_s46,16,3,5,9a047c6a7f24,Aheur,16.99999999996662,0.11694063054908133,145.37291205071384,0.5130221373337467,16.99999999996662,46,lightning_gpu,single,2,100,adam_0.03,0.03,-0.14030133226030816,1.610017545529923,560,2023-08-06,2026-08-05,ok,,1000,277,654,16401,3,True,-153.00313038909317,-0.0031303893935878957,-153.00313038909314,True,0.277,16401,-0.0031303893935878957,0.08519841491638631,0.0008957207323849841,3,1,False,False,False,1.3700003701454733,0.30472358279259804,0.22169598593637402,0,0,1.5201379574286038,95.11716301300004,153.1403013319599,0.9999996663877537,0.2932636594341602,0.0005686688818968832,0.0005686688818968832,0.0005686688818968832,0.7512104657316523,1.7077108002674253,0.005672158571477293,0.005672158571477293,0.05529546668564056,0.05529546668564056,0.4338128690513988,0.4338128690513988,0.9966146783457217,0.9966146783457217,1.000000508606604,0.034896999361080816,6.350456533255056e-05,6.350456533255056e-05,6.350456533255056e-05,6.90247173332283,46.266424299864525,0.0006348642067126598,0.0006348642067126598,0.006330535373831547,0.006330535373831547,0.06153205755877822,0.06153205755877822,0.4700993900025576,0.4700993900025576,85.9101865406755,-5.471240043640137,-5.4557976722717285,-5.509817600250244,96,-0.979463517665863,-5.509817600250244,100,100,2.8450397427097829 0.24261512621431053 0.85630314278475539 1.9536009066557216,1.8387691144303187 -1.7196958378904674 1.5638374541279398 2.0962440490703176,35.07700484711677,0.042837477289140224,0.13051040191203356,35.11984232440591,0.002445252612233162
e1-v2,N16_i05_Amargin_s42,16,3,5,9a047c6a7f24,Amargin,0.5130221373337467,0.11694063054908133,4.387030708872614,0.5130221373337467,16.99999999996662,42,lightning_gpu,single,2,100,adam_0.03,0.03,-0.14030133226030816,1.610017545529923,560,2023-08-06,2026-08-05,ok,,1000,390,526,16401,3,True,-4.620329625397308,-0.0031303893935878957,-4.620329625397307,True,0.39,16401,-0.0031303893935878957,0.08519841491638631,0.028832564683596622,3,1,False,False,False,1.3700003701454733,0.30472358279259804,0.22169598593637402,0,0,1.5201379574286038,2.954937094612928,4.757500568264028,0.9999984223779705,0.4108096753770951,0.0004961316008120775,0.0004961316008120775,0.0004961316008120775,0.8821584009437802,3.1767061263433334,0.004950254054496006,0.004950254054496006,0.04841424622878543,0.04841424622878543,0.39119345072709366,0.39119345072709366,0.9930049124031968,0.9930049124031968,0.9999985193016683,0.05998032000832154,0.0002540196874178946,0.0002540196874178946,0.0002540196874178946,4.201925235984634,23.748052522766375,0.0025372951701380098,0.0025372951701380098,0.02508519919121399,0.02508519919121399,0.2243484986593749,0.2243484986593749,0.9211745653012002,0.9211745653012002,3.4752972275111444,-5.123603343963623,-5.138425827026367,-5.123603343963623,99,-4.889074802398682,-5.123603343963623,100,100,2.4314546363447995 1.3787772821439981 2.6973649175810768 2.1908462769412909,1.0341851076548563 0.71819976160110577 2.311478742908748 1.9352208197711431,34.975994099862874,0.045611764304339886,0.13389238249510527,35.02160586416721,0.0029866620898246765
e1-v2,N16_i05_Amargin_s43,16,3,5,9a047c6a7f24,Amargin,0.5130221373337467,0.11694063054908133,4.387030708872614,0.5130221373337467,16.99999999996662,43,lightning_gpu,single,2,100,adam_0.03,0.03,-0.14030133226030816,1.610017545529923,560,2023-08-06,2026-08-05,ok,,1000,1,988,1044,3,True,-4.355995405969286,0.26120383003443415,-4.355995405969286,True,0.001,1044,0.26120383003443415,0.24937937068418123,0.08439413858887844,49,1,False,False,False,1.1739636301519691,0.2893519341365554,0.245622544626215,0,0,1.5201379574286038,2.954937094612928,4.757500568264028,0.9999997949675337,0.001776373437962775,5.935000444878824e-06,5.935000444878824e-06,5.935000444878824e-06,4.341020201025161,21.23252733982083,5.9348419383487006e-05,5.9348419383487006e-05,0.0005933257183474705,0.0005933257183474705,0.0059174406287050285,0.0059174406287050285,0.05762329064362903,0.05762329064362903,1.0000014525250227,0.21276033157482743,0.0005481519619934261,0.0005481519619934261,0.0005481519619934261,4.490115649163425,25.989046494955446,0.005468018189606849,0.005468018189606849,0.053354149097850634,0.053354149097850634,0.4220698423947865,0.4220698423947865,0.9958432531674225,0.9958432531674225,3.4752972275111444,-1.4777776002883911,-1.477776050567627,-1.4777837991714478,98,-1.4776549339294434,-1.4777837991714478,100,100,2.0492585716432195 0.13752423515278736 0.062924802978478217 2.6364640840167701,2.1175368795037519 -0.027768875935412617 0.13390697564498497 2.7484818153520889,35.15213390532881,0.04538870323449373,0.13065755553543568,35.197522608563304,0.0024111904203891754
e1-v2,N16_i05_Amargin_s44,16,3,5,9a047c6a7f24,Amargin,0.5130221373337467,0.11694063054908133,4.387030708872614,0.5130221373337467,16.99999999996662,44,lightning_gpu,single,2,100,adam_0.03,0.03,-0.14030133226030816,1.610017545529923,560,2023-08-06,2026-08-05,ok,,1000,488,659,81,3,True,-4.757500568264028,-0.14030133226030816,-4.757500568264026,True,0.488,81,-0.14030133226030816,0.0,0.0,1,1,True,True,True,1.5201379574286038,0.32423132231285184,0.2126328868595685,1,1,1.5201379574286038,2.954937094612928,4.757500568264028,1.0000013013888385,0.4826272767386399,0.0013172980397939682,0.0013172980397939682,0.0013172980397939682,0.6489770184484365,1.0535032276559164,0.013095166735721642,0.013095166735721642,0.12349830777133841,0.12349830777133841,0.7323744399929839,0.7323744399929839,0.9999981151539202,0.9999981151539202,1.0000009960140233,0.1023416167445248,0.00020085007417947054,0.00020085007417947054,0.00020085007417947054,3.226488190379865,17.22396486240723,0.0020066863798927637,0.0020066863798927637,0.01988662450234202,0.01988662450234202,0.18198143517909005,0.18198143517909005,0.8658373585113363,0.8658373585113363,3.4752972275111444,-5.496881484985352,-5.518967151641846,-5.496881484985352,99,-5.182821750640869,-5.496881484985352,100,100,0.38505090477492371 0.8108861395016167 1.274766337564649 3.0447811714676671,0.37758895759606464 1.0782147615240485 0.80339478798975028 3.3924012054922801,34.959472564049065,0.0424137944355607,0.13007718697190285,35.001886358484626,0.002707543782889843
e1-v2,N16_i05_Amargin_s45,16,3,5,9a047c6a7f24,Amargin,0.5130221373337467,0.11694063054908133,4.387030708872614,0.5130221373337467,16.99999999996662,45,lightning_gpu,single,2,100,adam_0.03,0.03,-0.14030133226030816,1.610017545529923,560,2023-08-06,2026-08-05,ok,,1000,56,804,529,3,True,-4.373564188054052,0.24363504794966806,-4.373564188054051,True,0.056,529,0.24363504794966806,0.23846720259412263,0.08070127889655121,40,1,False,False,False,1.269058665149019,0.3250363679772093,0.25533600366627607,0,0,1.5201379574286038,2.954937094612928,4.757500568264028,0.9999994773162387,0.05864808892147266,2.844268237822689e-05,2.844268237822689e-05,2.844268237822689e-05,3.690840154646795,19.282893744787305,0.00028439042216521493,0.00028439042216521493,0.002840267474336966,0.002840267474336966,0.02804239028690847,0.02804239028690847,0.2475576290823217,0.2475576290823217,1.0000000541268717,0.08111338712546967,0.000612887553870678,0.000612887553870678,0.000612887553870678,6.657715485222213,46.171562500911676,0.006111999733540818,0.006111999733540818,0.05946606086318196,0.05946606086318196,0.45831761032896623,0.45831761032896623,0.9978250605680902,0.9978250605680902,3.4752972275111444,-1.9499304294586182,-1.952663779258728,-1.9648462533950806,86,-1.2251548767089844,-1.9648462533950806,100,100,1.8005430614133757 1.660303899153966 2.3990779832738145 2.5500080338093531,2.0914585056946193 3.3416766532053592 2.752227668038858 2.8441585702904142,35.155870529823005,0.04289071261882782,0.13017836026847363,35.19876124244183,0.0024608364328742027
e1-v2,N16_i05_Amargin_s46,16,3,5,9a047c6a7f24,Amargin,0.5130221373337467,0.11694063054908133,4.387030708872614,0.5130221373337467,16.99999999996662,46,lightning_gpu,single,2,100,adam_0.03,0.03,-0.14030133226030816,1.610017545529923,560,2023-08-06,2026-08-05,ok,,1000,458,724,81,3,True,-4.757500568264028,-0.14030133226030816,-4.757500568264026,True,0.458,81,-0.14030133226030816,0.0,0.0,1,1,True,True,True,1.5201379574286038,0.32423132231285184,0.2126328868595685,1,1,1.5201379574286038,2.954937094612928,4.757500568264028,1.0000004635795812,0.44869360857410356,0.0005165599868632853,0.0005165599868632853,0.0005165599868632853,1.1350793859011066,3.067540452060717,0.005153608854094438,0.005153608854094438,0.0503571809125265,0.0503571809125265,0.4035103864611904,0.4035103864611904,0.9942979783943532,0.9942979783943532,1.0000000659089892,0.020248545483879,9.168854012386873e-05,9.168854012386873e-05,9.168854012386873e-05,6.609940329099237,41.34264955043597,0.0009165071882429876,0.0009165071882429876,0.00912736477256948,0.00912736477256948,0.08761455741118651,0.08761455741118651,0.6002546012887358,0.6002546012887358,3.4752972275111444,-5.074775695800781,-5.081771373748779,-5.090889930725098,90,-2.1262271404266357,-5.090889930725098,100,100,2.8450397427097829 0.24261512621431053 0.85630314278475539 1.9536009066557216,1.335585052353732 0.54017896190386816 0.90839668425956288 2.5676182126290605,35.094309634529054,0.042710546404123306,0.13289933279156685,35.13702018093318,0.002467341721057892
e1-v2,N16_i06_Aheur_s42,16,3,6,897f8dff07cb,Aheur,16.999999999970072,0.2166355116345684,78.47282226122982,0.5156378346956627,16.999999999970072,42,lightning_gpu,single,2,100,adam_0.03,0.03,0.20476123887912923,1.2989877093544622,560,2023-08-06,2026-08-05,ok,,1000,269,806,137,3,True,-152.7127281623595,0.28727183737113815,-152.7127281623595,True,0.269,137,0.28727183737113815,0.06351915256612624,0.0005400076544345136,5,1,False,False,False,0.995758115450135,0.1883131058439303,0.1881110512056986,0,0,1.328325053421687,117.62639296778552,152.79523876085153,0.9999995518561207,0.27917938548489474,0.00047087096027098596,0.00047087096027098596,0.0009288868168368936,3.9397120098957172,18.150317563019854,0.004698744744787708,0.004698744744787708,0.04600627534135249,0.04600627534135249,0.37561109203870113,0.37561109203870113,0.9909935883357013,0.9909935883357013,0.9999985055951583,0.03071196350356331,4.558084765449166e-05,4.558084765449166e-05,8.807492486084811e-05,6.587267819081578,34.75218193745309,0.00045571499529262205,0.00045571499529262205,0.004547815873748973,0.004547815873748973,0.04455863837371121,0.04455863837371121,0.3660713465887233,0.3660713465887233,86.11845646842696,-2.1730353832244873,-2.1730635166168213,-2.1730895042419434,93,-2.1696345806121826,-2.1730895042419434,100,100,2.4314546363447995 1.3787772821439981 2.6973649175810768 2.1908462769412909,2.1263254482801632 1.3174315164892092 2.7770363528683011 2.1508755883110493,34.937980693764985,0.04274001903831959,0.12994703277945518,34.980720712803304,0.0020332103595137596
e1-v2,N16_i06_Aheur_s43,16,3,6,897f8dff07cb,Aheur,16.999999999970072,0.2166355116345684,78.47282226122982,0.5156378346956627,16.999999999970072,43,lightning_gpu,single,2,100,adam_0.03,0.03,0.20476123887912923,1.2989877093544622,560,2023-08-06,2026-08-05,ok,,1000,0,983,5120,2,False,-135.8068982959837,0.19310170377687985,-135.8068982959837,True,0.0,,,,,,,,,,,,,0,0,1.328325053421687,117.62639296778552,152.79523876085153,1.0000011786736422,0.0005331842659188624,9.39374842801044e-07,9.39374842801044e-07,1.9005557874152146e-06,5.601863590177128,22.64848056595497,9.393708718996585e-06,9.393708718996585e-06,9.393311640992774e-05,9.393311640992774e-05,0.0009389342091741248,0.0009389342091741248,0.009349769374938921,0.009349769374938921,0.9999993058980934,0.20570203926763497,0.00037066268851049244,0.00037066268851049244,0.0007423381612170488,6.224051310251089,32.214060617828494,0.003700450404931721,0.003700450404931721,0.03639434543315856,0.03639434543315856,0.3097706883688285,0.3097706883688285,0.9754566419460678,0.9754566419460678,86.11845646842696,-1.2658188343048096,-1.2658249139785767,-1.2658517360687256,96,-1.2655889987945557,-1.2658517360687256,100,100,2.0492585716432195 0.13752423515278736 0.062924802978478217 2.6364640840167701,1.9236202651659402 -0.0204053026638715 0.12173685214959339 2.8026417176415253,35.03232046123594,0.04248462989926338,0.13763788808137178,35.074805091135204,0.0020744390785694122
e1-v2,N16_i06_Aheur_s44,16,3,6,897f8dff07cb,Aheur,16.999999999970072,0.2166355116345684,78.47282226122982,0.5156378346956627,16.999999999970072,44,lightning_gpu,single,2,100,adam_0.03,0.03,0.20476123887912923,1.2989877093544622,560,2023-08-06,2026-08-05,ok,,1000,265,716,131,3,True,-152.7605000512592,0.23949994847143308,-152.7605000512592,True,0.265,131,0.23949994847143308,0.026742908606554414,0.00022735466022390507,2,1,False,False,True,0.9693354766359543,0.17285194246767752,0.17728840696523748,0,0,1.328325053421687,117.62639296778552,152.79523876085153,0.9999983287131826,0.2601386953610927,0.00046238480717875063,0.00046238480717875063,0.0009241843945346773,1.319549178381843,3.00860781892991,0.004614238938176252,0.004614238938176252,0.04519597978924561,0.04519597978924561,0.37028739108228426,0.37028739108228426,0.9901955351486034,0.9901955351486034,1.0000016490253074,0.10092024398909416,0.0001809969253372401,0.0001809969253372401,0.00036283282679505646,3.7359427939201586,16.738222493938338,0.0018084957697656057,0.0018084957697656057,0.01793848568970624,0.01793848568970624,0.1655757452764962,0.1655757452764962,0.8363676396257002,0.8363676396257002,86.11845646842696,-5.19248628616333,-5.192488670349121,-5.19248628616333,99,-5.189022064208984,-5.19248628616333,100,100,0.38505090477492371 0.8108861395016167 1.274766337564649 3.0447811714676671,0.77720305222220387 0.70492760573194546 1.0765295204651824 3.2992687734577277,34.82523778267205,0.04309703875333071,0.13720677234232426,34.86833482142538,0.0024998504668474197
e1-v2,N16_i06_Aheur_s45,16,3,6,897f8dff07cb,Aheur,16.999999999970072,0.2166355116345684,78.47282226122982,0.5156378346956627,16.999999999970072,45,lightning_gpu,single,2,100,adam_0.03,0.03,0.20476123887912923,1.2989877093544622,560,2023-08-06,2026-08-05,ok,,1000,116,786,133,3,True,-152.71703207428072,0.2829679254499363,-152.71703207428072,True,0.116,133,0.2829679254499363,0.06020587108531786,0.0005118398138911435,4,1,False,False,False,0.9851670646593236,0.18465999438686612,0.18642522773574124,0,0,1.328325053421687,117.62639296778552,152.79523876085153,1.0000003129840707,0.11187002602673601,0.00019927293760702014,0.00019927293760702014,0.00039687940443400294,4.612075947553441,22.562568896751145,0.0019909433886426964,0.0019909433886426964,0.0197320041112361,0.0197320041112361,0.18069003173138098,0.18069003173138098,0.8637042266914701,0.8637042266914701,1.000001659997805,0.007567753372313746,1.7313343050773256e-05,1.7313343050773256e-05,3.690654193633236e-05,7.449728749650942,39.92940576546152,0.0001731199422972951,0.0001731199422972951,0.00172985137225512,0.00172985137225512,0.017164475652291844,0.017164475652291844,0.15897587159522597,0.15897587159522597,86.11845646842696,-1.294319748878479,-1.2942719459533691,-1.2943228483200073,98,-1.2479751110076904,-1.2943228483200073,100,100,1.8005430614133757 1.660303899153966 2.3990779832738145 2.5500080338093531,2.0468828182611118 2.4161912684344009 2.6234935936145281 2.734522285664438,34.95361648593098,0.04274259693920612,0.13157031033188105,34.996359082870185,0.00250218715518713
e1-v2,N16_i06_Aheur_s46,16,3,6,897f8dff07cb,Aheur,16.999999999970072,0.2166355116345684,78.47282226122982,0.5156378346956627,16.999999999970072,46,lightning_gpu,single,2,100,adam_0.03,0.03,0.20476123887912923,1.2989877093544622,560,2023-08-06,2026-08-05,ok,,1000,313,667,4225,3,True,-152.79523876085153,0.20476123887912923,-152.79523876085153,True,0.313,4225,0.20476123887912923,0.0,0.0,1,1,True,True,True,1.328325053421687,0.2739846582514861,0.20551043402237554,1,1,1.328325053421687,117.62639296778552,152.79523876085153,0.9999998370472922,0.29416919400682673,0.0005670535028912127,0.0005670535028912127,0.0011513272183947265,0.920496786045946,1.6991148294645035,0.005656087152137168,0.005656087152137168,0.05514276205017543,0.05514276205017543,0.43289700262535646,0.43289700262535646,0.996559516913494,0.996559516913494,1.000000785826927,0.0350416649816907,6.348893657559529e-05,6.348893657559529e-05,0.00012688884453382343,8.323309252033706,46.249165029151385,0.0006347080084342371,0.0006347080084342371,0.006328982292146623,0.006328982292146623,0.06151738942539464,0.06151738942539464,0.47001656139239656,0.47001656139239656,86.11845646842696,-5.471580982208252,-5.45562744140625,-5.5080885887146,96,-0.9795533418655396,-5.5080885887146,100,100,2.8450397427097829 0.24261512621431053 0.85630314278475539 1.9536009066557216,1.8420631834250751 -1.7198653111184166 1.5639709192653704 2.096316694761303,34.79779290873557,0.04544776491820812,0.13521589245647192,34.84324067365378,0.00246517825871706
e1-v2,N16_i06_Amargin_s42,16,3,6,897f8dff07cb,Amargin,0.5156378346956627,0.2166355116345684,2.3802091854887872,0.5156378346956627,16.999999999970072,42,lightning_gpu,single,2,100,adam_0.03,0.03,0.20476123887912923,1.2989877093544622,560,2023-08-06,2026-08-05,ok,,1000,530,563,131,3,True,-4.401240563789531,0.23949994847143308,-4.401240563789532,True,0.53,131,0.23949994847143308,0.026742908606554414,0.007831125316737622,2,1,False,False,True,0.9693354766359543,0.17285194246767752,0.17728840696523748,0,0,1.328325053421687,3.414950920194861,4.435979273381835,1.0000016310173163,0.5212734762462787,0.0007882738718762994,0.0007882738718762994,0.0015911104856058955,1.0103235916805606,2.480028822943554,0.007854835509095492,0.007854835509095492,0.07582928906354014,0.07582928906354014,0.5455124339173998,0.5455124339173998,0.9996239721059145,0.9996239721059145,0.9999990362649012,0.10399280859201099,0.00023363594664260745,0.00023363594664260745,0.0007016257441136986,4.805965731572341,22.117702006057723,0.002333904637183526,0.002333904637183526,0.023095445734316877,0.023095445734316877,0.20837164320733492,0.20837164320733492,0.9033474256344142,0.9033474256344142,3.6966456420549045,-5.207821369171143,-5.221208572387695,-5.207821369171143,99,-4.925486087799072,-5.207821369171143,100,100,2.4314546363447995 1.3787772821439981 2.6973649175810768 2.1908462769412909,0.9895022770902574 0.70656206812128342 2.2443762388498754 1.8730901002603977,34.964112498797476,0.04291047155857086,0.1300333132967353,35.00702297035605,0.0025024013593792915
e1-v2,N16_i06_Amargin_s43,16,3,6,897f8dff07cb,Amargin,0.5156378346956627,0.2166355116345684,2.3802091854887872,0.5156378346956627,16.999999999970072,43,lightning_gpu,single,2,100,adam_0.03,0.03,0.20476123887912923,1.2989877093544622,560,2023-08-06,2026-08-05,ok,,1000,1,983,73,3,True,-4.295327343367855,0.34541316889310936,-4.295327343367855,True,0.001,73,0.34541316889310936,0.1082781068682149,0.03170707556231479,12,1,False,False,False,1.034892791880208,0.20911454921455336,0.20109768939104103,0,0,1.328325053421687,3.414950920194861,4.435979273381835,1.0000013141959898,0.0028072967954813066,7.578350960102398e-06,7.578350960102398e-06,1.6262574717984535e-05,5.207409758530553,21.00298646667003,7.578092524007651e-05,7.578092524007651e-05,0.0007575508809286591,0.0007575508809286591,0.007549736159513043,0.007549736159513043,0.07298339111036756,0.07298339111036756,0.9999995030842366,0.2073446683352813,0.0004903774824924767,0.0004903774824924767,0.0010840657050721347,5.335057800663874,25.219817924361777,0.004892967809931648,0.004892967809931648,0.047866264590075036,0.047866264590075036,0.3876784689206427,0.3876784689206427,0.9925903907104204,0.9925903907104204,3.6966456420549045,-1.5021095275878906,-1.502110481262207,-1.5021142959594727,98,-1.5019080638885498,-1.5021142959594727,100,100,2.0492585716432195 0.13752423515278736 0.062924802978478217 2.6364640840167701,2.1644951017526046 -0.029070084548353851 0.13817444105444884 2.7367228916344293,35.07225963845849,0.0429041413590312,0.13462498039007187,35.11516377981752,0.00248740054666996
e1-v2,N16_i06_Amargin_s44,16,3,6,897f8dff07cb,Amargin,0.5156378346956627,0.2166355116345684,2.3802091854887872,0.5156378346956627,16.999999999970072,44,lightning_gpu,single,2,100,adam_0.03,0.03,0.20476123887912923,1.2989877093544622,560,2023-08-06,2026-08-05,ok,,1000,356,522,4225,3,True,-4.435979273381835,0.20476123887912923,-4.435979273381835,True,0.356,4225,0.20476123887912923,0.0,0.0,1,1,True,True,True,1.328325053421687,0.2739846582514861,0.20551043402237554,2,2,1.328325053421687,3.414950920194861,4.435979273381835,0.9999999243389492,0.3855701205029618,0.0009975975845009089,0.0009975975845009089,0.0020855164621025324,0.6016855193108919,1.136457661548167,0.009931310732148035,0.009931310732148035,0.09499024072906959,0.09499024072906959,0.6314192707922961,0.6314192707922961,0.9999537271499815,0.9999537271499815,1.0000018143077796,0.10230407236667816,0.0002029316092375666,0.0002029316092375666,0.00042975433461833745,3.949829217183387,17.347609496959194,0.002027463939145324,0.002027463939145324,0.020090658494204994,0.020090658494204994,0.18368274169915377,0.18368274169915377,0.8686016889383887,0.8686016889383887,3.6966456420549045,-5.518399238586426,-5.519155502319336,-5.518399238586426,99,-5.18157434463501,-5.518399238586426,100,100,0.38505090477492371 0.8108861395016167 1.274766337564649 3.0447811714676671,0.26168968901126494 0.93268647304225694 0.63773772044228882 3.4018965664992571,34.96462564729154,0.043011389672756195,0.1300568487495184,35.0076370369643,0.002547942101955414
e1-v2,N16_i06_Amargin_s45,16,3,6,897f8dff07cb,Amargin,0.5156378346956627,0.2166355116345684,2.3802091854887872,0.5156378346956627,16.999999999970072,45,lightning_gpu,single,2,100,adam_0.03,0.03,0.20476123887912923,1.2989877093544622,560,2023-08-06,2026-08-05,ok,,1000,85,827,4353,3,True,-4.225477543522113,0.41526296873885127,-4.225477543522112,True,0.085,4353,0.41526296873885127,0.1620505939693085,0.04745327173254416,22,1,False,False,False,0.9977436890939354,0.20898934038849845,0.20845969026110944,0,0,1.328325053421687,3.414950920194861,4.435979273381835,0.9999986714544535,0.07519140098884236,3.3823715057224035e-05,3.3823715057224035e-05,4.226129294693237e-05,4.501000384273726,19.560506524578756,0.00033818567324894744,0.00033818567324894744,0.0033767147413893417,0.0033767147413893417,0.03325864135026335,0.03325864135026335,0.28697790546457047,0.28697790546457047,1.0000009300771517,0.08483405587321613,0.00046633437159471214,0.00046633437159471214,0.0012305834388826042,8.25423898539297,47.767123625883855,0.0046535698269676296,0.0046535698269676296,0.045573186452015024,0.045573186452015024,0.3727707274776486,0.3727707274776486,0.990575394401516,0.990575394401516,3.6966456420549045,-1.8937402963638306,-1.894396185874939,-1.8976479768753052,79,-1.2293530702590942,-1.8976479768753052,100,100,1.8005430614133757 1.660303899153966 2.3990779832738145 2.5500080338093531,2.1276121904178997 3.3551640468001067 2.746246448559043 2.8764391548959738,33.087569734081626,0.038900782354176044,0.1197867626324296,33.1264705164358,0.0018710512667894363
e1-v2,N16_i06_Amargin_s46,16,3,6,897f8dff07cb,Amargin,0.5156378346956627,0.2166355116345684,2.3802091854887872,0.5156378346956627,16.999999999970072,46,lightning_gpu,single,2,100,adam_0.03,0.03,0.20476123887912923,1.2989877093544622,560,2023-08-06,2026-08-05,ok,,1000,425,707,4161,3,True,-4.359616431458109,0.28112408080285567,-4.359616431458109,True,0.425,4161,0.28112408080285567,0.05878642374659211,0.01721442712366645,3,1,False,False,False,1.3398336980991719,0.29478610162210916,0.21927057219034335,0,0,1.328325053421687,3.414950920194861,4.435979273381835,1.0000006261851215,0.42528214369667694,0.0004812998231500387,0.0004812998231500387,0.0009181116765830666,1.3340397074526662,2.913752152087937,0.004802587370993372,0.004802587370993372,0.047001137100651014,0.047001137100651014,0.38209199083483736,0.38209199083483736,0.9918859394423829,0.9918859394423829,1.0000001950269564,0.02538817698382445,7.861784979468212e-05,7.861784979468212e-05,0.00023620919819222763,7.7680010196394065,39.84468162340309,0.0007859004217652954,0.0007859004217652954,0.007831268609710174,0.007831268609710174,0.07560974290086453,0.07560974290086453,0.5444315974928685,0.5444315974928685,3.6966456420549045,-5.066778182983398,-5.073134899139404,-5.081360816955566,91,-1.9749988317489624,-5.081360816955566,100,100,2.8450397427097829 0.24261512621431053 0.85630314278475539 1.9536009066557216,1.3476262166399602 0.56471828563395365 0.89518146533704612 2.5905203122722797,32.411871302872896,0.03876063600182533,0.12049547489732504,32.45063193887472,0.0024212319403886795
e1-v2,N16_i07_Aheur_s42,16,3,7,b5d5b5d06981,Aheur,16.999999999970072,0.17586960994123046,96.6625217719587,0.6458038787300585,16.999999999970072,42,lightning_gpu,single,2,100,adam_0.03,0.03,0.07416853169244564,2.147336970081568,560,2023-08-06,2026-08-05,ok,,1000,277,813,36865,3,True,-152.823088302151,0.17691169757964842,-152.82308830215098,True,0.277,36865,0.17691169757964842,0.04784678293099942,0.0006718496469883591,5,1,False,False,True,1.3149450445995718,0.22976960935614904,0.173976555366855,0,0,1.7138924431973186,71.21650378991482,152.9258314680382,0.9999985900425372,0.27722940366948023,0.00043887848732993007,0.00043887848732993007,0.00218015254358761,4.944707191279367,18.155197007824825,0.004380127364927655,0.004380127364927655,0.042947932748754414,0.042947932748754414,0.35530298883198175,0.35530298883198175,0.9875961482152833,0.9875961482152833,0.9999990605753339,0.03034019618644379,3.7065248761791736e-05,3.7065248761791736e-05,0.00018321167590329424,8.255037527548748,34.70889513649047,0.00037059067125810863,0.00037059067125810863,0.00369973263108625,0.00369973263108625,0.03638740321202838,0.03638740321202838,0.30972095972890923,0.30972095972890923,86.33764330579764,-2.1745214462280273,-2.174546241760254,-2.1745810508728027,93,-2.171478271484375,-2.1745810508728027,100,100,2.4314546363447995 1.3787772821439981 2.6973649175810768 2.1908462769412909,2.1260987954129917 1.3166548767343909 2.7763920039165826 2.1521214068510139,32.656075205653906,0.03921165782958269,0.12088322266936302,32.69528686348349,0.0021655764430761337
e1-v2,N16_i07_Aheur_s43,16,3,7,b5d5b5d06981,Aheur,16.999999999970072,0.17586960994123046,96.6625217719587,0.6458038787300585,16.999999999970072,43,lightning_gpu,single,2,100,adam_0.03,0.03,0.07416853169244564,2.147336970081568,560,2023-08-06,2026-08-05,ok,,1000,1,984,2368,3,True,-151.8110050936512,1.1889949060794573,-151.8110050936512,True,0.001,2368,1.1889949060794573,0.5191669448808792,0.007289980794513532,377,1,False,False,False,0.7135952281133778,0.17914261529143521,0.2496409845150078,0,0,1.7138924431973186,71.21650378991482,152.9258314680382,0.9999999545933065,0.0005168252417320218,9.196792234433815e-07,9.196792234433815e-07,4.634707863715448e-06,7.026921080832041,22.630966740987787,9.196754173101951e-06,9.196754173101951e-06,9.196373571118688e-05,9.196373571118688e-05,0.0009192568706386517,0.0009192568706386517,0.009154635279163159,0.009154635279163159,1.0000000775913342,0.20570915142889135,0.00037331582279875875,0.00037331582279875875,0.0018662813527043909,7.80047105669707,32.165030911658945,0.0037268930554966717,0.0037268930554966717,0.036650064153719186,0.036650064153719186,0.3116002119259649,0.3116002119259649,0.9760994838723197,0.9760994838723197,86.33764330579764,-1.2691470384597778,-1.2691539525985718,-1.269181251525879,96,-1.268923282623291,-1.269181251525879,100,100,2.0492585716432195 0.13752423515278736 0.062924802978478217 2.6364640840167701,1.9245779872114159 -0.02045399380804501 0.12152366782084276 2.8024248724260361,32.676167542114854,0.04157474543899298,0.12493073008954525,32.71774228755385,0.0023959381505846977
e1-v2,N16_i07_Aheur_s44,16,3,7,b5d5b5d06981,Aheur,16.999999999970072,0.17586960994123046,96.6625217719587,0.6458038787300585,16.999999999970072,44,lightning_gpu,single,2,100,adam_0.03,0.03,0.07416853169244564,2.147336970081568,560,2023-08-06,2026-08-05,ok,,1000,263,732,32777,3,True,-152.87872609155576,0.12127390817487771,-152.87872609155573,True,0.263,32777,0.12127390817487771,0.02193664857390442,0.00030802759762844375,3,1,False,False,True,1.6816333016156337,0.3323225569711777,0.1970242600767115,0,0,1.7138924431973186,71.21650378991482,152.9258314680382,0.9999989710054642,0.26018791523529217,0.00046068342635408044,0.00046068342635408044,0.002303157147252932,1.6572044704558644,3.002485608103296,0.004597295671676216,0.004597295671676216,0.04503344242106866,0.04503344242106866,0.36921460264401773,0.36921460264401773,0.9900272183872528,0.9900272183872528,1.0000015503633222,0.10094708559336141,0.00018240230565425009,0.00018240230565425009,0.0009133786807069555,4.690990250639476,16.737388559949522,0.0018225266074963775,0.0018225266074963775,0.018076518062739577,0.018076518062739577,0.1667478178684365,0.1667478178684365,0.8386516246726369,0.8386516246726369,86.33764330579764,-5.196203708648682,-5.1962103843688965,-5.196203708648682,99,-5.1926469802856445,-5.196203708648682,100,100,0.38505090477492371 0.8108861395016167 1.274766337564649 3.0447811714676671,0.77729518117613705 0.70610861055334162 1.0761266322691176 3.2992910165621718,32.77915817312896,0.038892727345228195,0.12088981829583645,32.81805090047419,0.0021633971482515335
e1-v2,N16_i07_Aheur_s45,16,3,7,b5d5b5d06981,Aheur,16.999999999970072,0.17586960994123046,96.6625217719587,0.6458038787300585,16.999999999970072,45,lightning_gpu,single,2,100,adam_0.03,0.03,0.07416853169244564,2.147336970081568,560,2023-08-06,2026-08-05,ok,,1000,122,773,32773,3,True,-152.9258314680382,0.07416853169244564,-152.9258314680382,True,0.122,32773,0.07416853169244564,0.0,0.0,1,1,True,True,True,1.7138924431973186,0.3299517394107896,0.1919325455435932,1,1,1.7138924431973186,71.21650378991482,152.9258314680382,0.9999992014243162,0.11315931324497797,0.0002007536095334217,0.0002007536095334217,0.0010025835508713499,5.784582124685691,22.571888643393322,0.002005723475357768,0.002005723475357768,0.019877167928847972,0.019877167928847972,0.18190250565168553,0.18190250565168553,0.8657078505339928,0.8657078505339928,1.0000011014974053,0.0076675849036291766,2.2274669390753843e-05,2.2274669390753843e-05,0.00011404159522498958,9.34063902024345,39.9472860869272,0.00022272436799330997,0.00022272436799330997,0.002225012728752307,0.002225012728752307,0.02202866331991804,0.02202866331991804,0.19968443652639145,0.19968443652639145,86.33764330579764,-1.2952477931976318,-1.2951728105545044,-1.2952882051467896,98,-1.2490603923797607,-1.2952882051467896,100,100,1.8005430614133757 1.660303899153966 2.3990779832738145 2.5500080338093531,2.0468698773719072 2.4177529004696385 2.6234873219856976 2.7349695170942327,32.554946372285485,0.03964416217058897,0.12078516744077206,32.594590534456074,0.002294115722179413
e1-v2,N16_i07_Aheur_s46,16,3,7,b5d5b5d06981,Aheur,16.999999999970072,0.17586960994123046,96.6625217719587,0.6458038787300585,16.999999999970072,46,lightning_gpu,single,2,100,adam_0.03,0.03,0.07416853169244564,2.147336970081568,560,2023-08-06,2026-08-05,ok,,1000,278,655,32773,3,True,-152.9258314680382,0.07416853169244564,-152.9258314680382,True,0.278,32773,0.07416853169244564,0.0,0.0,1,1,True,True,True,1.7138924431973186,0.3299517394107896,0.1919325455435932,1,1,1.7138924431973186,71.21650378991482,152.9258314680382,1.0000012577605517,0.29388040339108557,0.000608044967520982,0.000608044967520982,0.0030538285500369966,1.1499913957284336,1.700824919514985,0.0060638392824817755,0.0060638392824817755,0.05901021053461142,0.05901021053461142,0.45568649481851253,0.45568649481851253,0.9977170778646833,0.9977170778646833,1.0000001355001018,0.03512153906558524,6.396373646566644e-05,6.396373646566644e-05,0.00031877851142780855,10.444404743817802,46.246272528541056,0.0006394532848758017,0.0006394532848758017,0.006376163667745849,0.006376163667745849,0.061962903483325005,0.061962903483325005,0.4725271173895891,0.4725271173895891,86.33764330579764,-5.47381067276001,-5.4583916664123535,-5.511041164398193,96,-0.9870026707649231,-5.511041164398193,100,100,2.8450397427097829 0.24261512621431053 0.85630314278475539 1.9536009066557216,1.8420720512440658 -1.7207397553676256 1.5638933678340998 2.0964004798294704,32.801319683901966,0.03887324221432209,0.120475297793746,32.84019292611629,0.0019218353554606438
e1-v2,N16_i07_Amargin_s42,16,3,7,b5d5b5d06981,Amargin,0.6458038787300585,0.17586960994123046,3.6720606757805614,0.6458038787300585,16.999999999970072,42,lightning_gpu,single,2,100,adam_0.03,0.03,0.07416853169244564,2.147336970081568,560,2023-08-06,2026-08-05,ok,,1000,483,556,32773,3,True,-5.7380663768780815,0.07416853169244564,-5.738066376878081,True,0.483,32773,0.07416853169244564,0.0,0.0,1,1,True,True,True,1.7138924431973186,0.3299517394107896,0.1919325455435932,2,2,1.7138924431973186,2.672177891418745,5.7380663768780815,0.9999986586191199,0.4838721108972095,0.0007356074056588113,0.0007356074056588113,0.003720297943800688,1.2827767399381722,2.677648940113862,0.007331771439737289,0.007331771439737289,0.07094543784320229,0.07094543784320229,0.5209154087820773,0.5209154087820773,0.9993630255260151,0.9993630255260151,0.9999985439478282,0.07329558823721527,0.0005803752574138343,0.0005803752574138343,0.003337501548230648,6.319182549753023,23.34416079414253,0.005788618414469537,0.005788618414469537,0.05640136122122408,0.05640136122122408,0.44040599000175373,0.44040599000175373,0.9969888626162969,0.9969888626162969,4.566662699597567,-5.251551151275635,-5.265468120574951,-5.251551151275635,99,-4.980364799499512,-5.251551151275635,100,100,2.4314546363447995 1.3787772821439981 2.6973649175810768 2.1908462769412909,0.99710960294052531 0.70494151822632811 2.2703502553369503 1.8960942386988953,32.644615806639194,0.03885035961866379,0.12061635311692953,32.68346616625786,0.0022409940138459206
e1-v2,N16_i07_Amargin_s43,16,3,7,b5d5b5d06981,Amargin,0.6458038787300585,0.17586960994123046,3.6720606757805614,0.6458038787300585,16.999999999970072,43,lightning_gpu,single,2,100,adam_0.03,0.03,0.07416853169244564,2.147336970081568,560,2023-08-06,2026-08-05,ok,,1000,3,983,41088,3,True,-5.230399447701686,0.5818354608688416,-5.230399447701684,True,0.003,41088,0.5818354608688416,0.23641698357063723,0.08847351979441603,83,1,False,False,False,1.1467907520476877,0.25047966253304177,0.21754593162490685,0,0,1.7138924431973186,2.672177891418745,5.7380663768780815,0.9999978953106559,0.002853779320503236,9.941565622284543e-06,9.941565622284543e-06,5.018542651669122e-05,6.512186549269222,20.995021384701854,9.941120877798859e-05,9.941120877798859e-05,0.0009936674891732888,0.0009936674891732888,0.009892360543390821,0.009892360543390821,0.09463413874856541,0.09463413874856541,0.9999994561834864,0.20693395982380025,0.0006674855249002576,0.0006674855249002576,0.0034099779441021383,6.695671962160597,25.3394718072472,0.006654841732416372,0.006654841732416372,0.0645904640758832,0.0645904640758832,0.48711744238393184,0.48711744238393184,0.9987405547407806,0.9987405547407806,4.566662699597567,-1.5299530029296875,-1.5299593210220337,-1.5299609899520874,96,-1.5295566320419312,-1.5299609899520874,100,100,2.0492585716432195 0.13752423515278736 0.062924802978478217 2.6364640840167701,2.1345629911345227 -0.029821228491668426 0.13338467854100702 2.7406932664122086,32.73532642889768,0.04178342688828707,0.12083910871297121,32.777109855785966,0.0021471595391631126
e1-v2,N16_i07_Amargin_s44,16,3,7,b5d5b5d06981,Amargin,0.6458038787300585,0.17586960994123046,3.6720606757805614,0.6458038787300585,16.999999999970072,44,lightning_gpu,single,2,100,adam_0.03,0.03,0.07416853169244564,2.147336970081568,560,2023-08-06,2026-08-05,ok,,1000,383,527,32773,3,True,-5.7380663768780815,0.07416853169244564,-5.738066376878081,True,0.383,32773,0.07416853169244564,0.0,0.0,1,1,True,True,True,1.7138924431973186,0.3299517394107896,0.1919325455435932,3,3,1.7138924431973186,2.672177891418745,5.7380663768780815,1.0000005269479855,0.384741886286065,0.0011518780374899507,0.0011518780374899507,0.005747612682171166,0.7459511910646074,1.1316662737155943,0.011459256370711879,0.011459256370711879,0.1088604089063201,0.1088604089063201,0.6841670861529141,0.6841670861529141,0.9999901241639635,0.9999901241639635,1.0000016137814782,0.10254081840685103,0.0002301789354532957,0.0002301789354532957,0.00118701285100542,4.907618770125639,17.199305325282694,0.002299406611989241,0.002299406611989241,0.022757591991177994,0.022757591991177994,0.2056296023188816,0.2056296023188816,0.8999469073017096,0.8999469073017096,4.566662699597567,-5.600900173187256,-5.601657867431641,-5.600900173187256,99,-5.255272388458252,-5.600900173187256,100,100,0.38505090477492371 0.8108861395016167 1.274766337564649 3.0447811714676671,0.25893313372053012 0.90827029938945258 0.63667328948445523 3.4017268031740771,32.74964970164001,0.03899371065199375,0.12039292510598898,32.788643412292004,0.002437927760183811
e1-v2,N16_i07_Amargin_s45,16,3,7,b5d5b5d06981,Amargin,0.6458038787300585,0.17586960994123046,3.6720606757805614,0.6458038787300585,16.999999999970072,45,lightning_gpu,single,2,100,adam_0.03,0.03,0.07416853169244564,2.147336970081568,560,2023-08-06,2026-08-05,ok,,1000,67,823,1029,3,True,-5.332911479452722,0.47932342911780546,-5.332911479452721,True,0.067,1029,0.47932342911780546,0.18867783821091189,0.0706082625774352,43,1,False,False,False,1.571071056482565,0.3737496394179156,0.23725829451180663,0,0,1.7138924431973186,2.672177891418745,5.7380663768780815,1.0000012803217178,0.07680144852255921,5.227862857282162e-06,5.227862857282162e-06,4.8783875911340147e-05,5.619844791791612,19.491840220489273,5.227739871516146e-05,5.227739871516146e-05,0.0005226510226062908,0.0005226510226062908,0.005214234958627273,0.005214234958627273,0.05093573615049973,0.05093573615049973,1.00000004803058,0.09029391066269454,0.0010185812134295702,0.0010185812134295702,0.005189926945604384,10.112296087802875,46.27670671640756,0.010139250876848083,0.010139250876848083,0.09688920089603059,0.09688920089603059,0.6390804937198806,0.6390804937198806,0.9999624937584705,0.9999624937584705,4.566662699597567,-1.9372820854187012,-1.9379559755325317,-1.9410899877548218,77,-1.2761725187301636,-1.9410899877548218,100,100,1.8005430614133757 1.660303899153966 2.3990779832738145 2.5500080338093531,2.0959018482474914 3.2987834693611382 2.7447101139708949 2.8760122873757998,32.783474922180176,0.039103515446186066,0.12779167853295803,32.82257843762636,0.0022439472377300262
e1-v2,N16_i07_Amargin_s46,16,3,7,b5d5b5d06981,Amargin,0.6458038787300585,0.17586960994123046,3.6720606757805614,0.6458038787300585,16.999999999970072,46,lightning_gpu,single,2,100,adam_0.03,0.03,0.07416853169244564,2.147336970081568,560,2023-08-06,2026-08-05,ok,,1000,412,711,32897,3,True,-5.711268652620243,0.10096625595028486,-5.711268652620241,True,0.412,32897,0.10096625595028486,0.012479515153516538,0.0046701663065144075,2,1,False,False,True,1.546052339873138,0.2807392058926053,0.18093773326946966,0,0,1.7138924431973186,2.672177891418745,5.7380663768780815,0.9999998327290196,0.427330484817503,0.0004443427606020123,0.0004443427606020123,0.0022335536195896566,1.7175078938237005,2.928262464163272,0.004434553303587885,0.004434553303587885,0.04347098021844675,0.04347098021844675,0.35881773012314977,0.35881773012314977,0.9882560269394091,0.9882560269394091,1.0000006206098828,0.02511241975126799,0.00017477582150604576,0.00017477582150604576,0.0009160927147604525,9.94605258885499,40.62819844812057,0.001746384259070921,0.001746384259070921,0.017327236179215055,0.017327236179215055,0.16036759546952384,0.16036759546952384,0.8258626573937476,0.8258626573937476,4.566662699597567,-5.131693363189697,-5.1348419189453125,-5.155190944671631,92,-1.8684625625610352,-5.155190944671631,100,100,2.8450397427097829 0.24261512621431053 0.85630314278475539 1.9536009066557216,1.3368843497801686 0.54555129583770412 0.89762349907439987 2.5851893220322739,32.65421819128096,0.038727644830942154,0.11977881379425526,32.6929458361119,0.001886582002043724
e1-v2,N16_i08_Aheur_s42,16,3,8,8e11fb6ca06e,Aheur,16.999999999970072,0.21590443567038758,78.73853979509376,0.5008545737748823,16.999999999970072,42,lightning_gpu,single,2,100,adam_0.03,0.03,0.06028931853905328,1.5971019834788724,560,2023-08-06,2026-08-05,ok,,1000,274,832,37,3,True,-152.89309642744112,0.10690357228953284,-152.89309642744112,True,0.274,37,0.10690357228953284,0.029186773438814782,0.00030478842638619,5,1,False,False,True,1.2385345443916842,0.2415292323392782,0.19420470218488414,0,0,1.2268098002868673,95.76076685350556,152.9397106811916,1.0000001879672027,0.28073021190357395,0.00046033941907808185,0.0009266802226193249,0.003326689824461937,3.0387321361813497,18.145692617081238,0.009228254433796934,0.0045938698304162084,0.0885431136180731,0.04500057517558709,0.60430432323176,0.3689974705405502,0.9999058949232076,0.9899928363551433,0.9999986099930425,0.03157621851278236,4.397992233862169e-05,8.93838623596821e-05,0.0003341870578879025,5.073690790881251,34.80728524906931,0.0008934791829107169,0.00043971219308291953,0.008898953560430023,0.004388431518443481,0.08550918718907408,0.04302775446806428,0.5909339208812598,0.3558404884707994,85.89118908516569,-2.1724135875701904,-2.17244291305542,-2.1724648475646973,93,-2.1686043739318848,-2.1724648475646973,100,100,2.4314546363447995 1.3787772821439981 2.6973649175810768 2.1908462769412909,2.1258918202022943 1.3176969560457163 2.7775864565607495 2.1498587911383269,32.369613711722195,0.03910420276224613,0.12031419854611158,32.40871791448444,0.002464333549141884
e1-v2,N16_i08_Aheur_s43,16,3,8,8e11fb6ca06e,Aheur,16.999999999970072,0.21590443567038758,78.73853979509376,0.5008545737748823,16.999999999970072,43,lightning_gpu,single,2,100,adam_0.03,0.03,0.06028931853905328,1.5971019834788724,560,2023-08-06,2026-08-05,ok,,1000,1,988,280,3,True,-152.31970987964772,0.6802901200829261,-152.31970987964772,True,0.001,280,0.6802901200829261,0.3882036388141989,0.00405389024722485,336,1,False,False,False,0.6807864253303891,0.15951907801962928,0.23284700182248663,0,0,1.2268098002868673,95.76076685350556,152.9397106811916,1.0000017030806134,0.0005479713321960844,9.792970558919478e-07,1.9532092210283736e-06,6.761464362625702e-06,4.318473566490883,22.664042191201133,1.9531920534943126e-05,9.792927402996199e-06,0.0001953020389277027,9.792495857852135e-05,0.0019513048530092059,0.0009788181800621798,0.0193425954867692,0.009745180316675484,1.000000056469979,0.20548961256281473,0.00037033992703072727,0.0007406322110909969,0.002588377770734951,4.793586166713616,32.27220037932844,0.007381686676152133,0.003697233536717248,0.07141249707602404,0.03636323192475577,0.5233184469091761,0.30954779038132685,0.9993942639005716,0.9753772680069625,85.89118908516569,-1.2632554769515991,-1.263260841369629,-1.263289451599121,96,-1.2630221843719482,-1.263289451599121,100,100,2.0492585716432195 0.13752423515278736 0.062924802978478217 2.6364640840167701,1.9222091867918354 -0.020368150595599235 0.12185710122525052 2.8028999907741121,32.70284213125706,0.03916197642683983,0.12129937577992678,32.7420041076839,0.0023689307272434235
e1-v2,N16_i08_Aheur_s44,16,3,8,8e11fb6ca06e,Aheur,16.999999999970072,0.21590443567038758,78.73853979509376,0.5008545737748823,16.999999999970072,44,lightning_gpu,single,2,100,adam_0.03,0.03,0.06028931853905328,1.5971019834788724,560,2023-08-06,2026-08-05,ok,,1000,272,718,67,3,True,-152.9397106811916,0.06028931853905328,-152.9397106811916,True,0.272,67,0.06028931853905328,0.0,0.0,1,1,True,True,True,1.2268098002868673,0.22442802216531876,0.18212115856351502,1,1,1.2268098002868673,95.76076685350556,152.9397106811916,0.9999987293354202,0.260097719845362,0.00046184365055523813,0.0009239406208507717,0.0032376651361119,1.0288874020880188,3.0140791403363103,0.009201085721885272,0.00460884983723886,0.08829314519076037,0.045144284649470956,0.6032177816021058,0.3699463680763727,0.9999032787251398,0.9901423091531241,1.0000000088975867,0.10089493580744602,0.00018180800543632358,0.0003632343141362071,0.0012665317626670003,2.8790542769708494,16.73540648147673,0.003626411626174497,0.0018165933384871602,0.03567801419547234,0.0180181499652865,0.30462241953668323,0.16625237848766128,0.9735633241713046,0.8376897002272272,85.89118908516569,-5.190754413604736,-5.190751552581787,-5.190754413604736,99,-5.187388896942139,-5.190754413604736,100,100,0.38505090477492371 0.8108861395016167 1.274766337564649 3.0447811714676671,0.77688197219767008 0.70366979458808221 1.0768887976750408 3.2992409982071735,32.57383824698627,0.041652194224298,0.12072250433266163,32.61549044121057,0.002403855323791504
e1-v2,N16_i08_Aheur_s45,16,3,8,8e11fb6ca06e,Aheur,16.999999999970072,0.21590443567038758,78.73853979509376,0.5008545737748823,16.999999999970072,45,lightning_gpu,single,2,100,adam_0.03,0.03,0.06028931853905328,1.5971019834788724,560,2023-08-06,2026-08-05,ok,,1000,85,778,4130,3,True,-152.78011996049838,0.21988003923227062,-152.78011996049838,True,0.085,4130,0.21988003923227062,0.0999251909671982,0.0010434877899428618,25,1,False,False,False,1.1648201142881676,0.24381650508565292,0.20845837233334552,0,0,1.2268098002868673,95.76076685350556,152.9397106811916,1.0000010927400353,0.11156349568045698,0.00019823238835670054,0.00039648507663514465,0.001391989819239825,3.5525327722044167,22.55438445318532,0.003957784221758964,0.001980556494422747,0.03888034781218952,0.019629976812085892,0.3273725694333165,0.17983688600005143,0.9810440417292214,0.8622783128403215,1.000001003535255,0.007395294450361689,1.8534135961090215e-05,3.6304432796896435e-05,0.0001157495053121238,5.722429264401556,39.88943355222367,0.00036298502317777537,0.0001853259022360776,0.0036239268515630974,0.0018517142298788425,0.03565396548818689,0.01836360369284884,0.30444898359977246,0.16918080017535442,85.89118908516569,-1.2938627004623413,-1.2938777208328247,-1.2939503192901611,79,-1.2520415782928467,-1.2939503192901611,100,100,1.8005430614133757 1.660303899153966 2.3990779832738145 2.5500080338093531,2.0464650776166278 2.4141326494911515 2.6232741071742423 2.7340701322556566,32.55269848834723,0.03878223802894354,0.12023807410150766,32.591480726376176,0.0023871436715126038
e1-v2,N16_i08_Aheur_s46,16,3,8,8e11fb6ca06e,Aheur,16.999999999970072,0.21590443567038758,78.73853979509376,0.5008545737748823,16.999999999970072,46,lightning_gpu,single,2,100,adam_0.03,0.03,0.06028931853905328,1.5971019834788724,560,2023-08-06,2026-08-05,ok,,1000,296,661,69,3,True,-152.91354005546242,0.08645994426821813,-152.91354005546242,True,0.296,69,0.08645994426821813,0.01638632097379212,0.000171117269756829,3,1,False,False,True,1.200149670449833,0.22309860652904323,0.18505909054309663,0,0,1.2268098002868673,95.76076685350556,152.9397106811916,1.0000010105038033,0.29393852793145925,0.0005785682587884367,0.001151136471889913,0.003934065520297736,0.7192541497262436,1.7019839626597424,0.011451917214310603,0.005770642449494434,0.10879424642001767,0.05623073879076401,0.6839325182590352,0.4393933028849235,0.9999900505708849,0.9969339247022586,1.0000002404086672,0.03492730945072253,6.284841219894588e-05,0.00012588139361469075,0.0004417187228682451,6.397479430116284,46.25653650756317,0.0012581010998254927,0.000628306405244583,0.012510022607414628,0.006265329181796231,0.11828756834189147,0.060916037880079266,0.7160318438735676,0.46661077734338285,85.89118908516569,-5.470099925994873,-5.45406436920166,-5.507096290588379,96,-0.975166916847229,-5.507096290588379,100,100,2.8450397427097829 0.24261512621431053 0.85630314278475539 1.9536009066557216,1.8406326813387437 -1.7192968381255893 1.5639591418510486 2.0962820066145458,32.663180879317224,0.03894440736621618,0.12015572562813759,32.70212528668344,0.0024232184514403343
e1-v2,N16_i08_Amargin_s42,16,3,8,8e11fb6ca06e,Amargin,0.5008545737748823,0.21590443567038758,2.319797516988101,0.5008545737748823,16.999999999970072,42,lightning_gpu,single,2,100,adam_0.03,0.03,0.06028931853905328,1.5971019834788724,560,2023-08-06,2026-08-05,ok,,1000,537,589,4161,3,True,-4.414402727545344,0.09328843642859763,-4.414402727545343,True,0.537,4161,0.09328843642859763,0.020661872711261887,0.00741986423453434,4,1,False,False,True,1.3390492189834708,0.2732617257763955,0.20332465895695825,0,0,1.2268098002868673,2.784669915534997,4.4474018454348885,0.9999993517202412,0.5182157543604262,0.0007446075906045735,0.0015073774848133326,0.005329203093424439,0.8358706286759694,2.754127555594742,0.014971936361421134,0.00742117556153854,0.14002458050254318,0.07178184671586874,0.7787616653494949,0.525211078037479,0.9999997190663207,0.9994178890456966,0.9999992086996505,0.08504507537168138,0.000495582353323698,0.0010280640562996268,0.0020096580556128174,3.796155706160771,22.36685853141375,0.0102332095112726,0.004944786042389904,0.09774607719172002,0.048361953254349443,0.6424903329889805,0.3908588074312055,0.999965890300327,0.9929663671899891,3.395461954189755,-5.1135735511779785,-5.130073547363281,-5.1135735511779785,99,-4.822523593902588,-5.1135735511779785,100,100,2.4314546363447995 1.3787772821439981 2.6973649175810768 2.1908462769412909,1.0004725152748972 0.70795837057929845 2.2628286480431692 1.893690847894983,32.40588276460767,0.0387262050062418,0.11992040928453207,32.44460896961391,0.0019131535664200783
e1-v2,N16_i08_Amargin_s43,16,3,8,8e11fb6ca06e,Amargin,0.5008545737748823,0.21590443567038758,2.319797516988101,0.5008545737748823,16.999999999970072,43,lightning_gpu,single,2,100,adam_0.03,0.03,0.06028931853905328,1.5971019834788724,560,2023-08-06,2026-08-05,ok,,1000,0,984,16421,4,False,-3.4975400784781057,0.5092965117209537,-3.4975400784781043,True,0.0,,,,,,,,,,,,,0,0,1.2268098002868673,2.784669915534997,4.4474018454348885,0.9999982332231829,0.0015540816757209086,5.360737759474432e-06,1.0726345863076858e-05,3.3539871765242424e-05,4.062047621404021,21.321530635403537,0.0001072582813265166,5.360608442528392e-05,0.0010720652660589636,0.0005359315501836104,0.010669080664519104,0.0053464089381313196,0.1017115369368875,0.052195973579859944,1.0000003168182676,0.20883273411891423,0.000587540736887604,0.0011768878321163356,0.0036325519322417676,4.188240987864273,25.84633171051744,0.011706745603177526,0.0058598974971589834,0.11108893766767747,0.057077647487044136,0.691977026171019,0.4444037438876367,0.9999923116863083,0.9971971935657877,3.395461954189755,-1.44110906124115,-1.4411088228225708,-1.44110906124115,99,-1.4407804012298584,-1.44110906124115,100,100,2.0492585716432195 0.13752423515278736 0.062924802978478217 2.6364640840167701,2.1429449794241386 -0.027966925847959536 0.14076855407152564 2.7427224211683581,32.62941345013678,0.0390092171728611,0.12042281590402126,32.66842266730964,0.002170935273170471
e1-v2,N16_i08_Amargin_s44,16,3,8,8e11fb6ca06e,Amargin,0.5008545737748823,0.21590443567038758,2.319797516988101,0.5008545737748823,16.999999999970072,44,lightning_gpu,single,2,100,adam_0.03,0.03,0.06028931853905328,1.5971019834788724,560,2023-08-06,2026-08-05,ok,,1000,393,568,69,3,True,-4.4212312197057235,0.08645994426821813,-4.421231219705723,True,0.393,69,0.08645994426821813,0.01638632097379212,0.005884475169705685,3,1,False,False,True,1.200149670449833,0.22309860652904323,0.18505909054309663,0,0,1.2268098002868673,2.784669915534997,4.4474018454348885,1.0000003703372178,0.395889970328426,0.001072026789188385,0.002119069918990135,0.006906364869792014,0.501788168875879,1.062101575733317,0.020989766257859976,0.01066869959234129,0.19114194320728006,0.1017080768880042,0.8801265078725291,0.6578827693270989,0.999999999387323,0.9999780340758814,1.0000015748760234,0.10215184597473126,0.00022920795890968293,0.0004464173689484596,0.001422035988071002,3.0339494778828575,17.35872721015994,0.00445521637602031,0.002289716900546357,0.04366949034745593,0.022662677636506645,0.36014714482219123,0.20485773533129048,0.98849726480067,0.8989704580833773,3.395461954189755,-5.47796106338501,-5.478052139282227,-5.479352951049805,94,-5.108471393585205,-5.479352951049805,100,100,0.38505090477492371 0.8108861395016167 1.274766337564649 3.0447811714676671,0.25419740709696437 0.87986638683683338 0.63581076238722756 3.402901173627221,32.57923231367022,0.04055950231850147,0.12053332012146711,32.61979181598872,0.0024790605530142784
e1-v2,N16_i08_Amargin_s45,16,3,8,8e11fb6ca06e,Amargin,0.5008545737748823,0.21590443567038758,2.319797516988101,0.5008545737748823,16.999999999970072,45,lightning_gpu,single,2,100,adam_0.03,0.03,0.06028931853905328,1.5971019834788724,560,2023-08-06,2026-08-05,ok,,1000,58,816,74,3,True,-4.2751735738391545,0.23251759013478712,-4.275173573839154,True,0.058,74,0.23251759013478712,0.107837992424616,0.0387255925102699,26,1,False,False,False,0.9875073474830295,0.19068392340431836,0.19208355653027495,0,0,1.2268098002868673,2.784669915534997,4.4474018454348885,0.9999991424665422,0.06378686016250867,1.3936258255853318e-05,2.6429403988004196e-05,0.00021051831117802067,3.50150188095456,19.507339674243802,0.00026426260899248266,0.0001393538430151109,0.0026394857407731065,0.0013926648776031447,0.026083544102390555,0.013839693923037077,0.23225492344776733,0.13008828862743116,1.0000010997725184,0.08464835548465999,0.000838738982565701,0.001592002110555768,0.003527456021402031,6.2382375027169035,46.90351678863537,0.015806452762715084,0.008355803787837623,0.14728258428956975,0.08048515653254995,0.7967402766797839,0.5678968391187158,0.9999998796313746,0.9997730791339784,3.395461954189755,-1.8727469444274902,-1.8738054037094116,-1.8794091939926147,81,-1.1670262813568115,-1.8794091939926147,100,100,1.8005430614133757 1.660303899153966 2.3990779832738145 2.5500080338093531,2.1191406855957071 3.3526514488455468 2.7511750022811032 2.8603286774731038,32.842146741226315,0.041556671261787415,0.12001000810414553,32.8837034124881,0.0023998459801077843
e1-v2,N16_i08_Amargin_s46,16,3,8,8e11fb6ca06e,Amargin,0.5008545737748823,0.21590443567038758,2.319797516988101,0.5008545737748823,16.999999999970072,46,lightning_gpu,single,2,100,adam_0.03,0.03,0.06028931853905328,1.5971019834788724,560,2023-08-06,2026-08-05,ok,,1000,467,715,35,3,True,-4.443164845615282,0.06452631835865963,-4.443164845615281,True,0.467,35,0.06452631835865963,0.0026529300341717322,0.0009526910243011854,2,1,False,True,True,1.277234848764987,0.2428586479755538,0.1893611407560773,1,0,1.2268098002868673,2.784669915534997,4.4474018454348885,1.0000012826949887,0.4395875691843685,0.0004893651348538697,0.0009960544994100928,0.003749869007151574,1.0781168572032178,3.0792998245394445,0.009916017767398144,0.004882888878993685,0.09485043987933173,0.04776982343093361,0.6308495119337936,0.3870579686713551,0.9999530068594865,0.9925149615972754,0.9999997356972443,0.02459614519562514,0.00011967712634941563,0.00023064304696163163,0.0005160882938071154,6.09661297580038,40.301672292128515,0.0023040381116626873,0.0011961269514860762,0.022802956335706726,0.011897092058517744,0.20599827814932326,0.11279950785417447,0.900410295837447,0.6978533798632015,3.395461954189755,-5.003151893615723,-5.010777473449707,-5.012044906616211,89,-2.1751625537872314,-5.012044906616211,100,100,2.8450397427097829 0.24261512621431053 0.85630314278475539 1.9536009066557216,1.3440272546164598 0.55658984722885774 0.9072881949032835 2.5736576071018789,32.65091703180224,0.03879430424422026,0.1200864128768444,32.68971133604646,0.0023341933265328407
e1-v2,N16_i09_Aheur_s42,16,3,9,9bc3f8aa04b6,Aheur,16.999999999981483,0.0855796614452069,198.6453289589826,0.3479271809845644,16.999999999981483,42,lightning_gpu,single,2,100,adam_0.03,0.03,-0.06916526512389176,1.0925970832154022,560,2023-08-06,2026-08-05,ok,,1000,273,825,33288,3,True,-153.0028276993994,-0.0028276995660794224,-153.00282769939943,True,0.273,33288,-0.0028276995660794224,0.060715488423772494,0.00043338294452043556,3,1,False,False,False,1.5554261879938838,0.3845557942046126,0.24659208978556868,0,0,1.4936212824484583,140.09662630115233,153.06916526495723,1.0000007599708454,0.28212047668057494,0.0004740597796626389,0.0004740597796626389,0.0004740597796626389,2.3183744093920358,18.142047490744602,0.004730497600071826,0.004730497600071826,0.046310581963041386,0.046310581963041386,0.37759992245325114,0.37759992245325114,0.9912763872027082,0.9912763872027082,0.9999987304251476,0.0336194173360127,5.02329676237423e-05,5.02329676237423e-05,5.02329676237423e-05,3.904988255232622,34.90462552275744,0.0005022161406500469,0.0005022161406500469,0.005010826646151045,0.005010826646151045,0.04899335524921977,0.04899335524921977,0.3948883505397418,0.3948883505397418,85.64923478263808,-2.173640489578247,-2.173677444458008,-2.173701286315918,92,-2.1692450046539307,-2.173701286315918,100,100,2.4314546363447995 1.3787772821439981 2.6973649175810768 2.1908462769412909,2.1237960809864282 1.316913931381579 2.7780523119462099 2.1490655203988256,32.779779638163745,0.04049305059015751,0.12070923764258623,32.8202726887539,0.0018960144370794296
e1-v2,N16_i09_Aheur_s43,16,3,9,9bc3f8aa04b6,Aheur,16.999999999981483,0.0855796614452069,198.6453289589826,0.3479271809845644,16.999999999981483,43,lightning_gpu,single,2,100,adam_0.03,0.03,-0.06916526512389176,1.0925970832154022,560,2023-08-06,2026-08-05,ok,,1000,2,985,36872,3,True,-152.82072179748695,0.17927820234638547,-152.82072179748695,True,0.002,36872,0.17927820234638547,0.22738800175004437,0.0016230797825298813,53,1,False,False,False,0.8161130709267795,0.1714579820888511,0.20886564394230164,0,0,1.4936212824484583,140.09662630115233,153.06916526495723,1.000002503419978,0.0005602134277751247,9.912153018376557e-07,9.912153018376557e-07,9.912153018376557e-07,3.2967209028682603,22.676983043204928,9.91210880563198e-06,9.91210880563198e-06,9.911666692774546e-05,9.911666692774546e-05,0.0009907247009904863,0.0009907247009904863,0.009863194405104303,0.009863194405104303,0.9999994790224136,0.20476374056306668,0.0003683794930111617,0.0003683794930111617,0.0003683794930111617,3.6823595316419877,32.363161852014144,0.003677694269801135,0.003677694269801135,0.03617422895862432,0.03617422895862432,0.3081923755787085,0.3081923755787085,0.9748896109987412,0.9748896109987412,85.64923478263808,-1.2621482610702515,-1.2621551752090454,-1.262178659439087,96,-1.2619049549102783,-1.262178659439087,100,100,2.0492585716432195 0.13752423515278736 0.062924802978478217 2.6364640840167701,1.9194841385044752 -0.020342908590917752 0.12177643092913285 2.8033106062738762,32.68171002250165,0.03918406553566456,0.12050163932144642,32.72089408803731,0.0023967260494828224
e1-v2,N16_i09_Aheur_s44,16,3,9,9bc3f8aa04b6,Aheur,16.999999999981483,0.0855796614452069,198.6453289589826,0.3479271809845644,16.999999999981483,44,lightning_gpu,single,2,100,adam_0.03,0.03,-0.06916526512389176,1.0925970832154022,560,2023-08-06,2026-08-05,ok,,1000,279,728,33288,3,True,-153.0028276993994,-0.0028276995660794224,-153.00282769939943,True,0.279,33288,-0.0028276995660794224,0.060715488423772494,0.00043338294452043556,3,1,False,False,False,1.5554261879938838,0.3845557942046126,0.24659208978556868,0,0,1.4936212824484583,140.09662630115233,153.06916526495723,0.9999995363934389,0.2600881366233807,0.0004623788991011679,0.0004623788991011679,0.0004623788991011679,0.765314243855765,3.018679153025495,0.004614180102807119,0.004614180102807119,0.04519541542250327,0.04519541542250327,0.37028366895929854,0.37028366895929854,0.9901949556081248,0.9901949556081248,1.0000012564510143,0.10086991215939634,0.00018113818077836186,0.00018113818077836186,0.00018113818077836186,2.191547836100682,16.723516120767272,0.001809906023933383,0.001809906023933383,0.017952360257188382,0.017952360257188382,0.16569362526112952,0.16569362526112952,0.836598657866735,0.836598657866735,85.64923478263808,-5.193532943725586,-5.193546295166016,-5.193532943725586,99,-5.190304279327393,-5.193532943725586,100,100,0.38505090477492371 0.8108861395016167 1.274766337564649 3.0447811714676671,0.77597831491342961 0.70205497932063599 1.0772107005958163 3.299184079683585,33.80394332949072,0.04282631166279316,0.13070403691381216,33.846769641153514,0.0023067137226462364
e1-v2,N16_i09_Aheur_s45,16,3,9,9bc3f8aa04b6,Aheur,16.999999999981483,0.0855796614452069,198.6453289589826,0.3479271809845644,16.999999999981483,45,lightning_gpu,single,2,100,adam_0.03,0.03,-0.06916526512389176,1.0925970832154022,560,2023-08-06,2026-08-05,ok,,1000,100,778,32778,3,True,-153.00841117060554,-0.00841117077221143,-153.00841117060554,True,0.1,32778,-0.00841117077221143,0.055605213747127354,0.00039690615837956113,2,1,False,False,False,1.356070054532357,0.28911911037190646,0.21246624347240292,0,0,1.4936212824484583,140.09662630115233,153.06916526495723,1.0000006973194786,0.11196712485980242,0.00019962614169344306,0.00019962614169344306,0.00019962614169344306,2.7177955801002427,22.54751283711039,0.0019944690943873855,0.0019944690943873855,0.019766633872747574,0.019766633872747574,0.1809794219690538,0.1809794219690538,0.8641848754622572,0.8641848754622572,1.0000005390522801,0.006913751459251216,1.601877920620609e-05,1.601877920620609e-05,1.601877920620609e-05,4.391718368180792,39.79448364212158,0.00016017624549735654,0.00016017624549735654,0.0016006084086486183,0.0016006084086486183,0.01589128716419963,0.01589128716419963,0.14801731495988368,0.14801731495988368,85.64923478263808,-1.2946364879608154,-1.2946020364761353,-1.2946683168411255,98,-1.2589356899261475,-1.2946683168411255,100,100,1.8005430614133757 1.660303899153966 2.3990779832738145 2.5500080338093531,2.0447840703665858 2.410357802509171 2.6229106971319198 2.7336691726415285,35.01495115272701,0.042864966206252575,0.1302044689655304,35.05781611893326,0.0024596406146883965
e1-v2,N16_i09_Aheur_s46,16,3,9,9bc3f8aa04b6,Aheur,16.999999999981483,0.0855796614452069,198.6453289589826,0.3479271809845644,16.999999999981483,46,lightning_gpu,single,2,100,adam_0.03,0.03,-0.06916526512389176,1.0925970832154022,560,2023-08-06,2026-08-05,ok,,1000,302,653,49160,3,True,-153.06916526495723,-0.06916526512389176,-153.06916526495723,True,0.302,49160,-0.06916526512389176,0.0,0.0,1,1,True,True,True,1.4936212824484583,0.31085633365746335,0.20745307883503317,1,1,1.4936212824484583,140.09662630115233,153.06916526495723,1.0000004677458598,0.292571890167892,0.000562721339520067,0.000562721339520067,0.000562721339520067,0.5305211525523088,1.7145547805117234,0.005612985268033999,0.005612985268033999,0.05473311432697536,0.05473311432697536,0.43043349588668856,0.43043349588668856,0.9964071059743055,0.9964071059743055,0.9999996527962196,0.03470907524388167,6.26331748208031e-05,6.26331748208031e-05,6.26331748208031e-05,4.919244076720151,46.281969177875084,0.0006261552465328668,0.0006261552465328668,0.006243938725029818,0.006243938725029818,0.0607138774710545,0.0607138774710545,0.46546141576927424,0.46546141576927424,85.64923478263808,-5.4702606201171875,-5.455136775970459,-5.510408878326416,96,-0.9767142534255981,-5.510408878326416,100,100,2.8450397427097829 0.24261512621431053 0.85630314278475539 1.9536009066557216,1.835888193807198 -1.7192220570953756 1.563756105300294 2.0961964970109914,34.919805514626205,0.0454112533479929,0.13019040040671825,34.9652167679742,0.0023015644401311874
e1-v2,N16_i09_Amargin_s42,16,3,9,9bc3f8aa04b6,Amargin,0.3479271809845644,0.0855796614452069,4.065535842383856,0.3479271809845644,16.999999999981483,42,lightning_gpu,single,2,100,adam_0.03,0.03,-0.06916526512389176,1.0925970832154022,560,2023-08-06,2026-08-05,ok,,1000,471,558,32778,3,True,-3.139755799633291,-0.00841117077221143,-3.1397557996332908,True,0.471,32778,-0.00841117077221143,0.055605213747127354,0.018982629757171316,2,1,False,False,False,1.356070054532357,0.28911911037190646,0.21246624347240292,0,0,1.4936212824484583,2.9292682024797245,3.200509893984971,1.0000002408754092,0.4711587284109555,0.0006214898894540966,0.0006214898894540966,0.0006214898894540966,0.6118853722376744,2.9022337155979487,0.006197546433546197,0.006197546433546197,0.06027529105472229,0.06027529105472229,0.46296021212961724,0.46296021212961724,0.9980044407527647,0.9980044407527647,0.9999979466843517,0.06881943786066813,0.00042065425077453256,0.00042065425077453256,0.00042065425077453256,2.9617277173931966,23.372916330234716,0.004198588683404281,0.004198588683404281,0.04120143689248379,0.04120143689248379,0.3434410209057668,0.3434410209057668,0.9851153903006987,0.9851153903006987,2.388870687653483,-5.164965629577637,-5.180393695831299,-5.164965629577637,99,-4.8985090255737305,-5.164965629577637,100,100,2.4314546363447995 1.3787772821439981 2.6973649175810768 2.1908462769412909,1.0112379162450247 0.70963568240541686 2.2851032006607914 1.9121848731317621,32.50808172672987,0.0388650493696332,0.12082834541797638,32.5469467760995,0.002386328764259815
e1-v2,N16_i09_Amargin_s43,16,3,9,9bc3f8aa04b6,Amargin,0.3479271809845644,0.0855796614452069,4.065535842383856,0.3479271809845644,16.999999999981483,43,lightning_gpu,single,2,100,adam_0.03,0.03,-0.06916526512389176,1.0925970832154022,560,2023-08-06,2026-08-05,ok,,1000,0,986,57346,4,False,-2.5114645304330248,0.2719529174434907,-2.5114645304330248,True,0.0,,,,,,,,,,,,,0,0,1.4936212824484583,2.9292682024797245,3.200509893984971,0.9999979400630854,0.0019977790561824804,6.800452865718398e-06,6.800452865718398e-06,6.800452865718398e-06,3.079959243838979,21.191795726593675,6.800244761773211e-05,6.800244761773211e-05,0.0006798164189293354,0.0006798164189293354,0.006777405079411047,0.006777405079411047,0.06574397338838056,0.06574397338838056,0.999999835849982,0.20976779432385229,0.000590310140978545,0.000590310140978545,0.000590310140978545,3.1840482215420263,25.773344024454524,0.005887445095855148,0.005887445095855148,0.05733889846929496,0.05733889846929496,0.44594118998537646,0.44594118998537646,0.9972737941257175,0.9972737941257175,2.388870687653483,-1.48345148563385,-1.4834442138671875,-1.4834539890289307,98,-1.4830621480941772,-1.4834539890289307,100,100,2.0492585716432195 0.13752423515278736 0.062924802978478217 2.6364640840167701,2.1273317315198268 -0.028529342617727802 0.13525147003898838 2.7449474202414605,32.94799314904958,0.03899747785180807,0.12367900181561708,32.98699062690139,0.001881629228591919
e1-v2,N16_i09_Amargin_s44,16,3,9,9bc3f8aa04b6,Amargin,0.3479271809845644,0.0855796614452069,4.065535842383856,0.3479271809845644,16.999999999981483,44,lightning_gpu,single,2,100,adam_0.03,0.03,-0.06916526512389176,1.0925970832154022,560,2023-08-06,2026-08-05,ok,,1000,397,569,49160,3,True,-3.200509893984971,-0.06916526512389176,-3.200509893984971,True,0.397,49160,-0.06916526512389176,0.0,0.0,1,1,True,True,True,1.4936212824484583,0.31085633365746335,0.20745307883503317,4,4,1.4936212824484583,2.9292682024797245,3.200509893984971,0.999997987325826,0.39065014419611543,0.001153000514023006,0.001153000514023006,0.001153000514023006,0.34137940026808167,1.104723076500962,0.011470365248538505,0.011470365248538505,0.10896054701704061,0.10896054701704061,0.684521810863393,0.684521810863393,0.9999902345245434,0.9999902345245434,1.000001634338787,0.10236725282447878,0.00022456730948761106,0.00022456730948761106,0.00022456730948761106,2.2961018652403453,17.23834588837144,0.0022434050819044593,0.0022434050819044593,0.02220892141878017,0.02220892141878017,0.20115834234135688,0.20115834234135688,0.8941704274611684,0.8941704274611684,2.388870687653483,-5.555975914001465,-5.555410385131836,-5.556306838989258,98,-5.187686920166016,-5.556306838989258,100,100,0.38505090477492371 0.8108861395016167 1.274766337564649 3.0447811714676671,0.25986436387778844 0.8957776439606977 0.64358642532293742 3.4057656217462546,32.50796505622566,0.0387746449559927,0.11985938809812069,32.54673970118165,0.0018957769498229027
e1-v2,N16_i09_Amargin_s45,16,3,9,9bc3f8aa04b6,Amargin,0.3479271809845644,0.0855796614452069,4.065535842383856,0.3479271809845644,16.999999999981483,45,lightning_gpu,single,2,100,adam_0.03,0.03,-0.06916526512389176,1.0925970832154022,560,2023-08-06,2026-08-05,ok,,1000,59,823,24584,3,True,-2.9796220795956243,0.15172254926545503,-2.9796220795956243,True,0.059,24584,0.15172254926545503,0.20216767716356737,0.06901644478727677,34,1,False,False,False,1.042962424076697,0.23812386441815547,0.22735609542987517,0,0,1.4936212824484583,2.9292682024797245,3.200509893984971,1.000000012999143,0.06731250476059358,8.852351129462477e-06,8.852351129462477e-06,8.852351129462477e-06,2.650313741337681,19.425287453475384,8.851998499248559e-05,8.851998499248559e-05,0.0008848473226980014,0.0008848473226980014,0.008813323268534012,0.008813323268534012,0.08471876760036157,0.08471876760036157,1.0000005911813343,0.08526241530307743,0.0008488332387059927,0.0008488332387059927,0.0008488332387059927,4.736208679157608,46.24186539134264,0.008455982366071035,0.008455982366071035,0.08141365311753157,0.08141365311753157,0.5722403051186513,0.5722403051186513,0.9997948844371339,0.9997948844371339,2.388870687653483,-1.9198195934295654,-1.920591115951538,-1.9266467094421387,82,-1.2211235761642456,-1.9266467094421387,100,100,1.8005430614133757 1.660303899153966 2.3990779832738145 2.5500080338093531,2.0979705104664896 3.3238993763376343 2.7506743850998983 2.8662286921671525,32.610416452400386,0.03906542807817459,0.12060755956918001,32.64948188047856,0.0021803323179483414
e1-v2,N16_i09_Amargin_s46,16,3,9,9bc3f8aa04b6,Amargin,0.3479271809845644,0.0855796614452069,4.065535842383856,0.3479271809845644,16.999999999981483,46,lightning_gpu,single,2,100,adam_0.03,0.03,-0.06916526512389176,1.0925970832154022,560,2023-08-06,2026-08-05,ok,,1000,435,715,33288,3,True,-3.1341723284271588,-0.0028276995660794224,-3.1341723284271588,True,0.435,33288,-0.0028276995660794224,0.060715488423772494,0.020727186528148832,3,1,False,False,False,1.5554261879938838,0.3845557942046126,0.24659208978556868,0,0,1.4936212824484583,2.9292682024797245,3.200509893984971,1.0000010788391405,0.4456900432414841,0.0004585957794915885,0.0004585957794915885,0.0004585957794915885,0.8023878883655673,3.034702486091316,0.004576505405307407,0.004576505405307407,0.044833966619292065,0.044833966619292065,0.36789576314108896,0.36789576314108896,0.9898167357596337,0.9898167357596337,0.9999988991482167,0.023117274254085274,0.00015390204498544335,0.00015390204498544335,0.00015390204498544335,4.694009974434955,40.901624717234164,0.0015379550243972417,0.0015379550243972417,0.015273546844735475,0.015273546844735475,0.1426541553623012,0.1426541553623012,0.7854342136153971,0.7854342136153971,2.388870687653483,-5.0745391845703125,-5.0813517570495605,-5.093164443969727,90,-2.0482563972473145,-5.093164443969727,100,100,2.8450397427097829 0.24261512621431053 0.85630314278475539 1.9536009066557216,1.3383906167797759 0.5453044396806781 0.90371637772088509 2.5734726513604524,32.78790280316025,0.038818057626485825,0.12031040247529745,32.826720860786736,0.0023714369162917137
e1-v2,N20_i00_Aheur_s42,20,4,0,88802fd9d289,Aheur,20.999999999965347,0.11478915431353487,182.94411284367501,0.4877661783330567,20.999999999965347,42,lightning_gpu,single,2,100,adam_0.03,0.03,-0.15232144256321223,1.9296468975432697,4845,2023-08-06,2026-08-05,ok,,1000,36,968,4122,4,True,-335.963636019087,0.036363980358562586,-335.96363601908695,True,0.036,4122,0.036363980358562586,0.0977823575712218,0.0005613092960725718,89,1,False,False,False,1.1231617570338006,0.22141075623760995,0.19624132931635854,0,0,1.4732051545372367,174.2040587166394,336.15232144200877,1.0000004198673338,0.03516183024703423,7.236123110487824e-06,2.8974296128581045e-05,0.000173509264641325,4.210409778195629,35.5068153060313,0.00028970518626192376,7.235887488388215e-05,0.002893277969631347,0.0007233531829907713,0.028558973823704092,0.00721003139869647,0.2515472167302034,0.06980542372122411,0.9999975047984542,0.00015528048559684663,1.0939137373711105e-09,1.8822565756027032e-08,2.8253230745234337e-07,5.049515629658979,45.73609865864749,1.88225641295503e-07,1.0939137373711105e-08,1.882254819118856e-06,1.0939136785292902e-07,1.8822388762052e-05,1.093913139627034e-06,0.00018820794571616783,1.0939077547567067e-05,126.8336428003847,-0.9173243045806885,-0.9173207879066467,-0.9173473715782166,94,-0.9114997386932373,-0.9173473715782166,100,100,2.4314546363447995 1.3787772821439981 2.6973649175810768 2.1908462769412909,2.5588115659161716 1.6847900912893663 2.8740169070396169 2.0178546646615492,58.43630333803594,0.06461541540920734,0.24815473519265652,58.50091875344515,0.027165580540895462
e1-v2,N20_i00_Aheur_s43,20,4,0,88802fd9d289,Aheur,20.999999999965347,0.11478915431353487,182.94411284367501,0.4877661783330567,20.999999999965347,43,lightning_gpu,single,2,100,adam_0.03,0.03,-0.15232144256321223,1.9296468975432697,4845,2023-08-06,2026-08-05,ok,,1000,6,999,262448,4,True,-335.777370301107,0.22262969833857427,-335.777370301107,True,0.006,262448,0.22262969833857427,0.19431075259372874,0.0011154203525751082,510,1,False,False,False,1.2221697010063914,0.30268923114833857,0.2468472511631679,0,0,1.4732051545372367,174.2040587166394,336.15232144200877,0.9999989950051571,0.004022878939565544,8.266237045972957e-07,3.3066257856262382e-06,1.9829767381907004e-05,4.19594556207615,30.392225035001943,3.306576584072296e-05,8.266206297236067e-06,0.00033060846222654483,8.265898818260453e-05,0.003301170368107176,0.000826282486714236,0.032525598208878015,0.00823216904230184,1.0000002140856226,0.10951688046770869,2.2852405891171657e-05,9.139691428572405e-05,0.000548769761735457,4.595511372426934,43.298053131246505,0.000913593331642204,0.00022850055988332674,0.009098465299368974,0.0022826574671670485,0.08734841907422985,0.022593522617075812,0.5990870318973491,0.2042949246233986,126.8336428003847,-1.7642507553100586,-1.7642513513565063,-1.7642507553100586,99,-1.763473391532898,-1.7642507553100586,100,100,2.0492585716432195 0.13752423515278736 0.062924802978478217 2.6364640840167701,1.9608184832841595 -0.021552808776772195 0.11911355316380755 2.7963285084707223,58.52023359015584,0.15243335720151663,0.2474833605811,58.67266694735736,0.018335829488933086
e1-v2,N20_i00_Aheur_s44,20,4,0,88802fd9d289,Aheur,20.999999999965347,0.11478915431353487,182.94411284367501,0.4877661783330567,20.999999999965347,44,lightning_gpu,single,2,100,adam_0.03,0.03,-0.15232144256321223,1.9296468975432697,4845,2023-08-06,2026-08-05,ok,,1000,272,944,16422,4,True,-336.059733746727,-0.059733747281422556,-336.0597337467269,True,0.272,16422,-0.059733747281422556,0.04798167758032193,0.0002754337524269111,24,1,False,False,True,1.351865355287319,0.287274215205761,0.21176237269940074,0,0,1.4732051545372367,174.2040587166394,336.15232144200877,0.9999979045442975,0.2629823735296668,5.404574403655715e-05,0.00021605755682685412,0.0012955678830621764,0.9699254032919882,3.7732374184595923,0.002158476139047738,0.0005403260168973523,0.021376307743803058,0.005390141231805923,0.19432987997795315,0.05261261555875185,0.8847681399741623,0.41752676646098863,1.000001463726477,0.08711882595162024,1.8046390323434025e-05,7.229869879665785e-05,0.0004344766784925014,2.73894352048954,22.111316589722804,0.0007227518137271627,0.00018044924869042855,0.007204056727007635,0.001803027904863752,0.06974944251789594,0.017884689278601096,0.5147121819275967,0.16511854278346072,126.8336428003847,-6.196998596191406,-6.19700288772583,-6.197085380554199,88,-6.181066036224365,-6.197085380554199,100,100,0.38505090477492371 0.8108861395016167 1.274766337564649 3.0447811714676671,0.81352126574148642 0.70259388085591079 1.117361371084689 3.264718427602014,58.55819855816662,0.06361946370452642,0.23352881986647844,58.62181802187115,0.02479274943470955
e1-v2,N20_i00_Aheur_s45,20,4,0,88802fd9d289,Aheur,20.999999999965347,0.11478915431353487,182.94411284367501,0.4877661783330567,20.999999999965347,45,lightning_gpu,single,2,100,adam_0.03,0.03,-0.15232144256321223,1.9296468975432697,4845,2023-08-06,2026-08-05,ok,,1000,51,972,266264,4,True,-335.8811734252028,0.1188265742427399,-335.8811734252028,True,0.051,266264,0.1188265742427399,0.140516908638137,0.0008066224729396347,223,1,False,False,False,1.0421276446105225,0.21157270288066923,0.20206037520419795,0,0,1.4732051545372367,174.2040587166394,336.15232144200877,1.0000009463726904,0.047185891017761605,9.37552067625802e-06,3.7548228647210635e-05,0.00022516579429066041,3.612781355931362,27.78904172656669,0.0003754188486979615,9.375125134403195e-05,0.0037478525631243764,0.0009371170939340701,0.0368527136959822,0.009331751053267556,0.3130469543205754,0.08949477959030194,1.0000008543150685,0.033487164869711705,6.508314527309267e-06,2.5733040729392087e-05,0.00015200546840787865,5.868115155805268,57.447988096831324,0.0002573006108163023,6.508123918902431e-05,0.0025700289891557038,0.0006506218244193285,0.025405090573010214,0.006487202362134403,0.2268898302988963,0.06301064456039529,126.8336428003847,-2.1977996826171875,-2.1998724937438965,-2.210005044937134,79,-1.2442264556884766,-2.210005044937134,100,100,1.8005430614133757 1.660303899153966 2.3990779832738145 2.5500080338093531,1.9208776092849871 3.164701982673622 2.8060631828446261 2.9616192114943751,58.82158597558737,0.06373359635472298,0.2461796747520566,58.88531957194209,0.01872702594846487
e1-v2,N20_i00_Aheur_s46,20,4,0,88802fd9d289,Aheur,20.999999999965347,0.11478915431353487,182.94411284367501,0.4877661783330567,20.999999999965347,46,lightning_gpu,single,2,100,adam_0.03,0.03,-0.15232144256321223,1.9296468975432697,4845,2023-08-06,2026-08-05,ok,,1000,344,898,278546,4,True,-336.15232144200877,-0.15232144256321223,-336.15232144200877,True,0.344,278546,-0.15232144256321223,0.0,0.0,1,1,True,True,True,1.4732051545372367,0.3115649335542625,0.21080901909538674,1,1,1.4732051545372367,174.2040587166394,336.15232144200877,1.0000017176495726,0.3278829211485572,7.12474575266242e-05,0.00028656415815930814,0.0017323168576695025,0.5769149898640156,1.6288022373250057,0.0028619490483080545,0.0007122461896515997,0.02825370556871043,0.007099676942199373,0.24919192979040083,0.06877094027943231,0.9430767981243373,0.5095833570680874,1.0000000579958304,0.09284641722479137,1.887921098386869e-05,7.540675142081454e-05,0.00045144012256059796,6.693284113498157,68.40703770540408,0.0007538116876373291,0.0001887760715387765,0.00751259776670532,0.0018861578841642412,0.07263643463053504,0.018702289790937576,0.5295642784107575,0.17204286228722132,126.8336428003847,-6.550441265106201,-6.555184841156006,-6.550441265106201,99,-1.3723750114440918,-6.550441265106201,100,100,2.8450397427097829 0.24261512621431053 0.85630314278475539 1.9536009066557216,1.9705586862442188 -1.6277569905033298 1.5787104925752038 2.070529311318924,58.941699487157166,0.15257716365158558,0.23553471360355616,59.09427665080875,0.024809679947793484
e1-v2,N20_i00_Amargin_s42,20,4,0,88802fd9d289,Amargin,0.4877661783330567,0.11478915431353487,4.2492357509732415,0.4877661783330567,20.999999999965347,42,lightning_gpu,single,2,100,adam_0.03,0.03,-0.15232144256321223,1.9296468975432697,4845,2023-08-06,2026-08-05,ok,,1000,343,796,266274,4,True,-7.854997182517597,-0.05073832918868981,-7.854997182517597,True,0.343,266274,-0.05073832918868981,0.05264336884839033,0.012767182583071333,28,1,False,False,False,1.232185118277804,0.23865889012171057,0.19287596205826665,0,0,1.4732051545372367,4.12333484743869,7.9565802958921195,1.0000000771488264,0.3259311196759427,7.840139915060718e-06,3.325919806229649e-05,0.00021079370753795956,0.9686162675250701,5.623050405926903,0.00033254220719602934,7.839863315772799e-05,0.0033204501878874026,0.0007837098038373513,0.03271272703838979,0.007809516674325279,0.2829412561027237,0.07540706305083034,0.9999995543102684,0.013208568401741005,3.14774092657899e-06,1.2717415359020379e-05,0.0002501510972479082,4.141713988651473,35.69634001657473,0.00012716687586766806,3.147696339722561e-05,0.0012709412917530916,0.0003147250517496758,0.0126369705938425,0.003142796922710245,0.11942040907731466,0.030987201088169547,3.7602398705909392,-5.714354515075684,-5.714419841766357,-5.715151309967041,43,-5.715151309967041,-5.715151309967041,100,100,2.4314546363447995 1.3787772821439981 2.6973649175810768 2.1908462769412909,1.3214621492276819 0.93481097530564716 2.6096588734248489 2.004375393974275,58.41568058542907,0.06412745639681816,0.23049044702202082,58.47980804182589,0.01842415053397417
e1-v2,N20_i00_Amargin_s43,20,4,0,88802fd9d289,Amargin,0.4877661783330567,0.11478915431353487,4.2492357509732415,0.4877661783330567,20.999999999965347,43,lightning_gpu,single,2,100,adam_0.03,0.03,-0.15232144256321223,1.9296468975432697,4845,2023-08-06,2026-08-05,ok,,1000,6,997,131334,4,True,-7.545942676919848,0.2583161764090587,-7.54594267691985,True,0.006,131334,0.2583161764090587,0.21280453926315446,0.05160981272121113,644,1,False,False,False,0.7627492758241553,0.14744709130687164,0.1919989909510365,0,0,1.4732051545372367,4.12333484743869,7.9565802958921195,1.0000007334780592,0.008602825404068426,1.8851085314963711e-06,7.49260561860865e-06,4.400105603963311e-05,3.950006676652703,28.81197741716158,7.492352997529039e-05,1.8850925402214003e-05,0.0007489827411263361,0.00018849326374359432,0.007464633882928395,0.0018833346038532595,0.07218817067748973,0.018674532298229685,1.000000759137362,0.16734501527935208,5.8674726460594684e-05,0.00023487693033530377,0.0015115837377379648,4.057428030095717,35.510159168211715,0.0023462883348555064,0.0005865923662848882,0.02321669887694844,0.00585046378172549,0.20935366167242975,0.05698816672893203,0.9045397341444781,0.44387627299147336,3.7602398705909392,-1.913561224937439,-1.9135680198669434,-1.913561224937439,99,-1.913417935371399,-1.913561224937439,100,100,2.0492585716432195 0.13752423515278736 0.062924802978478217 2.6364640840167701,2.1669895723963402 -0.02743268844255432 0.1418789107669953 2.7412110982954343,58.45747008360922,0.0639067841693759,0.22935212031006813,58.5213768677786,0.024819684214890003
e1-v2,N20_i00_Amargin_s44,20,4,0,88802fd9d289,Amargin,0.4877661783330567,0.11478915431353487,4.2492357509732415,0.4877661783330567,20.999999999965347,44,lightning_gpu,single,2,100,adam_0.03,0.03,-0.15232144256321223,1.9296468975432697,4845,2023-08-06,2026-08-05,ok,,1000,282,901,32794,4,True,-7.839733659368938,-0.035474806040030615,-7.839733659368939,True,0.282,32794,-0.035474806040030615,0.060553377238055796,0.014685534762152534,34,1,False,False,False,1.3236053402798453,0.28238118790949474,0.21258692402223406,0,0,1.4732051545372367,4.12333484743869,7.9565802958921195,1.0000005860034369,0.2538341757499438,4.675222226069309e-05,0.00018411685596220195,0.0011002491119143087,0.7934770124165844,3.4154625171078474,0.0018396438525971615,0.00046742387520581907,0.01824489020484399,0.004664419168496137,0.16817550801870673,0.045677214499476815,0.841394941488324,0.37345404275582295,1.000001921143678,0.08800317796067247,2.0512037735898048e-05,8.670626448292751e-05,0.0005511095077963546,2.8950965330223317,23.014875184064408,0.0008667244141065122,0.00020510144492846827,0.00863351764940301,0.002049122487141286,0.0830570511800065,0.020303303032487063,0.5798318273951079,0.18545245638280394,3.7602398705909392,-6.047294616699219,-6.047357082366943,-6.047399520874023,80,-6.011154651641846,-6.047399520874023,100,100,0.38505090477492371 0.8108861395016167 1.274766337564649 3.0447811714676671,0.86956617486807553 0.88617234147795065 1.0963446436166668 3.2630925873416938,58.490726546384394,0.06373565178364515,0.3228183649480343,58.55446219816804,0.018349193036556244
e1-v2,N20_i00_Amargin_s45,20,4,0,88802fd9d289,Amargin,0.4877661783330567,0.11478915431353487,4.2492357509732415,0.4877661783330567,20.999999999965347,45,lightning_gpu,single,2,100,adam_0.03,0.03,-0.15232144256321223,1.9296468975432697,4845,2023-08-06,2026-08-05,ok,,1000,46,976,262244,4,True,-7.809466431306418,-0.005207577977510813,-7.809466431306419,True,0.046,262244,-0.005207577977510813,0.0762387485363252,0.018489584609817162,60,1,False,False,False,1.3072311241344534,0.2842738937300443,0.21669763555974558,0,0,1.4732051545372367,4.12333484743869,7.9565802958921195,1.0000011712083303,0.04997834180585414,5.366212462831754e-06,2.146795986845973e-05,0.00013719399248657282,3.6449351403477177,28.260666796643093,0.000214658860573258,5.366082881619327e-05,0.0021445162630352455,0.0005364787298977047,0.02123938895285027,0.0053518543857861145,0.19320196066845685,0.052247861896638215,1.000001907717102,0.047590789446189774,1.6800389857962728e-05,8.428913952229777e-05,0.0007034343034320045,6.341297358030557,67.33591832215753,0.0008425717574169767,0.00016799119775912086,0.008393842525699302,0.0016786425994173015,0.08083781474601648,0.016660189103881784,0.5695512115584858,0.15465065401472367,3.7602398705909392,-2.0669147968292236,-2.0662143230438232,-2.0676488876342773,98,-1.304703712463379,-2.0676488876342773,100,100,1.8005430614133757 1.660303899153966 2.3990779832738145 2.5500080338093531,2.0980292073685241 3.3546133024824805 2.7852411352886035 2.9847406582457094,58.64608308207244,0.06386428233236074,0.22958047967404127,58.7099473644048,0.024747665040194988
e1-v2,N20_i00_Amargin_s46,20,4,0,88802fd9d289,Amargin,0.4877661783330567,0.11478915431353487,4.2492357509732415,0.4877661783330567,20.999999999965347,46,lightning_gpu,single,2,100,adam_0.03,0.03,-0.15232144256321223,1.9296468975432697,4845,2023-08-06,2026-08-05,ok,,1000,323,922,294946,4,True,-7.936261823618558,-0.1320029702896517,-7.93626182361856,True,0.323,294946,-0.1320029702896517,0.010529632286315703,0.0025536689781225116,5,1,False,False,True,1.432938341920896,0.29962932179359536,0.2084034693309092,0,0,1.4732051545372367,4.12333484743869,7.9565802958921195,0.999999456143135,0.3238357356749475,3.9798931538825855e-05,0.00015900814469205216,0.0009122669798671268,0.9974308933127058,3.8848019400411102,0.0015889441676684157,0.00039791804497968375,0.015776308281253093,0.0039720627605633885,0.14702137278760607,0.03901811806718236,0.7961167755640247,0.3283361154405512,1.0000005839925779,0.04366403654127282,1.1816480764537118e-05,4.927992631564848e-05,0.0003850048833555775,6.366671049982562,58.69607652037567,0.0004926899945152385,0.00011815852452856657,0.004915990830075767,0.0011809571785429407,0.04808652945949443,0.011747009327979896,0.3890935285704936,0.11145101956284054,3.7602398705909392,-5.934302806854248,-5.9322285652160645,-5.94298791885376,95,-2.5213005542755127,-5.94298791885376,100,100,2.8450397427097829 0.24261512621431053 0.85630314278475539 1.9536009066557216,1.3677966403911135 0.48843950943044501 0.97634806278760844 2.4998252330621393,58.753672087565064,0.06407656613737345,0.2356997411698103,58.81774865370244,0.018462125211954117
e1-v2,N20_i01_Aheur_s42,20,4,1,9f06c1dc6e9a,Aheur,20.99999999997685,0.06355171561411999,330.4395451333976,0.4522461872651161,20.99999999997685,42,lightning_gpu,single,2,100,adam_0.03,0.03,-0.05194130964678845,1.6573123108875516,4845,2023-08-06,2026-08-05,ok,,1000,42,965,532993,4,True,-335.8458691199812,0.15413087964841365,-335.8458691199811,True,0.042,532993,0.15413087964841365,0.12434119262943438,0.0006132152919347343,25,1,False,False,False,1.669170661579808,0.39041078791764516,0.23329596959790935,0,0,1.831498688295787,202.7692300971977,336.0519413092764,1.0000006239929249,0.035404663119152247,7.265021395141957e-06,7.265021395141957e-06,1.455025767427287e-05,3.941155600325378,35.50579169128425,7.264783887328541e-05,7.264783887328541e-05,0.000726240937854894,0.000726240937854894,0.00723872111928392,0.00723872111928392,0.07007419710915541,0.07007419710915541,0.9999988903877457,6.239598387673792e-05,9.527077793336503e-09,9.527077793336503e-09,2.0439469672339783e-08,4.6730399565762015,45.726218989875505,9.527077382553983e-08,9.527077382553983e-08,9.527073300263922e-07,9.527073300263922e-07,9.527032456269069e-06,9.527032456269069e-06,9.526624027067498e-05,9.526624027067498e-05,126.65221025509658,-0.9182476997375488,-0.9182360172271729,-0.9182763695716858,97,-0.912630021572113,-0.9182763695716858,100,100,2.4314546363447995 1.3787772821439981 2.6973649175810768 2.1908462769412909,2.5562595365942635 1.6832653044689896 2.8740089644684401 2.0177244256452629,58.86102333199233,0.06409884337335825,0.32227212470024824,58.925122175365686,0.017605255357921124
e1-v2,N20_i01_Aheur_s43,20,4,1,9f06c1dc6e9a,Aheur,20.99999999997685,0.06355171561411999,330.4395451333976,0.4522461872651161,20.99999999997685,43,lightning_gpu,single,2,100,adam_0.03,0.03,-0.05194130964678845,1.6573123108875516,4845,2023-08-06,2026-08-05,ok,,1000,5,999,591936,4,True,-335.51141750582144,0.48858249380816665,-335.5114175058214,True,0.005,591936,0.48858249380816665,0.3261448068080088,0.0016084531496799136,807,1,False,False,False,1.1280879264081836,0.2714181102229182,0.23971368179067895,0,0,1.831498688295787,202.7692300971977,336.0519413092764,0.9999987555602701,0.004026785820315126,8.264895541287842e-07,8.264895541287842e-07,1.6538195382054255e-06,3.973685657585089,30.393208634227236,8.26486480254296e-06,8.26486480254296e-06,8.264557423354191e-05,8.264557423354191e-05,0.0008261484469720415,0.0008261484469720415,0.008230838579117994,0.008230838579117994,0.9999987548719349,0.10884179588174447,2.2761540094506927e-05,2.2761540094506927e-05,4.547464050119743e-05,4.249876888857808,43.36775060629945,0.00022759208841327538,0.00022759208841327538,0.0022735913810897346,0.0022735913810897346,0.022504703737915355,0.022504703737915355,0.20357155577203978,0.20357155577203978,126.65221025509658,-1.765666127204895,-1.7656747102737427,-1.765666127204895,99,-1.7650569677352905,-1.765666127204895,100,100,2.0492585716432195 0.13752423515278736 0.062924802978478217 2.6364640840167701,1.9590850995922997 -0.021497488534004617 0.11889975607448137 2.7965639196657821,58.619362524710596,0.0640360563993454,0.22767474129796028,58.68339858110994,0.018691228702664375
e1-v2,N20_i01_Aheur_s44,20,4,1,9f06c1dc6e9a,Aheur,20.99999999997685,0.06355171561411999,330.4395451333976,0.4522461872651161,20.99999999997685,44,lightning_gpu,single,2,100,adam_0.03,0.03,-0.05194130964678845,1.6573123108875516,4845,2023-08-06,2026-08-05,ok,,1000,231,942,532489,4,True,-335.77879606750685,0.22120393212276646,-335.7787960675068,True,0.231,532489,0.22120393212276646,0.16481217207834267,0.0008128066176477552,70,1,False,False,False,1.2074679641482595,0.24372020878135767,0.20101585796735486,0,0,1.831498688295787,202.7692300971977,336.0519413092764,1.0000006185289407,0.26294320926535875,5.403313843999058e-05,5.403313843999058e-05,0.00010805967394844629,1.0594137077682753,3.773543024017767,0.0005402000222263226,0.0005402000222263226,0.005388887398197095,0.005388887398197095,0.05260067245491784,0.05260067245491784,0.4174533336385663,0.4174533336385663,1.000001660172785,0.08711670561388019,1.8035376342595555e-05,1.8035376342595555e-05,3.6094957977184094e-05,2.621524685952312,22.097081226009948,0.00018033912676396202,0.00018033912676396202,0.0018019284721911832,0.0018019284721911832,0.017873872024664395,0.017873872024664395,0.16502658237653411,0.16502658237653411,126.65221025509658,-6.202426910400391,-6.202449321746826,-6.202512741088867,87,-6.186686038970947,-6.202512741088867,100,100,0.38505090477492371 0.8108861395016167 1.274766337564649 3.0447811714676671,0.81274987417742517 0.70195577597855641 1.1173724575616379 3.2647449678375655,58.631315781734884,0.06393045652657747,0.23759497050195932,58.69524623826146,0.017663180828094482
e1-v2,N20_i01_Aheur_s45,20,4,1,9f06c1dc6e9a,Aheur,20.99999999997685,0.06355171561411999,330.4395451333976,0.4522461872651161,20.99999999997685,45,lightning_gpu,single,2,100,adam_0.03,0.03,-0.05194130964678845,1.6573123108875516,4845,2023-08-06,2026-08-05,ok,,1000,46,969,657664,4,True,-335.71790229392485,0.2820977057047779,-335.71790229392485,True,0.046,657664,0.2820977057047779,0.20155465759659758,0.0009940100749013154,152,1,False,False,False,1.2836194482574674,0.2827947354030055,0.21953136950795352,0,0,1.831498688295787,202.7692300971977,336.0519413092764,0.9999989550411357,0.04732794616938918,9.34036052058218e-06,9.34036052058218e-06,1.8750991330307443e-05,3.4257269191467996,27.787180760909315,9.339967939858695e-05,9.339967939858695e-05,0.0009336043342370592,0.0009336043342370592,0.009296918065083482,0.009296918065083482,0.08917458525389477,0.08917458525389477,1.000001416203336,0.03415040536719971,6.619101895921631e-06,6.619101895921631e-06,1.3220704204286449e-05,5.360976255696162,57.32708672475645,6.618904743105336e-05,6.618904743105336e-05,0.0006616933645534617,0.0006616933645534617,0.006597265656166806,0.006597265656166806,0.06404814240689805,0.06404814240689805,126.65221025509658,-2.2000045776367188,-2.202101707458496,-2.2120847702026367,79,-1.2463632822036743,-2.2120847702026367,100,100,1.8005430614133757 1.660303899153966 2.3990779832738145 2.5500080338093531,1.9188914716598704 3.1613003437638465 2.8060351849875773 2.9614706530896386,58.78910416178405,0.0643449816852808,0.22673399746418,58.853449143469334,0.018791752867400646
e1-v2,N20_i01_Aheur_s46,20,4,1,9f06c1dc6e9a,Aheur,20.99999999997685,0.06355171561411999,330.4395451333976,0.4522461872651161,20.99999999997685,46,lightning_gpu,single,2,100,adam_0.03,0.03,-0.05194130964678845,1.6573123108875516,4845,2023-08-06,2026-08-05,ok,,1000,349,919,657410,4,True,-335.83675431314566,0.1632456864839461,-335.83675431314566,True,0.349,657410,0.1632456864839461,0.12984094471336788,0.0006403385003293077,30,1,False,False,False,1.2827920824397145,0.2526760517458202,0.19619395472660148,0,0,1.831498688295787,202.7692300971977,336.0519413092764,0.9999982140587379,0.32418885598599445,7.076712790876627e-05,7.076712790876627e-05,0.0001414320431649685,0.7073674531994816,1.6312351582025926,0.0007074459622228302,0.0007074459622228302,0.007051980466634911,0.007051980466634911,0.0683235041600041,0.0683235041600041,0.5072219061674375,0.5072219061674375,1.000000457939624,0.09366361866159423,1.9021112166228704e-05,1.9021112166228704e-05,3.805483356700279e-05,6.069028425037371,68.457658552762,0.00019019484136617582,0.00019019484136617582,0.0019003214055065554,0.0019003214055065554,0.018841529855486594,0.018841529855486594,0.1732169322972611,0.1732169322972611,126.65221025509658,-6.557892322540283,-6.5604248046875,-6.557892322540283,99,-1.3957064151763916,-6.557892322540283,100,100,2.8450397427097829 0.24261512621431053 0.85630314278475539 1.9536009066557216,1.9585715285429066 -1.6310652027661168 1.577280642411506 2.0696880794207821,58.401262695901096,0.06392572168260813,0.23024810291826725,58.465188417583704,0.01751888543367386
e1-v2,N20_i01_Amargin_s42,20,4,1,9f06c1dc6e9a,Amargin,0.4522461872651161,0.06355171561411999,7.116191638493479,0.4522461872651161,20.99999999997685,42,lightning_gpu,single,2,100,adam_0.03,0.03,-0.05194130964678845,1.6573123108875516,4845,2023-08-06,2026-08-05,ok,,1000,361,814,139777,4,True,-7.0348159387996,0.20112305744225845,-7.0348159387996,True,0.361,139777,0.20112305744225845,0.1526956418694082,0.0347240015570192,53,1,False,False,False,1.4915459758809386,0.33555871833204354,0.22430332268802247,0,0,1.831498688295787,4.397409141301629,7.287880305888646,0.9999984534397203,0.3583496296305384,1.1759908375097439e-05,1.1759908375097439e-05,2.312934975634562e-05,0.9795603209198536,5.616610489231774,0.00011759286065116115,0.00011759286065116115,0.0011753065379614958,0.0011753065379614958,0.0116910992543795,0.0116910992543795,0.11094819803023992,0.11094819803023992,0.9999995571277378,0.018013368551081044,1.2279079783183988e-05,1.2279079783183988e-05,2.4881199351511896e-05,4.016159158014337,38.54646098171669,0.00012278401314302911,0.00012278401314302911,0.0012271619373871445,0.0012271619373871445,0.01220407397127532,0.01220407397127532,0.11555199498474378,0.11555199498474378,3.365687378826149,-5.907082557678223,-5.907168865203857,-5.907082557678223,99,-5.903827667236328,-5.907082557678223,100,100,2.4314546363447995 1.3787772821439981 2.6973649175810768 2.1908462769412909,1.2961965265156565 0.92226765548702339 2.6182541223680262 2.0007261463992876,61.74145064223558,0.06974753644317389,0.2416113754734397,61.81119817867875,0.018915661610662937
e1-v2,N20_i01_Amargin_s43,20,4,1,9f06c1dc6e9a,Amargin,0.4522461872651161,0.06355171561411999,7.116191638493479,0.4522461872651161,20.99999999997685,43,lightning_gpu,single,2,100,adam_0.03,0.03,-0.05194130964678845,1.6573123108875516,4845,2023-08-06,2026-08-05,ok,,1000,14,997,528449,4,True,-6.813231016223577,0.4227079800182811,-6.813231016223577,True,0.014,528449,0.4227079800182811,0.2863970095116698,0.0651285791949067,517,1,False,False,False,0.9661826846507098,0.20989776651489678,0.21620938755533237,0,0,1.831498688295787,4.397409141301629,7.287880305888646,0.9999990829232754,0.009747150131829585,2.1041494164819596e-06,2.1041494164819596e-06,4.236957920511486e-06,3.739261737333363,28.581012185402553,2.1041294930967958e-05,2.1041294930967958e-05,0.0002103930273029686,0.0002103930273029686,0.002101939455022017,0.002101939455022017,0.020821688136989702,0.020821688136989702,1.0000003717525061,0.15961027360935987,7.15128262527287e-05,7.15128262527287e-05,0.00013752093946095556,3.7916027860177794,36.01862912481285,0.0007148981726141646,0.0007148981726141646,0.007126026942829267,0.007126026942829267,0.06901804419875834,0.06901804419875834,0.5108831368771323,0.5108831368771323,3.365687378826149,-2.001509666442871,-2.0015153884887695,-2.0015249252319336,97,-2.000248432159424,-2.0015249252319336,100,100,2.0492585716432195 0.13752423515278736 0.062924802978478217 2.6364640840167701,2.1107331938193767 -0.02527016849553838 0.13009415678486491 2.752435300457079,62.02433002740145,0.07030354253947735,0.2428486505523324,62.094633569940925,0.017703472636640072
e1-v2,N20_i01_Amargin_s44,20,4,1,9f06c1dc6e9a,Amargin,0.4522461872651161,0.06355171561411999,7.116191638493479,0.4522461872651161,20.99999999997685,44,lightning_gpu,single,2,100,adam_0.03,0.03,-0.05194130964678845,1.6573123108875516,4845,2023-08-06,2026-08-05,ok,,1000,291,919,524803,4,True,-7.16380105928057,0.07213793696128801,-7.163801059280571,True,0.291,524803,0.07213793696128801,0.07486775171640851,0.017025423223240885,4,1,False,False,False,1.6621658184778738,0.3595582536188827,0.2157174992006706,0,0,1.831498688295787,4.397409141301629,7.287880305888646,1.0000000556185744,0.25744149331148947,4.776008427143097e-05,4.776008427143097e-05,9.53764065343421e-05,0.88342237625321,3.392557140833935,0.0004774982096320546,0.0004774982096320546,0.004764734945711502,0.004764734945711502,0.04663860105851558,0.04663860105851558,0.3797373416819826,0.3797373416819826,1.000001984364559,0.08829602063724451,2.0497263903962448e-05,2.0497263903962448e-05,4.202234777039848e-05,2.7221706910451484,22.605688117030212,0.00020495373387074967,0.00020495373387074967,0.0020476480999659374,0.0020476480999659374,0.020288828754428168,0.020288828754428168,0.18533210513988785,0.18533210513988785,3.365687378826149,-6.2345662117004395,-6.234587669372559,-6.23466682434082,77,-6.204929351806641,-6.23466682434082,100,100,0.38505090477492371 0.8108861395016167 1.274766337564649 3.0447811714676671,0.85089499014756886 0.8646705451070168 1.0968619190672146 3.2605856822502548,61.77933200355619,0.06925500929355621,0.3317094221711159,61.84858701284975,0.018884774297475815
e1-v2,N20_i01_Amargin_s45,20,4,1,9f06c1dc6e9a,Amargin,0.4522461872651161,0.06355171561411999,7.116191638493479,0.4522461872651161,20.99999999997685,45,lightning_gpu,single,2,100,adam_0.03,0.03,-0.05194130964678845,1.6573123108875516,4845,2023-08-06,2026-08-05,ok,,1000,45,970,656385,4,True,-7.119360532676069,0.11657846356578883,-7.119360532676069,True,0.045,656385,0.11657846356578883,0.10168256888306632,0.023123290468479895,14,1,False,False,False,1.1714366028652043,0.20548392563824774,0.1745582519259708,0,0,1.831498688295787,4.397409141301629,7.287880305888646,1.0000021441349443,0.049764831465381576,7.063498287607217e-06,7.063498287607217e-06,1.3824306734022684e-05,3.419361432537004,27.825291123678895,7.063273773300072e-05,7.063273773300072e-05,0.0007061029153472287,0.0007061029153472287,0.007038635187563869,0.007038635187563869,0.0681982787241946,0.0681982787241946,1.0000008623663306,0.03390937861036036,2.3527054509031586e-05,2.3527054509031586e-05,4.8328161938115954e-05,5.629040944834836,64.68747495784324,0.00023524563814980581,0.00023524563814980581,0.002349967620126181,0.002349967620126181,0.023252721443980273,0.023252721443980273,0.20964519393537306,0.20964519393537306,3.365687378826149,-2.1963703632354736,-2.1981301307678223,-2.2036640644073486,94,-1.4155064821243286,-2.2036640644073486,100,100,1.8005430614133757 1.660303899153966 2.3990779832738145 2.5500080338093531,2.0450649410924502 3.2908719881642612 2.7870244796164103 2.9931445930268579,61.70537678152323,0.06963227968662977,0.24298653937876225,61.77500906120986,0.01781395636498928
e1-v2,N20_i01_Amargin_s46,20,4,1,9f06c1dc6e9a,Amargin,0.4522461872651161,0.06355171561411999,7.116191638493479,0.4522461872651161,20.99999999997685,46,lightning_gpu,single,2,100,adam_0.03,0.03,-0.05194130964678845,1.6573123108875516,4845,2023-08-06,2026-08-05,ok,,1000,334,927,524323,4,True,-7.080873393085739,0.15506560315611884,-7.0808733930857395,True,0.334,524323,0.15506560315611884,0.12490519224590052,0.028404269021219324,27,1,False,False,False,1.0876909063772513,0.19204410086575704,0.17564190317823242,0,0,1.831498688295787,4.397409141301629,7.287880305888646,0.9999995648165882,0.32540929457900347,3.608014594647102e-05,3.608014594647102e-05,7.694254600210115e-05,1.037061656161008,3.8667858374250454,0.00036074288513865405,0.00036074288513865405,0.0036015783869700613,0.0036015783869700613,0.03543764326598142,0.03543764326598142,0.3028871467629639,0.3028871467629639,1.0000008050432463,0.0465132101880954,2.1652936993632466e-05,2.1652936993632466e-05,3.766692680073902e-05,5.880267828294611,62.33460664730002,0.00021650827291885832,0.00021650827291885832,0.002162974534157369,0.002162974534157369,0.021420424435892427,0.021420424435892427,0.19469300516436627,0.19469300516436627,3.365687378826149,-6.128064155578613,-6.125216484069824,-6.1360955238342285,96,-2.556952476501465,-6.1360955238342285,100,100,2.8450397427097829 0.24261512621431053 0.85630314278475539 1.9536009066557216,1.3406364020095465 0.46981273482707281 0.99778760769924624 2.4735036922751368,61.88708069548011,0.06959220487624407,0.2432338334619999,61.95667290035635,0.01903157215565443
e1-v2,N20_i02_Aheur_s42,20,4,2,5c7e45cb7b1e,Aheur,20.999999999972246,0.13224037954153933,158.8017220819888,0.5024016237652457,20.999999999972246,42,lightning_gpu,single,2,100,adam_0.03,0.03,-0.06964184277929608,1.553641391169088,4845,2023-08-06,2026-08-05,ok,,1000,42,970,598018,4,True,-335.97411744211684,0.025882557439095177,-335.9741174421168,True,0.042,598018,0.025882557439095177,0.06148420141311427,0.00028423989651289565,13,1,False,False,False,1.2466670554493349,0.21756417836158728,0.17371452739924317,0,0,1.546169852694576,216.31094778535004,336.0696418423352,0.9999996442048023,0.0354057889867363,7.288915185199585e-06,7.288915185199585e-06,5.103175453768927e-05,4.323835873812834,35.51059600141511,7.288676112571224e-05,7.288676112571224e-05,0.0007286285961182193,0.0007286285961182193,0.007262441838083666,0.007262441838083666,0.07029636670148598,0.07029636670148598,0.9999974660607402,9.210350247405857e-05,7.65731122953639e-09,7.65731122953639e-09,4.600489669770447e-08,5.166555338945269,45.7234552106418,7.657310963082864e-08,7.657310963082864e-08,7.657308327413404e-07,7.657308327413404e-07,7.657281941741978e-06,7.657281941741978e-06,7.657018094253676e-05,7.657018094253676e-05,126.77687077889081,-0.9172894358634949,-0.917282223701477,-0.9173126816749573,97,-0.9116089940071106,-0.9173126816749573,100,100,2.4314546363447995 1.3787772821439981 2.6973649175810768 2.1908462769412909,2.5573975688647721 1.6839584847214828 2.8739884505286097 2.0178039428088406,61.78905653581023,0.07012059167027473,0.36927596759051085,61.85917712748051,0.019178790040314198
e1-v2,N20_i02_Aheur_s43,20,4,2,5c7e45cb7b1e,Aheur,20.999999999972246,0.13224037954153933,158.8017220819888,0.5024016237652457,20.999999999972246,43,lightning_gpu,single,2,100,adam_0.03,0.03,-0.06964184277929608,1.553641391169088,4845,2023-08-06,2026-08-05,ok,,1000,5,999,536578,4,True,-336.0288903309615,-0.028890331405557856,-336.0288903309614,True,0.005,536578,-0.028890331405557856,0.026229676684317367,0.00012125912697837944,3,1,False,False,True,1.653087919869156,0.3547889790062775,0.2140170372996739,0,0,1.546169852694576,216.31094778535004,336.0696418423352,0.9999976745139918,0.004029249410621105,8.275719096673129e-07,8.275719096673129e-07,5.795215997750347e-06,4.325403061231308,30.390111407299713,8.275688277326054e-06,8.275688277326054e-06,8.275380092581663e-05,8.275380092581663e-05,0.0008272299086333756,0.0008272299086333756,0.008241572998351265,0.008241572998351265,1.000000403727476,0.10917558549226669,2.2796903067501262e-05,2.2796903067501262e-05,0.0001594407676748233,4.7000788155012865,43.328766441152155,0.00022794564565109532,0.00022794564565109532,0.002277119712428055,0.002277119712428055,0.02253927105389064,0.02253927105389064,0.20385315316872055,0.20385315316872055,126.77687077889081,-1.7654321193695068,-1.7654379606246948,-1.7654321193695068,99,-1.7647478580474854,-1.7654321193695068,100,100,2.0492585716432195 0.13752423515278736 0.062924802978478217 2.6364640840167701,1.9599749882925597 -0.02152773283284759 0.11897881669056541 2.7964343818258066,61.76808301359415,0.06960918102413416,0.24517411272972822,61.837692194618285,0.020355951972305775
e1-v2,N20_i02_Aheur_s44,20,4,2,5c7e45cb7b1e,Aheur,20.999999999972246,0.13224037954153933,158.8017220819888,0.5024016237652457,20.999999999972246,44,lightning_gpu,single,2,100,adam_0.03,0.03,-0.06964184277929608,1.553641391169088,4845,2023-08-06,2026-08-05,ok,,1000,253,941,528418,4,True,-335.97571014615045,0.024289853405502715,-335.9757101461504,True,0.253,528418,0.024289853405502715,0.06045905877553689,0.00027950068822005117,11,1,False,False,False,1.696869520747987,0.3934764923152067,0.2312944439842384,0,0,1.546169852694576,216.31094778535004,336.0696418423352,1.0000000931281892,0.26298253256391035,5.4016170906834304e-05,5.4016170906834304e-05,0.0003782518797379453,1.0502795714253372,3.7726583906831395,0.000540030429376892,0.000540030429376892,0.005387199695884637,0.005387199695884637,0.05258459642052826,0.05258459642052826,0.41735447611245235,0.41735447611245235,1.0000019408172705,0.0871196756415884,1.806847649277188e-05,1.806847649277188e-05,0.000126425195048796,2.833060212243539,22.103553469481227,0.00018067007449262817,0.00018067007449262817,0.001805232576975735,0.001805232576975735,0.01790638059581262,0.01790638059581262,0.16530291908365424,0.16530291908365424,126.77687077889081,-6.200325965881348,-6.200333118438721,-6.200400352478027,87,-6.1844587326049805,-6.200400352478027,100,100,0.38505090477492371 0.8108861395016167 1.274766337564649 3.0447811714676671,0.8131250961894313 0.70236385083316977 1.1173407573215379 3.2647215547387178,61.76997572090477,0.06975426990538836,0.24501934926956892,61.839729990810156,0.018911631777882576
e1-v2,N20_i02_Aheur_s45,20,4,2,5c7e45cb7b1e,Aheur,20.999999999972246,0.13224037954153933,158.8017220819888,0.5024016237652457,20.999999999972246,45,lightning_gpu,single,2,100,adam_0.03,0.03,-0.06964184277929608,1.553641391169088,4845,2023-08-06,2026-08-05,ok,,1000,47,968,557074,4,True,-335.9156537007026,0.08434629885334122,-335.91565370070253,True,0.047,557074,0.08434629885334122,0.09911434035415592,0.0004582030700198734,34,1,False,False,False,1.5039968282533152,0.3305101182641309,0.219089636410212,0,0,1.546169852694576,216.31094778535004,336.0696418423352,0.9999999085434208,0.047266107697396365,9.378009963256773e-06,9.378009963256773e-06,6.582828518730821e-05,3.725339375075206,27.78750828915289,9.377614211336649e-05,9.377614211336649e-05,0.0009373657916595945,0.0009373657916595945,0.009334217130914202,0.009334217130914202,0.08951744460880129,0.08951744460880129,1.0000010762137137,0.03377537357891924,6.4875284806475975e-06,6.4875284806475975e-06,4.569266411635908e-05,5.980156996829377,57.385998790976345,6.487339087812849e-05,6.487339087812849e-05,0.0006485445564818892,0.0006485445564818892,0.006466550809940297,0.006466550809940297,0.0628158600067612,0.0628158600067612,126.77687077889081,-2.1992063522338867,-2.2012925148010254,-2.211333751678467,79,-1.2459089756011963,-2.211333751678467,100,100,1.8005430614133757 1.660303899153966 2.3990779832738145 2.5500080338093531,1.9198590994483102 3.1629351801254857 2.8060300499246944 2.9615437522711123,61.9870872059837,0.06983376480638981,0.24169771745800972,62.05692097079009,0.020067729987204075
e1-v2,N20_i02_Aheur_s46,20,4,2,5c7e45cb7b1e,Aheur,20.999999999972246,0.13224037954153933,158.8017220819888,0.5024016237652457,20.999999999972246,46,lightning_gpu,single,2,100,adam_0.03,0.03,-0.06964184277929608,1.553641391169088,4845,2023-08-06,2026-08-05,ok,,1000,317,908,598018,4,True,-335.97411744211684,0.025882557439095177,-335.9741174421168,True,0.317,598018,0.025882557439095177,0.06148420141311427,0.00028423989651289565,13,1,False,False,False,1.2466670554493349,0.21756417836158728,0.17371452739924317,0,0,1.546169852694576,216.31094778535004,336.0696418423352,0.9999995076945938,0.32594184493791545,7.131492020562291e-05,7.131492020562291e-05,0.0004970029622199945,0.6572284329647737,1.6294977969951892,0.0007129203837711318,0.0007129203837711318,0.007106375768680895,0.007106375768680895,0.06883376584562917,0.06883376584562917,0.5099141172682535,0.5099141172682535,1.0000014475300567,0.09325394261759357,1.892676664283499e-05,1.892676664283499e-05,0.00013265573943499476,6.7991036194660115,68.4344001157726,0.00018925154722959636,0.00018925154722959636,0.0018909045587525153,0.0018909045587525153,0.018748955822690427,0.018748955822690427,0.1724365165913938,0.1724365165913938,126.77687077889081,-6.554847717285156,-6.55843448638916,-6.554847717285156,99,-1.3855323791503906,-6.554847717285156,100,100,2.8450397427097829 0.24261512621431053 0.85630314278475539 1.9536009066557216,1.9641899820395028 -1.6295515490288388 1.577951952069689 2.0700997529225975,61.7781726885587,0.06906349491328001,0.24492758698761463,61.84723618347198,0.01880510989576578
e1-v2,N20_i02_Amargin_s42,20,4,2,5c7e45cb7b1e,Amargin,0.5024016237652457,0.13224037954153933,3.7991544300387563,0.5024016237652457,20.999999999972246,42,lightning_gpu,single,2,100,adam_0.03,0.03,-0.06964184277929608,1.553641391169088,4845,2023-08-06,2026-08-05,ok,,1000,395,828,589844,4,True,-7.984983521652932,0.053442458590998276,-7.984983521652933,True,0.395,589844,0.053442458590998276,0.07922310905843952,0.015180472593086962,24,1,False,False,False,1.3256369270994468,0.25347651677301886,0.19045676203773895,0,0,1.546169852694576,5.218751166845553,8.108067823023227,0.9999981187138274,0.3913848773981954,1.9560280634323135e-05,1.9560280634323135e-05,0.0001433818142686505,0.978066676684888,5.633594433558557,0.0001955855900351855,0.0001955855900351855,0.0019541353803339545,0.0019541353803339545,0.019370407177404014,0.019370407177404014,0.1776627755983059,0.1776627755983059,0.9999973959375223,0.011566573671785374,3.60863992909799e-07,3.60863992909799e-07,1.7000961463509157e-05,4.372388506640325,38.351656498372236,3.6086340691188212e-06,3.6086340691188212e-06,3.608575469560282e-05,3.608575469560282e-05,0.0003607989544184287,0.0003607989544184287,0.003602137261858429,0.003602137261858429,3.7912805216488104,-5.836253643035889,-5.8362860679626465,-5.836253643035889,99,-5.835362434387207,-5.836253643035889,100,100,2.4314546363447995 1.3787772821439981 2.6973649175810768 2.1908462769412909,1.3140428350973661 0.94059600118567555 2.6275709894197119 1.9959005458648384,61.907700709067285,0.06939785275608301,0.24313706252723932,61.97709856182337,0.02008555270731449
e1-v2,N20_i02_Amargin_s43,20,4,2,5c7e45cb7b1e,Amargin,0.5024016237652457,0.13224037954153933,3.7991544300387563,0.5024016237652457,20.999999999972246,43,lightning_gpu,single,2,100,adam_0.03,0.03,-0.06964184277929608,1.553641391169088,4845,2023-08-06,2026-08-05,ok,,1000,11,997,8218,4,True,-7.866860770605152,0.1715652096387782,-7.866860770605153,True,0.011,8218,0.1715652096387782,0.15525272034402365,0.029749017606038753,119,1,False,False,False,1.2511898465249998,0.25975441594402665,0.2068066781893091,0,0,1.546169852694576,5.218751166845553,8.108067823023227,1.0000007749986464,0.00925044666064423,1.9271553810540354e-06,1.9271553810540354e-06,1.3513038084056461e-05,4.081355714076601,28.660016365552952,1.9271386684671654e-05,1.9271386684671654e-05,0.0001926971553197765,0.0001926971553197765,0.001925301462825324,0.001925301462825324,0.019087062793526788,0.019087062793526788,0.999999882945767,0.1623693944839033,5.907360537094064e-05,5.907360537094064e-05,0.00039903397191665135,4.168358998405378,35.998669662329576,0.0005905790423563761,0.0005905790423563761,0.005890119853912634,0.005890119853912634,0.05736426139058881,0.05736426139058881,0.4460902451301214,0.4460902451301214,3.7912805216488104,-1.9664477109909058,-1.9664376974105835,-1.9664477109909058,99,-1.965767741203308,-1.9664477109909058,100,100,2.0492585716432195 0.13752423515278736 0.062924802978478217 2.6364640840167701,2.1290622005324837 -0.025470100998514052 0.13587758756294879 2.7487807617074194,61.76873042713851,0.06999069638550282,0.25494121480733156,61.83872112352401,0.01923483330756426
e1-v2,N20_i02_Amargin_s44,20,4,2,5c7e45cb7b1e,Amargin,0.5024016237652457,0.13224037954153933,3.7991544300387563,0.5024016237652457,20.999999999972246,44,lightning_gpu,single,2,100,adam_0.03,0.03,-0.06964184277929608,1.553641391169088,4845,2023-08-06,2026-08-05,ok,,1000,234,906,589842,4,True,-8.051032884167535,-0.012606903923604307,-8.051032884167535,True,0.234,589842,-0.012606903923604307,0.03671049135268852,0.00703434407563026,4,1,False,False,True,1.3902502087938844,0.2544735785002255,0.18232227328354603,0,0,1.546169852694576,5.218751166845553,8.108067823023227,1.0000019008136056,0.2583510803488025,4.6740016841795295e-05,4.6740016841795295e-05,0.00033109135620179586,0.8702947279960311,3.4031657500075787,0.00046730187235721754,0.00046730187235721754,0.0046632042621918,0.0046632042621918,0.04566556597450522,0.04566556597450522,0.3733775619546673,0.3733775619546673,1.0000022041043053,0.08815094069632323,2.148480234609451e-05,2.148480234609451e-05,0.0001483719806856243,2.9657347490942785,22.7593055109904,0.00021482725279808879,0.00021482725279808879,0.0021461969335814235,0.0021461969335814235,0.021255873921764867,0.021255873921764867,0.19333783692313433,0.19333783692313433,3.7912805216488104,-6.160281658172607,-6.160306453704834,-6.160394668579102,78,-6.128889083862305,-6.160394668579102,100,100,0.38505090477492371 0.8108861395016167 1.274766337564649 3.0447811714676671,0.85944434493394728 0.8693979176990676 1.0982972457023537 3.2605203626794106,61.66884640324861,0.06937499437481165,0.33763085305690765,61.73822139762342,0.02000876609236002
e1-v2,N20_i02_Amargin_s45,20,4,2,5c7e45cb7b1e,Amargin,0.5024016237652457,0.13224037954153933,3.7991544300387563,0.5024016237652457,20.999999999972246,45,lightning_gpu,single,2,100,adam_0.03,0.03,-0.06964184277929608,1.553641391169088,4845,2023-08-06,2026-08-05,ok,,1000,57,978,528418,4,True,-8.014136126838428,0.024289853405502715,-8.014136126838428,True,0.057,528418,0.024289853405502715,0.06045905877553689,0.01158496675596071,11,1,False,False,False,1.696869520747987,0.3934764923152067,0.2312944439842384,0,0,1.546169852694576,5.218751166845553,8.108067823023227,1.0000011477460617,0.04891848079432748,4.894683570455527e-06,4.894683570455527e-06,3.565398037608247e-05,3.7146185771156097,27.81080121469505,4.894575761194009e-05,4.894575761194009e-05,0.0004893497842654027,0.0004893497842654027,0.004882736047860159,0.004882736047860159,0.04776836098479331,0.04776836098479331,1.0000020805444874,0.03779251511338089,2.156391929020174e-05,2.156391929020174e-05,0.00014126919995760545,6.441708506221088,66.20943235726585,0.00021561826898752745,0.00021561826898752745,0.0021540917866386122,0.0021540917866386122,0.02133330776959197,0.02133330776959197,0.1939758047040937,0.1939758047040937,3.7912805216488104,-2.1765365600585938,-2.175704002380371,-2.1812963485717773,96,-1.365677833557129,-2.1812963485717773,100,100,1.8005430614133757 1.660303899153966 2.3990779832738145 2.5500080338093531,2.0624425525655292 3.3150758326954688 2.788028392845435 2.9894298573693217,61.931897424161434,0.06946950498968363,0.24454136844724417,62.00136692915112,0.018910015933215618
e1-v2,N20_i02_Amargin_s46,20,4,2,5c7e45cb7b1e,Amargin,0.5024016237652457,0.13224037954153933,3.7991544300387563,0.5024016237652457,20.999999999972246,46,lightning_gpu,single,2,100,adam_0.03,0.03,-0.06964184277929608,1.553641391169088,4845,2023-08-06,2026-08-05,ok,,1000,329,939,528418,4,True,-8.014136126838428,0.024289853405502715,-8.014136126838428,True,0.329,528418,0.024289853405502715,0.06045905877553689,0.01158496675596071,11,1,False,False,False,1.696869520747987,0.3934764923152067,0.2312944439842384,0,0,1.546169852694576,5.218751166845553,8.108067823023227,1.0000006159827386,0.3339483772360836,4.141751924180426e-05,4.141751924180426e-05,0.0003029155050171539,1.0392023275424807,3.9091006516150326,0.0004140980074527345,0.0004140980074527345,0.004133272117167075,0.004133272117167075,0.04057235646401569,0.04057235646401569,0.3391205095260509,0.3391205095260509,1.000000401271638,0.048265323669966165,1.619161594135221e-05,1.619161594135221e-05,0.0001022252909024246,6.462566121823619,61.75290053473286,0.00016190436234364558,0.00016190436234364558,0.001617864546558434,0.001617864546558434,0.01606136534199576,0.01606136534199576,0.14948860588028678,0.14948860588028678,3.7912805216488104,-6.050144672393799,-6.048703670501709,-6.060854911804199,94,-2.7156877517700195,-6.060854911804199,100,100,2.8450397427097829 0.24261512621431053 0.85630314278475539 1.9536009066557216,1.3540521411065456 0.47271212908797222 0.98924000209158003 2.4799169452495993,61.42293387837708,0.06937506701797247,0.24323139805346727,61.49230894539505,0.01990705169737339
e1-v2,N20_i03_Aheur_s42,20,4,3,84d0445ead7c,Aheur,20.99999999997685,0.13180414304993487,159.32731334568794,0.46150782356013154,20.99999999997685,42,lightning_gpu,single,2,100,adam_0.03,0.03,0.1266548818014097,2.5177106787318015,4845,2023-08-06,2026-08-05,ok,,1000,48,964,196866,4,True,-335.64022273125045,0.35977726837916824,-335.6402227312504,True,0.048,196866,0.35977726837916824,0.09259300067598904,0.0006940782588626571,268,1,False,False,False,0.8490856458898594,0.16751949367994998,0.19611625103547015,0,0,1.2156907805941704,133.40426600844037,335.8733451178282,0.9999991230014267,0.035202182353714306,7.228126378322486e-06,2.167621369153494e-05,0.00033161077180920984,4.7633286218854956,35.51870132655287,0.00021674099451662876,7.227891276706533e-05,0.0021652972168738627,0.0007225540821216292,0.021443202765425995,0.007202092234060431,0.194880436286623,0.06973103504006217,0.9999988970016105,0.0002495700822996371,1.4051023455863287e-08,4.053778823731591e-08,3.4959198223077914e-07,5.668288094348063,45.723650918248126,4.0537780843230564e-07,1.4051022567684868e-07,4.053770689349534e-06,1.4051013682570002e-06,4.0536967413906666e-05,1.4050924839414947e-05,0.0004052957360741738,0.00014050036444501757,126.96970335914993,-0.9153338670730591,-0.915336549282074,-0.915364682674408,94,-0.9092299938201904,-0.915364682674408,100,100,2.4314546363447995 1.3787772821439981 2.6973649175810768 2.1908462769412909,2.5605648253354132 1.6858341030963184 2.8739570197189503 2.018046038517435,61.65665021259338,0.06979907397180796,0.3475746866315603,61.726449286565185,0.017629374749958515
e1-v2,N20_i03_Aheur_s43,20,4,3,84d0445ead7c,Aheur,20.99999999997685,0.13180414304993487,159.32731334568794,0.46150782356013154,20.99999999997685,43,lightning_gpu,single,2,100,adam_0.03,0.03,0.1266548818014097,2.5177106787318015,4845,2023-08-06,2026-08-05,ok,,1000,6,998,135178,4,True,-335.75445142024546,0.24554857938415997,-335.75445142024546,True,0.006,135178,0.24554857938415997,0.04722293891315515,0.00035398372425487053,42,1,False,False,True,1.1420265172498936,0.22921061058315792,0.19982951983699151,0,0,1.2156907805941704,133.40426600844037,335.8733451178282,0.999999433136395,0.004031169338020391,8.272499485428852e-07,2.481772639839619e-06,3.8073441146480036e-05,4.77595809511333,30.384583758868644,2.481744923643614e-05,8.272468690062595e-06,0.0002481467784380964,8.272160745059765e-05,0.0024786986601317285,0.0008269082135269334,0.02451232855979857,0.008238379913985905,1.0000001097693776,0.11005893343462958,2.301043423358351e-05,6.902789755258709e-05,0.0010570624363026582,5.1562746026852135,43.230773246555,0.0006900645967111707,0.00023008051719408673,0.006879256840041648,0.002298424465928317,0.06670158070751087,0.0227479718802982,0.4985757856147566,0.2055513999222338,126.96970335914993,-1.7643927335739136,-1.764387607574463,-1.7643927335739136,99,-1.7635016441345215,-1.7643927335739136,100,100,2.0492585716432195 0.13752423515278736 0.062924802978478217 2.6364640840167701,1.9622749137089806 -0.021609551596014111 0.11921399966786383 2.7961033457323103,61.77316177356988,0.06987426429986954,0.25137965474277735,61.84303603786975,0.019667815417051315
e1-v2,N20_i03_Aheur_s44,20,4,3,84d0445ead7c,Aheur,20.99999999997685,0.13180414304993487,159.32731334568794,0.46150782356013154,20.99999999997685,44,lightning_gpu,single,2,100,adam_0.03,0.03,0.1266548818014097,2.5177106787318015,4845,2023-08-06,2026-08-05,ok,,1000,257,948,132106,4,True,-335.82062712647627,0.17937287315335126,-335.8206271264762,True,0.257,132106,0.17937287315335126,0.020938859971987005,0.00015695794893592248,6,1,False,False,True,1.605259705009088,0.372702197194651,0.23155268648106173,0,0,1.2156907805941704,133.40426600844037,335.8733451178282,0.9999995071586939,0.2630656380169967,5.390481965150684e-05,0.00016172454343177378,0.002482676583895227,1.1984177421638103,3.7710307159507646,0.0016160689745017276,0.0005389174574780276,0.016043669241938785,0.0053761238981762105,0.14933562933938016,0.052479088958703124,0.8015813769900206,0.41670529660976463,1.0000031407223275,0.08712567972361285,1.8180428014602512e-05,5.453571975522209e-05,0.0008343728459294653,3.1399625248164904,22.121031404910127,0.0005452233805012252,0.0001817894071087789,0.0054388761517383255,0.0018164076592941392,0.05307672385989204,0.018016323309494653,0.4203739175759843,0.16623686921251313,126.96970335914993,-6.194244861602783,-6.194270133972168,-6.194333076477051,88,-6.17811918258667,-6.194333076477051,100,100,0.38505090477492371 0.8108861395016167 1.274766337564649 3.0447811714676671,0.81411183785372765 0.70335346202528004 1.1172819883471259 3.2646701030713627,61.81164958328009,0.06939390487968922,0.24600465688854456,61.881043488159776,0.017786663956940174
e1-v2,N20_i03_Aheur_s45,20,4,3,84d0445ead7c,Aheur,20.99999999997685,0.13180414304993487,159.32731334568794,0.46150782356013154,20.99999999997685,45,lightning_gpu,single,2,100,adam_0.03,0.03,0.1266548818014097,2.5177106787318015,4845,2023-08-06,2026-08-05,ok,,1000,38,967,147586,4,True,-335.73566230907164,0.2643376905579681,-335.7356623090716,True,0.038,147586,0.2643376905579681,0.05468571505043252,0.000409924784916343,61,1,False,False,False,0.7566573356616068,0.13005144690054493,0.17055467622963677,0,0,1.2156907805941704,133.40426600844037,335.8733451178282,0.9999986678411101,0.047098326169361826,9.353126188216265e-06,2.8065272999810986e-05,0.00043174349229957443,4.117063694291415,27.78915163553406,0.0002806172879710189,9.352732533673969e-05,0.002802631957305124,0.0009348797202989312,0.027675484770603553,0.009309565088835958,0.2447123949051455,0.0892908518645198,1.000000665658522,0.03283691290835122,5.959598638582975e-06,1.789521411410533e-05,0.0002804083310365968,6.556324839474137,57.54133118056602,0.00017893773108779154,5.9594388154504685e-05,0.0017879371561626556,0.0005957840898408451,0.01773620291686362,0.005941893108739937,0.1638554234173638,0.05785507116240829,126.96970335914993,-2.19679856300354,-2.1988401412963867,-2.2090392112731934,79,-1.2441883087158203,-2.2090392112731934,100,100,1.8005430614133757 1.660303899153966 2.3990779832738145 2.5500080338093531,1.9223315331183934 3.1672472071075042 2.8060205763956576 2.9617395843480914,61.883554166182876,0.06998130306601524,0.2434771414846182,61.95353546924889,0.019411017186939716
e1-v2,N20_i03_Aheur_s46,20,4,3,84d0445ead7c,Aheur,20.99999999997685,0.13180414304993487,159.32731334568794,0.46150782356013154,20.99999999997685,46,lightning_gpu,single,2,100,adam_0.03,0.03,0.1266548818014097,2.5177106787318015,4845,2023-08-06,2026-08-05,ok,,1000,345,898,656386,4,True,-335.815546122987,0.18445387664264545,-335.8155461229869,True,0.345,656386,0.18445387664264545,0.022956964566853935,0.0001720856855162448,8,1,False,False,True,1.4605565783126346,0.31943505264473976,0.2180230861118878,0,0,1.2156907805941704,133.40426600844037,335.8733451178282,1.000000465451482,0.3306433231155097,7.415552681777626e-05,0.00022233072377275676,0.0033670481789158657,0.7466941253946036,1.630621284022058,0.002221084163233855,0.0007413078602084289,0.021990156716787612,0.007388398243422634,0.19936926476706973,0.07147528140898285,0.8917762492844674,0.5236406462607704,1.0000011909132063,0.09214209548918006,1.8561811884865165e-05,5.569412314798683e-05,0.0008568523062422173,7.437992327263981,68.36986194246006,0.0005568016696174682,0.00018560261527733601,0.00555408612643471,0.0018544767448823718,0.05417306829343704,0.018390771514886772,0.42704995136962065,0.16941070951192405,126.96970335914993,-6.545692443847656,-6.55184268951416,-6.545692443847656,99,-1.3526179790496826,-6.545692443847656,100,100,2.8450397427097829 0.24261512621431053 0.85630314278475539 1.9536009066557216,1.980310015042678 -1.6248732271462136 1.5798482029920107 2.0711849383989205,61.73404773976654,0.06914021726697683,0.2612981954589486,61.803187957033515,0.017697964794933796
e1-v2,N20_i03_Amargin_s42,20,4,3,84d0445ead7c,Amargin,0.46150782356013154,0.13180414304993487,3.501466743615838,0.46150782356013154,20.99999999997685,42,lightning_gpu,single,2,100,adam_0.03,0.03,0.1266548818014097,2.5177106787318015,4845,2023-08-06,2026-08-05,ok,,1000,160,746,131218,4,True,-7.192122074255301,0.19200310270680382,-7.192122074255302,True,0.16,131218,0.19200310270680382,0.025955413168565786,0.009004269841651093,10,1,False,False,True,1.108439938638318,0.2069661576118164,0.1858162543879816,0,0,1.2156907805941704,2.882567229216489,7.257470295160695,0.9999984776019603,0.15671633730471513,1.5247064766299445e-05,4.5027548367215786e-05,0.0005408099364103691,1.0946732455263306,5.631015066311855,0.00045018425802134665,0.0001524601868040376,0.0044927335560529524,0.0015235563082979242,0.04402982310867487,0.015131531263267939,0.36255394260269047,0.14141690296135456,0.9999985155578954,0.04494345912850628,3.988522803410888e-05,0.00011493960118968971,0.0011343890417685465,4.362211047538386,31.946520249705742,0.0011488016940414125,0.00039878070054100156,0.011428809970284948,0.003980658437962914,0.1085859057690054,0.03910104716139462,0.6831928571808881,0.328915510882389,3.7387503006496092,-5.644815921783447,-5.6450581550598145,-5.644815921783447,99,-5.637709617614746,-5.644815921783447,100,100,2.4314546363447995 1.3787772821439981 2.6973649175810768 2.1908462769412909,1.2925120774030416 0.87987225189890317 2.5338906433950887 2.0289156957291263,61.68088800366968,0.06998973898589611,0.24390883930027485,61.750877742655575,0.01921698823571205
e1-v2,N20_i03_Amargin_s43,20,4,3,84d0445ead7c,Amargin,0.46150782356013154,0.13180414304993487,3.501466743615838,0.46150782356013154,20.99999999997685,43,lightning_gpu,single,2,100,adam_0.03,0.03,0.1266548818014097,2.5177106787318015,4845,2023-08-06,2026-08-05,ok,,1000,9,998,706,4,True,-6.913774824213944,0.4703503527481604,-6.913774824213945,True,0.009,706,0.4703503527481604,0.13651110663750843,0.047357475396892494,740,1,False,False,False,0.7955594279468615,0.1683503853948621,0.21035560577385312,0,0,1.2156907805941704,2.882567229216489,7.257470295160695,0.9999998070135596,0.010468764558254406,2.2787794478063006e-06,6.850439149275189e-06,0.00010375450870014902,4.457720964401586,28.4946565474984,6.850227974808387e-05,2.2787560801873497e-05,0.0006848116707455221,0.000227852242156934,0.006827051683701013,0.0022761875915304763,0.0662108597424067,0.022530139105325864,1.0000000156014341,0.16833681564457947,7.001665653660893e-05,0.00021055949036963284,0.002926001772721065,4.520502871331946,34.71146566929065,0.0021036009350554608,0.0006999460016017256,0.020837991135156053,0.006977454517897774,0.18988710228361472,0.06762399593444068,0.8782537856714527,0.5035095737555118,3.7387503006496092,-1.9233015775680542,-1.9233043193817139,-1.9233053922653198,98,-1.9227418899536133,-1.9233053922653198,100,100,2.0492585716432195 0.13752423515278736 0.062924802978478217 2.6364640840167701,2.2344688011787466 -0.029680552278741563 0.13960091008060185 2.7349489828149549,61.895632033236325,0.07002522516995668,0.24504392221570015,61.96565725840628,0.01780455932021141
e1-v2,N20_i03_Amargin_s44,20,4,3,84d0445ead7c,Amargin,0.46150782356013154,0.13180414304993487,3.501466743615838,0.46150782356013154,20.99999999997685,44,lightning_gpu,single,2,100,adam_0.03,0.03,0.1266548818014097,2.5177106787318015,4845,2023-08-06,2026-08-05,ok,,1000,250,897,540682,4,True,-7.203386420064019,0.1807387568980855,-7.20338642006402,True,0.25,540682,0.1807387568980855,0.021481370180277595,0.007452166236593361,7,1,False,False,True,1.2022106007968782,0.23204740809520807,0.19218546895365893,0,0,1.2156907805941704,2.882567229216489,7.257470295160695,1.0000004865035426,0.24305738192560966,4.302332308725454e-05,0.00012910016084788367,0.0020095168765692506,0.961107307315553,3.381396432548663,0.0012902518583047806,0.00043014994514334326,0.012827862011943858,0.004293182691183506,0.12112139355376783,0.04211183767773263,0.7250277099671604,0.3496486256121165,1.0000019983131665,0.08779508732550312,2.6376452296972275e-05,7.883877515268978e-05,0.0011261057679803343,3.370588624937243,23.3287101508636,0.0007881081104609278,0.0002637332178960783,0.007853189616586542,0.00263420439476747,0.07581395766789611,0.026031970852008812,0.5454370317346433,0.23184827105494732,3.7387503006496092,-5.958467483520508,-5.95849084854126,-5.959088325500488,92,-5.8231635093688965,-5.959088325500488,100,100,0.38505090477492371 0.8108861395016167 1.274766337564649 3.0447811714676671,0.88831727858370879 0.93068841918639111 1.085208226777308 3.2711761458262054,61.85009403619915,0.06938379351049662,0.33362986240535975,61.91947782970965,0.019136693328619003
e1-v2,N20_i03_Amargin_s45,20,4,3,84d0445ead7c,Amargin,0.46150782356013154,0.13180414304993487,3.501466743615838,0.46150782356013154,20.99999999997685,45,lightning_gpu,single,2,100,adam_0.03,0.03,0.1266548818014097,2.5177106787318015,4845,2023-08-06,2026-08-05,ok,,1000,43,974,147474,4,True,-7.225968833229915,0.15815634373218912,-7.225968833229916,True,0.043,147474,0.15815634373218912,0.012511946744670058,0.004340556784887523,4,1,False,False,True,1.1181156020111636,0.20139962208491488,0.179229787800523,0,0,1.2156907805941704,2.882567229216489,7.257470295160695,1.0000007935707391,0.05191058826380868,4.489493676373968e-06,1.3717271485802485e-05,0.00022382337124327023,4.180188010528004,28.372944526721707,0.0001371642478086299,4.489402977470025e-05,0.0013707961562955395,0.0004488496122780905,0.013623711228701874,0.004479440996762785,0.12818118330727524,0.043902169054829576,1.0000005734755661,0.059282507821706076,5.083324504084885e-05,0.00014868130529066548,0.0016950682111200877,7.33105475267894,71.31231555862932,0.0014858186713417876,0.0005082161853234846,0.014759234742549476,0.0050705548248125565,0.13816579073129365,0.04956408058820161,0.7739329391988179,0.398510001281685,3.7387503006496092,-2.0118019580841064,-2.012563705444336,-2.0118019580841064,99,-1.3094205856323242,-2.0118019580841064,100,100,1.8005430614133757 1.660303899153966 2.3990779832738145 2.5500080338093531,2.1553556132392298 3.4589630485197924 2.7794461765842193 2.9770218400256403,61.78978051804006,0.06959643494337797,0.24653238616883755,61.85937695298344,0.017758531495928764
e1-v2,N20_i03_Amargin_s46,20,4,3,84d0445ead7c,Amargin,0.46150782356013154,0.13180414304993487,3.501466743615838,0.46150782356013154,20.99999999997685,46,lightning_gpu,single,2,100,adam_0.03,0.03,0.1266548818014097,2.5177106787318015,4845,2023-08-06,2026-08-05,ok,,1000,285,906,131210,4,True,-7.211218571207068,0.1729066057550367,-7.211218571207068,True,0.285,131210,0.1729066057550367,0.01837054763453777,0.006372981503550594,5,1,False,False,True,1.1183827894841978,0.20518804444152536,0.18257438004361426,0,0,1.2156907805941704,2.882567229216489,7.257470295160695,0.9999988327228839,0.2808731614386488,5.432299440144561e-05,0.00016303383745253086,0.0024628451465105172,1.1748435472407612,4.860895318921393,0.00162914279294335,0.0005430971688019648,0.016172510542398322,0.005417717938374533,0.15044885095132698,0.05287525687744987,0.8041627435962654,0.41913952628834117,1.000000303294823,0.037649533080715614,2.027113441727124e-05,6.0384118114598095e-05,0.0007073094643601507,6.8046977332159555,54.822971211870374,0.0006036771266867413,0.00020269285382212843,0.006020398465182986,0.002025080739484375,0.05859886212325627,0.020067257602677024,0.45330237267686957,0.18348777871887367,3.7387503006496092,-5.69178581237793,-5.718685150146484,-5.69178581237793,99,-1.9196144342422485,-5.69178581237793,100,100,2.8450397427097829 0.24261512621431053 0.85630314278475539 1.9536009066557216,1.2809092998420006 0.60069285755739499 1.1063994918838234 2.3733721549654714,62.032997648231685,0.06971973460167646,0.24360152706503868,62.10271738283336,0.019139898009598255
e1-v2,N20_i04_Aheur_s42,20,4,4,2a3da2453277,Aheur,20.99999999997685,0.19916549822251484,105.43994912469678,0.5382829068036402,20.99999999997685,42,lightning_gpu,single,2,100,adam_0.03,0.03,0.11417004661385732,1.9778014331505505,4845,2023-08-06,2026-08-05,ok,,1000,34,969,532624,4,True,-335.532878809275,0.4671211903545853,-335.53287880927496,True,0.034,532624,0.4671211903545853,0.17845630902314213,0.0010508068881324925,478,1,False,False,False,1.1184793943030675,0.26460909156844825,0.2356852463363484,0,0,1.2916578914107686,169.82788278091417,335.88582995301573,0.9999982133666201,0.035300420657222276,7.262345661729341e-06,1.4526489394484088e-05,0.0001668071072344901,4.438624393683249,35.51447159530076,0.0001452553984624405,7.262108328831562e-05,0.0014516048914172686,0.0007259735568583281,0.014421592980223497,0.007236064731910186,0.13520772815760873,0.07004931426009597,0.9999968879661874,0.00015129880052118364,8.524085437500162e-09,8.57437677803663e-09,7.256205083322476e-08,5.266024325616565,45.72497049994915,8.574376431091935e-08,8.524085115535485e-08,8.574373124847767e-07,8.524081840377562e-07,8.574340041089812e-06,8.524049143865398e-06,8.57400921173701e-05,8.523722183984006e-05,126.84729966253549,-0.9162994623184204,-0.9162948131561279,-0.9163214564323425,94,-0.9104431867599487,-0.9163214564323425,100,100,2.4314546363447995 1.3787772821439981 2.6973649175810768 2.1908462769412909,2.5590323896328044 1.6849322997797391 2.8739769864844908 2.0179111350804608,61.49480625707656,0.069628837518394,0.33785049710422754,61.564435094594955,0.018995072692632675
e1-v2,N20_i04_Aheur_s43,20,4,4,2a3da2453277,Aheur,20.99999999997685,0.19916549822251484,105.43994912469678,0.5382829068036402,20.99999999997685,43,lightning_gpu,single,2,100,adam_0.03,0.03,0.11417004661385732,1.9778014331505505,4845,2023-08-06,2026-08-05,ok,,1000,4,999,262420,4,True,-335.2397585525608,0.7602414470688433,-335.2397585525607,True,0.004,262420,0.7602414470688433,0.326661407776322,0.0019234851334614489,2250,1,False,False,False,0.7622227602597694,0.19048652795924892,0.2485973101809121,0,0,1.2916578914107686,169.82788278091417,335.88582995301573,0.9999990620554513,0.004029760162097773,8.276250014205289e-07,1.6559541222704866e-06,1.9044424959702155e-05,4.467938719522599,30.38757927037824,1.6559417824968392e-05,8.276219190972434e-06,0.000165581839150164,8.275910966615285e-05,0.0016545851555764823,0.0008272829565100226,0.016423199204734007,0.008242099540583858,0.9999997791339599,0.10962430626204878,2.2887872546561994e-05,4.5739603592664935e-05,0.0005258655437501147,4.78835588490155,43.27910111569123,0.00045730190239867685,0.0002288551534423977,0.0045636198644533055,0.002286196111537575,0.0447103152489251,0.022628188133852034,0.36707699341460553,0.20457709101314214,126.84729966253549,-1.7648425102233887,-1.7648420333862305,-1.7648425102233887,99,-1.764047622680664,-1.7648425102233887,100,100,2.0492585716432195 0.13752423515278736 0.062924802978478217 2.6364640840167701,1.9611525470336968 -0.021568281735960107 0.11910343221410756 2.7962665252990804,61.43034684099257,0.06951529998332262,0.24430318549275398,61.49986214097589,0.020494009368121624
e1-v2,N20_i04_Aheur_s44,20,4,4,2a3da2453277,Aheur,20.99999999997685,0.19916549822251484,105.43994912469678,0.5382829068036402,20.99999999997685,44,lightning_gpu,single,2,100,adam_0.03,0.03,0.11417004661385732,1.9778014331505505,4845,2023-08-06,2026-08-05,ok,,1000,234,944,528394,4,True,-335.7650476869969,0.2349523126326818,-335.7650476869968,True,0.234,528394,0.2349523126326818,0.061068954645474016,0.00035959321664661976,33,1,False,False,False,1.2264557152114124,0.2530090592297379,0.20547750408280938,0,0,1.2916578914107686,169.82788278091417,335.88582995301573,0.9999991694642036,0.2630234448115516,5.39731299795676e-05,0.00010804906924022362,0.0012430037568265107,1.1705518757535034,3.771913606203273,0.001079965486683876,0.0005396002292171742,0.010747321087130945,0.005382918549792892,0.10242168822032083,0.05254381570349731,0.6605908847584703,0.41710363255325855,1.0000022374708806,0.08712248186930083,1.8120055756298825e-05,3.616255162341986e-05,0.00041563119884813204,2.9462154578189277,22.112609508173648,0.00036156667405240484,0.0001811857831379715,0.0036097895383799816,0.0018103812719552081,0.03551712827600029,0.017957035871593807,0.303461391433662,0.16573334646376026,126.84729966253549,-6.197134017944336,-6.197138786315918,-6.197208404541016,88,-6.181132793426514,-6.197208404541016,100,100,0.38505090477492371 0.8108861395016167 1.274766337564649 3.0447811714676671,0.81363410466077801 0.70286015105936384 1.1173145907837727 3.2646959045933057,61.84572822973132,0.06456166878342628,0.24594678916037083,61.91028989851475,0.02422121074050665
e1-v2,N20_i04_Aheur_s45,20,4,4,2a3da2453277,Aheur,20.99999999997685,0.19916549822251484,105.43994912469678,0.5382829068036402,20.99999999997685,45,lightning_gpu,single,2,100,adam_0.03,0.03,0.11417004661385732,1.9778014331505505,4845,2023-08-06,2026-08-05,ok,,1000,49,969,786450,4,True,-335.7611055956106,0.23889440401900397,-335.7611055956106,True,0.049,786450,0.23889440401900397,0.06306212308000315,0.00037132961942036466,36,1,False,False,False,1.2836145274411677,0.27253697925638504,0.21154090535083203,0,0,1.2916578914107686,169.82788278091417,335.88582995301573,1.0000000797006106,0.04717599484138191,9.385634257341735e-06,1.8793981325870845e-05,0.00021635864231939195,3.852028167978842,27.788247267278642,0.0001879239194372273,9.385237861680995e-05,0.0018776507975262202,0.0009381275132488431,0.018618648982906105,0.009341770300251406,0.1713368831430675,0.08958686048139519,1.0000019971356515,0.03329631394490207,6.249566467886325e-06,1.274919532079366e-05,0.0001473156576139445,6.065066694790375,57.46626773039493,0.00012748463906742113,6.249390713952696e-05,0.0012741152842558057,0.0006247633537008745,0.012668348854119715,0.006230097952480973,0.11970021603393377,0.06058304797559111,126.84729966253549,-2.1979706287384033,-2.2000315189361572,-2.210158586502075,79,-1.2449228763580322,-2.210158586502075,100,100,1.8005430614133757 1.660303899153966 2.3990779832738145 2.5500080338093531,1.9211501290097532 3.165169860436996 2.8060313349364336 2.9616480786131034,62.17188622429967,0.06978966016322374,0.24322023522108793,62.24167588446289,0.021462413482367992
e1-v2,N20_i04_Aheur_s46,20,4,4,2a3da2453277,Aheur,20.99999999997685,0.19916549822251484,105.43994912469678,0.5382829068036402,20.99999999997685,46,lightning_gpu,single,2,100,adam_0.03,0.03,0.11417004661385732,1.9778014331505505,4845,2023-08-06,2026-08-05,ok,,1000,313,913,524372,4,True,-335.7664593535125,0.23354064611710046,-335.76645935351246,True,0.313,524372,0.23354064611710046,0.06035519921385184,0.00035539040012477123,32,1,False,False,False,1.281658544374551,0.2705773730406275,0.21033478395931202,0,0,1.2916578914107686,169.82788278091417,335.88582995301573,1.000000065151651,0.3283773790826672,7.25219288142398e-05,0.00014355753955896944,0.0016453599673695862,0.7616360773869906,1.628933852225506,0.0014346483560033763,0.0007249826595503439,0.014254217294136118,0.007226220270084682,0.13373797329203196,0.0699570942244141,0.7620461303955052,0.5157943600474347,0.999998993863894,0.09269597525781137,1.8761707906378433e-05,3.763282984436955e-05,0.00043313011883583385,6.859345418997863,68.40173225799988,0.000376264574494134,0.00018760123978045495,0.0037562812567439874,0.0018744294497100578,0.03693419672560461,0.018586975345014523,0.31362790088070447,0.1710693970352377,126.84729966253549,-6.550167560577393,-6.55514669418335,-6.550167560577393,99,-1.3695937395095825,-6.550167560577393,100,100,2.8450397427097829 0.24261512621431053 0.85630314278475539 1.9536009066557216,1.9722771753210722 -1.6272605578941699 1.578913199616707 2.070651403204955,61.86547201406211,0.06963061261922121,0.2498785462230444,61.93510262668133,0.020753145217895508
e1-v2,N20_i04_Amargin_s42,20,4,4,2a3da2453277,Amargin,0.5382829068036402,0.19916549822251484,2.70269153848249,0.5382829068036402,20.99999999997685,42,lightning_gpu,single,2,100,adam_0.03,0.03,0.11417004661385732,1.9778014331505505,4845,2023-08-06,2026-08-05,ok,,1000,383,816,530436,4,True,-8.3513480446476,0.2611784642106447,-8.351348044647597,True,0.383,530436,0.2611784642106447,0.07432920976430353,0.01729845273611446,54,1,False,False,False,1.4234482234523633,0.32666282140580827,0.22878445175614553,0,0,1.2916578914107686,4.296870413682975,8.498356462244386,0.9999984148624792,0.39051566706984886,1.684498965914827e-05,3.766419104067609e-05,0.00043499181447259616,1.1068227367636303,5.622702158266659,0.0003765780802100771,0.00016843712824954338,0.0037594057089589406,0.0016830951577980757,0.03696440028482384,0.01670404562372685,0.3138431297342126,0.15502760041868702,0.9999978709341868,0.008009691130655083,3.482676675048424e-06,4.590603566612117e-06,6.438869867508856e-05,4.341724896751483,36.86958973075402,4.590508736390664e-05,3.482622094885812e-05,0.00045895605777901416,0.0003482076356023933,0.004580093339620506,0.003476625234212216,0.0448683943519923,0.03422735285839351,4.076997103496206,-5.741919040679932,-5.741969585418701,-5.741919040679932,99,-5.741787910461426,-5.741919040679932,100,100,2.4314546363447995 1.3787772821439981 2.6973649175810768 2.1908462769412909,1.3339989725757588 0.95490979004030341 2.6275877416938047 1.9962513001145146,61.62518536392599,0.06953011266887188,0.24803705792874098,61.694715476594865,0.020531180314719677
e1-v2,N20_i04_Amargin_s43,20,4,4,2a3da2453277,Amargin,0.5382829068036402,0.19916549822251484,2.70269153848249,0.5382829068036402,20.99999999997685,43,lightning_gpu,single,2,100,adam_0.03,0.03,0.11417004661385732,1.9778014331505505,4845,2023-08-06,2026-08-05,ok,,1000,7,999,528904,4,True,-8.156953832427165,0.45557267643107835,-8.156953832427165,True,0.007,528904,0.45557267643107835,0.17261724260831468,0.040172782976799,435,1,False,False,False,1.6474349555095487,0.4627150252180727,0.28026297710507486,0,0,1.2916578914107686,4.296870413682975,8.498356462244386,0.999999096039272,0.008983360195998102,1.8629456235430553e-06,3.7583632774840225e-06,4.301579849652626e-05,4.225896163976062,28.686513976534346,3.758299714295976e-05,1.8629300060690746e-05,0.00037576641612402373,0.00018627738409604522,0.003751316506082736,0.0018612131494782913,0.03688620155413658,0.018457017527563124,1.0000011250285854,0.16783863231466967,6.0656602727249265e-05,0.00011421294038882479,0.0012963633926119655,4.266079567474385,35.69777604435016,0.0011415425758271036,0.0006064004889945185,0.011356963534754572,0.0060474841500658405,0.10793784040314758,0.05885536002355274,0.6808820935635072,0.4547901017899393,4.076997103496206,-1.9318441152572632,-1.9318441152572632,-1.9318441152572632,99,-1.931677222251892,-1.9318441152572632,100,100,2.0492585716432195 0.13752423515278736 0.062924802978478217 2.6364640840167701,2.1604051033660703 -0.025423574855330353 0.14103657237859957 2.7439782994481536,61.848013177514076,0.06987551972270012,0.2457833830267191,61.917888697236776,0.01888604834675789
e1-v2,N20_i04_Amargin_s44,20,4,4,2a3da2453277,Amargin,0.5382829068036402,0.19916549822251484,2.70269153848249,0.5382829068036402,20.99999999997685,44,lightning_gpu,single,2,100,adam_0.03,0.03,0.11417004661385732,1.9778014331505505,4845,2023-08-06,2026-08-05,ok,,1000,284,904,534530,4,True,-8.427601823011894,0.18492468584634958,-8.427601823011893,True,0.284,534530,0.18492468584634958,0.03577438970695013,0.008325685036493068,18,1,False,False,True,1.2828895158266378,0.25856726316331585,0.2007711965728793,0,0,1.2916578914107686,4.296870413682975,8.498356462244386,0.9999999753032525,0.25632914892048575,4.615039506461471e-05,9.397139365319163e-05,0.0010932632358162664,0.98373411211176,3.4080597859631783,0.0009393166580675683,0.00046140811878703225,0.009353561659962484,0.0046045125809272,0.08969521706217376,0.04510267753668884,0.6092776573735963,0.3696717731508159,1.0000007458625646,0.08797406540634256,2.315761048521381e-05,4.336604615673423e-05,0.0004900248040939914,3.114740212370428,22.98631723373714,0.00043357584372505364,0.0002315519739707339,0.0043273087501282115,0.0023131084946508285,0.042440085975178454,0.022891792906883368,0.3518738106316247,0.2067198065450362,4.076997103496206,-6.064518451690674,-6.06456184387207,-6.064619064331055,81,-6.029416561126709,-6.064619064331055,100,100,0.38505090477492371 0.8108861395016167 1.274766337564649 3.0447811714676671,0.87083950328604665 0.88568730805584373 1.097737389013391 3.2617752509857154,61.68899061344564,0.07026538997888565,0.359528292901814,61.759256003424525,0.020581468008458614
e1-v2,N20_i04_Amargin_s45,20,4,4,2a3da2453277,Amargin,0.5382829068036402,0.19916549822251484,2.70269153848249,0.5382829068036402,20.99999999997685,45,lightning_gpu,single,2,100,adam_0.03,0.03,0.11417004661385732,1.9778014331505505,4845,2023-08-06,2026-08-05,ok,,1000,56,965,10274,4,True,-8.165659644296452,0.4468668645617916,-8.16565964429645,True,0.056,10274,0.4468668645617916,0.16821548026586416,0.03914837173823022,410,1,False,False,False,1.0545066743355966,0.24066174891096895,0.22727380939714814,0,0,1.2916578914107686,4.296870413682975,8.498356462244386,0.9999995710142979,0.05127606780024507,3.1075171591510298e-06,6.926286687303218e-06,8.702532272764074e-05,3.8186620418843447,27.934487722916106,6.926070810775453e-05,3.107473704533348e-05,0.0006923912538866484,0.00031070392028575977,0.006902379068814746,0.003102698638555612,0.06691885216122273,0.030597348012731507,1.0000004326516354,0.04648347501506578,2.825529736583121e-05,4.3494681449374184e-05,0.00046555294466088526,6.6572678047079545,68.46927182898101,0.0004348616939378047,0.00028251705008286443,0.004340117088819873,0.0028215814906511483,0.04256325940201133,0.027860237768531415,0.3527070298171392,0.24614630294879103,4.076997103496206,-2.1307594776153564,-2.1310226917266846,-2.1307594776153564,99,-1.3127925395965576,-2.1307594776153564,100,100,1.8005430614133757 1.660303899153966 2.3990779832738145 2.5500080338093531,2.0848682413617379 3.3395056648502881 2.7823289848714641 2.9710670637110117,61.62756893970072,0.06936796940863132,0.24611196760088205,61.696936909109354,0.018949752673506737
e1-v2,N20_i04_Amargin_s46,20,4,4,2a3da2453277,Amargin,0.5382829068036402,0.19916549822251484,2.70269153848249,0.5382829068036402,20.99999999997685,46,lightning_gpu,single,2,100,adam_0.03,0.03,0.11417004661385732,1.9778014331505505,4845,2023-08-06,2026-08-05,ok,,1000,343,936,589842,4,True,-8.435032332723257,0.17749417613498686,-8.435032332723255,True,0.343,589842,0.17749417613498686,0.03201743535004775,0.007451338362006747,14,1,False,False,True,1.2518637787898217,0.24666161067594575,0.19623669510865402,0,0,1.2916578914107686,4.296870413682975,8.498356462244386,1.000000842317069,0.3289752354576194,4.042252476210706e-05,8.432046888628975e-05,0.0009792942400963511,1.167856119159981,3.901410477001895,0.0008428848134276468,0.0004041517264236072,0.00839694942178315,0.004034174942457391,0.08086661348943291,0.03961721707029475,0.5696860586700008,0.33251170052901424,1.000000520685286,0.04769323786734958,1.5964593330863863e-05,2.7793582376034465e-05,0.00030546856760338414,6.428591415133587,60.06116900989673,0.00027790106459169017,0.00015963446472611054,0.0027755379150307125,0.001595198392978614,0.027411270046475367,0.015837960074598145,0.24265750169554057,0.14755552819918116,4.076997103496206,-5.955000400543213,-5.954277038574219,-5.965449333190918,94,-2.7750377655029297,-5.965449333190918,100,100,2.8450397427097829 0.24261512621431053 0.85630314278475539 1.9536009066557216,1.3719845437910272 0.48429033781600872 0.97929445897851775 2.4934406547439449,61.97232468612492,0.06934112031012774,0.24378928914666176,62.04166580643505,0.020438378676772118
e1-v2,N20_i05_Aheur_s42,20,4,5,6888b64628f1,Aheur,20.99999999996259,0.2761401780301649,76.04833222664396,0.7873179710593624,20.99999999996259,42,lightning_gpu,single,2,100,adam_0.03,0.03,0.054337513543296634,2.5278735897205458,4845,2023-08-06,2026-08-05,ok,,1000,35,962,18450,4,True,-335.4098748001676,0.5901251992338772,-335.4098748001676,True,0.035,18450,0.5901251992338772,0.21195192982328337,0.0015948641269125923,446,1,False,False,False,1.1826616214284682,0.2819864637611867,0.23758821514965497,0,0,1.4411374742880414,132.89654350279304,335.9456624858581,0.9999995234612129,0.03627413235471977,7.5056241257698275e-06,1.5007302863523364e-05,9.74102076725103e-05,6.213661812039858,35.546996265747865,0.00015006289417951457,7.505370626070818e-05,0.001499615997949233,0.000750283625687409,0.014895365442043729,0.007477555224490007,0.13935584678661417,0.07230895097061152,0.999999601319213,0.00015490344229627747,1.6661267920881073e-08,2.8091566406374113e-08,1.9063119954115804e-07,7.373363025178322,45.652556165196714,2.8091562853660434e-07,1.6661266666329055e-07,2.8091527344287215e-06,1.6661254179650697e-06,2.809117223656621e-05,1.6661129261574814e-05,0.0002808762148975852,0.00016659880147495976,127.01058670503711,-0.9130064845085144,-0.9129969477653503,-0.9130297899246216,97,-0.9073621034622192,-0.9130297899246216,100,100,2.4314546363447995 1.3787772821439981 2.6973649175810768 2.1908462769412909,2.5570874123923408 1.6838135183480287 2.8737523532069966 2.0181209537550822,61.75974660087377,0.06946987751871347,0.3471476659178734,61.82921647839248,0.01794418040663004
e1-v2,N20_i05_Aheur_s43,20,4,5,6888b64628f1,Aheur,20.99999999996259,0.2761401780301649,76.04833222664396,0.7873179710593624,20.99999999996259,43,lightning_gpu,single,2,100,adam_0.03,0.03,0.054337513543296634,2.5278735897205458,4845,2023-08-06,2026-08-05,ok,,1000,2,999,557313,4,True,-335.6417584209979,0.3582415784035142,-335.6417584209979,True,0.002,557313,0.3582415784035142,0.12022122708035173,0.0009046226779993346,82,1,False,False,False,1.468537812920373,0.3537755960236846,0.24022234423923056,0,0,1.4411374742880414,132.89654350279304,335.9456624858581,1.000001537507238,0.004066913213137013,8.346005984094518e-07,1.669450909957959e-06,1.0852094135316293e-05,6.239725511381648,30.3671448246018,1.669438368212539e-05,8.345974639056841e-06,0.00016693129576972332,8.345661197206589e-05,0.0016680595431526335,0.0008342527641898023,0.01655594173980135,0.008311278219479967,0.9999993862978442,0.10941116140020313,2.290903103130404e-05,4.580383756547235e-05,0.00029763183192699216,6.709231110260466,43.26653665434277,0.00045794397756626637,0.00022906669468913954,0.004570014219934526,0.0022883071688738488,0.044771678138431525,0.02264886809518074,0.3674834330598483,0.2047453764974948,127.01058670503711,-1.7692328691482544,-1.7692418098449707,-1.7692328691482544,99,-1.7684739828109741,-1.7692328691482544,100,100,2.0492585716432195 0.13752423515278736 0.062924802978478217 2.6364640840167701,1.960756637703313 -0.021583162519498839 0.11880329697616974 2.7962392961155191,61.793645933270454,0.06950633600354195,0.24324988387525082,61.863152269273996,0.01950761303305626
e1-v2,N20_i05_Aheur_s44,20,4,5,6888b64628f1,Aheur,20.99999999996259,0.2761401780301649,76.04833222664396,0.7873179710593624,20.99999999996259,44,lightning_gpu,single,2,100,adam_0.03,0.03,0.054337513543296634,2.5278735897205458,4845,2023-08-06,2026-08-05,ok,,1000,249,944,557344,4,True,-335.79560334794905,0.20439665145241226,-335.79560334794905,True,0.249,557344,0.20439665145241226,0.05936180452983194,0.00044667681314513913,21,1,False,False,False,1.3932493866725226,0.29701796769375377,0.2124658876762395,0,0,1.4411374742880414,132.89654350279304,335.9456624858581,1.0000007845945695,0.26316276749639655,5.396801498136483e-05,0.00010796363494591787,0.0007019665208645165,1.606259298416414,3.765985126301367,0.0010791119738522426,0.0005395491040751654,0.010738868527642609,0.005382409775745445,0.1023449926908978,0.0525389691928535,0.6603007577241484,0.4170738150426955,1.0000008403175684,0.08713735323726723,1.8102315152646042e-05,3.618648224801291e-05,0.00023513832456956152,4.109967943670471,22.102295677726318,0.0003618059023985376,0.00018100840601664725,0.0036121740457927265,0.0018086103896720607,0.035540209512307186,0.01793961336651262,0.3036280635588716,0.16558532671312542,127.01058670503711,-6.20393705368042,-6.2039594650268555,-6.204015731811523,88,-6.187906265258789,-6.204015731811523,100,100,0.38505090477492371 0.8108861395016167 1.274766337564649 3.0447811714676671,0.81327604908792372 0.70338299829110429 1.1170977245845455 3.2646256239209519,62.06656192056835,0.06952401995658875,0.24638397619128227,62.136085940524936,0.017962859012186527
e1-v2,N20_i05_Aheur_s45,20,4,5,6888b64628f1,Aheur,20.99999999996259,0.2761401780301649,76.04833222664396,0.7873179710593624,20.99999999996259,45,lightning_gpu,single,2,100,adam_0.03,0.03,0.054337513543296634,2.5278735897205458,4845,2023-08-06,2026-08-05,ok,,1000,44,973,622848,4,True,-335.7521792375115,0.2478207618899546,-335.7521792375114,True,0.044,622848,0.2478207618899546,0.07653992238118497,0.0005759361407287191,32,1,False,False,False,1.3267599831782684,0.2811977036334579,0.2111894443501689,0,0,1.4411374742880414,132.89654350279304,335.9456624858581,1.0000006258377052,0.04733394547292846,9.294079063693061e-06,1.860207885329146e-05,0.00012110593706893269,5.381098601362952,27.784790395569402,0.00018600521762512923,9.293690363754159e-05,0.00185849604090349,0.000928980455623396,0.018430297881365076,0.009251065394831559,0.16974510152364997,0.08875294048953342,1.0000012595347307,0.03319736144521812,6.241821665753378e-06,1.2546717243822059e-05,8.180598524631932e-05,8.501976085516095,57.4094318759993,0.00012546008877012405,6.241646347149299e-05,0.0012538928140973793,0.000623989352220522,0.012468413070660045,0.006222401323348725,0.11791597365250794,0.06051028871952757,127.01058670503711,-2.200906991958618,-2.2029616832733154,-2.212836503982544,79,-1.2509452104568481,-2.212836503982544,100,100,1.8005430614133757 1.660303899153966 2.3990779832738145 2.5500080338093531,1.9201995670201504 3.163350249402137 2.8058413494186834 2.9615318196548883,62.03580929990858,0.06954296864569187,0.24232072662562132,62.10535226855427,0.019456082955002785
e1-v2,N20_i05_Aheur_s46,20,4,5,6888b64628f1,Aheur,20.99999999996259,0.2761401780301649,76.04833222664396,0.7873179710593624,20.99999999996259,46,lightning_gpu,single,2,100,adam_0.03,0.03,0.054337513543296634,2.5278735897205458,4845,2023-08-06,2026-08-05,ok,,1000,303,918,622848,4,True,-335.7521792375115,0.2478207618899546,-335.7521792375114,True,0.303,622848,0.2478207618899546,0.07653992238118497,0.0005759361407287191,32,1,False,False,False,1.3267599831782684,0.2811977036334579,0.2111894443501689,0,0,1.4411374742880414,132.89654350279304,335.9456624858581,1.0000005321776784,0.32630459915526444,7.259594713104889e-05,0.00014477741933660582,0.0009385595330968499,1.041781858712842,1.630141868470262,0.0014468313348749984,0.0007257223594965279,0.014374476430980554,0.0072335691205267505,0.1347942167204984,0.07002593688216974,0.7649316617358208,0.5161526542914283,0.9999999042782548,0.0928820641074708,1.8771184841170907e-05,3.7571626307908446e-05,0.00024437683350697625,9.642119967231224,68.42747720077048,0.0003756527462234205,0.00018769599312329355,0.0037501836449240766,0.0018753753841083132,0.036875249672193244,0.018596276262726752,0.31320767249703974,0.17114795199979294,127.01058670503711,-6.557775497436523,-6.561542510986328,-6.557775497436523,99,-1.3865301609039307,-6.557775497436523,100,100,2.8450397427097829 0.24261512621431053 0.85630314278475539 1.9536009066557216,1.9657864262010238 -1.6291599707661288 1.5781475997971717 2.0703851164769556,61.823211340233684,0.06921328324824572,0.2562899850308895,61.89242462348193,0.017929079942405224
e1-v2,N20_i05_Amargin_s42,20,4,5,6888b64628f1,Amargin,0.7873179710593624,0.2761401780301649,2.85115326815411,0.7873179710593624,20.99999999996259,42,lightning_gpu,single,2,100,adam_0.03,0.03,0.054337513543296634,2.5278735897205458,4845,2023-08-06,2026-08-05,ok,,1000,397,823,557316,4,True,-12.459958273319149,0.1371292636306487,-12.459958273319147,True,0.397,557316,0.1371292636306487,0.03275153885226698,0.0066007653770386275,7,1,False,False,True,1.6111241035350814,0.3683661428781237,0.22801852574364673,0,0,1.4411374742880414,4.961778972813705,12.542750023406501,1.0000009206563243,0.40093424540464184,2.3818058252800256e-05,4.858350621361751e-05,0.0003287819381512236,1.5252074440016261,5.658335333257766,0.0004857288598275611,0.00023815505565394357,0.004846685374863768,0.0023789998744063734,0.047423334427574404,0.023536923932555687,0.38482399449333016,0.21194186705503582,0.9999986065634332,0.02241609100877895,5.767046786786523e-06,1.2655958016694058e-05,8.4887171851733e-05,6.464098557921632,39.56417907608706,0.0001265523726129425,5.766897124359627e-05,0.001264803271655457,0.0005765400784873975,0.012576287251574003,0.005750465827817575,0.11887905506182095,0.05603919531802837,5.734494531617721,-5.922248363494873,-5.9223175048828125,-5.922248363494873,99,-5.919918537139893,-5.922248363494873,100,100,2.4314546363447995 1.3787772821439981 2.6973649175810768 2.1908462769412909,1.2906423758333572 0.92571118598915969 2.62926269299202 1.9942599925091746,61.91494665667415,0.06951348762959242,0.24309190828353167,61.98446014430374,0.01940552517771721
e1-v2,N20_i05_Amargin_s43,20,4,5,6888b64628f1,Amargin,0.7873179710593624,0.2761401780301649,2.85115326815411,0.7873179710593624,20.99999999996259,43,lightning_gpu,single,2,100,adam_0.03,0.03,0.054337513543296634,2.5278735897205458,4845,2023-08-06,2026-08-05,ok,,1000,8,998,40996,4,True,-11.903457883490713,0.6936296534590863,-11.903457883490713,True,0.008,40996,0.6936296534590863,0.2528971949054078,0.050969056923145434,713,1,False,False,False,0.7584176265234712,0.16091212463473395,0.21084969420839939,0,0,1.4411374742880414,4.961778972813705,12.542750023406501,0.9999999918556922,0.008832935100713257,1.8332464151171735e-06,3.6720922480526497e-06,2.38556132217127e-05,5.91940844396809,28.753730590859437,3.6720315694682704e-05,1.8332312916258253e-05,0.0003671424857168981,0.00018330800658550306,0.0036653650797532356,0.0018315687226180266,0.036054951765020715,0.018165463200067955,1.0000005287419749,0.15356438266280747,4.881928543909453e-05,9.646056787460111e-05,0.0006291047975537367,6.067093186486051,36.791848179020356,0.0009641870775796146,0.00048808561883362245,0.009600143605644651,0.004870149888770325,0.09195852171573382,0.0476479166765047,0.6188842731424847,0.3862728135954976,5.734494531617721,-1.9851431846618652,-1.9851590394973755,-1.9851504564285278,96,-1.9844900369644165,-1.9851504564285278,100,100,2.0492585716432195 0.13752423515278736 0.062924802978478217 2.6364640840167701,2.0877502945798332 -0.025546464896560237 0.12503033845514913 2.7615525896018247,61.89862169139087,0.07051258999854326,0.2455571610480547,61.969134281389415,0.01792964246124029
e1-v2,N20_i05_Amargin_s44,20,4,5,6888b64628f1,Amargin,0.7873179710593624,0.2761401780301649,2.85115326815411,0.7873179710593624,20.99999999996259,44,lightning_gpu,single,2,100,adam_0.03,0.03,0.054337513543296634,2.5278735897205458,4845,2023-08-06,2026-08-05,ok,,1000,234,911,557090,4,True,-12.501895878155889,0.0951916587939099,-12.501895878155885,True,0.234,557090,0.0951916587939099,0.016161466861612194,0.003257192017250905,4,1,False,False,True,1.4673709185501662,0.3017100280738868,0.20493116244323756,0,0,1.4411374742880414,4.961778972813705,12.542750023406501,0.9999999022784063,0.26099166111453087,4.751703454530798e-05,9.551740367896855e-05,0.000625182092335308,1.3660904476830975,3.4102696504655903,0.0009547635804991739,0.00047506875424074835,0.00950671926389024,0.004740544333470709,0.09110160320662941,0.04640684762854419,0.6152723730635579,0.3782278894649317,1.0000024557144798,0.08826201523606869,2.1043058950453997e-05,4.161866854701657e-05,0.00026899908698396757,4.240237513848669,22.492840637253437,0.0004161087490094362,0.00021041066415783405,0.0041533045374386734,0.0021021154898774874,0.04076533327071763,0.020823415461479255,0.34044858301539926,0.18976650189129618,5.734494531617721,-6.258693218231201,-6.258704662322998,-6.258750915527344,75,-6.230670928955078,-6.258750915527344,100,100,0.38505090477492371 0.8108861395016167 1.274766337564649 3.0447811714676671,0.84495730157798499 0.84100895151618071 1.0999272715042969 3.2598797140720039,61.473520109429955,0.06946065928786993,0.33455345034599304,61.542980768717825,0.019398977980017662
e1-v2,N20_i05_Amargin_s45,20,4,5,6888b64628f1,Amargin,0.7873179710593624,0.2761401780301649,2.85115326815411,0.7873179710593624,20.99999999996259,45,lightning_gpu,single,2,100,adam_0.03,0.03,0.054337513543296634,2.5278735897205458,4845,2023-08-06,2026-08-05,ok,,1000,47,975,688130,4,True,-12.318207558776097,0.27887997817370147,-12.318207558776095,True,0.047,688130,0.27887997817370147,0.08882661915670705,0.017902171709663163,45,1,False,False,False,1.3597754350897335,0.29860581077517756,0.21886394112976318,0,0,1.4411374742880414,4.961778972813705,12.542750023406501,0.9999984040900465,0.04597833474122126,3.1512672649114393e-06,6.495384241134161e-06,4.539217934507178e-05,5.4002723263543615,27.806360714449692,6.495194389344316e-05,3.151222578101631e-05,0.0006493296278373695,0.00031507757564830374,0.006474355790761166,0.003146312183350819,0.06288948053425758,0.031021371263081576,1.0000017957106517,0.023565436464878076,1.3754156498180237e-05,2.5592865313228685e-05,0.00016393070109188557,8.812982893697079,63.37542822486143,0.00025589918037982606,0.0001375330523371021,0.0025560470162127036,0.001374479645152027,0.025268463244057182,0.01366009355907416,0.22580533214737597,0.1285026989027913,5.734494531617721,-2.2067782878875732,-2.2057459354400635,-2.2079179286956787,97,-1.4427309036254883,-2.2079179286956787,100,100,1.8005430614133757 1.660303899153966 2.3990779832738145 2.5500080338093531,2.0046253633528361 3.2874703604548601 2.7884789260722855 2.9772617888138559,61.745757712982595,0.06941589526832104,0.2535468926653266,61.815173608250916,0.018017170950770378
e1-v2,N20_i05_Amargin_s46,20,4,5,6888b64628f1,Amargin,0.7873179710593624,0.2761401780301649,2.85115326815411,0.7873179710593624,20.99999999996259,46,lightning_gpu,single,2,100,adam_0.03,0.03,0.054337513543296634,2.5278735897205458,4845,2023-08-06,2026-08-05,ok,,1000,371,934,540706,4,True,-12.362418616123339,0.23466892082645918,-12.362418616123337,True,0.371,540706,0.23466892082645918,0.07133719344846592,0.014377342045934048,29,1,False,False,False,1.4803756025019494,0.3358628670255538,0.2262012873351936,0,0,1.4411374742880414,4.961778972813705,12.542750023406501,0.9999986393338237,0.34361557632291806,5.0217233365401626e-05,0.00010131853196071461,0.000664734274323564,1.613264430446565,3.984301531408482,0.0010127234993732026,0.0005020588691753147,0.010081207012215487,0.005009261024615852,0.09635949128377097,0.04897839099568102,0.6369579641924297,0.394793128435977,0.9999998158759311,0.04739896835394575,1.1445015843492001e-05,2.217975452367682e-05,0.00014299040276455344,9.421047515680383,63.561406417792426,0.00022177540917811545,0.00011444426413742548,0.0022155421052726387,0.0011438534341778883,0.021935832831701862,0.01137983554645372,0.19892444056301006,0.10814419528979469,5.734494531617721,-6.1394476890563965,-6.136782646179199,-6.148258686065674,95,-2.545253276824951,-6.148258686065674,100,100,2.8450397427097829 0.24261512621431053 0.85630314278475539 1.9536009066557216,1.330138834428271 0.45714067094994665 1.0085648110628087 2.4548365428146384,61.66967003699392,0.0692659541964531,0.24409321416169405,61.738935991190374,0.019512894563376904
e1-v2,N20_i06_Aheur_s42,20,4,6,dceca5e3926d,Aheur,20.99999999997685,0.2248979235277998,93.37569538467092,0.5061160634903441,20.99999999997685,42,lightning_gpu,single,2,100,adam_0.03,0.03,0.18065296862243785,1.7981319308067993,4845,2023-08-06,2026-08-05,ok,,1000,44,965,663616,4,True,-335.725934969094,0.2740650305356002,-335.72593496909394,True,0.044,663616,0.2740650305356002,0.05194950398953738,0.00027816164476234705,35,1,False,False,False,1.0633868150827825,0.21191226915260133,0.1983401206043562,0,0,1.393105974742542,186.76012659445362,335.81934703100717,1.0000020279117479,0.03550412943604897,7.276833457581233e-06,7.276833457581233e-06,0.00022614147792410222,4.797835874414478,35.51910535759838,7.276595176830547e-05,7.276595176830547e-05,0.0007274212941436042,0.0007274212941436042,0.007250447693502693,0.007250447693502693,0.0701840348370758,0.0701840348370758,0.9999980940284625,0.00013691014650834025,7.182689554241506e-09,7.182689554241506e-09,4.938566409420572e-08,5.730055353599643,45.71181501215162,7.182689321094671e-08,7.182689321094671e-08,7.182687000728549e-07,7.182687000728549e-07,7.182663784632837e-06,7.182663784632837e-06,7.182431631069797e-05,7.182431631069797e-05,126.88239215300523,-0.9160084128379822,-0.9160051345825195,-0.9160292148590088,94,-0.9102475047111511,-0.9160292148590088,100,100,2.4314546363447995 1.3787772821439981 2.6973649175810768 2.1908462769412909,2.5582627976630814 1.6844835696241252 2.8739411257228089 2.0179171643625025,61.9265611814335,0.069646374322474,0.338696314021945,61.99620755575597,0.017751592211425304
e1-v2,N20_i06_Aheur_s43,20,4,6,dceca5e3926d,Aheur,20.99999999997685,0.2248979235277998,93.37569538467092,0.5061160634903441,20.99999999997685,43,lightning_gpu,single,2,100,adam_0.03,0.03,0.18065296862243785,1.7981319308067993,4845,2023-08-06,2026-08-05,ok,,1000,6,999,532492,4,True,-335.75779686118995,0.24220313843965302,-335.7577968611899,True,0.006,532492,0.24220313843965302,0.03423006330219517,0.00018328357303229486,13,1,False,False,True,1.3839051625538292,0.30766291301605453,0.22159243372583806,0,0,1.393105974742542,186.76012659445362,335.81934703100717,0.999997312011395,0.004036008593971019,8.289235324809852e-07,8.289235324809852e-07,2.5731887092206307e-05,4.7985776510422005,30.384659116371743,8.289204404765549e-06,8.289204404765549e-06,8.288895212482661e-05,8.288895212482661e-05,0.0008285804135501618,0.0008285804135501618,0.008254977752018555,0.008254977752018555,1.0000008793843964,0.1094706092189881,2.2842710677650757e-05,2.2842710677650757e-05,0.0007061772066663252,5.213241434228974,43.28988909526829,0.0002284036276823942,0.0002284036276823942,0.0022816901363300612,0.0022816901363300612,0.02258404619012977,0.02258404619012977,0.20421777381472928,0.20421777381472928,126.88239215300523,-1.7657520771026611,-1.7657532691955566,-1.7657520771026611,99,-1.7649853229522705,-1.7657520771026611,100,100,2.0492585716432195 0.13752423515278736 0.062924802978478217 2.6364640840167701,1.9607765359309013 -0.021560283797907739 0.11901938078299013 2.7963052906771177,61.59272141288966,0.06970575451850891,0.24440430011600256,61.66242716740817,0.02026168629527092
e1-v2,N20_i06_Aheur_s44,20,4,6,dceca5e3926d,Aheur,20.99999999997685,0.2248979235277998,93.37569538467092,0.5061160634903441,20.99999999997685,44,lightning_gpu,single,2,100,adam_0.03,0.03,0.18065296862243785,1.7981319308067993,4845,2023-08-06,2026-08-05,ok,,1000,254,944,655492,4,True,-335.7703875288692,0.22961247076040747,-335.77038752886915,True,0.254,655492,0.22961247076040747,0.027227981050312648,0.00014579118972990276,8,1,False,False,True,1.7600625279932212,0.4519200496153752,0.25619547171969104,0,0,1.393105974742542,186.76012659445362,335.81934703100717,0.9999975074156989,0.2630367002602725,5.40053952136077e-05,5.40053952136077e-05,0.0016767482993600424,1.163769856591453,3.771069642369009,0.000539922724813624,0.000539922724813624,0.005386127873175717,0.005386127873175717,0.052574386756341185,0.052574386756341185,0.4172916852438008,0.4172916852438008,1.0000016114494485,0.08712431162166467,1.8108201402355917e-05,1.8108201402355917e-05,0.000559806054297951,3.144240882292689,22.108448395011862,0.00018106725892297337,0.00018106725892297337,0.00180919796051493,0.00180919796051493,0.01794539410682683,0.01794539410682683,0.16563444188811882,0.16563444188811882,126.88239215300523,-6.199141502380371,-6.199139595031738,-6.199221611022949,88,-6.1831817626953125,-6.199221611022949,100,100,0.38505090477492371 0.8108861395016167 1.274766337564649 3.0447811714676671,0.81343906714998926 0.70282048444255685 1.1172835889143971 3.264690445826663,59.379160589538515,0.06526407226920128,0.23189061228185892,59.444424661807716,0.01767907477915287
e1-v2,N20_i06_Aheur_s45,20,4,6,dceca5e3926d,Aheur,20.99999999997685,0.2248979235277998,93.37569538467092,0.5061160634903441,20.99999999997685,45,lightning_gpu,single,2,100,adam_0.03,0.03,0.18065296862243785,1.7981319308067993,4845,2023-08-06,2026-08-05,ok,,1000,43,967,536584,4,True,-335.73092699881,0.2690730008196286,-335.73092699880993,True,0.043,536584,0.2690730008196286,0.04917327292971088,0.00026329642106363415,30,1,False,False,True,1.3280232161922871,0.29484913030802135,0.2212680672485129,0,0,1.393105974742542,186.76012659445362,335.81934703100717,0.9999997637781561,0.047228108477611386,9.419525667908601e-06,9.419525667908601e-06,0.0002940301383205224,4.1336130942446525,27.78752067661818,9.419126404353051e-05,9.419126404353051e-05,0.0009415135009582798,0.0009415135009582798,0.009375344851785372,0.009375344851785372,0.08989536295621015,0.08989536295621015,1.0000012807839518,0.03340593883604015,6.303193003986962e-06,6.303193003986962e-06,0.00020165897376500652,6.638955463465473,57.435311345963555,6.303014220898628e-05,6.303014220898628e-05,0.0006301226761884493,0.0006301226761884493,0.0062833892955577175,0.0062833892955577175,0.061086692851849755,0.061086692851849755,126.88239215300523,-2.198791742324829,-2.2008543014526367,-2.2109196186065674,79,-1.2462220191955566,-2.2109196186065674,100,100,1.8005430614133757 1.660303899153966 2.3990779832738145 2.5500080338093531,1.920650661152739 3.1642649748311991 2.8059976043851966 2.9615985264879345,58.4812786988914,0.06411882396787405,0.22888855449855328,58.545397522859275,0.02006673254072666
e1-v2,N20_i06_Aheur_s46,20,4,6,dceca5e3926d,Aheur,20.99999999997685,0.2248979235277998,93.37569538467092,0.5061160634903441,20.99999999997685,46,lightning_gpu,single,2,100,adam_0.03,0.03,0.18065296862243785,1.7981319308067993,4845,2023-08-06,2026-08-05,ok,,1000,334,914,525380,4,True,-335.7408111578088,0.25918884182080437,-335.74081115780876,True,0.334,525380,0.25918884182080437,0.043676368709568744,0.00023386345632765191,20,1,False,False,True,1.5165266909776642,0.36088663941021415,0.2373097958323469,0,0,1.393105974742542,186.76012659445362,335.81934703100717,0.9999991066877392,0.3273801466348232,7.19362506060861e-05,7.19362506060861e-05,0.0021890128919039853,0.7236942465779298,1.6290543082756548,0.0007191296836392969,0.0007191296836392969,0.007168069770228214,0.007168069770228214,0.0694121894500288,0.0694121894500288,0.5129499462576191,0.5129499462576191,0.9999996049579885,0.0928749784034153,1.881860225694254e-05,1.881860225694254e-05,0.0005865604034624994,7.546138512508522,68.41459852962417,0.00018817008707849858,0.00018817008707849858,0.0018801083108737071,0.0018801083108737071,0.018642811662459957,0.018642811662459957,0.17154088643964482,0.17154088643964482,126.88239215300523,-6.552739143371582,-6.557140350341797,-6.552739143371582,99,-1.3768774271011353,-6.552739143371582,100,100,2.8450397427097829 0.24261512621431053 0.85630314278475539 1.9536009066557216,1.9689908087210055 -1.628213954978617 1.5785256071735141 2.0704637336755618,58.628630072809756,0.06376005243510008,0.23186577577143908,58.692390125244856,0.01757484022527933
e1-v2,N20_i06_Amargin_s42,20,4,6,dceca5e3926d,Amargin,0.5061160634903441,0.2248979235277998,2.250425684467392,0.5061160634903441,20.99999999997685,42,lightning_gpu,single,2,100,adam_0.03,0.03,0.18065296862243785,1.7981319308067993,4845,2023-08-06,2026-08-05,ok,,1000,323,800,528387,4,True,-7.785174883399684,0.3126821324458219,-7.785174883399684,True,0.323,528387,0.3126821324458219,0.07342573787905773,0.016676236084845232,81,1,False,False,False,1.5311603763149886,0.38037201700699325,0.2477676557435609,0,0,1.393105974742542,4.403016214539229,7.917204047223068,0.9999996787969303,0.3492938273711843,1.2669815987464972e-05,1.2669815987464972e-05,0.0005012555120629258,1.0656013618013243,5.571812690128208,0.00012669093652806218,0.00012669093652806218,0.001266187332539026,0.001266187332539026,0.012589971018984958,0.012589971018984958,0.11900115363055985,0.11900115363055985,0.9999976434087658,0.00962132119949033,1.5252638831952936e-06,1.5252638831952936e-06,4.033678751014236e-05,4.709708222518223,36.69970790921683,1.525253414302874e-05,1.525253414302874e-05,0.0001525148730652237,0.0001525148730652237,0.001524102420859652,0.001524102420859652,0.015136917947371042,0.015136917947371042,3.9190885340861943,-5.814413547515869,-5.814484119415283,-5.814938068389893,43,-5.814938068389893,-5.814938068389893,100,100,2.4314546363447995 1.3787772821439981 2.6973649175810768 2.1908462769412909,1.3205364678071858 0.93848711419228947 2.6166417258727011 2.0023956117115582,58.38665959890932,0.06371326744556427,0.2294374667108059,58.45037286635488,0.02002184744924307
e1-v2,N20_i06_Amargin_s43,20,4,6,dceca5e3926d,Amargin,0.5061160634903441,0.2248979235277998,2.250425684467392,0.5061160634903441,20.99999999997685,43,lightning_gpu,single,2,100,adam_0.03,0.03,0.18065296862243785,1.7981319308067993,4845,2023-08-06,2026-08-05,ok,,1000,8,998,532504,4,True,-7.698728131261268,0.39912888458423834,-7.698728131261268,True,0.008,532504,0.39912888458423834,0.12150160520411485,0.027595084661033862,269,1,False,False,False,1.3043701360215028,0.3154005871202035,0.24103632737189604,0,0,1.393105974742542,4.403016214539229,7.917204047223068,1.0000017689359129,0.009850974039295579,2.025259846050176e-06,2.025259846050176e-06,6.352895366035227e-05,4.5173847265875064,28.54467339598019,2.0252413886034937e-05,2.0252413886034937e-05,0.00020250568264479352,0.00020250568264479352,0.0020232124378134486,0.0020232124378134486,0.020048912197714874,0.020048912197714874,1.0000007943913745,0.166604856691265,5.776732359663583e-05,5.776732359663583e-05,0.0014985641719249543,4.603043549551888,35.38571484418137,0.00057752309123138,0.00057752309123138,0.005760245022283894,0.005760245022283894,0.056132036877324265,0.056132036877324265,0.438806729406227,0.438806729406227,3.9190885340861943,-1.9670047760009766,-1.9670056104660034,-1.9670047760009766,99,-1.966423749923706,-1.9670047760009766,100,100,2.0492585716432195 0.13752423515278736 0.062924802978478217 2.6364640840167701,2.1541100427615127 -0.025599313493119162 0.13914746215934853 2.7422398535599415,58.53066059574485,0.06420071423053741,0.23007071297615767,58.594861309975386,0.017628618516027927
e1-v2,N20_i06_Amargin_s44,20,4,6,dceca5e3926d,Amargin,0.5061160634903441,0.2248979235277998,2.250425684467392,0.5061160634903441,20.99999999997685,44,lightning_gpu,single,2,100,adam_0.03,0.03,0.18065296862243785,1.7981319308067993,4845,2023-08-06,2026-08-05,ok,,1000,265,906,558084,4,True,-7.801224025369699,0.2966329904758067,-7.801224025369699,True,0.265,558084,0.2966329904758067,0.06450028491587381,0.01464911364688756,60,1,False,False,False,1.4486828795901359,0.34482985425771717,0.23733962698240363,0,0,1.393105974742542,4.403016214539229,7.917204047223068,0.9999978406266276,0.2548979059502017,4.546806667349301e-05,4.546806667349301e-05,0.0014573182452295441,0.9461000145871002,3.388512609147601,0.0004545876474848498,0.0004545876474848498,0.004536588491930504,0.004536588491930504,0.04445087177674745,0.04445087177674745,0.3653559597326509,0.3653559597326509,1.0000009582492169,0.08815528138075024,2.2888223611516878e-05,2.2888223611516878e-05,0.0006476633243437391,3.3158902727422097,22.880877374033417,0.0002288586633688583,0.0002288586633688583,0.0022862311385738465,0.0022862311385738465,0.02262853126263642,0.02262853126263642,0.20457988352323198,0.20457988352323198,3.9190885340861943,-6.126874923706055,-6.126921653747559,-6.127032279968262,80,-6.093387126922607,-6.127032279968262,100,100,0.38505090477492371 0.8108861395016167 1.274766337564649 3.0447811714676671,0.86568427791076974 0.88990841036543178 1.0951802649190916 3.261654160275635,58.48489994276315,0.06360422633588314,0.3200851306319237,58.54850416909903,0.020014665089547634
e1-v2,N20_i06_Amargin_s45,20,4,6,dceca5e3926d,Amargin,0.5061160634903441,0.2248979235277998,2.250425684467392,0.5061160634903441,20.99999999997685,45,lightning_gpu,single,2,100,adam_0.03,0.03,0.18065296862243785,1.7981319308067993,4845,2023-08-06,2026-08-05,ok,,1000,57,963,598020,4,True,-7.739341453991559,0.35851556185394723,-7.739341453991558,True,0.057,598020,0.35851556185394723,0.09891520760198316,0.022465328943226375,163,1,False,False,False,0.9258472276796293,0.18812942844578995,0.20211696147190095,0,0,1.393105974742542,4.403016214539229,7.917204047223068,1.0000014396787236,0.05140229172820909,3.952883162128273e-06,3.952883162128273e-06,0.00015493758974116645,4.119439547532524,28.010572074012273,3.9528128490839975e-05,3.9528128490839975e-05,0.0003952109810370086,0.0003952109810370086,0.003945088585312839,0.003945088585312839,0.038757835679751884,0.038757835679751884,1.0000018420518995,0.04950026136782526,2.5158846256090328e-05,2.5158846256090328e-05,0.0005287222411425319,7.216230129102939,67.45853468259156,0.00025155998093229215,0.00025155998093229215,0.002512754009720619,0.002512754009720619,0.024845308621658346,0.024845308621658346,0.22243779169807276,0.22243779169807276,3.9190885340861943,-2.1370809078216553,-2.1375155448913574,-2.1370809078216553,99,-1.3360121250152588,-2.1370809078216553,100,100,1.8005430614133757 1.660303899153966 2.3990779832738145 2.5500080338093531,2.080522560772712 3.3269576168067849 2.7813927333878077 2.9770886409608002,58.41319660656154,0.06370733119547367,0.23129506781697273,58.476903937757015,0.01757913175970316
e1-v2,N20_i06_Amargin_s46,20,4,6,dceca5e3926d,Amargin,0.5061160634903441,0.2248979235277998,2.250425684467392,0.5061160634903441,20.99999999997685,46,lightning_gpu,single,2,100,adam_0.03,0.03,0.18065296862243785,1.7981319308067993,4845,2023-08-06,2026-08-05,ok,,1000,321,923,532548,4,True,-7.874245893403227,0.22361112244227854,-7.874245893403225,True,0.321,532548,0.22361112244227854,0.023890434891819037,0.005425924804212684,5,1,False,False,True,1.267408861312343,0.2634524739314299,0.207077985599432,0,0,1.393105974742542,4.403016214539229,7.917204047223068,1.000001283857057,0.3166468702474958,3.624012242653407e-05,3.624012242653407e-05,0.0013053953334747348,1.1326518136384447,3.808080617556307,0.0003623421293851292,0.0003623421293851292,0.003617518867097491,0.003617518867097491,0.0355919437935841,0.0355919437935841,0.3040015120643764,0.3040015120643764,1.0000006237453343,0.0468819422806348,1.574452471686527e-05,1.574452471686527e-05,0.00033329125744785415,7.094681155271753,60.03474517177377,0.00015743409258439645,0.00015743409258439645,0.0015732260467564707,0.0015732260467564707,0.015621349630552728,0.015621349630552728,0.14567746993877217,0.14567746993877217,3.9190885340861943,-6.027271747589111,-6.025155067443848,-6.0351362228393555,95,-2.5975286960601807,-6.0351362228393555,100,100,2.8450397427097829 0.24261512621431053 0.85630314278475539 1.9536009066557216,1.3613915753360306 0.48654360284755138 0.979423526902233 2.4989284530082432,58.792441979050636,0.06394203566014767,0.22976246662437916,58.856384014710784,0.02007293701171875
e1-v2,N20_i07_Aheur_s42,20,4,7,7e46eb92c5e6,Aheur,20.999999999972246,0.2613258967671833,80.3594295848959,0.734735969880372,20.999999999972246,42,lightning_gpu,single,2,100,adam_0.03,0.03,0.408170573729174,2.411948472862868,4845,2023-08-06,2026-08-05,ok,,1000,47,962,8227,4,True,-335.3601866079007,0.6398133916552756,-335.36018660790063,True,0.047,8227,0.6398133916552756,0.09603970421936611,0.0006902516617357034,75,1,False,False,False,1.1819441709505143,0.22714687860217153,0.1913346536666831,0,0,1.1972622147545158,139.13723000371363,335.59182942582675,1.000000706878943,0.03649939301203631,7.516264304285869e-06,1.5014783457445446e-05,0.0001201926938847464,7.075168476580181,35.56487666404964,0.00015013769001315236,7.516010085351077e-05,0.0015003629464727108,0.000751346852643997,0.014902734692842534,0.007488115863620304,0.13942022663921128,0.07240765444445585,0.9999976052381747,0.0002889784409739647,2.9801341838719964e-08,5.238795353079695e-08,5.526835620273118e-07,8.34061001371688,45.62801929904373,5.238794118511692e-07,2.9801337841917075e-07,5.238781767835654e-06,2.9801297877218857e-06,5.2386582678143334e-05,2.980089822723908e-05,0.0005237423480994874,0.0002979690212385755,127.19330342591566,-0.9102652072906494,-0.9102621674537659,-0.9102886319160461,94,-0.9044125080108643,-0.9102886319160461,100,100,2.4314546363447995 1.3787772821439981 2.6973649175810768 2.1908462769412909,2.5589901663149024 1.6849653731157859 2.8736434229359924 2.0183793565596071,58.59952832758427,0.06407667137682438,0.3262702217325568,58.66360499896109,0.016828011721372604
e1-v2,N20_i07_Aheur_s43,20,4,7,7e46eb92c5e6,Aheur,20.999999999972246,0.2613258967671833,80.3594295848959,0.734735969880372,20.999999999972246,43,lightning_gpu,single,2,100,adam_0.03,0.03,0.408170573729174,2.411948472862868,4845,2023-08-06,2026-08-05,ok,,1000,3,999,197640,4,True,-335.0123070789132,0.9876929206427678,-335.01230707891307,True,0.003,197640,0.9876929206427678,0.240271445859591,0.0017268666758219783,895,1,False,False,False,0.70452948833027,0.14152834959658855,0.19946411317663904,0,0,1.1972622147545158,139.13723000371363,335.59182942582675,1.0000003984363062,0.004081261558155802,8.361225809494499e-07,1.6723231510695769e-06,1.3377585617035948e-05,7.136090146182531,30.355527797876825,1.6723105661364812e-05,8.361194349992829e-06,0.00016721847237277654,8.360879763968931e-05,0.0016709269938682825,0.0008357734771248237,0.01658418826589303,0.008326371446426561,0.999999223479781,0.11006708434069878,2.3117359887692146e-05,4.622997221304104e-05,0.0003697783249663189,7.5889294792251825,43.18130495223592,0.00046220355952097947,0.00023114955180458807,0.004612433988744891,0.0023090926442997928,0.045178666029058956,0.022852462016146102,0.3701731940055195,0.2064004348674997,127.19330342591566,-1.7698556184768677,-1.7698595523834229,-1.7698556184768677,99,-1.7689497470855713,-1.7698556184768677,100,100,2.0492585716432195 0.13752423515278736 0.062924802978478217 2.6364640840167701,1.9625236293245574 -0.021656234121141326 0.11889683711321566 2.7959560368775396,58.156051283702254,0.06371372006833553,0.23154564294964075,58.21976500377059,0.019137145020067692
e1-v2,N20_i07_Aheur_s44,20,4,7,7e46eb92c5e6,Aheur,20.999999999972246,0.2613258967671833,80.3594295848959,0.734735969880372,20.999999999972246,44,lightning_gpu,single,2,100,adam_0.03,0.03,0.408170573729174,2.411948472862868,4845,2023-08-06,2026-08-05,ok,,1000,240,937,75,4,True,-335.4921517436298,0.5078482559261723,-335.49215174362973,True,0.24,75,0.5078482559261723,0.04132662174108789,0.0002970205870850301,14,1,False,False,True,1.061397395618783,0.1824713749457328,0.17097401566539266,0,0,1.1972622147545158,139.13723000371363,335.59182942582675,1.0000010603767193,0.26327673459309153,5.3875504818279296e-05,0.00010777959323604591,0.000862110606249189,1.9418178648218942,3.7626477411032493,0.001077273342741658,0.0005386244512954885,0.010720659864873028,0.0053732080134595295,0.10217975369891397,0.05245131063708164,0.6596749262019352,0.4165342704568227,1.0000004787571015,0.08714724472156377,1.8196824385086074e-05,3.637199006334413e-05,0.0002911896135628922,4.727118473950126,22.11322105139601,0.00036366037493240633,0.00018195334397508311,0.003630658317820168,0.0018180443465204421,0.03571911423691676,0.018032424438523487,0.3049187372289859,0.1663735673836687,127.19330342591566,-6.201231479644775,-6.201259613037109,-6.201315402984619,88,-6.184959411621094,-6.201315402984619,100,100,0.38505090477492371 0.8108861395016167 1.274766337564649 3.0447811714676671,0.81396990324093887 0.70438930065847727 1.116976720172725 3.2645585967569275,58.60207059700042,0.06372606102377176,0.23184787575155497,58.66579665802419,0.01685535442084074
e1-v2,N20_i07_Aheur_s45,20,4,7,7e46eb92c5e6,Aheur,20.999999999972246,0.2613258967671833,80.3594295848959,0.734735969880372,20.999999999972246,45,lightning_gpu,single,2,100,adam_0.03,0.03,0.408170573729174,2.411948472862868,4845,2023-08-06,2026-08-05,ok,,1000,55,967,69697,4,True,-335.4406318618114,0.5593681377445309,-335.44063186181137,True,0.055,69697,0.5593681377445309,0.06268689638957857,0.0004505400631297995,27,1,False,False,False,1.180572544070228,0.217016389883295,0.18297595600397512,0,0,1.1972622147545158,139.13723000371363,335.59182942582675,0.9999984386904615,0.047244268678696244,9.240036888513714e-06,1.8482401173969265e-05,0.00014808735704718856,6.160812180163644,27.784881740152343,0.00018480864053538326,9.239652695713918e-05,0.0018465502220360586,0.0009235811938932414,0.018312816689160072,0.009197521224343252,0.1687508584683648,0.08826034509976322,1.0000008123530293,0.032395347502642835,5.755924576078542e-06,1.1572237781365402e-05,9.201693546856404e-05,9.58675392256799,57.518799590333316,0.00011571635174867367,5.755775490356996e-05,0.001156561141053336,0.0005754284916341668,0.011505603166638956,0.005739407449792733,0.10927812312211027,0.05593419956458312,127.19330342591566,-2.199920415878296,-2.201930284500122,-2.2118897438049316,79,-1.2515050172805786,-2.2118897438049316,100,100,1.8005430614133757 1.660303899153966 2.3990779832738145 2.5500080338093531,1.9219157574230183 3.1663080132437358 2.8057658324083232 2.9616612885102231,58.89599628653377,0.06442521326243877,0.23344584833830595,58.96042149979621,0.01944691501557827
e1-v2,N20_i07_Aheur_s46,20,4,7,7e46eb92c5e6,Aheur,20.999999999972246,0.2613258967671833,80.3594295848959,0.734735969880372,20.999999999972246,46,lightning_gpu,single,2,100,adam_0.03,0.03,0.408170573729174,2.411948472862868,4845,2023-08-06,2026-08-05,ok,,1000,360,900,75,4,True,-335.4921517436298,0.5078482559261723,-335.49215174362973,True,0.36,75,0.5078482559261723,0.04132662174108789,0.0002970205870850301,14,1,False,False,True,1.061397395618783,0.1824713749457328,0.17097401566539266,0,0,1.1972622147545158,139.13723000371363,335.59182942582675,0.9999992876512679,0.3295785863920173,7.522229134337977e-05,0.00015005045133875683,0.0012026427139062434,1.283922847163045,1.6308594322806291,0.001499491737482317,0.0007519683368133467,0.014894139507308113,0.007494288788603254,0.13934513625461564,0.07246534441070629,0.7770074910725696,0.528695646000106,1.00000059734084,0.0920271798986505,1.8455273675499484e-05,3.693594226206187e-05,0.00029530352003348526,10.830560429579691,68.38294150032522,0.0003692980367946408,0.00018453741063861884,0.0036868492610735437,0.001843842427735387,0.03626278917271952,0.018286185118520537,0.30882777366578884,0.16852532661571284,127.19330342591566,-6.5528645515441895,-6.55837869644165,-6.5528645515441895,99,-1.3641417026519775,-6.5528645515441895,100,100,2.8450397427097829 0.24261512621431053 0.85630314278475539 1.9536009066557216,1.9770309588420083 -1.6258681704673443 1.579484637891462 2.0712154916231689,59.03736454434693,0.06369867082685232,0.23122075572609901,59.10106321517378,0.016832571476697922
e1-v2,N20_i07_Amargin_s42,20,4,7,7e46eb92c5e6,Amargin,0.734735969880372,0.2613258967671833,2.8115696873890474,0.734735969880372,20.999999999972246,42,lightning_gpu,single,2,100,adam_0.03,0.03,0.408170573729174,2.411948472862868,4845,2023-08-06,2026-08-05,ok,,1000,266,793,262214,4,True,-10.897068284045204,0.8587072340407476,-10.897068284045204,True,0.266,262214,0.8587072340407476,0.18679365060266315,0.039703238041929524,460,1,False,False,False,0.8914389455476811,0.17679604706710794,0.19720480908437604,0,0,1.1972622147545158,4.704746005990629,11.347604944356778,0.9999999453271242,0.26068586646692893,3.6656088013842236e-06,6.630178404520848e-06,7.401273887808202e-05,1.7476585811420424,5.582912609700159,6.629980591321694e-05,3.66554833688415e-05,0.0006628002892081764,0.00036649437649705074,0.006608269102050146,0.00365890535264346,0.06415180814025911,0.03599245264657891,0.9999982739181066,0.013113115809979467,1.5470820926566375e-06,5.254200004856102e-06,0.000146515380265555,7.013768787360495,36.9084161127368,5.254075776817135e-05,1.547071322116622e-05,0.0005252833711797411,0.00015469636222253946,0.005240434570425556,0.0015458871729473467,0.05118566100312205,0.015351774327817425,5.601719245364406,-5.889413833618164,-5.889476776123047,-5.889413833618164,99,-5.887764930725098,-5.889413833618164,100,100,2.4314546363447995 1.3787772821439981 2.6973649175810768 2.1908462769412909,1.2921468152310478 0.90733678671978657 2.5950285374768791 2.011026932413571,58.67182863224298,0.0638334583491087,0.23007812164723873,58.735662090592086,0.019052590243518353
e1-v2,N20_i07_Amargin_s43,20,4,7,7e46eb92c5e6,Amargin,0.734735969880372,0.2613258967671833,2.8115696873890474,0.734735969880372,20.999999999972246,43,lightning_gpu,single,2,100,adam_0.03,0.03,0.408170573729174,2.411948472862868,4845,2023-08-06,2026-08-05,ok,,1000,6,998,773,4,True,-10.72957488294324,1.026200635142712,-10.72957488294324,True,0.006,773,1.026200635142712,0.2562368426884202,0.054463480570927654,1034,1,False,False,False,1.1726971554322216,0.26530392179458845,0.22538122529782534,0,0,1.1972622147545158,4.704746005990629,11.347604944356778,0.9999991567459996,0.010533202041870027,2.2519520825881045e-06,4.515542514127446e-06,3.5619839991340996e-05,6.692398205696231,28.441480757831584,4.515450759678963e-05,2.251929261931629e-05,0.00045145333518448183,0.0002251701072288892,0.0045053729292936495,0.0022494208707530827,0.04415119011384494,0.022267873923873305,0.9999995800848877,0.1646232397215499,6.355716323014349e-05,0.00012680180952884257,0.0010112199015566148,6.741195687972811,35.22733049058389,0.0012672947984406768,0.0006353898850218753,0.01260092005733271,0.006335762184623617,0.1190988395822421,0.061581420837387046,0.7186338676253425,0.47037805099498564,5.601719245364406,-2.0085723400115967,-2.008570671081543,-2.0085809230804443,98,-2.007702112197876,-2.0085809230804443,100,100,2.0492585716432195 0.13752423515278736 0.062924802978478217 2.6364640840167701,2.1397084546317422 -0.027495024814140991 0.13540248069222782 2.7426126100961534,58.91448515187949,0.06415190175175667,0.23125796765089035,58.978637053631246,0.0168265076354146
e1-v2,N20_i07_Amargin_s44,20,4,7,7e46eb92c5e6,Amargin,0.734735969880372,0.2613258967671833,2.8115696873890474,0.734735969880372,20.999999999972246,44,lightning_gpu,single,2,100,adam_0.03,0.03,0.408170573729174,2.411948472862868,4845,2023-08-06,2026-08-05,ok,,1000,267,894,65605,4,True,-11.313693573118405,0.4420819449675474,-11.313693573118405,True,0.267,65605,0.4420819449675474,0.01405974116773822,0.0029884166222439476,3,1,False,False,True,1.1725170780721568,0.19968416752513388,0.16945097964100345,0,0,1.1972622147545158,4.704746005990629,11.347604944356778,1.000000281448286,0.2528912843808939,4.590575190377422e-05,9.229673014488071e-05,0.0007339467374549713,1.5954426239206996,3.3785606706131053,0.0009225840548954256,0.00045896270043288556,0.009187632368902299,0.004580159492278968,0.08816934344414762,0.04486902910397583,0.6026786570032099,0.36812775929296193,1.0000012022202043,0.08833578217763716,2.3743365090922453e-05,4.685119529312942e-05,0.0003828051812888589,4.934738310779284,22.726204619818617,0.00046841318871859716,0.00023740828388307822,0.004674270718886153,0.0023715481226832535,0.04577166646581843,0.023463984359382573,0.3740738765138609,0.21135300762312137,5.601719245364406,-6.205739974975586,-6.205777645111084,-6.205893516540527,80,-6.174079418182373,-6.205893516540527,100,100,0.38505090477492371 0.8108861395016167 1.274766337564649 3.0447811714676671,0.85658593083321288 0.88809483180791249 1.0929815853383673 3.2618780535977892,58.72011230979115,0.06345521565526724,0.3234589556232095,58.783567525446415,0.019070522859692574
e1-v2,N20_i07_Amargin_s45,20,4,7,7e46eb92c5e6,Amargin,0.734735969880372,0.2613258967671833,2.8115696873890474,0.734735969880372,20.999999999972246,45,lightning_gpu,single,2,100,adam_0.03,0.03,0.408170573729174,2.411948472862868,4845,2023-08-06,2026-08-05,ok,,1000,59,980,65555,4,True,-11.136959141111399,0.6188163769745542,-11.136959141111397,True,0.059,65555,0.6188163769745542,0.08733428827994556,0.01856301874080798,57,1,False,False,False,1.0232459483797658,0.18609068239790144,0.18088581996437791,0,0,1.1972622147545158,4.704746005990629,11.347604944356778,1.0000017409697255,0.052608534015689656,7.711312719038688e-06,1.5530018572462723e-05,0.00012780325778294355,6.16486494050815,28.005737027437284,0.00015528933300756886,7.711045134994876e-05,0.001551808614363659,0.0007708369975352181,0.015410168410306846,0.0076816863286292,0.14384290000194788,0.07421515904421216,1.0000016903951527,0.047129247602242685,3.307751831016503e-05,6.324340938590467e-05,0.0005557519434660207,10.08079370896034,65.71364059823769,0.0006322541364131018,0.0003307259519444994,0.006304583121287344,0.0033023417734084903,0.06128692353204135,0.032536968731404325,0.4687136265126519,0.2816372781300791,5.601719245364406,-2.1609458923339844,-2.159916639328003,-2.163421869277954,97,-1.3942142724990845,-2.163421869277954,100,100,1.8005430614133757 1.660303899153966 2.3990779832738145 2.5500080338093531,2.0704267766436057 3.3100289485492844 2.7832650090155946 2.9950791851350975,58.6322817793116,0.06379827670753002,0.23158604931086302,58.69608005601913,0.016833162866532803
e1-v2,N20_i07_Amargin_s46,20,4,7,7e46eb92c5e6,Amargin,0.734735969880372,0.2613258967671833,2.8115696873890474,0.734735969880372,20.999999999972246,46,lightning_gpu,single,2,100,adam_0.03,0.03,0.408170573729174,2.411948472862868,4845,2023-08-06,2026-08-05,ok,,1000,308,931,75,4,True,-11.24792726215978,0.5078482559261723,-11.24792726215978,True,0.308,75,0.5078482559261723,0.04132662174108789,0.008784028232016359,14,1,False,False,True,1.061397395618783,0.1824713749457328,0.17097401566539266,0,0,1.1972622147545158,4.704746005990629,11.347604944356778,0.9999996386569219,0.30074363577659824,3.3818050724221393e-05,6.796249363105744e-05,0.0005400269910751376,1.8561812936688216,3.747621906858565,0.0006794171234512092,0.0003381290471581311,0.006773436481452899,0.003376150201519601,0.06570664285194772,0.03325316520456312,0.4932046632098285,0.2869375150087985,1.0000012187253806,0.04507568224573788,1.6176454664673656e-05,3.1663179470342584e-05,0.00026253185387759004,10.417120836212998,60.45565522133886,0.0003165866834504705,0.00016175277165886293,0.003161360419298709,0.00161635084613454,0.03116763574225634,0.016046447221596982,0.2714046726325108,0.1493596456317814,5.601719245364406,-6.113636016845703,-6.110814571380615,-6.116706371307373,97,-2.4098706245422363,-6.116706371307373,100,100,2.8450397427097829 0.24261512621431053 0.85630314278475539 1.9536009066557216,1.3431264494760247 0.48650577054894972 0.99159557158798495 2.4921812409399977,58.74413824826479,0.06393563747406006,0.229536815546453,58.80807388573885,0.01907342206686735
e1-v2,N20_i08_Aheur_s42,20,4,8,eeddddb9f28e,Aheur,20.999999999960252,0.25486519640173555,82.3964993904411,0.7581042167069958,20.999999999960252,42,lightning_gpu,single,2,100,adam_0.03,0.03,0.015826303560136257,2.6300747327823766,4845,2023-08-06,2026-08-05,ok,,1000,33,966,532500,4,True,-335.6067203470475,0.3932796523165394,-335.6067203470474,True,0.033,532500,0.3932796523165394,0.14351430552587086,0.0011234259774930498,176,1,False,False,False,1.0765433643975901,0.2285120711336951,0.2113357238154599,0,0,1.4188839643837643,127.74700639033311,335.9841736958039,0.9999993279522066,0.03596584965907823,7.448640189977596e-06,2.2300442196865333e-05,7.423658234984032e-05,5.81322172892153,35.539734082957125,0.00022298204436188573,7.448390524855686e-05,0.0022275843288820374,0.0007445894487196902,0.022053868622518347,0.007420995354832316,0.1998906783231803,0.07178016149683542,0.9999980566240123,0.0001881407098634637,8.516116700718612e-09,4.126418051697556e-08,1.3812015309255798e-07,6.893093412547483,45.67311241565422,4.1264172856436687e-07,8.516116378753935e-08,4.12640962321742e-06,8.516113110257351e-07,4.126333001375215e-05,8.516080474918475e-06,0.0004125566887592802,8.515754126048325e-05,127.00977604882472,-0.9134703278541565,-0.913462221622467,-0.9134878516197205,97,-0.9076952934265137,-0.9134878516197205,100,100,2.4314546363447995 1.3787772821439981 2.6973649175810768 2.1908462769412909,2.5583702352705568 1.6845740089890593 2.8738089011521217 2.0181103411968415,58.87379030324519,0.06386891473084688,0.32717801723629236,58.937659217976034,0.01784952450543642
e1-v2,N20_i08_Aheur_s43,20,4,8,eeddddb9f28e,Aheur,20.999999999960252,0.25486519640173555,82.3964993904411,0.7581042167069958,20.999999999960252,43,lightning_gpu,single,2,100,adam_0.03,0.03,0.015826303560136257,2.6300747327823766,4845,2023-08-06,2026-08-05,ok,,1000,10,999,98344,4,True,-335.323454695972,0.6765453033920776,-335.3234546959719,True,0.01,98344,0.6765453033920776,0.2512168158556322,0.0019665182218676423,889,1,False,False,False,0.9683103988406263,0.2261379459017349,0.23250596727175107,0,0,1.4188839643837643,127.74700639033311,335.9841736958039,1.0000000051465037,0.0040567707192735725,8.329126899297989e-07,2.4969776859506965e-06,8.323785948505247e-06,5.842155225075612,30.371599302699295,2.4969496290938586e-05,8.32909568093676e-06,0.00024966690836936145,8.328783505584525e-05,0.0024938659399624807,0.0008325662610230156,0.024660641003480754,0.008294539266228362,0.9999997969584142,0.10967843012076628,2.294314072059933e-05,6.891694829391781e-05,0.0002296498860232532,6.270329860891898,43.247079585020956,0.0006889557926540446,0.0002294077212083856,0.006868237417853473,0.0022917104046774606,0.06659801905193663,0.022682205434350733,0.49801911201547333,0.2050165953380827,127.00977604882472,-1.7677401304244995,-1.7677438259124756,-1.7677401304244995,99,-1.7669217586517334,-1.7677401304244995,100,100,2.0492585716432195 0.13752423515278736 0.062924802978478217 2.6364640840167701,1.961410725641195 -0.021598382050812472 0.11894416948336879 2.7961688115066154,57.92194059956819,0.06370701175183058,0.2300307434052229,57.98564761132002,0.02006605453789234
e1-v2,N20_i08_Aheur_s44,20,4,8,eeddddb9f28e,Aheur,20.999999999960252,0.25486519640173555,82.3964993904411,0.7581042167069958,20.999999999960252,44,lightning_gpu,single,2,100,adam_0.03,0.03,0.015826303560136257,2.6300747327823766,4845,2023-08-06,2026-08-05,ok,,1000,250,942,589984,4,True,-335.96829226271024,0.0317077366537859,-335.9682922627102,True,0.25,589984,0.0317077366537859,0.006038396132131406,4.72683963621111e-05,2,1,False,True,True,1.3252186059268398,0.24919954540728131,0.18728951155473247,1,0,1.4188839643837643,127.74700639033311,335.9841736958039,0.9999978725850615,0.2631417948032322,5.3978830692358315e-05,0.00016185369531740434,0.0005395827683969401,1.5167536854267916,3.7672778031378455,0.001617358613991371,0.0005396572086578955,0.016056379197745052,0.005383485582869163,0.14944550492809194,0.052549217155238304,0.801837514384577,0.41713686264747607,1.0000012234570193,0.08713448005619284,1.8095222912961617e-05,5.434009290183894e-05,0.00018114413251169026,3.851386297783676,22.10933784861041,0.0005432680702152082,0.00018093749517145152,0.005419418615875138,0.00180790243534934,0.05289145203169354,0.017932648208105917,0.4192388416237204,0.16552614485478034,127.00977604882472,-6.200560092926025,-6.200576305389404,-6.200645923614502,87,-6.1844964027404785,-6.200645923614502,100,100,0.38505090477492371 0.8108861395016167 1.274766337564649 3.0447811714676671,0.81360979862340344 0.70346845773032429 1.1171454313689597 3.2646336716360871,60.62949167005718,0.06958097964525223,0.2464956371113658,60.69907264970243,0.017787701450288296
e1-v2,N20_i08_Aheur_s45,20,4,8,eeddddb9f28e,Aheur,20.999999999960252,0.25486519640173555,82.3964993904411,0.7581042167069958,20.999999999960252,45,lightning_gpu,single,2,100,adam_0.03,0.03,0.015826303560136257,2.6300747327823766,4845,2023-08-06,2026-08-05,ok,,1000,41,968,720928,4,True,-335.72429757525117,0.2757024241128905,-335.72429757525106,True,0.041,720928,0.2757024241128905,0.09880940541861685,0.0007734772673787992,64,1,False,False,False,1.0816599593754983,0.21343466623313137,0.1963969031041711,0,0,1.4188839643837643,127.74700639033311,335.9841736958039,0.9999982824973959,0.04724757294206938,9.300886631535832e-06,2.7828024030895904e-05,9.291547121392796e-05,5.0386618881777245,27.78600508828828,0.0002782453949433661,9.300497361974802e-05,0.002778972610711694,0.0009296605860898977,0.027444767966573358,0.009257810025169788,0.2429183053229632,0.08881497271660144,1.0000015090194232,0.033005071484240034,6.244148153200513e-06,1.848761030487367e-05,6.163126818137243e-05,7.946851227877135,57.4622288613554,0.00018486072317891455,6.243972703878775e-05,0.001847070182710353,0.0006242218572193314,0.018317930507414815,0.006224713346201782,0.1687941589968991,0.06053214571192944,127.00977604882472,-2.1995198726654053,-2.201566219329834,-2.2115654945373535,79,-1.2488152980804443,-2.2115654945373535,100,100,1.8005430614133757 1.660303899153966 2.3990779832738145 2.5500080338093531,1.9210561638060106 3.1648881297920792 2.805892788040703 2.9616127762615285,62.08731294609606,0.06973001826554537,0.2432503653690219,62.15704296436161,0.02013266831636429
e1-v2,N20_i08_Aheur_s46,20,4,8,eeddddb9f28e,Aheur,20.999999999960252,0.25486519640173555,82.3964993904411,0.7581042167069958,20.999999999960252,46,lightning_gpu,single,2,100,adam_0.03,0.03,0.015826303560136257,2.6300747327823766,4845,2023-08-06,2026-08-05,ok,,1000,327,914,589984,4,True,-335.96829226271024,0.0317077366537859,-335.9682922627102,True,0.327,589984,0.0317077366537859,0.006038396132131406,4.72683963621111e-05,2,1,False,True,True,1.3252186059268398,0.24919954540728131,0.18728951155473247,1,0,1.4188839643837643,127.74700639033311,335.9841736958039,0.9999996087538467,0.3280160788090143,7.266302418429404e-05,0.00021952255337964743,0.0007308548883884214,0.9797757387446251,1.6295578141559512,0.002193058245953061,0.0007263926916968311,0.021715415616366585,0.007240228766552281,0.1971172992501664,0.07008831924048087,0.88869337735521,0.5164771195658416,1.000000074812636,0.09257043963953038,1.873013752629049e-05,5.607071580016054e-05,0.00018695082508202177,9.001503382713324,68.40518929225695,0.0005605657025207211,0.00018728558923908345,0.005591537616527309,0.0018712782653002025,0.054529212603476984,0.01855599069287095,0.4292037015321776,0.17080765427218825,127.00977604882472,-6.553535461425781,-6.558271408081055,-6.553535461425781,99,-1.3741581439971924,-6.553535461425781,100,100,2.8450397427097829 0.24261512621431053 0.85630314278475539 1.9536009066557216,1.971358823267481 -1.6275515091105814 1.5788109486638808 2.0707232355856653,61.699164720252156,0.06922298762947321,0.2524870606139302,61.76838770788163,0.018121530301868916
e1-v2,N20_i08_Amargin_s42,20,4,8,eeddddb9f28e,Amargin,0.7581042167069958,0.25486519640173555,2.974530172852716,0.7581042167069958,20.999999999960252,42,lightning_gpu,single,2,100,adam_0.03,0.03,0.015826303560136257,2.6300747327823766,4845,2023-08-06,2026-08-05,ok,,1000,413,823,589953,4,True,-12.087399052459062,0.04226841485287103,-12.087399052459062,True,0.413,589953,0.04226841485287103,0.010053749029694473,0.0021828015519847993,4,1,False,False,True,1.2276583056461472,0.21760654297705515,0.17643878755257533,0,0,1.4188839643837643,4.605892377414109,12.113841163751797,0.9999987413875921,0.40007307545965887,2.408405089227017e-05,6.782896889490075e-05,0.00022340051509672776,1.4842257496223623,5.676082381528424,0.0006780826917864857,0.00024081440873113813,0.006760173460919727,0.0024055361413551912,0.0655818747770951,0.023796627602516995,0.4925274680839844,0.21403530838928686,0.9999981131041056,0.015475927174819493,2.5583758542779833e-06,5.586854513239814e-06,2.6144056846533203e-05,5.971266177385239,39.08554031455536,5.5867140570819984e-05,2.558346400682865e-05,0.0005585309754481127,0.00025580518896461957,0.005571292584292342,0.002555109264159139,0.0543367078029211,0.025259299216698894,5.558401349305171,-5.840118408203125,-5.840176582336426,-5.840118408203125,99,-5.837442398071289,-5.840118408203125,100,100,2.4314546363447995 1.3787772821439981 2.6973649175810768 2.1908462769412909,1.3042566205389401 0.93509144689639268 2.6297419271978759 1.9932015503247837,61.9788462780416,0.06927280407398939,0.2433417346328497,62.04811908211559,0.020069357007741928
e1-v2,N20_i08_Amargin_s43,20,4,8,eeddddb9f28e,Amargin,0.7581042167069958,0.25486519640173555,2.974530172852716,0.7581042167069958,20.999999999960252,43,lightning_gpu,single,2,100,adam_0.03,0.03,0.015826303560136257,2.6300747327823766,4845,2023-08-06,2026-08-05,ok,,1000,12,999,533536,4,True,-11.70340101179714,0.4262664555147928,-11.70340101179714,True,0.012,533536,0.4262664555147928,0.15605645985597097,0.03388191626474476,219,1,False,False,False,0.9806419220844947,0.2025910602781635,0.20557051023237194,0,0,1.4188839643837643,4.605892377414109,12.113841163751797,1.0000007455718758,0.008683534354418043,1.806748400667857e-06,5.376332410378382e-06,1.7908460336002463e-05,5.540568516416481,28.792839739416365,5.3762023399683834e-05,1.806733711207098e-05,0.000537490186659717,0.0001806586825384704,0.0053619201759804724,0.001805118842531428,0.05234376957804732,0.017905261596465327,0.999998314413429,0.15843539742490975,4.892209472018294e-05,0.00015604167492710985,0.000520041176059749,5.641818475019356,36.455961582519194,0.0015593214998875782,0.0004891132595404857,0.015484251976099483,0.004880381194635519,0.14448688084627337,0.04774582706134789,0.7899770580727328,0.3869034886734004,5.558401349305171,-1.95756196975708,-1.957555890083313,-1.957568645477295,98,-1.9565021991729736,-1.957568645477295,100,100,2.0492585716432195 0.13752423515278736 0.062924802978478217 2.6364640840167701,2.1087377559796217 -0.024715344151136076 0.13224974147627558 2.7543407141738512,61.82887198403478,0.0697612902149558,0.2451774701476097,61.89863327424973,0.017818032763898373
e1-v2,N20_i08_Amargin_s44,20,4,8,eeddddb9f28e,Amargin,0.7581042167069958,0.25486519640173555,2.974530172852716,0.7581042167069958,20.999999999960252,44,lightning_gpu,single,2,100,adam_0.03,0.03,0.015826303560136257,2.6300747327823766,4845,2023-08-06,2026-08-05,ok,,1000,270,906,589954,4,True,-12.020662750889192,0.10900471642274034,-12.020662750889194,True,0.27,589954,0.10900471642274034,0.035428047614460716,0.007691896534141583,7,1,False,False,True,1.2941029755942717,0.2549822733179254,0.19626125440387995,0,0,1.4188839643837643,4.605892377414109,12.113841163751797,1.0000012063514667,0.25997270824882435,4.727410851046443e-05,0.00014060281682759523,0.0004709050917881541,1.295547715465901,3.417753941926335,0.0014051388899012363,0.0004726405299214642,0.013962872312575314,0.004716365450495363,0.13117425927084658,0.04617515590318633,0.754909322165599,0.37671553524485724,1.000000471198348,0.08813803208067839,2.0950617908965796e-05,6.437106821977068e-05,0.00021494342036021408,3.999824630750713,22.6666948823721,0.0006435242506526162,0.00020948642841556175,0.006416638894605531,0.0020928905815713605,0.06234494248012401,0.020732893273605724,0.4746714492935086,0.18901715157291465,5.558401349305171,-6.182110786437988,-6.182140350341797,-6.182203769683838,77,-6.1521430015563965,-6.182203769683838,100,100,0.38505090477492371 0.8108861395016167 1.274766337564649 3.0447811714676671,0.85358819146154752 0.8523219878397218 1.1001038705142794 3.2604317600327613,61.811024780385196,0.06895703729242086,0.33539934176951647,61.87998181767762,0.0200666356831789
e1-v2,N20_i08_Amargin_s45,20,4,8,eeddddb9f28e,Amargin,0.7581042167069958,0.25486519640173555,2.974530172852716,0.7581042167069958,20.999999999960252,45,lightning_gpu,single,2,100,adam_0.03,0.03,0.015826303560136257,2.6300747327823766,4845,2023-08-06,2026-08-05,ok,,1000,45,969,524836,4,True,-11.541801507752938,0.5878659595589949,-11.54180150775294,True,0.045,524836,0.5878659595589949,0.21749939226772216,0.047221987498942186,586,1,False,False,False,0.9548005785942847,0.21276916296609438,0.22179412928076958,0,0,1.4188839643837643,4.605892377414109,12.113841163751797,0.9999992381621686,0.0466364882374819,3.7892250475124456e-06,1.1248009286646266e-05,3.969201293330116e-05,5.046875999583984,27.838810460696294,0.00011247439974015894,3.7891604361517395e-05,0.0011241748960337805,0.00037885144032701046,0.011185049495249455,0.0037820621454366377,0.1063854290474785,0.03718339077996946,1.0000017382802397,0.029373301618420555,1.4517186173179653e-05,5.03214096170268e-05,0.00016764093470555963,8.361073517125519,64.95125979353068,0.0005031001604680618,0.00014516237840767054,0.005019626932267651,0.0014506759058242613,0.04907746468183638,0.014412423750384429,0.395423313639675,0.13512726970777522,5.558401349305171,-2.1754977703094482,-2.1764862537384033,-2.176126718521118,92,-1.3813459873199463,-2.176126718521118,100,100,1.8005430614133757 1.660303899153966 2.3990779832738145 2.5500080338093531,2.0371571105962363 3.3129495924855923 2.7878727745211038 2.9834707484519565,61.65793633274734,0.06955164019018412,0.24492395110428333,61.727487972937524,0.017858680337667465
e1-v2,N20_i08_Amargin_s46,20,4,8,eeddddb9f28e,Amargin,0.7581042167069958,0.25486519640173555,2.974530172852716,0.7581042167069958,20.999999999960252,46,lightning_gpu,single,2,100,adam_0.03,0.03,0.015826303560136257,2.6300747327823766,4845,2023-08-06,2026-08-05,ok,,1000,366,942,589954,4,True,-12.020662750889192,0.10900471642274034,-12.020662750889194,True,0.366,589954,0.10900471642274034,0.035428047614460716,0.007691896534141583,7,1,False,False,True,1.2941029755942717,0.2549822733179254,0.19626125440387995,0,0,1.4188839643837643,4.605892377414109,12.113841163751797,0.9999993320646785,0.3459894726147468,5.019971649744548e-05,0.00014503609781968407,0.00048763120503281243,1.5482524725577484,3.9857343776109495,0.001449414748077027,0.0005018837796344489,0.01439997580773611,0.005007518023436575,0.1350180303230416,0.048961731093350114,0.7655390350491679,0.3946871005378122,1.000000695265615,0.04722252128931359,1.1586286746023688e-05,3.937221026717452e-05,0.00012860500282840803,8.700541202618375,62.50214720996576,0.00039365235230293116,0.00011585682675507858,0.003929557540284456,0.0011579644279336998,0.03860794291046443,0.01151949055273882,0.3254637449174772,0.1094032529827772,5.558401349305171,-6.060609340667725,-6.059200763702393,-6.071941375732422,94,-2.67663311958313,-6.071941375732422,100,100,2.8450397427097829 0.24261512621431053 0.85630314278475539 1.9536009066557216,1.3447304327656737 0.46351160753110293 0.99732758088883156 2.466490679662952,61.97261466272175,0.06937170960009098,0.25168028101325035,62.041986372321844,0.020063631236553192
e1-v2,N20_i09_Aheur_s42,20,4,9,86b8495c91a6,Aheur,20.999999999972246,0.3481466588683092,60.31940696554482,0.9087500716279011,20.999999999972246,42,lightning_gpu,single,2,100,adam_0.03,0.03,0.5045578573310119,2.4472390029399893,4845,2023-08-06,2026-08-05,ok,,1000,36,963,540690,4,True,-335.0324393649045,0.9675606346514403,-335.03243936490446,True,0.036,540690,0.9675606346514403,0.18919393519153635,0.001380056832856018,231,1,False,False,False,1.1705956811771718,0.260606419718324,0.2217729177483887,0,0,1.428075222224571,137.09140861974564,335.49544214222493,1.0000008135934486,0.03739259687836238,7.72915609559277e-06,2.3187212718767114e-05,0.00010819415729201864,9.159568966274385,35.60280414350572,0.00023184793457609043,7.728887271796214e-05,0.002316061934755198,0.0007726199719313431,0.022920717734372764,0.007699392616687839,0.20695460588686232,0.07438033685758816,0.999997804952705,0.0003427370910805981,3.2819535533690214e-08,1.0230263569610543e-07,4.3619848155707075e-07,10.822918764077176,45.56282871353885,1.0230258860044472e-06,3.2819530682015596e-07,1.0230211763939678e-05,3.281948221633968e-06,0.00010229740819234223,3.281899751716999e-05,0.0010225032961744818,0.00032814151051641094,127.50323123206276,-0.9056073427200317,-0.9056063890457153,-0.9056276679039001,94,-0.899724006652832,-0.9056276679039001,100,100,2.4314546363447995 1.3787772821439981 2.6973649175810768 2.1908462769412909,2.5590884757161736 1.6850586938463354 2.8733971370673452 2.0186988112871398,61.98081908095628,0.06949012354016304,0.3410157086327672,62.05030920449644,0.017154373228549957
e1-v2,N20_i09_Aheur_s43,20,4,9,86b8495c91a6,Aheur,20.999999999972246,0.3481466588683092,60.31940696554482,0.9087500716279011,20.999999999972246,43,lightning_gpu,single,2,100,adam_0.03,0.03,0.5045578573310119,2.4472390029399893,4845,2023-08-06,2026-08-05,ok,,1000,5,999,532486,4,True,-334.66365621519964,1.3363437843563222,-334.6636562151996,True,0.005,532486,1.3363437843563222,0.33988749199650903,0.0024792763851399667,1160,1,False,False,False,1.6620845298870002,0.4589805846789119,0.27554590422067676,0,0,1.428075222224571,137.09140861974564,335.49544214222493,1.0000040238837329,0.0041189133145849155,8.424180464317033e-07,2.527150797959621e-06,1.1800182676324766e-05,9.195080639912874,30.33226980663143,2.52712205894845e-05,8.42414852930684e-06,0.0002526834692743174,8.423829188242138e-05,0.0025239634258121812,0.000842063666503301,0.0249548875859964,0.008388800004698327,1.0000002473571419,0.11040846657124348,2.3283359041670337e-05,6.985166692174971e-05,0.0003254989733250113,9.846629488177058,43.10772075359888,0.0006982971436196861,0.00023280919676493816,0.006961069396117181,0.0023256544757326303,0.0674701401248925,0.02301465798119895,0.502689682593404,0.2077167411394636,127.50323123206276,-1.7734071016311646,-1.7734113931655884,-1.7734071016311646,99,-1.7723782062530518,-1.7734071016311646,100,100,2.0492585716432195 0.13752423515278736 0.062924802978478217 2.6364640840167701,1.9636136191240043 -0.021720441605452303 0.11876361078110145 2.7957211562698703,61.60396559536457,0.06925456132739782,0.24402498919516802,61.67322015669197,0.01988405268639326
e1-v2,N20_i09_Aheur_s44,20,4,9,86b8495c91a6,Aheur,20.999999999972246,0.3481466588683092,60.31940696554482,0.9087500716279011,20.999999999972246,44,lightning_gpu,single,2,100,adam_0.03,0.03,0.5045578573310119,2.4472390029399893,4845,2023-08-06,2026-08-05,ok,,1000,270,946,540689,4,True,-335.19480693497286,0.8051930645831055,-335.1948069349728,True,0.27,540689,0.8051930645831055,0.12284668840719097,0.0008960932683092809,68,1,False,False,False,0.7107658161836297,0.132246400213862,0.18465491337016393,0,0,1.428075222224571,137.09140861974564,335.49544214222493,0.9999989902379439,0.26345838738416205,5.38582717126701e-05,0.00016156981655512936,0.0007543405627075117,2.3938718990150036,3.756000498963558,0.001614523955285052,0.000538452203767803,0.016028442213750105,0.005371493868792099,0.1492039772322462,0.05243498041007966,0.8012740827065948,0.4164337071095774,1.0000016993548968,0.08716523714974755,1.820993384171743e-05,5.463655725179706e-05,0.0002548502816352993,6.074138977925146,22.11460337383801,0.0005462312601854924,0.00018208441706568657,0.005448905554029659,0.0018193529317891421,0.053172209630352185,0.018045297649823988,0.4209581352924191,0.16648284610548225,127.50323123206276,-6.203851699829102,-6.203862190246582,-6.203928470611572,88,-6.187404155731201,-6.203928470611572,100,100,0.38505090477492371 0.8108861395016167 1.274766337564649 3.0447811714676671,0.81426281759962216 0.70554652472011059 1.1167373388714468 3.2644552509904798,59.262061634100974,0.06376218609511852,0.23285086080431938,59.32582382019609,0.017073670402169228
e1-v2,N20_i09_Aheur_s45,20,4,9,86b8495c91a6,Aheur,20.999999999972246,0.3481466588683092,60.31940696554482,0.9087500716279011,20.999999999972246,45,lightning_gpu,single,2,100,adam_0.03,0.03,0.5045578573310119,2.4472390029399893,4845,2023-08-06,2026-08-05,ok,,1000,59,968,524337,4,True,-335.0765735888466,0.9234264107093586,-335.0765735888465,True,0.059,524337,0.9234264107093586,0.17115964271374362,0.0012485074333760332,176,1,False,False,False,0.6531788134785651,0.12680657306159648,0.1926066346083728,0,0,1.428075222224571,137.09140861974564,335.49544214222493,1.0000001460000938,0.04726016333552252,9.127395969699137e-06,2.7385784960642923e-05,0.00012833650816901354,7.937296917054057,27.781652525827493,0.0002738241029162092,9.127021086718923e-05,0.002734869407959084,0.0009123273385809316,0.027014559047668252,0.009085909011822157,0.23956268717901652,0.08723276510916222,1.0000002592114825,0.03169350865755405,5.513573796633864e-06,1.6519840301043587e-05,7.779276074870722e-05,12.51657005917449,57.56627622198462,0.00016518612282090395,5.513437000914667e-05,0.001650633878450769,0.000551206929257031,0.016384270256148636,0.005498417061371996,0.15227566064357534,0.0536434611410147,127.50323123206276,-2.201368808746338,-2.2033402919769287,-2.2132010459899902,79,-1.2559667825698853,-2.2132010459899902,100,100,1.8005430614133757 1.660303899153966 2.3990779832738145 2.5500080338093531,1.9225650802103922 3.1674192484169539 2.8055807378903945 2.9617256378306376,58.86117047909647,0.06418568454682827,0.23133657779544592,58.9253561636433,0.019802581518888474
e1-v2,N20_i09_Aheur_s46,20,4,9,86b8495c91a6,Aheur,20.999999999972246,0.3481466588683092,60.31940696554482,0.9087500716279011,20.999999999972246,46,lightning_gpu,single,2,100,adam_0.03,0.03,0.5045578573310119,2.4472390029399893,4845,2023-08-06,2026-08-05,ok,,1000,335,919,655873,4,True,-335.42377230128903,0.576227698266905,-335.423772301289,True,0.335,655873,0.576227698266905,0.029285999793968877,0.00021362388853411155,7,1,False,False,True,1.1648864732223094,0.2165671166343806,0.18505418475508498,0,0,1.428075222224571,137.09140861974564,335.49544214222493,0.9999979686100184,0.3307955012569437,7.657447713427246e-05,0.00022982361406320706,0.00106615213007899,1.5430292930911746,1.6327876305044309,0.002295860746518663,0.0007654809609415336,0.022722859872610135,0.007628495112855682,0.20534723041561753,0.07371879108973944,0.8995906828338338,0.535026140494532,0.9999994419207319,0.09150916194994352,1.8272403394803405e-05,5.4809355788165703e-05,0.0002562033841968514,14.148167734425467,68.36917200676862,0.0005479583946911282,0.00018270901004746598,0.00546609204338111,0.001825588615950391,0.05333581490390238,0.018106639124163548,0.421957901830021,0.16700338743484777,127.50323123206276,-6.554182529449463,-6.5602312088012695,-6.554182529449463,99,-1.356185793876648,-6.554182529449463,100,100,2.8450397427097829 0.24261512621431053 0.85630314278475539 1.9536009066557216,1.9817433680345613 -1.6243813931392814 1.5800342397075671 2.0716356254452251,58.84071617294103,0.06428994238376617,0.23275653459131718,58.905006115324795,0.01713025476783514
e1-v2,N20_i09_Amargin_s42,20,4,9,86b8495c91a6,Amargin,0.9087500716279011,0.3481466588683092,2.6102507333601817,0.9087500716279011,20.999999999972246,42,lightning_gpu,single,2,100,adam_0.03,0.03,0.5045578573310119,2.4472390029399893,4845,2023-08-06,2026-08-05,ok,,1000,335,803,925696,4,True,-13.681365661328968,0.8586354847174492,-13.68136566132897,True,0.335,925696,0.8586354847174492,0.14468453100047293,0.025227391832441673,115,1,False,False,False,1.3984986403420083,0.31497576006005296,0.22450916361511009,0,0,1.428075222224571,5.735215592696068,14.035443288715406,1.0000008041000779,0.3266297903865052,1.1210971024411265e-05,3.3949530916288495e-05,0.00016996822250803234,2.0917050220026896,5.564115475157692,0.00033944344817893324,0.0001121040545489782,0.003389254188905455,0.0011204751851613404,0.03338026921483506,0.011148424418269354,0.2878744665932429,0.10605438471911122,0.9999968914521113,0.013252598603630261,1.5189285704764188e-06,5.585593157775293e-06,3.480607585970574e-05,9.182524035158362,38.15892943371776,5.585452765033416e-05,1.518918188370133e-05,0.0005584049096400978,0.0001518814372514221,0.00557003824841007,0.0015177767341404413,0.05432477948544567,0.015074521719820044,6.9557316619966985,-5.951284885406494,-5.951385974884033,-5.951284885406494,99,-5.948660850524902,-5.951284885406494,100,100,2.4314546363447995 1.3787772821439981 2.6973649175810768 2.1908462769412909,1.2982881741096284 0.92077808180091103 2.6115575661444463 2.0051042142385156,58.949137665331364,0.06408690381795168,0.22912130504846573,59.013224569149315,0.01983216404914856
e1-v2,N20_i09_Amargin_s43,20,4,9,86b8495c91a6,Amargin,0.9087500716279011,0.3481466588683092,2.6102507333601817,0.9087500716279011,20.999999999972246,43,lightning_gpu,single,2,100,adam_0.03,0.03,0.5045578573310119,2.4472390029399893,4845,2023-08-06,2026-08-05,ok,,1000,7,998,532497,4,True,-13.811885611794319,0.7281155342520985,-13.811885611794317,True,0.007,532497,0.7281155342520985,0.09135097824630767,0.01592808095351207,39,1,False,False,False,1.217347931650074,0.24812770243371943,0.20300498814562093,0,0,1.428075222224571,5.735215592696068,14.035443288715406,1.0000016215984013,0.011110495525372244,2.2996514417172875e-06,6.887380322950776e-06,3.2014047519624e-05,8.621210837626464,28.310482800466687,6.887166864832928e-05,2.2996276440756525e-05,0.0006885032768770838,0.00022993896857415042,0.006863740232421756,0.0022970119072159845,0.06655575107212575,0.022734135732343397,0.999999250385701,0.16205996667486033,6.018773274263367e-05,0.00018080867448588833,0.000804033268650528,8.710142145246738,35.502728072460656,0.001806616323994703,0.000601714338244852,0.01791999477898798,0.006000876791235621,0.16541862098700544,0.058413955407461415,0.8360592543485824,0.45222761873106676,6.9557316619966985,-2.0409095287323,-2.0409202575683594,-2.0409257411956787,97,-2.0407447814941406,-2.0409257411956787,100,100,2.0492585716432195 0.13752423515278736 0.062924802978478217 2.6364640840167701,2.1239194727072914 -0.02590981985598673 0.13095079489296005 2.7481460113908391,58.45197746437043,0.06425346992909908,0.2311733402311802,58.51623093429953,0.017063550651073456
e1-v2,N20_i09_Amargin_s44,20,4,9,86b8495c91a6,Amargin,0.9087500716279011,0.3481466588683092,2.6102507333601817,0.9087500716279011,20.999999999972246,44,lightning_gpu,single,2,100,adam_0.03,0.03,0.5045578573310119,2.4472390029399893,4845,2023-08-06,2026-08-05,ok,,1000,266,895,786435,4,True,-13.926887983570232,0.6131131624761864,-13.926887983570232,True,0.266,786435,0.6131131624761864,0.0443582768232942,0.007734369546593071,12,1,False,False,True,1.4263404592867777,0.2909470522920553,0.20328039522698488,0,0,1.428075222224571,5.735215592696068,14.035443288715406,0.9999996902957113,0.25489650405870634,4.6225297410273924e-05,0.00013859668979421258,0.0006486247730208561,1.9507683844361754,3.369538365251071,0.0013851028104328034,0.00046215683093908666,0.013765013271869853,0.004611968643069453,0.12942929113938628,0.04517420221085933,0.7499421410331211,0.370143748795135,1.000001658237295,0.08838300981460634,2.291822420374956e-05,6.893306272104383e-05,0.00031913369639369193,6.324049867714823,22.621870874350208,0.0006891168369910217,0.0002291586074569807,0.0068698379018187206,0.002289224403033696,0.06661306120572019,0.022657853217256996,0.49810000241753805,0.20481848394107294,6.9557316619966985,-6.258326053619385,-6.25836706161499,-6.258482933044434,79,-6.2278733253479,-6.258482933044434,100,100,0.38505090477492371 0.8108861395016167 1.274766337564649 3.0447811714676671,0.85321496971693345 0.88396950602119129 1.0938694518803231 3.2605715268304158,58.83022941276431,0.06371928006410599,0.3220971133559942,58.89394869282842,0.019763518124818802
e1-v2,N20_i09_Amargin_s45,20,4,9,86b8495c91a6,Amargin,0.9087500716279011,0.3481466588683092,2.6102507333601817,0.9087500716279011,20.999999999972246,45,lightning_gpu,single,2,100,adam_0.03,0.03,0.5045578573310119,2.4472390029399893,4845,2023-08-06,2026-08-05,ok,,1000,54,960,524802,3,False,-13.357838553788246,0.27341252063027077,-13.357838553788245,True,0.054,656512,1.236693684945403,0.29916809381300324,0.052163356194316536,849,1,False,False,False,0.91601857379228,0.21206785997513591,0.23041875570418127,0,0,1.428075222224571,5.735215592696068,14.035443288715406,0.9999989102391913,0.052153500584836365,3.7779684589622775e-06,1.1379142733858316e-05,5.5883848517623846e-05,7.805298136244398,27.687406959666944,0.00011378560069541521,3.7779042309060706e-05,0.001137273561370944,0.0003777262030386641,0.011314709173732451,0.00377084802445804,0.10755650188627142,0.03707500396547048,1.000001284890195,0.04263649879771947,2.9376946258707903e-05,8.905098002287559e-05,0.00039581127020937856,13.357700817790834,65.78405352731465,0.000890153031490315,0.00029373063040549763,0.008865958064244062,0.002933426847834375,0.0852046915061927,0.02895005734920919,0.589569821293018,0.2545548913202621,6.9557316619966985,-2.2391300201416016,-2.239607810974121,-2.2391300201416016,99,-1.430843710899353,-2.2391300201416016,100,100,1.8005430614133757 1.660303899153966 2.3990779832738145 2.5500080338093531,2.0449137883341026 3.269524960027725 2.7807134075766968 2.9777274896854835,58.57601224724203,0.06365548260509968,0.2327529452741146,58.63966772984713,0.01710051205009222
e1-v2,N20_i09_Amargin_s46,20,4,9,86b8495c91a6,Amargin,0.9087500716279011,0.3481466588683092,2.6102507333601817,0.9087500716279011,20.999999999972246,46,lightning_gpu,single,2,100,adam_0.03,0.03,0.5045578573310119,2.4472390029399893,4845,2023-08-06,2026-08-05,ok,,1000,262,936,655363,4,True,-13.87550796040974,0.6644931856366776,-13.875507960409738,True,0.262,655363,0.6644931856366776,0.0653533750130361,0.011395103454570246,17,1,False,False,False,1.3231052462045458,0.2690775993009861,0.2026124528415199,0,0,1.428075222224571,5.735215592696068,14.035443288715406,1.0000009329895079,0.30824493619365967,3.56093114532996e-05,0.00010664135697879829,0.0005140638568263967,2.2483704979639514,3.7461173503296212,0.00106590195823697,0.0003560360589133227,0.010608038019890964,0.0035546617261809077,0.10115713062326548,0.03498337081916758,0.6557786728867137,0.29959704166411116,1.0000006869183167,0.04795737719769022,1.5587715097353794e-05,4.713384805654641e-05,0.00020578683506755624,13.4766322256136,62.16315912797659,0.0004712385211464998,0.0001558662174692138,0.004702404800155047,0.0015575693864685602,0.04604135629854411,0.015466975067090716,0.3758406589184302,0.14433673810240522,6.9557316619966985,-6.169264316558838,-6.166384696960449,-6.174767017364502,96,-2.569875717163086,-6.174767017364502,100,100,2.8450397427097829 0.24261512621431053 0.85630314278475539 1.9536009066557216,1.342692701238565 0.47847335249436995 0.99440214811309457 2.4839832661463896,58.600398366339505,0.06381650641560555,0.2300747698172927,58.66421487275511,0.019782396964728832
