spec_version,run_id,n_assets,n_select,instance,instance_digest,penalty_label,penalty,a_crit,a_over_crit,a_margin,a_heur,qaoa_seed,backend,precision,p_layers,steps,optimizer,stepsize,f_star,delta_F,feasible_set_size,data_start,data_end,status,error,shots,feasible_shots,distinct_shots,best_all_index,best_all_cardinality,best_all_feasible,best_all_E,best_all_f,energy_no_offset_solver,best_shot_scorer_agrees,feasible_shot_fraction,best_feasible_index,f_best_feasible,g_F,g_off,rank_best_feasible,rank_ties,is_optimal,within_tau_main,within_tau_alt,sharpe_best_feasible,return_best_feasible,volatility_best_feasible,shots_within_tau_main,shots_optimal,sharpe_optimum,deflation_D,abs_E_star,final_probs_sum,final_P_F,final_P_opt,final_P_tau_main,final_P_tau_alt,final_expected_f,final_expected_violation,final_Q_tau_main_10,final_Q_opt_10,final_Q_tau_main_100,final_Q_opt_100,final_Q_tau_main_1000,final_Q_opt_1000,final_Q_tau_main_10000,final_Q_opt_10000,initial_probs_sum,initial_P_F,initial_P_opt,initial_P_tau_main,initial_P_tau_alt,initial_expected_f,initial_expected_violation,initial_Q_tau_main_10,initial_Q_opt_10,initial_Q_tau_main_100,initial_Q_opt_100,initial_Q_tau_main_1000,initial_Q_opt_1000,initial_Q_tau_main_10000,initial_Q_opt_10000,hamiltonian_scale,final_expectation,expectation_at_final_angles,best_expectation,best_expectation_step,best_expectation_by_50,best_expectation_by_100,objective_evaluations,gradient_evaluations,initial_angles,final_angles,optimisation_seconds,sampling_seconds,state_seconds,runtime_s,evaluation_seconds
e1-v2,N12_i00_Aheur_s42,12,2,0,941157873a8b,Aheur,12.999999999971976,0.0,,0.20555792108109197,12.999999999971976,42,lightning_gpu,single,2,50,adam_0.1,0.1,-0.3548965650544149,1.139673185930773,66,2020-08-05,2023-08-05,ok,,1000,207,635,6,2,True,-52.35489656494232,-0.3548965650544149,-52.35489656494232,True,0.207,6,-0.3548965650544149,0.0,0.0,1,1,True,True,True,1.760716408795367,0.3189832742587254,0.18059880209572232,4,4,1.760716408795367,45.93851747260685,52.35489656494232,0.9999989308817021,0.18482168158516288,0.0025509577244520187,0.0025509577244520187,0.0025509577244520187,2.019676249496413,12.920025722349237,0.025218728047752825,0.025218728047752825,0.22541021241835535,0.22541021241835535,0.9222469080658029,0.9222469080658029,0.9999999999919243,0.9999999999919243,0.9999993361470843,0.11443603516090661,0.0016403807094320655,0.0016403807094320655,0.0016403807094320655,2.555319013755314,17.41623457895912,0.016283247059524775,0.016283247059524775,0.15140459472210188,0.15140459472210188,0.8063547896794852,0.8063547896794852,0.999999925857437,0.999999925857437,52.84184913432561,-1.5147019624710083,-1.5152530670166016,-1.515040397644043,48,-1.515040397644043,-1.515040397644043,50,50,2.4314546363447995 1.3787772821439981 2.6973649175810768 2.1908462769412909,2.260136787339992 1.3979701311829245 2.797489724593798 2.0853986253470822,10.571719579398632,0.033639946952462196,0.08459448907524347,10.605359526351094,0.0015437882393598557
e1-v2,N12_i00_Aheur_s43,12,2,0,941157873a8b,Aheur,12.999999999971976,0.0,,0.20555792108109197,12.999999999971976,43,lightning_gpu,single,2,50,adam_0.1,0.1,-0.3548965650544149,1.139673185930773,66,2020-08-05,2023-08-05,ok,,1000,6,836,12,2,True,-52.24835122023153,-0.248351220343624,-52.24835122023153,True,0.006,12,-0.248351220343624,0.09348762963460894,0.002035059788125632,5,1,False,False,False,1.6584039262496015,0.39419419953848867,0.23709193720234242,0,0,1.760716408795367,45.93851747260685,52.35489656494232,1.000000774194632,0.009896412637317553,0.00014947801537346095,0.00014947801537346095,0.00014947801537346095,2.6244706217305174,15.58708475518506,0.0014937750889477686,0.0014937750889477686,0.014837738443744697,0.014837738443744697,0.13885225158141,0.13885225158141,0.7757271489293813,0.7757271489293813,0.9999989910571685,0.2205490842461586,0.0033397129736840725,0.0033397129736840725,0.0033397129736840725,3.116710099931444,21.78990317690659,0.03289965800455574,0.03289965800455574,0.2843257876782901,0.2843257876782901,0.9647504410881625,0.9647504410881625,0.999999999999997,0.999999999999997,52.84184913432561,-0.8476840853691101,-0.847674548625946,-0.8495908379554749,44,-0.8495908379554749,-0.8495908379554749,50,50,2.0492585716432195 0.13752423515278736 0.062924802978478217 2.6364640840167701,1.8357395962915077 0.001142233777503175 -0.04560367591723493 2.9846517591695512,10.198489487171173,0.028980051167309284,0.07648345548659563,10.227469538338482,0.001445060595870018
e1-v2,N12_i00_Aheur_s44,12,2,0,941157873a8b,Aheur,12.999999999971976,0.0,,0.20555792108109197,12.999999999971976,44,lightning_gpu,single,2,50,adam_0.1,0.1,-0.3548965650544149,1.139673185930773,66,2020-08-05,2023-08-05,ok,,1000,513,247,6,2,True,-52.35489656494232,-0.3548965650544149,-52.35489656494232,True,0.513,6,-0.3548965650544149,0.0,0.0,1,1,True,True,True,1.760716408795367,0.3189832742587254,0.18059880209572232,11,11,1.760716408795367,45.93851747260685,52.35489656494232,0.9999986596950843,0.5042230244725943,0.007742720656096935,0.007742720656096935,0.007742720656096935,0.21719644464174748,0.6072277175994749,0.07478442212785108,0.07478442212785108,0.5403477780327192,0.5403477780327192,0.9995789888105728,0.9995789888105728,1.0,1.0,1.0000014593388187,0.11908310430590063,0.0018416058737784624,0.0018416058737784624,0.0018416058737784624,1.7931829572681923,11.775300581371994,0.018264187778328278,0.018264187778328278,0.16833899863170454,0.16833899863170454,0.841706395602889,0.841706395602889,0.9999999901228037,0.9999999901228037,52.84184913432561,-4.581949710845947,-4.578514575958252,-4.581949710845947,49,-4.581949710845947,-4.581949710845947,50,50,0.38505090477492371 0.8108861395016167 1.274766337564649 3.0447811714676671,0.28683925167194035 0.84965269902883334 0.43928352125418763 3.3391921474951798,10.019613948650658,0.028678865171968937,0.0792641518637538,10.048292813822627,0.0013897484168410301
e1-v2,N12_i00_Aheur_s45,12,2,0,941157873a8b,Aheur,12.999999999971976,0.0,,0.20555792108109197,12.999999999971976,45,lightning_gpu,single,2,50,adam_0.1,0.1,-0.3548965650544149,1.139673185930773,66,2020-08-05,2023-08-05,ok,,1000,130,544,6,2,True,-52.35489656494232,-0.3548965650544149,-52.35489656494232,True,0.13,6,-0.3548965650544149,0.0,0.0,1,1,True,True,True,1.760716408795367,0.3189832742587254,0.18059880209572232,1,1,1.760716408795367,45.93851747260685,52.35489656494232,1.0000006595082027,0.13790830376092345,0.002584324683994055,0.002584324683994055,0.002584324683994055,1.63498698093079,10.593155064582788,0.02554476567059971,0.02554476567059971,0.22799710699947728,0.22799710699947728,0.9248049455546817,0.9248049455546817,0.9999999999942205,0.9999999999942205,1.000000475136403,0.06467064225580543,0.0010094873141497374,0.0010094873141497374,0.0010094873141497374,3.477709863843618,24.76076112597184,0.010049138462932428,0.010049138462932428,0.09606671307630643,0.09606671307630643,0.6357799968403051,0.6357799968403051,0.9999589192902748,0.9999589192902748,52.84184913432561,-2.0959701538085938,-2.094989538192749,-2.1127355098724365,46,-2.1127355098724365,-2.1127355098724365,50,50,1.8005430614133757 1.660303899153966 2.3990779832738145 2.5500080338093531,1.6068241694087615 2.5077033279417269 2.6626082810942959 2.4421764679936606,10.200403288938105,0.02860981971025467,0.08026817720383406,10.22901310864836,0.0013864841312170029
e1-v2,N12_i00_Aheur_s46,12,2,0,941157873a8b,Aheur,12.999999999971976,0.0,,0.20555792108109197,12.999999999971976,46,lightning_gpu,single,2,50,adam_0.1,0.1,-0.3548965650544149,1.139673185930773,66,2020-08-05,2023-08-05,ok,,1000,318,296,6,2,True,-52.35489656494232,-0.3548965650544149,-52.35489656494232,True,0.318,6,-0.3548965650544149,0.0,0.0,1,1,True,True,True,1.760716408795367,0.3189832742587254,0.18059880209572232,5,5,1.760716408795367,45.93851747260685,52.35489656494232,0.9999995664621792,0.3170041972771287,0.0046900417655706406,0.0046900417655706406,0.0046900417655706406,0.261946730132132,1.559972840262276,0.04592285422422526,0.04592285422422526,0.3750648859170429,0.3750648859170429,0.9909144907159675,0.9909144907159675,1.0,1.0,1.0000001686112228,0.011746741802198812,0.00018072208331432194,0.00018072208331432194,0.00018072208331432194,3.9388452438538213,28.397068925552958,0.0018057518200025324,0.0018057518200025324,0.0179114892588369,0.0179114892588369,0.16534633741174676,0.16534633741174676,0.8359172089688591,0.8359172089688591,52.84184913432561,-4.294651508331299,-4.3432817459106445,-4.294651508331299,49,-4.294651508331299,-4.294651508331299,50,50,2.8450397427097829 0.24261512621431053 0.85630314278475539 1.9536009066557216,1.8695995410686026 -2.097445971162549 1.5640321159624986 1.9590087312393711,10.189940936863422,0.02859424240887165,0.07533667609095573,10.218535179272294,0.0013807620853185654
e1-v2,N12_i00_Amargin_s42,12,2,0,941157873a8b,Amargin,0.20555792108109197,0.0,,0.20555792108109197,12.999999999971976,42,lightning_gpu,single,2,50,adam_0.1,0.1,-0.3548965650544149,1.139673185930773,66,2020-08-05,2023-08-05,ok,,1000,254,149,6,2,True,-1.1771282493787827,-0.3548965650544149,-1.1771282493787827,True,0.254,6,-0.3548965650544149,0.0,0.0,1,1,True,True,True,1.760716408795367,0.3189832742587254,0.18059880209572232,8,8,1.760716408795367,1.0328647404452358,1.1771282493787827,1.000000373512855,0.26639930391684175,0.00817553699016571,0.00817553699016571,0.00817553699016571,0.04675794448853582,1.4192764173193932,0.07881224140202381,0.07881224140202381,0.5599707146310048,0.5599707146310048,0.9997278453171277,0.9997278453171277,1.0,1.0,0.999999004417468,0.18842985720038996,0.004621531348675489,0.004621531348675489,0.004621531348675489,2.148804236201435,11.680595536946655,0.04526592848238986,0.04526592848238986,0.3707485648398581,0.3707485648398581,0.990267102553004,0.990267102553004,1.0,1.0,1.6640808187620773,-3.971714973449707,-3.9759058952331543,-3.9962940216064453,43,-3.9962940216064453,-3.9962940216064453,50,50,2.4314546363447995 1.3787772821439981 2.6973649175810768 2.1908462769412909,0.30027447969214666 0.73043897116563528 2.0671238268698042 1.2920807732044568,10.223749672994018,0.028825070708990097,0.08000521454960108,10.252574743703008,0.0013213204219937325
e1-v2,N12_i00_Amargin_s43,12,2,0,941157873a8b,Amargin,0.20555792108109197,0.0,,0.20555792108109197,12.999999999971976,43,lightning_gpu,single,2,50,adam_0.1,0.1,-0.3548965650544149,1.139673185930773,66,2020-08-05,2023-08-05,ok,,1000,180,567,6,2,True,-1.1771282493787827,-0.3548965650544149,-1.1771282493787827,True,0.18,6,-0.3548965650544149,0.0,0.0,1,1,True,True,True,1.760716408795367,0.3189832742587254,0.18059880209572232,16,16,1.760716408795367,1.0328647404452358,1.1771282493787827,1.0000000600430212,0.18856108124600723,0.019464727491140366,0.019464727491140366,0.019464727491140366,1.4575496584091219,10.012457208100216,0.1784533854564636,0.1784533854564636,0.8599374260004579,0.8599374260004579,0.9999999970944989,0.9999999970944989,1.0,1.0,0.9999997695236984,0.04672662614029832,0.0027369754388928413,0.0027369754388928413,0.0027369754388928413,2.5454879593125606,17.698139785506456,0.027035106421688937,0.027035106421688937,0.23972326003512512,0.23972326003512512,0.9354766305978217,0.9354766305978217,0.9999999999987492,0.9999999999987492,1.6640808187620773,-1.6895157098770142,-2.0666322708129883,-1.6895157098770142,49,-1.6895157098770142,-1.6895157098770142,50,50,2.0492585716432195 0.13752423515278736 0.062924802978478217 2.6364640840167701,2.044602196197546 0.78958934909147205 -0.34473939343639365 2.8371970224579277,10.059350491501391,0.028396177105605602,0.0760167483240366,10.087746668606997,0.0013135764747858047
e1-v2,N12_i00_Amargin_s44,12,2,0,941157873a8b,Amargin,0.20555792108109197,0.0,,0.20555792108109197,12.999999999971976,44,lightning_gpu,single,2,50,adam_0.1,0.1,-0.3548965650544149,1.139673185930773,66,2020-08-05,2023-08-05,ok,,1000,445,160,6,2,True,-1.1771282493787827,-0.3548965650544149,-1.1771282493787827,True,0.445,6,-0.3548965650544149,0.0,0.0,1,1,True,True,True,1.760716408795367,0.3189832742587254,0.18059880209572232,22,22,1.760716408795367,1.0328647404452358,1.1771282493787827,0.9999980783886215,0.44243546086363494,0.017178120091557503,0.017178120091557503,0.017178120091557503,0.03307630218527146,0.8325034695753146,0.15909262140223768,0.15909262140223768,0.8232002557593509,0.8232002557593509,0.9999999701587972,0.9999999701587972,1.0,1.0,1.0000007473718142,0.12034541007597,0.0033689578995108604,0.0033689578995108604,0.0033689578995108604,1.9885397046336473,12.958567591143947,0.03318339604330267,0.03318339604330267,0.28642273772083193,0.28642273772083193,0.9657697531932826,0.9657697531932826,0.9999999999999978,0.9999999999999978,1.6640808187620773,-4.054803371429443,-4.056600093841553,-4.057791233062744,45,-4.057791233062744,-4.057791233062744,50,50,0.38505090477492371 0.8108861395016167 1.274766337564649 3.0447811714676671,0.32735279543047147 1.1487341243814639 0.5675657259100978 3.399303910939504,10.250231665559113,0.02914226707071066,0.08057568781077862,10.279373932629824,0.0014939187094569206
e1-v2,N12_i00_Amargin_s45,12,2,0,941157873a8b,Amargin,0.20555792108109197,0.0,,0.20555792108109197,12.999999999971976,45,lightning_gpu,single,2,50,adam_0.1,0.1,-0.3548965650544149,1.139673185930773,66,2020-08-05,2023-08-05,ok,,1000,407,209,6,2,True,-1.1771282493787827,-0.3548965650544149,-1.1771282493787827,True,0.407,6,-0.3548965650544149,0.0,0.0,1,1,True,True,True,1.760716408795367,0.3189832742587254,0.18059880209572232,8,8,1.760716408795367,1.0328647404452358,1.1771282493787827,1.0000000363369281,0.40718413214199245,0.011309261433780193,0.011309261433780193,0.011309261433780193,0.15586771677610095,1.2582134301860748,0.10750732627197945,0.10750732627197945,0.679338663960882,0.679338663960882,0.9999885061380321,0.9999885061380321,1.0,1.0,1.000000471486608,0.1116514183813706,0.006391134113073349,0.006391134113073349,0.006391134113073349,4.639010217644888,31.615624706716112,0.0621042233721909,0.0621042233721909,0.4733212426317178,0.4733212426317178,0.9983576790901408,0.9983576790901408,1.0,1.0,1.6640808187620773,-3.9302008152008057,-3.930232524871826,-3.9302008152008057,49,-3.9302008152008057,-3.9302008152008057,50,50,1.8005430614133757 1.660303899153966 2.3990779832738145 2.5500080338093531,0.68963842415885135 3.0031335003737052 2.0987683213149171 1.5786637484677233,10.18782779108733,0.03118909802287817,0.07991603016853333,10.219016889110208,0.001249217428267002
e1-v2,N12_i00_Amargin_s46,12,2,0,941157873a8b,Amargin,0.20555792108109197,0.0,,0.20555792108109197,12.999999999971976,46,lightning_gpu,single,2,50,adam_0.1,0.1,-0.3548965650544149,1.139673185930773,66,2020-08-05,2023-08-05,ok,,1000,393,192,6,2,True,-1.1771282493787827,-0.3548965650544149,-1.1771282493787827,True,0.393,6,-0.3548965650544149,0.0,0.0,1,1,True,True,True,1.760716408795367,0.3189832742587254,0.18059880209572232,83,83,1.760716408795367,1.0328647404452358,1.1771282493787827,0.9999984119908186,0.3823631797567941,0.0707123875617981,0.0707123875617981,0.0707123875617981,-0.012555663266911599,1.0975005640134037,0.5197122833655881,0.5197122833655881,0.9993468471940369,0.9993468471940369,1.0,1.0,1.0,1.0,1.000000255745924,0.1255848010769114,0.009308460168540478,0.009308460168540478,0.009308460168540478,3.2309502895050777,18.885486289435192,0.0892806946445055,0.0892806946445055,0.6074947879074573,0.6074947879074573,0.9999132130789078,0.9999132130789078,1.0,1.0,1.6640808187620773,-4.0408244132995605,-4.0512871742248535,-4.0408244132995605,49,-4.0408244132995605,-4.0408244132995605,50,50,2.8450397427097829 0.24261512621431053 0.85630314278475539 1.9536009066557216,1.0802360588625735 -1.4280266863948787 1.5975962589673596 0.62002826377594389,10.049714040011168,0.028708984144032,0.07539560832083225,10.0784230241552,0.0013470826670527458
e1-v2,N12_i01_Aheur_s42,12,2,1,3798cace2ea7,Aheur,12.999999999973573,0.19749556519681472,65.82426287404677,0.39399708493223695,12.999999999973573,42,lightning_gpu,single,2,50,adam_0.1,0.1,0.09217873609211846,0.87035666778487,66,2020-08-05,2023-08-05,ok,,1000,194,631,130,2,True,-51.90782126380218,0.09217873609211846,-51.90782126380218,True,0.194,130,0.09217873609211846,0.0,0.0,1,1,True,True,True,1.5040082686149032,0.3594980781783996,0.2383617734419464,4,4,1.5040082686149032,59.63971229853606,51.90782126380218,0.9999993684123183,0.17846607486717403,0.002600359031930566,0.002600359031930566,0.010385957080870867,3.17449747252469,12.882296639272681,0.02570140672199317,0.02570140672199317,0.22923718354395728,0.22923718354395728,0.9260041181518083,0.9260041181518083,0.9999999999950787,0.9999999999950787,0.9999992892153386,0.11479730240534991,0.0016766171902418137,0.0016766171902418137,0.006749513442628086,3.9292219095732115,17.541265243067755,0.016640238777824834,0.016640238777824834,0.15447913106088051,0.15447913106088051,0.8132574382663922,0.8132574382663922,0.9999999484257261,0.9999999484257261,52.89683061126275,-1.5336122512817383,-1.5328444242477417,-1.5342402458190918,48,-1.5342402458190918,-1.5342402458190918,50,50,2.4314546363447995 1.3787772821439981 2.6973649175810768 2.1908462769412909,2.2546066582693198 1.3962636375019561 2.7960530422055094 2.0871389312272957,10.155299134552479,0.028417857363820076,0.08008126448839903,10.183716991916299,0.0012711873278021812
e1-v2,N12_i01_Aheur_s43,12,2,1,3798cace2ea7,Aheur,12.999999999973573,0.19749556519681472,65.82426287404677,0.39399708493223695,12.999999999973573,43,lightning_gpu,single,2,50,adam_0.1,0.1,0.09217873609211846,0.87035666778487,66,2020-08-05,2023-08-05,ok,,1000,11,841,136,2,True,-51.83821737627291,0.1617826236213875,-51.838217376272894,True,0.011,136,0.1617826236213875,0.0799716829956812,0.001340913292729687,5,1,False,False,False,1.6098281186715862,0.4313414951133403,0.26732139296240753,0,0,1.5040082686149032,59.63971229853606,51.90782126380218,1.0000007811831892,0.009940286123310216,0.00014950153126847,0.00014950153126847,0.0005984551680739969,4.1358191634469375,15.562383604235947,0.0014940099317023448,0.0014940099317023448,0.014840055484625192,0.014840055484625192,0.1388725050309928,0.1388725050309928,0.7757798903803251,0.7757798903803251,1.0000000510822247,0.22307666158303618,0.003383749397471547,0.003383749397471547,0.013529985910281539,4.704603785379953,21.82860700470519,0.03332687653071109,0.03332687653071109,0.28748101563394135,0.28748101563394135,0.9662740336911066,0.9662740336911066,0.9999999999999981,0.9999999999999981,52.89683061126275,-0.8560882806777954,-0.8560165166854858,-0.8579030632972717,44,-0.8579030632972717,-0.8579030632972717,50,50,2.0492585716432195 0.13752423515278736 0.062924802978478217 2.6364640840167701,1.8319534693550179 0.00060277326631909831 -0.045136793886437175 2.9832595118646763,10.258429606445134,0.02885371446609497,0.07504481356590986,10.287283320911229,0.001345270313322544
e1-v2,N12_i01_Aheur_s44,12,2,1,3798cace2ea7,Aheur,12.999999999973573,0.19749556519681472,65.82426287404677,0.39399708493223695,12.999999999973573,44,lightning_gpu,single,2,50,adam_0.1,0.1,0.09217873609211846,0.87035666778487,66,2020-08-05,2023-08-05,ok,,1000,515,245,130,2,True,-51.90782126380218,0.09217873609211846,-51.90782126380218,True,0.515,130,0.09217873609211846,0.0,0.0,1,1,True,True,True,1.5040082686149032,0.3594980781783996,0.2383617734419464,5,5,1.5040082686149032,59.63971229853606,51.90782126380218,0.9999999112257356,0.5031240414828062,0.007672576699405909,0.007672576699405909,0.030706900637596846,0.5752962530641613,0.6095276425942515,0.07413016711239107,0.07413016711239107,0.5370870402761908,0.5370870402761908,0.9995481509279371,0.9995481509279371,1.0,1.0,1.0000013016178855,0.11911090207286179,0.0018113079713657498,0.0018113079713657498,0.007252954412251711,2.830799978726386,11.747773886796494,0.017966152925276924,0.017966152925276924,0.16581079456322578,0.16581079456322578,0.8368279923983887,0.8368279923983887,0.9999999866199859,0.9999999866199859,52.89683061126275,-4.60233211517334,-4.598153591156006,-4.60233211517334,49,-4.60233211517334,-4.60233211517334,50,50,0.38505090477492371 0.8108861395016167 1.274766337564649 3.0447811714676671,0.28620087896033519 0.84876879084307799 0.43992805744436408 3.3376391916229227,10.163247000426054,0.03064543753862381,0.08232955913990736,10.193892437964678,0.0012209545820951462
e1-v2,N12_i01_Aheur_s45,12,2,1,3798cace2ea7,Aheur,12.999999999973573,0.19749556519681472,65.82426287404677,0.39399708493223695,12.999999999973573,45,lightning_gpu,single,2,50,adam_0.1,0.1,0.09217873609211846,0.87035666778487,66,2020-08-05,2023-08-05,ok,,1000,123,573,130,2,True,-51.90782126380218,0.09217873609211846,-51.90782126380218,True,0.123,130,0.09217873609211846,0.0,0.0,1,1,True,True,True,1.5040082686149032,0.3594980781783996,0.2383617734419464,2,2,1.5040082686149032,59.63971229853606,51.90782126380218,0.9999992182773099,0.13500078674405813,0.0022181402891874313,0.0022181402891874313,0.008947239024564624,2.6184755834015645,10.645871699821328,0.021961300865300903,0.021961300865300903,0.19913300999536165,0.19913300999536165,0.8914564719512093,0.8914564719512093,0.9999999997729929,0.9999999997729929,1.000000878800165,0.06989169016014785,0.0010698067490011454,0.0010698067490011454,0.004278083913959563,5.209870568734269,24.69091799342914,0.010646712249209767,0.010646712249209767,0.10150841648953257,0.10150841648953257,0.6571215955673064,0.6571215955673064,0.9999775404356817,0.9999775404356817,52.89683061126275,-2.088932752609253,-2.0929806232452393,-2.1098809242248535,46,-2.1098809242248535,-2.1098809242248535,50,50,1.8005430614133757 1.660303899153966 2.3990779832738145 2.5500080338093531,1.6032737783321866 2.501051430070155 2.6633350950736916 2.4431874363140618,10.108955373987556,0.028328215703368187,0.07514542900025845,10.137283589690924,0.0012776562944054604
e1-v2,N12_i01_Aheur_s46,12,2,1,3798cace2ea7,Aheur,12.999999999973573,0.19749556519681472,65.82426287404677,0.39399708493223695,12.999999999973573,46,lightning_gpu,single,2,50,adam_0.1,0.1,0.09217873609211846,0.87035666778487,66,2020-08-05,2023-08-05,ok,,1000,312,310,130,2,True,-51.90782126380218,0.09217873609211846,-51.90782126380218,True,0.312,130,0.09217873609211846,0.0,0.0,1,1,True,True,True,1.5040082686149032,0.3594980781783996,0.2383617734419464,3,3,1.5040082686149032,59.63971229853606,51.90782126380218,0.9999998287788721,0.2983895135112107,0.004506560042500496,0.004506560042500496,0.018018278293311596,0.617651335423486,1.6347885580700527,0.04416258841400733,0.04416258841400733,0.36343867573756605,0.36343867573756605,0.9890754769502978,0.9890754769502978,1.0,1.0,1.0000005089868864,0.011505881353514269,0.00017132236098404974,0.00017132236098404974,0.0006821009010309353,5.831759012245723,28.423419550491417,0.0017119034022730073,0.0017119034022730073,0.016987756657420583,0.016987756657420583,0.15746244184444635,0.15746244184444635,0.8197427683230362,0.8197427683230362,52.89683061126275,-4.338631629943848,-4.3453803062438965,-4.338631629943848,49,-4.338631629943848,-4.338631629943848,50,50,2.8450397427097829 0.24261512621431053 0.85630314278475539 1.9536009066557216,1.8867905410952484 -2.044516742474181 1.570034898476161 1.9547170906463145,10.203086351975799,0.031084473244845867,0.08454734645783901,10.234170825220644,0.0012559453025460243
e1-v2,N12_i01_Amargin_s42,12,2,1,3798cace2ea7,Amargin,0.39399708493223695,0.19749556519681472,1.9949667454031088,0.39399708493223695,12.999999999973573,42,lightning_gpu,single,2,50,adam_0.1,0.1,0.09217873609211846,0.87035666778487,66,2020-08-05,2023-08-05,ok,,1000,198,469,10,2,True,-1.4673803850193194,0.10860795470962847,-1.4673803850193194,True,0.198,10,0.10860795470962847,0.018876420696958336,0.011072322606109209,2,1,False,False,True,1.5424214669691954,0.3822337176842887,0.24716572340853096,0,0,1.5040082686149032,1.7048293631313793,1.4838096036368293,1.000000085676767,0.196844827834866,0.00013906032836530358,0.00013906032836530358,0.0022174992045620456,2.846319236144535,12.099984829794714,0.0013897334063969202,0.0013897334063969202,0.013810744218489823,0.013810744218489823,0.12983288376125413,0.12983288376125413,0.7510989824657804,0.7510989824657804,0.9999994242473926,0.17748983146884711,0.00021685710817109793,0.00021685710817109793,0.00237509717408102,3.25338838332342,13.026509288461776,0.002166456089782165,0.002166456089782165,0.02145456754389774,0.02145456754389774,0.19497393650374228,0.19497393650374228,0.8856860022570769,0.8856860022570769,2.472818951097393,-1.8604936599731445,-1.8600232601165771,-1.8622047901153564,47,-1.8622047901153564,-1.8622047901153564,50,50,2.4314546363447995 1.3787772821439981 2.6973649175810768 2.1908462769412909,2.3474474710599145 1.4226183546540261 2.7339883644550738 2.340245349546469,10.197875006124377,0.028826751746237278,0.07558514084666967,10.226701757870615,0.0013263532891869545
e1-v2,N12_i01_Amargin_s43,12,2,1,3798cace2ea7,Amargin,0.39399708493223695,0.19749556519681472,1.9949667454031088,0.39399708493223695,12.999999999973573,43,lightning_gpu,single,2,50,adam_0.1,0.1,0.09217873609211846,0.87035666778487,66,2020-08-05,2023-08-05,ok,,1000,24,830,130,2,True,-1.4838096036368293,0.09217873609211846,-1.4838096036368293,True,0.024,130,0.09217873609211846,0.0,0.0,1,1,True,True,True,1.5040082686149032,0.3594980781783996,0.2383617734419464,2,2,1.5040082686149032,1.7048293631313793,1.4838096036368293,1.0000011651936802,0.020135400962317362,0.0003124755749013275,0.0003124755749013275,0.0012521815369836986,3.806498345081997,14.284259511710843,0.003120365563941685,0.003120365563941685,0.03076913098936651,0.03076913098936651,0.26840222632921706,0.26840222632921706,0.9560737881256565,0.9560737881256565,0.9999997047102624,0.21090385201387107,0.003901398042216897,0.003901398042216897,0.015219446970149875,3.964396124037756,17.010708488764067,0.0383361171343356,0.0383361171343356,0.3235541201499249,0.3235541201499249,0.979940017080735,0.979940017080735,1.0,1.0,2.472818951097393,-1.1246211528778076,-1.123713493347168,-1.1251139640808105,26,-1.1251139640808105,-1.1251139640808105,50,50,2.0492585716432195 0.13752423515278736 0.062924802978478217 2.6364640840167701,2.0943596198917427 -0.029833721761092186 -0.011593474908892582 2.8861080253590674,10.082699193619192,0.030749386176466942,0.08190485555678606,10.113448579795659,0.0012467028573155403
e1-v2,N12_i01_Amargin_s44,12,2,1,3798cace2ea7,Amargin,0.39399708493223695,0.19749556519681472,1.9949667454031088,0.39399708493223695,12.999999999973573,44,lightning_gpu,single,2,50,adam_0.1,0.1,0.09217873609211846,0.87035666778487,66,2020-08-05,2023-08-05,ok,,1000,351,97,130,2,True,-1.4838096036368293,0.09217873609211846,-1.4838096036368293,True,0.351,130,0.09217873609211846,0.0,0.0,1,1,True,True,True,1.5040082686149032,0.3594980781783996,0.2383617734419464,4,4,1.5040082686149032,1.7048293631313793,1.4838096036368293,1.0000005733347734,0.3515001740306616,0.007024650927633047,0.007024650927633047,0.029248361010104418,0.23902316709279248,1.0498180602184064,0.06806704115763984,0.06806704115763984,0.5058637522027611,0.5058637522027611,0.9991321051104624,0.9991321051104624,1.0,1.0,0.9999999623614713,0.12388200405985117,0.0019981907680630684,0.0019981907680630684,0.008252228610217571,2.9437681188283515,12.008324222217198,0.019803187252297794,0.019803187252297794,0.18128478748481192,0.18128478748481192,0.8646904029468269,0.8646904029468269,0.9999999979427551,0.9999999979427551,2.472818951097393,-4.6753034591674805,-4.675039768218994,-4.679893970489502,46,-4.679893970489502,-4.679893970489502,50,50,0.38505090477492371 0.8108861395016167 1.274766337564649 3.0447811714676671,0.34822867398106222 1.0161394145533871 0.46814302227791871 3.4067161390534504,10.148632490076125,0.028245018795132637,0.07594347186386585,10.176877508871257,0.0012531494721770287
e1-v2,N12_i01_Amargin_s45,12,2,1,3798cace2ea7,Amargin,0.39399708493223695,0.19749556519681472,1.9949667454031088,0.39399708493223695,12.999999999973573,45,lightning_gpu,single,2,50,adam_0.1,0.1,0.09217873609211846,0.87035666778487,66,2020-08-05,2023-08-05,ok,,1000,79,535,130,2,True,-1.4838096036368293,0.09217873609211846,-1.4838096036368293,True,0.079,130,0.09217873609211846,0.0,0.0,1,1,True,True,True,1.5040082686149032,0.3594980781783996,0.2383617734419464,3,3,1.5040082686149032,1.7048293631313793,1.4838096036368293,1.0000005828021665,0.08076719097880414,0.0024583162739872932,0.0024583162739872932,0.009898957912810147,2.739308835804864,10.270999070020554,0.024312988508966127,0.024312988508966127,0.21818277194686742,0.21818277194686742,0.914679702176193,0.914679702176193,0.999999999979558,0.999999999979558,1.0000006424936476,0.14830317933228798,0.003700697561725974,0.003700697561725974,0.015455833869054914,5.941868234907497,30.27138405826617,0.03639673589312342,0.03639673589312342,0.30978781100721486,0.30978781100721486,0.9754627297798881,0.9754627297798881,0.9999999999999999,0.9999999999999999,2.472818951097393,-2.192988157272339,-2.194714069366455,-2.2088565826416016,45,-2.2088565826416016,-2.2088565826416016,50,50,1.8005430614133757 1.660303899153966 2.3990779832738145 2.5500080338093531,2.1488986546823527 3.2924388955687798 2.6797559838778056 2.5858464555688085,10.214463574811816,0.028778601437807083,0.07567867636680603,10.243242176249623,0.0013271644711494446
e1-v2,N12_i01_Amargin_s46,12,2,1,3798cace2ea7,Amargin,0.39399708493223695,0.19749556519681472,1.9949667454031088,0.39399708493223695,12.999999999973573,46,lightning_gpu,single,2,50,adam_0.1,0.1,0.09217873609211846,0.87035666778487,66,2020-08-05,2023-08-05,ok,,1000,408,177,130,2,True,-1.4838096036368293,0.09217873609211846,-1.4838096036368293,True,0.408,130,0.09217873609211846,0.0,0.0,1,1,True,True,True,1.5040082686149032,0.3594980781783996,0.2383617734419464,7,7,1.5040082686149032,1.7048293631313793,1.4838096036368293,1.0000006083601396,0.3848516368307173,0.00900847278535366,0.00900847278535366,0.04073118790984154,0.36134194970501965,1.0883275970520416,0.08651922079916186,0.08651922079916186,0.5954295702903278,0.5954295702903278,0.9998825261052786,0.9998825261052786,1.0,1.0,1.0000001843497515,0.06364351158845238,0.0009699818911030889,0.0009699818911030889,0.004104910301975906,5.604954537284516,26.08839066794355,0.009657589320867577,0.009657589320867577,0.0924850714600216,0.0924850714600216,0.6210885066553269,0.6210885066553269,0.9999389932643664,0.9999389932643664,2.472818951097393,-4.622114181518555,-4.619437217712402,-4.622114181518555,49,-4.622114181518555,-4.622114181518555,50,50,2.8450397427097829 0.24261512621431053 0.85630314278475539 1.9536009066557216,0.94420267252012136 -1.3678117415268261 1.5944223799380519 0.5154288515578711,10.139295050874352,0.030733592808246613,0.08149409666657448,10.170028643682599,0.0012362655252218246
e1-v2,N12_i02_Aheur_s42,12,2,2,742e2b26d834,Aheur,12.999999999976641,0.057088392175557,227.71704552475956,0.23724518536788927,12.999999999976641,42,lightning_gpu,single,2,50,adam_0.1,0.1,-0.16175173603671783,0.9493140400095705,66,2020-08-05,2023-08-05,ok,,1000,201,644,9,2,True,-52.161751735943284,-0.16175173603671783,-52.16175173594329,True,0.201,9,-0.16175173603671783,0.0,0.0,1,1,True,True,True,1.6367922102317023,0.3135930893032441,0.1909790915115571,4,4,1.6367922102317023,54.94678213693902,52.161751735943284,0.9999996431379259,0.18147905729711056,0.002611499046906829,0.002611499046906829,0.007958066649734974,2.074949334406514,12.917802633775864,0.025810221233003805,0.025810221233003805,0.23009757727165114,0.23009757727165114,0.9268259887730945,0.9268259887730945,0.9999999999955989,0.9999999999955989,0.9999985959675541,0.11400987079832703,0.0017022436950355768,0.0017022436950355768,0.005098587251268327,2.613753946243913,17.501083158880647,0.016892633576278127,0.016892633576278127,0.1566467889652876,0.1566467889652876,0.8179900927769965,0.8179900927769965,0.9999999601020775,0.9999999601020775,52.752821989033244,-1.5179743766784668,-1.5186402797698975,-1.5184955596923828,48,-1.5184955596923828,-1.5184955596923828,50,50,2.4314546363447995 1.3787772821439981 2.6973649175810768 2.1908462769412909,2.2563731482673406 1.3946064048191182 2.7964139416631522 2.0838278155430308,10.264055019244552,0.02836783044040203,0.07548616640269756,10.292422849684954,0.0013041188940405846
e1-v2,N12_i02_Aheur_s43,12,2,2,742e2b26d834,Aheur,12.999999999976641,0.057088392175557,227.71704552475956,0.23724518536788927,12.999999999976641,43,lightning_gpu,single,2,50,adam_0.1,0.1,-0.16175173603671783,0.9493140400095705,66,2020-08-05,2023-08-05,ok,,1000,11,840,12,2,True,-52.11588196097835,-0.1158819610717875,-52.11588196097837,True,0.011,12,-0.1158819610717875,0.04831886291755244,0.0008793756620202362,3,1,False,False,True,1.7239604315385588,0.4027718941911398,0.2330516912343377,0,0,1.6367922102317023,54.94678213693902,52.161751735943284,1.0000001953230822,0.009910338834743015,0.00014940430992282927,0.00014940430992282927,0.00044767907820641994,2.6973531365325525,15.584921462253988,0.0014930390251656211,0.0014930390251656211,0.014830476148852023,0.014830476148852023,0.1387887684720659,0.1387887684720659,0.7755617619561149,0.7755617619561149,0.999999768509042,0.22142797941341996,0.0033553477842360735,0.0033553477842360735,0.010070285759866238,3.1703532230315234,21.837888304606167,0.03305135827279915,0.03305135827279915,0.285447608879136,0.285447608879136,0.9652990976237658,0.9652990976237658,0.9999999999999974,0.9999999999999974,52.752821989033244,-0.849640429019928,-0.8495820164680481,-0.8514425158500671,44,-0.8514425158500671,-0.8514425158500671,50,50,2.0492585716432195 0.13752423515278736 0.062924802978478217 2.6364640840167701,1.8328962196337464 0.00070300794100922092 -0.045135967372408471 2.9839840343812876,10.171249293722212,0.030894595198333263,0.07658150140196085,10.202143888920546,0.0012477263808250427
e1-v2,N12_i02_Aheur_s44,12,2,2,742e2b26d834,Aheur,12.999999999976641,0.057088392175557,227.71704552475956,0.23724518536788927,12.999999999976641,44,lightning_gpu,single,2,50,adam_0.1,0.1,-0.16175173603671783,0.9493140400095705,66,2020-08-05,2023-08-05,ok,,1000,508,242,9,2,True,-52.161751735943284,-0.16175173603671783,-52.16175173594329,True,0.508,9,-0.16175173603671783,0.0,0.0,1,1,True,True,True,1.6367922102317023,0.3135930893032441,0.1909790915115571,4,4,1.6367922102317023,54.94678213693902,52.161751735943284,0.9999990120945967,0.5032214759849012,0.007696312386542559,0.007696312386542559,0.023038767278194427,0.26498282350126995,0.6090485667519445,0.07435160401801622,0.07435160401801622,0.538192981501618,0.538192981501618,0.999558830693148,0.999558830693148,1.0,1.0,1.0000005921465345,0.11904392391443253,0.0018191755516454577,0.0018191755516454577,0.005433608894236386,1.8423605775819896,11.76167860890564,0.018043552681054842,0.018043552681054842,0.1664680340878859,0.1664680340878859,0.8381090406848741,0.8381090406848741,0.9999999876340933,0.9999999876340933,52.752821989033244,-4.590080738067627,-4.586218357086182,-4.590080738067627,49,-4.590080738067627,-4.590080738067627,50,50,0.38505090477492371 0.8108861395016167 1.274766337564649 3.0447811714676671,0.28608899819840283 0.84809063686652131 0.43942217502870851 3.3383172667119756,10.062232691794634,0.028612451627850533,0.07562075089663267,10.090845143422484,0.0012613432481884956
e1-v2,N12_i02_Aheur_s45,12,2,2,742e2b26d834,Aheur,12.999999999976641,0.057088392175557,227.71704552475956,0.23724518536788927,12.999999999976641,45,lightning_gpu,single,2,50,adam_0.1,0.1,-0.16175173603671783,0.9493140400095705,66,2020-08-05,2023-08-05,ok,,1000,145,563,9,2,True,-52.161751735943284,-0.16175173603671783,-52.16175173594329,True,0.145,9,-0.16175173603671783,0.0,0.0,1,1,True,True,True,1.6367922102317023,0.3135930893032441,0.1909790915115571,4,4,1.6367922102317023,54.94678213693902,52.161751735943284,1.0000010728767847,0.13983401807490736,0.0023904796689748764,0.0023904796689748764,0.006912762764841318,1.6882144837051916,10.5812934310743,0.0236492813816781,0.0236492813816781,0.21284818261363359,0.21284818261363359,0.9086759790679145,0.9086759790679145,0.9999999999596494,0.9999999999596494,1.0000004190342224,0.06668024230748415,0.0010202520061284304,0.0010202520061284304,0.003053964930586517,3.5269450415982613,24.698391472132244,0.010155806136377454,0.010155806136377454,0.09704023333640277,0.09704023333640277,0.6396836262440047,0.6396836262440047,0.9999631158328955,0.9999631158328955,52.752821989033244,-2.096151351928711,-2.10176944732666,-2.1175215244293213,46,-2.1175215244293213,-2.1175215244293213,50,50,1.8005430614133757 1.660303899153966 2.3990779832738145 2.5500080338093531,1.6028742107408831 2.5023867792273613 2.6655271994569278 2.4413295834287214,10.190599288791418,0.03066636249423027,0.0804627938196063,10.221265651285648,0.0012704655528068542
e1-v2,N12_i02_Aheur_s46,12,2,2,742e2b26d834,Aheur,12.999999999976641,0.057088392175557,227.71704552475956,0.23724518536788927,12.999999999976641,46,lightning_gpu,single,2,50,adam_0.1,0.1,-0.16175173603671783,0.9493140400095705,66,2020-08-05,2023-08-05,ok,,1000,319,305,9,2,True,-52.161751735943284,-0.16175173603671783,-52.16175173594329,True,0.319,9,-0.16175173603671783,0.0,0.0,1,1,True,True,True,1.6367922102317023,0.3135930893032441,0.1909790915115571,8,8,1.6367922102317023,54.94678213693902,52.161751735943284,0.9999991324028414,0.3048035013489425,0.00457691540941596,0.00457691540941596,0.01375843258574605,0.3063113239317329,1.6010885477104466,0.04483790083698247,0.04483790083698247,0.36792179829614013,0.36792179829614013,0.9898209292725674,0.9898209292725674,1.0,1.0,0.9999998908569978,0.011623356491327286,0.00017201721493620425,0.00017201721493620425,0.0005155192484380677,3.9793592588175417,28.409895890998087,0.0017188412134747644,0.0017188412134747644,0.017056071005708273,0.017056071005708273,0.15804777949571447,0.15804777949571447,0.8209911648432714,0.8209911648432714,52.752821989033244,-4.319427490234375,-4.340965270996094,-4.319427490234375,49,-4.319427490234375,-4.319427490234375,50,50,2.8450397427097829 0.24261512621431053 0.85630314278475539 1.9536009066557216,1.8827611850939863 -2.064931943074698 1.5685173801760359 1.956684121369495,10.168994958512485,0.02838029433041811,0.08010214008390903,10.197375252842903,0.0012388862669467926
e1-v2,N12_i02_Amargin_s42,12,2,2,742e2b26d834,Amargin,0.23724518536788927,0.057088392175557,4.15575174438821,0.23724518536788927,12.999999999976641,42,lightning_gpu,single,2,50,adam_0.1,0.1,-0.16175173603671783,0.9493140400095705,66,2020-08-05,2023-08-05,ok,,1000,444,217,9,2,True,-1.110732477508275,-0.16175173603671783,-1.1107324775082748,True,0.444,9,-0.16175173603671783,0.0,0.0,1,1,True,True,True,1.6367922102317023,0.3135930893032441,0.1909790915115571,9,9,1.6367922102317023,1.1700369221307179,1.110732477508275,1.0000000598691097,0.4323083716444671,0.00901271216571331,0.00901271216571331,0.024364131037145853,0.2362791201336663,1.1817644424476574,0.086558298004354,0.086558298004354,0.5956026055532166,0.5956026055532166,0.9998830275766329,0.9998830275766329,1.0,1.0,0.9999986911658865,0.20923923429018032,0.0012257031630724669,0.0012257031630724669,0.0015951963141560555,2.153419879548507,12.93710324946986,0.012189646458421466,0.012189646458421466,0.11542280611743339,0.11542280611743339,0.7066693921290708,0.7066693921290708,0.999995283999719,0.999995283999719,1.7018027305982415,-4.159956455230713,-4.178043365478516,-4.159956455230713,49,-4.159956455230713,-4.159956455230713,50,50,2.4314546363447995 1.3787772821439981 2.6973649175810768 2.1908462769412909,0.64988463126918528 0.70279007395043025 2.0896725765929927 1.5809638919879638,10.168513289652765,0.031039382331073284,0.08322066534310579,10.199552671983838,0.0012243185192346573
e1-v2,N12_i02_Amargin_s43,12,2,2,742e2b26d834,Amargin,0.23724518536788927,0.057088392175557,4.15575174438821,0.23724518536788927,12.999999999976641,43,lightning_gpu,single,2,50,adam_0.1,0.1,-0.16175173603671783,0.9493140400095705,66,2020-08-05,2023-08-05,ok,,1000,268,246,9,2,True,-1.110732477508275,-0.16175173603671783,-1.1107324775082748,True,0.268,9,-0.16175173603671783,0.0,0.0,1,1,True,True,True,1.6367922102317023,0.3135930893032441,0.1909790915115571,3,3,1.6367922102317023,1.1700369221307179,1.110732477508275,0.9999998082652748,0.2664258471268113,0.0046504223719239235,0.0046504223719239235,0.006077128171455115,0.858285477664122,4.869807771166211,0.04554300542012646,0.04554300542012646,0.3725723558431997,0.3725723558431997,0.9905455450701599,0.9905455450701599,1.0,1.0,1.0000000633641442,0.1173245501704514,0.0031295728404074907,0.0031295728404074907,0.007038678857497871,2.602658961210386,16.778025927696792,0.03085864636683855,0.03085864636683855,0.2690776282573609,0.2690776282573609,0.9564776288937723,0.9564776288937723,0.9999999999999756,0.9999999999999756,1.7018027305982415,-3.217761754989624,-3.2984023094177246,-3.217761754989624,49,-3.217761754989624,-3.217761754989624,50,50,2.0492585716432195 0.13752423515278736 0.062924802978478217 2.6364640840167701,1.5693352577054147 1.1035450819652113 -0.39702325108854297 2.3372573789734328,10.258244288153946,0.02869761548936367,0.0759595688432455,10.28694190364331,0.0012610070407390594
e1-v2,N12_i02_Amargin_s44,12,2,2,742e2b26d834,Amargin,0.23724518536788927,0.057088392175557,4.15575174438821,0.23724518536788927,12.999999999976641,44,lightning_gpu,single,2,50,adam_0.1,0.1,-0.16175173603671783,0.9493140400095705,66,2020-08-05,2023-08-05,ok,,1000,427,130,9,2,True,-1.110732477508275,-0.16175173603671783,-1.1107324775082748,True,0.427,9,-0.16175173603671783,0.0,0.0,1,1,True,True,True,1.6367922102317023,0.3135930893032441,0.1909790915115571,16,16,1.6367922102317023,1.1700369221307179,1.110732477508275,1.0000000757666716,0.4184760919306427,0.011649243533611298,0.011649243533611298,0.02941557578742504,0.08687896598116279,0.8795421334843034,0.11057160528129928,0.11057160528129928,0.6901796783555629,0.6901796783555629,0.9999918510996924,0.9999918510996924,1.0,1.0,1.0000008860879461,0.12226805090904236,0.0023845781106501818,0.0023845781106501818,0.006262893439270556,1.9983453829380897,12.55328178020136,0.023591521867717957,0.023591521867717957,0.21238239085497213,0.21238239085497213,0.9081341340728316,0.9081341340728316,0.9999999999571904,0.9999999999571904,1.7018027305982415,-4.30657434463501,-4.307966709136963,-4.30657434463501,49,-4.30657434463501,-4.30657434463501,50,50,0.38505090477492371 0.8108861395016167 1.274766337564649 3.0447811714676671,0.32300558789409689 1.0865352933971759 0.50065767929532445 3.4094238054757517,10.167511618696153,0.030754992738366127,0.07963237445801497,10.19826661143452,0.0012249834835529327
e1-v2,N12_i02_Amargin_s45,12,2,2,742e2b26d834,Amargin,0.23724518536788927,0.057088392175557,4.15575174438821,0.23724518536788927,12.999999999976641,45,lightning_gpu,single,2,50,adam_0.1,0.1,-0.16175173603671783,0.9493140400095705,66,2020-08-05,2023-08-05,ok,,1000,112,547,2056,2,True,-1.084385676004282,-0.13540493453272506,-1.084385676004282,True,0.112,2056,-0.13540493453272506,0.02775351505780653,0.023720204493432113,2,1,False,False,True,1.7157937121520914,0.3832957857011302,0.22280987684797082,0,0,1.6367922102317023,1.1700369221307179,1.110732477508275,0.9999991191486117,0.1095508194030117,0.0015918591525405645,0.0015918591525405645,0.003483680367935449,2.03000696800099,11.925288219083626,0.01580504353475376,0.01580504353475376,0.1472703744862075,0.1472703744862075,0.7967111706579796,0.7967111706579796,0.9999998794589002,0.9999998794589002,1.0000009733053794,0.12627596707898192,0.0029585554730147123,0.0029585554730147123,0.007061001379042864,4.4339151203164615,32.318862521298826,0.02919475899213053,0.02919475899213053,0.25643126164299346,0.25643126164299346,0.9483332402740943,0.9483332402740943,0.9999999999998644,0.9999999999998644,1.7018027305982415,-1.6230109930038452,-1.6262929439544678,-1.676550030708313,46,-1.676550030708313,-1.676550030708313,50,50,1.8005430614133757 1.660303899153966 2.3990779832738145 2.5500080338093531,2.2764969433316766 3.3508644492883004 2.669926644220646 2.5678620865331361,10.108519486151636,0.028337075375020504,0.07512385491281748,10.136856561526656,0.0012527396902441978
e1-v2,N12_i02_Amargin_s46,12,2,2,742e2b26d834,Amargin,0.23724518536788927,0.057088392175557,4.15575174438821,0.23724518536788927,12.999999999976641,46,lightning_gpu,single,2,50,adam_0.1,0.1,-0.16175173603671783,0.9493140400095705,66,2020-08-05,2023-08-05,ok,,1000,383,195,9,2,True,-1.110732477508275,-0.16175173603671783,-1.1107324775082748,True,0.383,9,-0.16175173603671783,0.0,0.0,1,1,True,True,True,1.6367922102317023,0.3135930893032441,0.1909790915115571,24,24,1.6367922102317023,1.1700369221307179,1.110732477508275,0.99999977534102,0.38837128510931507,0.02422754280269146,0.02422754280269146,0.04271559603512287,0.11967392353696929,1.051126114816575,0.21749782629562253,0.21749782629562253,0.9139292620693601,0.9139292620693601,0.9999999999776872,0.9999999999776872,1.0,1.0,0.99999951477833,0.12137075001373887,0.004181074444204569,0.004181074444204569,0.007536387071013451,3.5144506943342626,22.321476300275048,0.04103278924521425,0.04103278924521425,0.34228525351152383,0.34228525351152383,0.9848512851085265,0.9848512851085265,1.0,1.0,1.7018027305982415,-4.267037868499756,-4.264772891998291,-4.267037868499756,49,-4.267037868499756,-4.267037868499756,50,50,2.8450397427097829 0.24261512621431053 0.85630314278475539 1.9536009066557216,0.99296792202128203 -1.3744073377054884 1.5855334910844392 0.59554161717809229,10.25040288362652,0.03111459407955408,0.08437567763030529,10.281517477706075,0.0012400448322296143
e1-v2,N12_i03_Aheur_s42,12,2,3,f66f5903076c,Aheur,12.999999999976641,0.07892658885324277,164.71001963798318,0.26868938122173613,12.999999999976641,42,lightning_gpu,single,2,50,adam_0.1,0.1,-0.057927664709311766,0.8826623456542501,66,2020-08-05,2023-08-05,ok,,1000,214,635,288,2,True,-52.057927664615875,-0.057927664709311766,-52.05792766461589,True,0.214,288,-0.057927664709311766,0.0,0.0,1,1,True,True,True,1.7761307661386965,0.4839012050687738,0.27188381299120207,2,2,1.7761307661386965,58.978303448561995,52.057927664615875,0.9999998434068402,0.1853523962199688,0.002786514814943075,0.002786514814943075,0.0054158291313797235,2.485143924320856,12.903592757327715,0.027518321976563342,0.027518321976563342,0.24349068871653012,0.24349068871653012,0.9386036182411299,0.9386036182411299,0.9999999999992389,0.9999999999992389,0.9999988693971318,0.11496564489789307,0.0017724459758028388,0.0017724459758028388,0.00348014198243618,3.0893506202702667,17.416654922290036,0.017583755467131867,0.017583755467131867,0.16255681942391476,0.16255681942391476,0.8303501406355444,0.8303501406355444,0.999999980251458,0.999999980251458,52.9020821506553,-1.5214626789093018,-1.521424412727356,-1.522551417350769,44,-1.522551417350769,-1.522551417350769,50,50,2.4314546363447995 1.3787772821439981 2.6973649175810768 2.1908462769412909,2.2603619099665062 1.4016093002735448 2.7983569912794262 2.0866770700821502,10.143726811744273,0.028797422535717487,0.07557665649801493,10.17252423427999,0.001336260698735714
e1-v2,N12_i03_Aheur_s43,12,2,3,f66f5903076c,Aheur,12.999999999976641,0.07892658885324277,164.71001963798318,0.26868938122173613,12.999999999976641,43,lightning_gpu,single,2,50,adam_0.1,0.1,-0.057927664709311766,0.8826623456542501,66,2020-08-05,2023-08-05,ok,,1000,9,834,288,2,True,-52.057927664615875,-0.057927664709311766,-52.05792766461589,True,0.009,288,-0.057927664709311766,0.0,0.0,1,1,True,True,True,1.7761307661386965,0.4839012050687738,0.27188381299120207,1,1,1.7761307661386965,58.978303448561995,52.057927664615875,1.0000003576788004,0.009908752646879293,0.00014835447655059397,0.00014835447655059397,0.00029817431641276926,3.237823450053498,15.576048761085985,0.00148255474993908,0.00148255474993908,0.014727028933326669,0.014727028933326669,0.13788403065497867,0.13788403065497867,0.7731927682569306,0.7731927682569306,0.9999999227284206,0.2211984300520271,0.003359041642397642,0.003359041642397642,0.006707777269184589,3.727365678713795,21.774015082250116,0.03308719563522877,0.03308719563522877,0.28571239442692486,0.28571239442692486,0.9654274715675184,0.9654274715675184,0.9999999999999976,0.9999999999999976,52.9020821506553,-0.8504798412322998,-0.8504791259765625,-0.8524146676063538,44,-0.8524146676063538,-0.8524146676063538,50,50,2.0492585716432195 0.13752423515278736 0.062924802978478217 2.6364640840167701,1.8359120783652831 0.0012382532289698283 -0.045744786821886041 2.9844658908026815,10.128099095076323,0.030766796320676804,0.07546152640134096,10.158865891397,0.0012379968538880348
e1-v2,N12_i03_Aheur_s44,12,2,3,f66f5903076c,Aheur,12.999999999976641,0.07892658885324277,164.71001963798318,0.26868938122173613,12.999999999976641,44,lightning_gpu,single,2,50,adam_0.1,0.1,-0.057927664709311766,0.8826623456542501,66,2020-08-05,2023-08-05,ok,,1000,515,239,288,2,True,-52.057927664615875,-0.057927664709311766,-52.05792766461589,True,0.515,288,-0.057927664709311766,0.0,0.0,1,1,True,True,True,1.7761307661386965,0.4839012050687738,0.27188381299120207,6,6,1.7761307661386965,58.978303448561995,52.057927664615875,0.9999987568904305,0.5043580643832684,0.007698688190430403,0.007698688190430403,0.015422768890857697,0.3925169373745082,0.6071249512446144,0.0743737659367083,0.0743737659367083,0.5383035356499319,0.5383035356499319,0.9995598856920213,0.9995598856920213,1.0,1.0,1.0000007315466064,0.11912603490054607,0.0017938710516318679,0.0017938710516318679,0.003625026438385248,2.2172234527852863,11.771530999569222,0.017794592261132558,0.017794592261132558,0.16435232532969268,0.16435232532969268,0.8339525959970602,0.8339525959970602,0.9999999840661434,0.9999999840661434,52.9020821506553,-4.586194038391113,-4.58267068862915,-4.586194038391113,49,-4.586194038391113,-4.586194038391113,50,50,0.38505090477492371 0.8108861395016167 1.274766337564649 3.0447811714676671,0.28707289365476385 0.85033139508624001 0.4394911846106006 3.3390113653041107,10.186277808621526,0.028266163542866707,0.07566545251756907,10.214543972164392,0.001240566372871399
e1-v2,N12_i03_Aheur_s45,12,2,3,f66f5903076c,Aheur,12.999999999976641,0.07892658885324277,164.71001963798318,0.26868938122173613,12.999999999976641,45,lightning_gpu,single,2,50,adam_0.1,0.1,-0.057927664709311766,0.8826623456542501,66,2020-08-05,2023-08-05,ok,,1000,128,559,288,2,True,-52.057927664615875,-0.057927664709311766,-52.05792766461589,True,0.128,288,-0.057927664709311766,0.0,0.0,1,1,True,True,True,1.7761307661386965,0.4839012050687738,0.27188381299120207,2,2,1.7761307661386965,58.978303448561995,52.057927664615875,0.9999995409265807,0.13524046121165156,0.002124460181221366,0.002124460181221366,0.004526383709162474,2.0393385475068273,10.617296411371171,0.021042648254649965,0.021042648254649965,0.19157874797255148,0.19157874797255148,0.8807722855957295,0.8807722855957295,0.9999999994195401,0.9999999994195401,1.000000812214239,0.06572858872823417,0.000996558228507638,0.000996558228507638,0.002009232761338353,4.147452512520346,24.773524577779426,0.009921010069795622,0.009921010069795622,0.09489607921769849,0.09489607921769849,0.6310356023055208,0.6310356023055208,0.9999532432172921,0.9999532432172921,52.9020821506553,-2.089493989944458,-2.091676950454712,-2.112386465072632,38,-2.112386465072632,-2.112386465072632,50,50,1.8005430614133757 1.660303899153966 2.3990779832738145 2.5500080338093531,1.6088718467237459 2.5082072747902142 2.6636209790269696 2.4433963442783493,11.448802787810564,0.03402218874543905,0.08992711175233126,11.482824976556003,0.001507163979113102
e1-v2,N12_i03_Aheur_s46,12,2,3,f66f5903076c,Aheur,12.999999999976641,0.07892658885324277,164.71001963798318,0.26868938122173613,12.999999999976641,46,lightning_gpu,single,2,50,adam_0.1,0.1,-0.057927664709311766,0.8826623456542501,66,2020-08-05,2023-08-05,ok,,1000,329,295,288,2,True,-52.057927664615875,-0.057927664709311766,-52.05792766461589,True,0.329,288,-0.057927664709311766,0.0,0.0,1,1,True,True,True,1.7761307661386965,0.4839012050687738,0.27188381299120207,8,8,1.7761307661386965,58.978303448561995,52.057927664615875,0.9999999380058284,0.318318204022944,0.004810510668903589,0.004810510668903589,0.009542406536638737,0.4291186792371767,1.564112270296505,0.0470770077096746,0.0470770077096746,0.38258374656442695,0.38258374656442695,0.9919502835875702,0.9919502835875702,1.0,1.0,0.9999995933048922,0.011658054936560802,0.00016783265164121985,0.00016783265164121985,0.0003428922645980492,4.653352317808949,28.40267657298864,0.0016770595325896753,0.0016770595325896753,0.016644595891018854,0.016644595891018854,0.15451659402026596,0.15451659402026596,0.8133401628276814,0.8133401628276814,52.9020821506553,-4.296189785003662,-4.346813201904297,-4.296189785003662,49,-4.296189785003662,-4.296189785003662,50,50,2.8450397427097829 0.24261512621431053 0.85630314278475539 1.9536009066557216,1.8662471100453986 -2.09947163562454 1.5634078000012435 1.9579667068117335,11.2757467366755,0.03222440741956234,0.08190630190074444,11.307971144095063,0.0018006693571805954
e1-v2,N12_i03_Amargin_s42,12,2,3,f66f5903076c,Amargin,0.26868938122173613,0.07892658885324277,3.404294865971479,0.26868938122173613,12.999999999976641,42,lightning_gpu,single,2,50,adam_0.1,0.1,-0.057927664709311766,0.8826623456542501,66,2020-08-05,2023-08-05,ok,,1000,396,168,288,2,True,-1.1326851895962564,-0.057927664709311766,-1.1326851895962562,True,0.396,288,-0.057927664709311766,0.0,0.0,1,1,True,True,True,1.7761307661386965,0.4839012050687738,0.27188381299120207,5,5,1.7761307661386965,1.2832598956701655,1.1326851895962564,0.9999996436364107,0.40338434861041605,0.007312306202948093,0.007312306202948093,0.0160051379352808,0.2660871656726546,1.0466095392938257,0.07076324340632234,0.07076324340632234,0.5199750590967726,0.5199750590967726,0.9993504119480047,0.9993504119480047,1.0,1.0,0.9999983227051006,0.15325885016045504,0.0016018652822822332,0.0016018652822822332,0.002616569632664323,2.5131933268570803,12.737062292362353,0.01590367592662445,0.01590367592662445,0.14812456340733282,0.14812456340733282,0.7987383830221134,0.7987383830221134,0.9999998909540411,0.9999998909540411,1.9768396756356816,-4.173582077026367,-4.186652183532715,-4.173582077026367,49,-4.173582077026367,-4.173582077026367,50,50,2.4314546363447995 1.3787772821439981 2.6973649175810768 2.1908462769412909,0.5385792104500694 0.71262434982374578 2.045164669602106 1.4771661083940297,10.848211910575628,0.03206749726086855,0.08215222600847483,10.880279407836497,0.0015080319717526436
e1-v2,N12_i03_Amargin_s43,12,2,3,f66f5903076c,Amargin,0.26868938122173613,0.07892658885324277,3.404294865971479,0.26868938122173613,12.999999999976641,43,lightning_gpu,single,2,50,adam_0.1,0.1,-0.057927664709311766,0.8826623456542501,66,2020-08-05,2023-08-05,ok,,1000,212,491,288,2,True,-1.1326851895962564,-0.057927664709311766,-1.1326851895962562,True,0.212,288,-0.057927664709311766,0.0,0.0,1,1,True,True,True,1.7761307661386965,0.4839012050687738,0.27188381299120207,6,6,1.7761307661386965,1.2832598956701655,1.1326851895962564,1.0000007748343442,0.20942691416712478,0.0037325455341488123,0.0037325455341488123,0.0184135886374861,1.4521467421327232,7.502717636817451,0.03670471960798172,0.03670471960798172,0.31199067438748995,0.31199067438748995,0.9762347028357565,0.9762347028357565,0.9999999999999999,0.9999999999999999,0.9999996071095438,0.09719171340111643,0.0017936284421011806,0.0017936284421011806,0.0044856787426397204,3.1076314714808984,16.751628837647672,0.01779220505225143,0.01779220505225143,0.16433201504273098,0.16433201504273098,0.8339122340191135,0.8339122340191135,0.9999999840273699,0.9999999840273699,1.9768396756356816,-2.3046672344207764,-2.7091760635375977,-2.3046672344207764,49,-2.3046672344207764,-2.3046672344207764,50,50,2.0492585716432195 0.13752423515278736 0.062924802978478217 2.6364640840167701,1.9048351473497294 0.89112607095427343 -0.39894414672360046 2.7705766591335665,10.177490873262286,0.028606600128114223,0.07550384569913149,10.2060974733904,0.0013158144429326057
e1-v2,N12_i03_Amargin_s44,12,2,3,f66f5903076c,Amargin,0.26868938122173613,0.07892658885324277,3.404294865971479,0.26868938122173613,12.999999999976641,44,lightning_gpu,single,2,50,adam_0.1,0.1,-0.057927664709311766,0.8826623456542501,66,2020-08-05,2023-08-05,ok,,1000,424,127,288,2,True,-1.1326851895962564,-0.057927664709311766,-1.1326851895962562,True,0.424,288,-0.057927664709311766,0.0,0.0,1,1,True,True,True,1.7761307661386965,0.4839012050687738,0.27188381299120207,6,6,1.7761307661386965,1.2832598956701655,1.1326851895962564,1.0000000668256694,0.4157965602353215,0.008671838790178299,0.008671838790178299,0.02045154571533203,0.17452920288474846,0.8823637396517983,0.08341143262099227,0.08341143262099227,0.5814528781683619,0.5814528781683619,0.9998350153278136,0.9998350153278136,1.0,1.0,1.0000013057797332,0.12169323267880827,0.001547856256365776,0.001547856256365776,0.004230147460475564,2.428249005853018,12.664496734651038,0.015371192719337068,0.015371192719337068,0.14350392372599619,0.14350392372599619,0.7875514469973126,0.7875514469973126,0.9999998127000013,0.9999998127000013,1.9768396756356816,-4.253755569458008,-4.255293846130371,-4.253755569458008,49,-4.253755569458008,-4.253755569458008,50,50,0.38505090477492371 0.8108861395016167 1.274766337564649 3.0447811714676671,0.33603947406365708 1.0970165262138545 0.48902888379464332 3.4063268676559546,10.066435443237424,0.028517799451947212,0.07989565469324589,10.094953242689371,0.001344604417681694
e1-v2,N12_i03_Amargin_s45,12,2,3,f66f5903076c,Amargin,0.26868938122173613,0.07892658885324277,3.404294865971479,0.26868938122173613,12.999999999976641,45,lightning_gpu,single,2,50,adam_0.1,0.1,-0.057927664709311766,0.8826623456542501,66,2020-08-05,2023-08-05,ok,,1000,337,158,288,2,True,-1.1326851895962564,-0.057927664709311766,-1.1326851895962562,True,0.337,288,-0.057927664709311766,0.0,0.0,1,1,True,True,True,1.7761307661386965,0.4839012050687738,0.27188381299120207,7,7,1.7761307661386965,1.2832598956701655,1.1326851895962564,1.0000008233074276,0.33306105621159077,0.0075052534230053425,0.0075052534230053425,0.012871387414634228,0.3228166309422573,1.3863583233769212,0.07256780803085883,0.07256780803085883,0.5292160314206997,0.5292160314206997,0.9994651688969886,0.9994651688969886,1.0,1.0,1.0000014906276817,0.1152116592566017,0.0035647007171064615,0.0035647007171064615,0.0056452343706041574,5.224153130274477,32.80172228921836,0.035080589940089335,0.035080589940089335,0.3003023320878345,0.3003023320878345,0.9718742401570173,0.9718742401570173,0.9999999999999997,0.9999999999999997,1.9768396756356816,-4.109548091888428,-4.111782550811768,-4.122766971588135,45,-4.122766971588135,-4.122766971588135,50,50,1.8005430614133757 1.660303899153966 2.3990779832738145 2.5500080338093531,0.71577661463021569 2.9430994042980783 2.0851647858137343 1.482320919879256,10.14785032812506,0.02915429975837469,0.07586925197392702,10.177004627883434,0.0014230571687221527
e1-v2,N12_i03_Amargin_s46,12,2,3,f66f5903076c,Amargin,0.26868938122173613,0.07892658885324277,3.404294865971479,0.26868938122173613,12.999999999976641,46,lightning_gpu,single,2,50,adam_0.1,0.1,-0.057927664709311766,0.8826623456542501,66,2020-08-05,2023-08-05,ok,,1000,255,250,288,2,True,-1.1326851895962564,-0.057927664709311766,-1.1326851895962562,True,0.255,288,-0.057927664709311766,0.0,0.0,1,1,True,True,True,1.7761307661386965,0.4839012050687738,0.27188381299120207,7,7,1.7761307661386965,1.2832598956701655,1.1326851895962564,1.0000012372157983,0.2282878728583455,0.0037058284506201744,0.0037058284506201744,0.007982474751770496,0.4365023712847791,2.317344970436608,0.036446359803291695,0.036446359803291695,0.31014317604818786,0.31014317604818786,0.9755887709215638,0.9755887709215638,0.9999999999999999,0.9999999999999999,1.0000000591675473,0.13145531446207315,0.0019167321734130383,0.0019167321734130383,0.006974886637181044,3.9712927472429165,20.969167101234063,0.019002840123298337,0.019002840123298337,0.17457522430111383,0.17457522430111383,0.8531834535879335,0.8531834535879335,0.999999995346818,0.999999995346818,1.9768396756356816,-3.8535354137420654,-3.927737236022949,-3.8535354137420654,49,-3.8535354137420654,-3.8535354137420654,50,50,2.8450397427097829 0.24261512621431053 0.85630314278475539 1.9536009066557216,0.92908883454291846 0.93713604313211396 0.65518366902163505 2.9944885808848749,10.116134068928659,0.02901511173695326,0.07551274728029966,10.145149180665612,0.0013160528615117073
e1-v2,N12_i04_Aheur_s42,12,2,4,740c7a03908a,Aheur,12.999999999966974,0.0,,0.202801879158821,12.999999999966974,42,lightning_gpu,single,2,50,adam_0.1,0.1,-0.45198118158448275,1.2891925832123088,66,2020-08-05,2023-08-05,ok,,1000,190,638,40,2,True,-52.45198118145238,-0.45198118158448275,-52.45198118145238,True,0.19,40,-0.45198118158448275,0.0,0.0,1,1,True,True,True,1.685360162702068,0.3394219577319453,0.2008009713421536,2,2,1.685360162702068,40.68591602563882,52.45198118145238,0.9999992825887603,0.18240799964405596,0.0025666255969554186,0.0025666255969554186,0.0025666255969554186,1.7756701062727809,12.924655671238725,0.025371835309577873,0.025371835309577873,0.22662598805814183,0.22662598805814183,0.9234587162801763,0.9234587162801763,0.9999999999930983,0.9999999999930983,0.9999988103008945,0.1141841443022713,0.0016435422003269196,0.0016435422003269196,0.0016435422003269196,2.226868550858071,17.442538970593887,0.016314397831049265,0.016314397831049265,0.1516732760773266,0.1516732760773266,0.8069670342171237,0.8069670342171237,0.999999928168517,0.999999928168517,52.74195026428341,-1.5134119987487793,-1.514327049255371,-1.5135822296142578,48,-1.5135822296142578,-1.5135822296142578,50,50,2.4314546363447995 1.3787772821439981 2.6973649175810768 2.1908462769412909,2.2587243946217743 1.3946441653521628 2.7961656534005992 2.0851843747030814,10.166259272955358,0.028622807003557682,0.07527389749884605,10.194882079958916,0.0013858582824468613
e1-v2,N12_i04_Aheur_s43,12,2,4,740c7a03908a,Aheur,12.999999999966974,0.0,,0.202801879158821,12.999999999966974,43,lightning_gpu,single,2,50,adam_0.1,0.1,-0.45198118158448275,1.2891925832123088,66,2020-08-05,2023-08-05,ok,,1000,8,844,1056,2,True,-52.25222806038087,-0.2522280605129743,-52.25222806038087,True,0.008,1056,-0.2522280605129743,0.15494436104633746,0.0038083045973131596,4,1,False,False,False,1.3757312224455622,0.30794656662844205,0.22311521438235582,0,0,1.685360162702068,40.68591602563882,52.45198118145238,1.000001450196578,0.009896908144582994,0.00014843198005110025,0.00014843198005110025,0.00014843198005110025,2.3068523924011504,15.589332097326405,0.0014833287504688597,0.0014833287504688597,0.014734666247477546,0.014734666247477546,0.13795085498713033,0.13795085498713033,0.7733685097680731,0.7733685097680731,0.9999998872633569,0.22064124583266675,0.003347086487337947,0.003347086487337947,0.003347086487337947,2.7012460005072514,21.808250205005606,0.032971203848922714,0.032971203848922714,0.2848550654672266,0.2848550654672266,0.9650102637989885,0.9650102637989885,0.9999999999999972,0.9999999999999972,52.74195026428341,-0.847497284412384,-0.8474698066711426,-0.8493637442588806,44,-0.8493637442588806,-0.8493637442588806,50,50,2.0492585716432195 0.13752423515278736 0.062924802978478217 2.6364640840167701,1.8348731117331982 0.0010320032617655863 -0.045456140592762741 2.9845421777974637,10.22092925850302,0.02854339685291052,0.08019145764410496,10.24947265535593,0.0012949295341968536
e1-v2,N12_i04_Aheur_s44,12,2,4,740c7a03908a,Aheur,12.999999999966974,0.0,,0.202801879158821,12.999999999966974,44,lightning_gpu,single,2,50,adam_0.1,0.1,-0.45198118158448275,1.2891925832123088,66,2020-08-05,2023-08-05,ok,,1000,509,242,40,2,True,-52.45198118145238,-0.45198118158448275,-52.45198118145238,True,0.509,40,-0.45198118158448275,0.0,0.0,1,1,True,True,True,1.685360162702068,0.3394219577319453,0.2008009713421536,8,8,1.685360162702068,40.68591602563882,52.45198118145238,0.9999993798757294,0.5039171222597361,0.007733484730124474,0.007733484730124474,0.007733484730124474,0.23203730673213707,0.6077345324399914,0.07469829949919837,0.07469829949919837,0.5399197367788178,0.5399197367788178,0.9995750517641948,0.9995750517641948,1.0,1.0,1.0000015223922674,0.11905979341827333,0.001823232974857092,0.001823232974857092,0.001823232974857092,1.5772023711831493,11.772609176463448,0.018083466691697248,0.018083466691697248,0.16680678148396821,0.16680678148396821,0.8387657636435226,0.8387657636435226,0.9999999881266669,0.9999999881266669,52.74195026428341,-4.583033561706543,-4.579505920410156,-4.583033561706543,49,-4.583033561706543,-4.583033561706543,50,50,0.38505090477492371 0.8108861395016167 1.274766337564649 3.0447811714676671,0.28657234337418425 0.84903383419769396 0.43925814211352232 3.3389991946392268,10.143452489748597,0.0288833761587739,0.07550725620239973,10.172335865907371,0.0013097869232296944
e1-v2,N12_i04_Aheur_s45,12,2,4,740c7a03908a,Aheur,12.999999999966974,0.0,,0.202801879158821,12.999999999966974,45,lightning_gpu,single,2,50,adam_0.1,0.1,-0.45198118158448275,1.2891925832123088,66,2020-08-05,2023-08-05,ok,,1000,143,568,40,2,True,-52.45198118145238,-0.45198118158448275,-52.45198118145238,True,0.143,40,-0.45198118158448275,0.0,0.0,1,1,True,True,True,1.685360162702068,0.3394219577319453,0.2008009713421536,1,1,1.685360162702068,40.68591602563882,52.45198118145238,0.999998868881562,0.14038566884119064,0.0025107101537287235,0.0025107101537287235,0.0025107101537287235,1.4463974953369658,10.57597041112058,0.02482532747258237,0.02482532747258237,0.22227845268055135,0.22227845268055135,0.9190454402107483,0.9190454402107483,0.9999999999879103,0.9999999999879103,1.0000009036793926,0.06488038931274787,0.0010058176703751087,0.0010058176703751087,0.0010058176703751087,3.0095266467221506,24.741778809458992,0.010012773482278137,0.010012773482278137,0.09573460618009089,0.09573460618009089,0.6344396307224269,0.6344396307224269,0.9999573821954189,0.9999573821954189,52.74195026428341,-2.097583532333374,-2.0994787216186523,-2.1170382499694824,38,-2.1170382499694824,-2.1170382499694824,50,50,1.8005430614133757 1.660303899153966 2.3990779832738145 2.5500080338093531,1.6030479159534594 2.5050740892417904 2.6663971875451855 2.4407866601614034,10.077036768198013,0.028401939198374748,0.07522515580058098,10.105438707396388,0.001305198296904564
e1-v2,N12_i04_Aheur_s46,12,2,4,740c7a03908a,Aheur,12.999999999966974,0.0,,0.202801879158821,12.999999999966974,46,lightning_gpu,single,2,50,adam_0.1,0.1,-0.45198118158448275,1.2891925832123088,66,2020-08-05,2023-08-05,ok,,1000,319,290,40,2,True,-52.45198118145238,-0.45198118158448275,-52.45198118145238,True,0.319,40,-0.45198118158448275,0.0,0.0,1,1,True,True,True,1.685360162702068,0.3394219577319453,0.2008009713421536,6,6,1.685360162702068,40.68591602563882,52.45198118145238,0.9999994189770405,0.3134348592720926,0.00467001972720027,0.00467001972720027,0.00467001972720027,0.2639095309212326,1.5676434539460047,0.0457309110170705,0.0457309110170705,0.3738064897404272,0.3738064897404272,0.9907298742877045,0.9907298742877045,1.0,1.0,0.9999999262281563,0.011694537941366434,0.00017635243420954794,0.00017635243420954794,0.00017635243420954794,3.3911963669479235,28.40138174938602,0.0017621254918962492,0.0017621254918962492,0.017482180603491937,0.017482180603491937,0.16169055967465973,0.16169055967465973,0.8285870739758083,0.8285870739758083,52.74195026428341,-4.301130771636963,-4.342297554016113,-4.301130771636963,49,-4.301130771636963,-4.301130771636963,50,50,2.8450397427097829 0.24261512621431053 0.85630314278475539 1.9536009066557216,1.874022181916895 -2.0885513142052528 1.565455232073609 1.9587049343239131,10.217932972125709,0.028677290305495262,0.08026794157922268,10.246610262431204,0.0013124234974384308
e1-v2,N12_i04_Amargin_s42,12,2,4,740c7a03908a,Amargin,0.202801879158821,0.0,,0.202801879158821,12.999999999966974,42,lightning_gpu,single,2,50,adam_0.1,0.1,-0.45198118158448275,1.2891925832123088,66,2020-08-05,2023-08-05,ok,,1000,309,185,40,2,True,-1.2631886982197669,-0.45198118158448275,-1.2631886982197669,True,0.309,40,-0.45198118158448275,0.0,0.0,1,1,True,True,True,1.685360162702068,0.3394219577319453,0.2008009713421536,4,4,1.685360162702068,0.9798293247020181,1.2631886982197669,1.0000004490641672,0.3092846975196153,0.00791750755161047,0.00791750755161047,0.00791750755161047,0.09137029733558596,1.2661401537672887,0.0764129053211482,0.0764129053211482,0.5483743925396483,0.5483743925396483,0.9996469911549708,0.9996469911549708,1.0,1.0,0.9999980948578803,0.1942225091261207,0.003866896964609623,0.003866896964609623,0.003866896964609623,1.7684446158483524,12.141576869425883,0.0380029813187015,0.0380029813187015,0.3212071466600884,0.3212071466600884,0.9792330550302116,0.9792330550302116,1.0,1.0,1.5531577810507944,-3.977135419845581,-3.972661256790161,-3.99186110496521,45,-3.99186110496521,-3.99186110496521,50,50,2.4314546363447995 1.3787772821439981 2.6973649175810768 2.1908462769412909,0.3462055012797231 0.70735349519003254 2.0412830442371828 1.3345886956714175,10.191436375491321,0.028519466519355774,0.07532378379255533,10.219955842010677,0.0012498227879405022
e1-v2,N12_i04_Amargin_s43,12,2,4,740c7a03908a,Amargin,0.202801879158821,0.0,,0.202801879158821,12.999999999966974,43,lightning_gpu,single,2,50,adam_0.1,0.1,-0.45198118158448275,1.2891925832123088,66,2020-08-05,2023-08-05,ok,,1000,108,710,40,2,True,-1.2631886982197669,-0.45198118158448275,-1.2631886982197669,True,0.108,40,-0.45198118158448275,0.0,0.0,1,1,True,True,True,1.685360162702068,0.3394219577319453,0.2008009713421536,3,3,1.685360162702068,0.9798293247020181,1.2631886982197669,0.9999994311104601,0.10806893598055467,0.005566339939832687,0.005566339939832687,0.005566339939832687,1.6016492395988422,11.936692664490181,0.05428960901144875,0.05428960901144875,0.4277555244175063,0.4277555244175063,0.9962345569191312,0.9962345569191312,1.0,1.0,0.9999996901689217,0.06489511430845596,0.0027867110911756754,0.0027867110911756754,0.0027867110911756754,2.2224304101335806,17.440446507165817,0.027520236058891756,0.027520236058891756,0.24350557854233967,0.24350557854233967,0.9386157013768041,0.9386157013768041,0.9999999999992404,0.9999999999992404,1.5531577810507944,-1.4085960388183594,-1.6069732904434204,-1.4085960388183594,49,-1.4085960388183594,-1.4085960388183594,50,50,2.0492585716432195 0.13752423515278736 0.062924802978478217 2.6364640840167701,2.1201715259757683 0.65129258732388262 -0.27251346297542428 2.9162594451394415,10.167911841534078,0.028784017078578472,0.0752667086198926,10.196695858612657,0.0014101406559348106
e1-v2,N12_i04_Amargin_s44,12,2,4,740c7a03908a,Amargin,0.202801879158821,0.0,,0.202801879158821,12.999999999966974,44,lightning_gpu,single,2,50,adam_0.1,0.1,-0.45198118158448275,1.2891925832123088,66,2020-08-05,2023-08-05,ok,,1000,456,161,40,2,True,-1.2631886982197669,-0.45198118158448275,-1.2631886982197669,True,0.456,40,-0.45198118158448275,0.0,0.0,1,1,True,True,True,1.685360162702068,0.3394219577319453,0.2008009713421536,14,14,1.685360162702068,0.9798293247020181,1.2631886982197669,1.0000004465136243,0.4371538934065029,0.017184847965836525,0.017184847965836525,0.017184847965836525,0.04890709650697393,0.865439516376299,0.15915018366214184,0.15915018366214184,0.8233212424313052,0.8233212424313052,0.9999999703623772,0.9999999703623772,1.0,1.0,1.0000013110111468,0.11958840966690332,0.00258727022446692,0.00258727022446692,0.00258727022446692,1.7668497099462326,12.991567259341537,0.025573542631488477,0.025573542631488477,0.22822505944116156,0.22822505944116156,0.9250266822691732,0.9250266822691732,0.9999999999943886,0.9999999999943886,1.5531577810507944,-4.052031517028809,-4.052323818206787,-4.055430889129639,46,-4.055430889129639,-4.055430889129639,50,50,0.38505090477492371 0.8108861395016167 1.274766337564649 3.0447811714676671,0.33332608149805365 1.1683514660128931 0.60360253474482384 3.3993136648434135,10.174594469368458,0.03036659676581621,0.07554686162620783,10.204961066134274,0.001298626884818077
e1-v2,N12_i04_Amargin_s45,12,2,4,740c7a03908a,Amargin,0.202801879158821,0.0,,0.202801879158821,12.999999999966974,45,lightning_gpu,single,2,50,adam_0.1,0.1,-0.45198118158448275,1.2891925832123088,66,2020-08-05,2023-08-05,ok,,1000,230,220,40,2,True,-1.2631886982197669,-0.45198118158448275,-1.2631886982197669,True,0.23,40,-0.45198118158448275,0.0,0.0,1,1,True,True,True,1.685360162702068,0.3394219577319453,0.2008009713421536,4,4,1.685360162702068,0.9798293247020181,1.2631886982197669,0.9999997684067017,0.22568666633378598,0.0077542392536997795,0.0077542392536997795,0.0077542392536997795,0.5145802063219109,3.4117799024746054,0.07489181997178473,0.07489181997178473,0.5408810578476888,0.5408810578476888,0.9995838478804767,0.9995838478804767,1.0,1.0,1.000001134332086,0.0999636358465068,0.0038817061576992273,0.0038817061576992273,0.0038817061576992273,3.996775573990134,34.25774464132919,0.03814598877935704,0.03814598877935704,0.3222155440764728,0.3222155440764728,0.9795395092319003,0.9795395092319003,1.0,1.0,1.5531577810507944,-3.421938419342041,-3.420011043548584,-3.432419538497925,47,-3.432419538497925,-3.432419538497925,50,50,1.8005430614133757 1.660303899153966 2.3990779832738145 2.5500080338093531,1.4510140277856658 0.8833955229703353 2.4762031387393697 2.0371765161432345,10.184630583040416,0.02851696591824293,0.07521176245063543,10.21314754895866,0.0012686112895607948
e1-v2,N12_i04_Amargin_s46,12,2,4,740c7a03908a,Amargin,0.202801879158821,0.0,,0.202801879158821,12.999999999966974,46,lightning_gpu,single,2,50,adam_0.1,0.1,-0.45198118158448275,1.2891925832123088,66,2020-08-05,2023-08-05,ok,,1000,375,194,40,2,True,-1.2631886982197669,-0.45198118158448275,-1.2631886982197669,True,0.375,40,-0.45198118158448275,0.0,0.0,1,1,True,True,True,1.685360162702068,0.3394219577319453,0.2008009713421536,5,5,1.685360162702068,0.9798293247020181,1.2631886982197669,1.0000003671551099,0.3378479415550828,0.008748698979616165,0.008748698979616165,0.008748698979616165,0.16386205139657162,1.6254512515324677,0.08412183911702709,0.08412183911702709,0.5846855575121989,0.5846855575121989,0.9998473241526948,0.9998473241526948,1.0,1.0,1.0000004108901699,0.13585033672279678,0.007463583257049322,0.007463583257049322,0.007463583257049322,2.6858504740373226,19.43908090783971,0.07217834948828772,0.07217834948828772,0.5272353183810519,0.5272353183810519,0.9994422362997228,0.9994422362997228,1.0,1.0,1.5531577810507944,-3.8520243167877197,-3.8790717124938965,-3.8520243167877197,49,-3.8520243167877197,-3.8520243167877197,50,50,2.8450397427097829 0.24261512621431053 0.85630314278475539 1.9536009066557216,0.75054262855358533 0.64627555565831829 0.5991405980410609 3.0831296843888043,10.073207068257034,0.029025927186012268,0.07504778262227774,10.102232995443046,0.001365126110613346
e1-v2,N12_i05_Aheur_s42,12,2,5,9c3650a19eba,Aheur,12.999999999975767,0.25788757858636585,50.409562458325624,0.47647835328756327,12.999999999975767,42,lightning_gpu,single,2,50,adam_0.1,0.1,0.15285230370119196,0.8932174166740028,66,2020-08-05,2023-08-05,ok,,1000,201,639,40,2,True,-51.84714769620187,0.15285230370119196,-51.84714769620187,True,0.201,40,0.15285230370119196,0.0,0.0,1,1,True,True,True,2.0327108544803236,0.4228105606318051,0.20751134363359508,3,3,2.0327108544803236,58.04538371996894,51.84714769620187,1.0000009222203516,0.17372421035543084,0.002566665643826127,0.002566665643826127,0.005148263182491064,4.198306715187587,12.856642153928988,0.02537222662194072,0.02537222662194072,0.22662909314248203,0.22662909314248203,0.9234617893450039,0.9234617893450039,0.9999999999931011,0.9999999999931011,0.9999989291309248,0.11593697313219309,0.0017327843233942986,0.0017327843233942986,0.00345726206433028,5.229567098719522,17.489634965397272,0.017193351307480564,0.017193351307480564,0.15922293136928767,0.15922293136928767,0.8234740398919482,0.8234740398919482,0.9999999706176977,0.9999999706176977,53.19348256906241,-1.5422123670578003,-1.5407942533493042,-1.5436170101165771,48,-1.5436170101165771,-1.5436170101165771,50,50,2.4314546363447995 1.3787772821439981 2.6973649175810768 2.1908462769412909,2.2553299047042343 1.3987967060761797 2.7943653327608673 2.0937503143041547,10.250731954351068,0.031200983561575413,0.0793667659163475,10.281932937912643,0.0012923777103424072
e1-v2,N12_i05_Aheur_s43,12,2,5,9c3650a19eba,Aheur,12.999999999975767,0.25788757858636585,50.409562458325624,0.47647835328756327,12.999999999975767,43,lightning_gpu,single,2,50,adam_0.1,0.1,0.15285230370119196,0.8932174166740028,66,2020-08-05,2023-08-05,ok,,1000,5,837,136,2,True,-51.66935164170189,0.3306483582011791,-51.66935164170189,True,0.005,136,0.3306483582011791,0.19905126252691208,0.003429235018708885,4,1,False,False,False,1.4347231477919258,0.2827615489499684,0.19638740016400122,0,0,2.0327108544803236,58.04538371996894,51.84714769620187,1.0000003516452125,0.009950881503755227,0.00014912147889845073,0.00014912147889845073,0.0002983347076224163,5.487544733597986,15.546104268290946,0.0014902145121101773,0.0014902145121101773,0.01480260794450372,0.01480260794450372,0.13854512039563627,0.13854512039563627,0.7749259874308891,0.7749259874308891,0.9999999608421604,0.22353996196761727,0.0033922893926501274,0.0033922893926501274,0.006784616503864527,6.281368343385689,21.771448804012834,0.033409707464730154,0.033409707464730154,0.2880913135700133,0.2880913135700133,0.9665617977243113,0.9665617977243113,0.9999999999999982,0.9999999999999982,53.19348256906241,-0.8593007326126099,-0.8592756986618042,-0.8612332940101624,44,-0.8612332940101624,-0.8612332940101624,50,50,2.0492585716432195 0.13752423515278736 0.062924802978478217 2.6364640840167701,1.8340767355865883 0.0010394289191876828 -0.045674013833633412 2.9834091108697356,10.11157305072993,0.028645992279052734,0.07605616468936205,10.140219043008983,0.0013226671144366264
e1-v2,N12_i05_Aheur_s44,12,2,5,9c3650a19eba,Aheur,12.999999999975767,0.25788757858636585,50.409562458325624,0.47647835328756327,12.999999999975767,44,lightning_gpu,single,2,50,adam_0.1,0.1,0.15285230370119196,0.8932174166740028,66,2020-08-05,2023-08-05,ok,,1000,517,250,40,2,True,-51.84714769620187,0.15285230370119196,-51.84714769620187,True,0.517,40,0.15285230370119196,0.0,0.0,1,1,True,True,True,2.0327108544803236,0.4228105606318051,0.20751134363359508,6,6,2.0327108544803236,58.04538371996894,51.84714769620187,0.9999993889677798,0.5040241028182209,0.0076935128308832645,0.0076935128308832645,0.01537610637024045,0.7089915744953345,0.6081014521030106,0.07432548865496957,0.07432548865496957,0.5380626751210525,0.5380626751210525,0.9995575842801988,0.9995575842801988,1.0,1.0,1.000000155690941,0.11920584610197693,0.0018028022022917867,0.0018028022022917867,0.0036042857682332397,3.759252261125101,11.75062972419255,0.0178824686129071,0.0178824686129071,0.16509966504624574,0.16509966504624574,0.8354316355782406,0.8354316355782406,0.9999999854298666,0.9999999854298666,53.19348256906241,-4.603841781616211,-4.599811553955078,-4.603841781616211,49,-4.603841781616211,-4.603841781616211,50,50,0.38505090477492371 0.8108861395016167 1.274766337564649 3.0447811714676671,0.28705875031631589 0.85083218675662009 0.44017122748679494 3.337974079127783,10.109218907542527,0.030658668838441372,0.08388160727918148,10.139877576380968,0.001254539005458355
e1-v2,N12_i05_Aheur_s45,12,2,5,9c3650a19eba,Aheur,12.999999999975767,0.25788757858636585,50.409562458325624,0.47647835328756327,12.999999999975767,45,lightning_gpu,single,2,50,adam_0.1,0.1,0.15285230370119196,0.8932174166740028,66,2020-08-05,2023-08-05,ok,,1000,119,563,40,2,True,-51.84714769620187,0.15285230370119196,-51.84714769620187,True,0.119,40,0.15285230370119196,0.0,0.0,1,1,True,True,True,2.0327108544803236,0.4228105606318051,0.20751134363359508,2,2,2.0327108544803236,58.04538371996894,51.84714769620187,1.0000001062387582,0.13165975699666888,0.002124752616509795,0.002124752616509795,0.004217950627207756,3.478680801798808,10.693822052318865,0.021045517162510352,0.021045517162510352,0.1916024390505613,0.1916024390505613,0.8808072211025444,0.8808072211025444,0.9999999994212387,0.9999999994212387,1.0000001361868271,0.07024770288262516,0.0010716385440900922,0.0010716385440900922,0.0021431278437376022,6.992414286523639,24.75023522648462,0.010664854433230175,0.010664854433230175,0.10167316304485607,0.10167316304485607,0.6577497756268524,0.6577497756268524,0.9999779485366306,0.9999779485366306,53.19348256906241,-2.080904722213745,-2.082892894744873,-2.0997555255889893,46,-2.0997555255889893,-2.0997555255889893,50,50,1.8005430614133757 1.660303899153966 2.3990779832738145 2.5500080338093531,1.6048633909528018 2.5037819660378267 2.6624971207098018 2.4442281313329177,10.275584780611098,0.028675910085439682,0.07590854447335005,10.304260690696537,0.0013307416811585426
e1-v2,N12_i05_Aheur_s46,12,2,5,9c3650a19eba,Aheur,12.999999999975767,0.25788757858636585,50.409562458325624,0.47647835328756327,12.999999999975767,46,lightning_gpu,single,2,50,adam_0.1,0.1,0.15285230370119196,0.8932174166740028,66,2020-08-05,2023-08-05,ok,,1000,310,297,40,2,True,-51.84714769620187,0.15285230370119196,-51.84714769620187,True,0.31,40,0.15285230370119196,0.0,0.0,1,1,True,True,True,2.0327108544803236,0.4228105606318051,0.20751134363359508,3,3,2.0327108544803236,58.04538371996894,51.84714769620187,0.9999994917999402,0.3091502054594457,0.004662710707634687,0.004662710707634687,0.009330096654593945,0.7875435644598565,1.6173755020643057,0.04566083373550922,0.04566083373550922,0.37334648906029444,0.37334648906029444,0.9906615505498054,0.9906615505498054,1.0,1.0,1.0000003221457519,0.01145711868593935,0.0001668192562647164,0.0001668192562647164,0.0003349328908370808,7.822711330900113,28.42402144333846,0.0016669408296756671,0.0016669408296756671,0.016544921380488797,0.016544921380488797,0.15365920722015003,0.15365920722015003,0.8114386237126333,0.8114386237126333,53.19348256906241,-4.323539733886719,-4.351676940917969,-4.323539733886719,49,-4.323539733886719,-4.323539733886719,50,50,2.8450397427097829 0.24261512621431053 0.85630314278475539 1.9536009066557216,1.8691199043818192 -2.0721853611415275 1.5658320094609217 1.9533141588806429,10.208635774441063,0.02837871853262186,0.07539733313024044,10.237014492973685,0.0012586684897542
e1-v2,N12_i05_Amargin_s42,12,2,5,9c3650a19eba,Amargin,0.47647835328756327,0.25788757858636585,1.847620408471872,0.47647835328756327,12.999999999975767,42,lightning_gpu,single,2,50,adam_0.1,0.1,0.15285230370119196,0.8932174166740028,66,2020-08-05,2023-08-05,ok,,1000,196,463,40,2,True,-1.7530611094490611,0.15285230370119196,-1.7530611094490607,True,0.196,40,0.15285230370119196,0.0,0.0,1,1,True,True,True,2.0327108544803236,0.4228105606318051,0.20751134363359508,1,1,2.0327108544803236,1.9626365056525483,1.7530611094490611,1.0000000819655739,0.2134301467340265,0.001396472449414432,0.001396472449414432,0.002988315303809941,3.678798788086058,12.28205736778068,0.013877294405483132,0.013877294405483132,0.13041991309336542,0.13041991309336542,0.752773022182504,0.752773022182504,0.9999991469812068,0.9999991469812068,0.9999991624795266,0.1819540621709166,0.0006540307076647878,0.0006540307076647878,0.001573665882460773,4.229069284344016,13.192498001822536,0.006521091582637806,0.006521091582637806,0.06333020728034588,0.06333020728034588,0.4801654437295907,0.4801654437295907,0.998559041541307,0.998559041541307,3.0993959823095936,-1.875440001487732,-1.876786231994629,-1.877204418182373,46,-1.877204418182373,-1.877204418182373,50,50,2.4314546363447995 1.3787772821439981 2.6973649175810768 2.1908462769412909,2.3323518670418828 1.4135458833842975 2.7280126828407938 2.3282941323337196,10.067771725356579,0.02839234657585621,0.07536112423986197,10.096164071932435,0.0012519126757979393
e1-v2,N12_i05_Amargin_s43,12,2,5,9c3650a19eba,Amargin,0.47647835328756327,0.25788757858636585,1.847620408471872,0.47647835328756327,12.999999999975767,43,lightning_gpu,single,2,50,adam_0.1,0.1,0.15285230370119196,0.8932174166740028,66,2020-08-05,2023-08-05,ok,,1000,22,846,40,2,True,-1.7530611094490611,0.15285230370119196,-1.7530611094490607,True,0.022,40,0.15285230370119196,0.0,0.0,1,1,True,True,True,2.0327108544803236,0.4228105606318051,0.20751134363359508,1,1,2.0327108544803236,1.9626365056525483,1.7530611094490611,1.0000003006207407,0.021179515752010047,0.00029517029179260135,0.00029517029179260135,0.0005866701249033213,5.046900504516602,14.216734115535473,0.002947785354803556,0.002947785354803556,0.02908988676719171,0.02908988676719171,0.25562762335509437,0.25562762335509437,0.9477721097694204,0.9477721097694204,0.9999993944951484,0.22059183265082538,0.0033846525475382805,0.0033846525475382805,0.006690013688057661,5.273811031127451,17.01410907433592,0.033335636646103284,0.033335636646103284,0.2875455823819033,0.2875455823819033,0.9663045828871102,0.9663045828871102,0.9999999999999981,0.9999999999999981,3.0993959823095936,-1.1387215852737427,-1.137956142425537,-1.1393554210662842,26,-1.1393554210662842,-1.1393554210662842,50,50,2.0492585716432195 0.13752423515278736 0.062924802978478217 2.6364640840167701,2.1010637394326674 -0.03357594135316417 -0.0099798730937567283 2.8839862094361277,10.246844377368689,0.0313650481402874,0.08413801528513432,10.278209425508976,0.001257418654859066
e1-v2,N12_i05_Amargin_s44,12,2,5,9c3650a19eba,Amargin,0.47647835328756327,0.25788757858636585,1.847620408471872,0.47647835328756327,12.999999999975767,44,lightning_gpu,single,2,50,adam_0.1,0.1,0.15285230370119196,0.8932174166740028,66,2020-08-05,2023-08-05,ok,,1000,328,96,40,2,True,-1.7530611094490611,0.15285230370119196,-1.7530611094490607,True,0.328,40,0.15285230370119196,0.0,0.0,1,1,True,True,True,2.0327108544803236,0.4228105606318051,0.20751134363359508,9,9,2.0327108544803236,1.9626365056525483,1.7530611094490611,0.9999994065972082,0.3454554977361113,0.006680801045149565,0.006680801045149565,0.012939619831740856,0.29899983816063896,1.068711499334679,0.0648348880110381,0.0648348880110381,0.4884560375611138,0.4884560375611138,0.9987730421821401,0.9987730421821401,1.0,1.0,1.0000010714720702,0.12402966292575002,0.0018106552306562662,0.0018106552306562662,0.003597195609472692,3.9148468602190007,11.987722057761857,0.01795973113988214,0.01795973113988214,0.1657562430657077,0.1657562430657077,0.8367212552553341,0.8367212552553341,0.999999986532204,0.999999986532204,3.0993959823095936,-4.690663814544678,-4.691102981567383,-4.696754455566406,46,-4.696754455566406,-4.696754455566406,50,50,0.38505090477492371 0.8108861395016167 1.274766337564649 3.0447811714676671,0.35452960177952536 1.0050103135385109 0.46232929369266146 3.40426638526383,10.216842539608479,0.02875717729330063,0.07633030787110329,10.24559971690178,0.0013081934303045273
e1-v2,N12_i05_Amargin_s45,12,2,5,9c3650a19eba,Amargin,0.47647835328756327,0.25788757858636585,1.847620408471872,0.47647835328756327,12.999999999975767,45,lightning_gpu,single,2,50,adam_0.1,0.1,0.15285230370119196,0.8932174166740028,66,2020-08-05,2023-08-05,ok,,1000,66,541,40,2,True,-1.7530611094490611,0.15285230370119196,-1.7530611094490607,True,0.066,40,0.15285230370119196,0.0,0.0,1,1,True,True,True,2.0327108544803236,0.4228105606318051,0.20751134363359508,2,2,2.0327108544803236,1.9626365056525483,1.7530611094490611,0.999999456388637,0.059275079300277866,0.001670302008278668,0.001670302008278668,0.0030035964446142316,3.40139485768618,10.024561229010306,0.01657803175438788,0.01657803175438788,0.15394410498070887,0.15394410498070887,0.8120724039932765,0.8120724039932765,0.9999999450578586,0.9999999450578586,1.0000010634326413,0.14894890907453373,0.0031373605597764254,0.0031373605597764254,0.006045510061085224,8.065570875158512,30.763412485454836,0.030934354657141783,0.030934354657141783,0.2696484163481879,0.2696484163481879,0.9568163096586549,0.9568163096586549,0.9999999999999775,0.9999999999999775,3.0993959823095936,-2.2916674613952637,-2.3133363723754883,-2.3123722076416016,47,-2.3123722076416016,-2.3123722076416016,50,50,1.8005430614133757 1.660303899153966 2.3990779832738145 2.5500080338093531,2.1388022816495251 3.2964310598927629 2.6850286665348087 2.5921824503192488,10.12586808949709,0.030206994153559208,0.07542332168668509,10.156075083650649,0.0013118423521518707
e1-v2,N12_i05_Amargin_s46,12,2,5,9c3650a19eba,Amargin,0.47647835328756327,0.25788757858636585,1.847620408471872,0.47647835328756327,12.999999999975767,46,lightning_gpu,single,2,50,adam_0.1,0.1,0.15285230370119196,0.8932174166740028,66,2020-08-05,2023-08-05,ok,,1000,398,170,40,2,True,-1.7530611094490611,0.15285230370119196,-1.7530611094490607,True,0.398,40,0.15285230370119196,0.0,0.0,1,1,True,True,True,2.0327108544803236,0.4228105606318051,0.20751134363359508,7,7,2.0327108544803236,1.9626365056525483,1.7530611094490611,1.00000110619913,0.3795174192637205,0.0071719554252922535,0.0071719554252922535,0.01354495296254754,0.4544743244909916,1.1126728357119264,0.0694486093056591,0.0694486093056591,0.5131405265425633,0.5131405265425633,0.9992517680471641,0.9992517680471641,1.0,1.0,0.9999999633926755,0.050381386041408405,0.0005118547705933452,0.0005118547705933452,0.0009160929766949266,7.471925345821458,26.471243351972156,0.005106773995175229,0.005106773995175229,0.04991001830232644,0.04991001830232644,0.40069570986370395,0.40069570986370395,0.9940231292243783,0.9940231292243783,3.0993959823095936,-4.619777679443359,-4.634193420410156,-4.619777679443359,49,-4.619777679443359,-4.619777679443359,50,50,2.8450397427097829 0.24261512621431053 0.85630314278475539 1.9536009066557216,0.92753733571717245 -1.380696766134305 1.5897456378602584 0.52075024773000811,10.159513771533966,0.028371363878250122,0.08028592262417078,10.187885135412216,0.0012417091056704521
e1-v2,N12_i06_Aheur_s42,12,2,6,61cd771b698a,Aheur,12.999999999970633,0.009741087641196466,1334.5532325355289,0.2057941534817785,12.999999999970633,42,lightning_gpu,single,2,50,adam_0.1,0.1,-0.22907386046598255,0.9356720753834745,66,2020-08-05,2023-08-05,ok,,1000,200,640,260,2,True,-52.229073860348514,-0.22907386046598255,-52.229073860348514,True,0.2,260,-0.22907386046598255,0.0,0.0,1,1,True,True,True,1.5295440787155172,0.36205644854371866,0.23605494837842605,6,3,1.5295440787155172,55.819848891977486,52.229073860348514,0.9999994236241037,0.1778199232649058,0.0025975354947149754,0.005157299572601914,0.007789392024278641,1.6835580972742152,12.928249683100148,0.0503924105303698,0.02567382496570214,0.4037316337866602,0.2290189578302022,0.9943190928176776,0.925794346832176,1.0,0.9999999999949375,0.9999988053077686,0.11369926948100328,0.001657638931646943,0.0033387987641617656,0.005030444357544184,2.118121930883871,17.506112167691754,0.03289078701809567,0.016453284803457535,0.2842601378378581,0.1528702713317217,0.9647180928022497,0.8096735142086555,0.999999999999997,0.9999999376276241,52.65669772773699,-1.5136117935180664,-1.5150271654129028,-1.5138767957687378,48,-1.5138767957687378,-1.5138767957687378,50,50,2.4314546363447995 1.3787772821439981 2.6973649175810768 2.1908462769412909,2.2552778111982765 1.3888769498851672 2.7939588044593755 2.0846463203639787,10.12098953127861,0.03089255839586258,0.0774666266515851,10.151882089674473,0.001319929026067257
e1-v2,N12_i06_Aheur_s43,12,2,6,61cd771b698a,Aheur,12.999999999970633,0.009741087641196466,1334.5532325355289,0.2057941534817785,12.999999999970633,43,lightning_gpu,single,2,50,adam_0.1,0.1,-0.22907386046598255,0.9356720753834745,66,2020-08-05,2023-08-05,ok,,1000,5,841,12,2,True,-52.079003806446664,-0.07900380656412964,-52.079003806446664,True,0.005,12,-0.07900380656412964,0.16038744539891117,0.0028733049010808464,9,1,False,False,False,1.2128583718418047,0.2709518861346525,0.22257494560120233,0,0,1.5295440787155172,55.819848891977486,52.229073860348514,1.000000022830136,0.009905272789183073,0.0001489181158831343,0.00029808073304593563,0.00044678857375402004,2.187089315066654,15.590911349805538,0.002976812161461173,0.0014881836077921262,0.029372507154795002,0.014782569483389851,0.2577915667657058,0.13836988840347575,0.9492707027058914,0.7744677360447421,0.9999990906512721,0.22112363204360008,0.0033541007433086634,0.006705574691295624,0.010060891276225448,2.5685080214449263,21.849679964716415,0.06506809451363194,0.03303925936354635,0.48973026811408826,0.28535819574008237,0.9988032647684588,0.9652556513440004,1.0,0.9999999999999974,52.65669772773699,-0.8481651544570923,-0.8481053113937378,-0.849939227104187,44,-0.849939227104187,-0.849939227104187,50,50,2.0492585716432195 0.13752423515278736 0.062924802978478217 2.6364640840167701,1.8326335522581205 0.00066815954158920467 -0.045063934358765316 2.984076585228848,9.988502212800086,0.028803231194615364,0.07518830429762602,10.017305443994701,0.0013720560818910599
e1-v2,N12_i06_Aheur_s44,12,2,6,61cd771b698a,Aheur,12.999999999970633,0.009741087641196466,1334.5532325355289,0.2057941534817785,12.999999999970633,44,lightning_gpu,single,2,50,adam_0.1,0.1,-0.22907386046598255,0.9356720753834745,66,2020-08-05,2023-08-05,ok,,1000,510,245,260,2,True,-52.229073860348514,-0.22907386046598255,-52.229073860348514,True,0.51,260,-0.22907386046598255,0.0,0.0,1,1,True,True,True,1.5295440787155172,0.36205644854371866,0.23605494837842605,21,13,1.5295440787155172,55.819848891977486,52.229073860348514,1.0000007375775244,0.5030957995913923,0.00766945444047451,0.015358938369899988,0.023029008880257607,0.2170899463865732,0.609198785945253,0.14339732121778115,0.07410103513218125,0.7872868779230843,0.536941366658964,0.9999998103543788,0.9995467269933311,1.0,1.0,1.0000012570017134,0.1190173146314919,0.0018086382187902927,0.003625109908170998,0.005427116760984063,1.4933769119496758,11.763188928103773,0.03566541568137527,0.01793988716041106,0.30453156565750517,0.16558765301976452,0.9735287632755144,0.8363909894624733,0.9999999999999998,0.9999999862572964,52.65669772773699,-4.588057518005371,-4.58423376083374,-4.588057518005371,49,-4.588057518005371,-4.588057518005371,50,50,0.38505090477492371 0.8108861395016167 1.274766337564649 3.0447811714676671,0.28592307066134659 0.84761267373939442 0.43930125607723636 3.3383823975864173,10.16100209672004,0.030660895630717278,0.07913613133132458,10.191662992350757,0.0012661051005125046
e1-v2,N12_i06_Aheur_s45,12,2,6,61cd771b698a,Aheur,12.999999999970633,0.009741087641196466,1334.5532325355289,0.2057941534817785,12.999999999970633,45,lightning_gpu,single,2,50,adam_0.1,0.1,-0.22907386046598255,0.9356720753834745,66,2020-08-05,2023-08-05,ok,,1000,152,563,260,2,True,-52.229073860348514,-0.22907386046598255,-52.229073860348514,True,0.152,260,-0.22907386046598255,0.0,0.0,1,1,True,True,True,1.5295440787155172,0.36205644854371866,0.23605494837842605,6,1,1.5295440787155172,55.819848891977486,52.229073860348514,1.0000008013486763,0.13909906335175037,0.002271047094836831,0.004631994990631938,0.00686137261800468,1.3693021174711255,10.574969770447751,0.04536628752409111,0.02247977649971833,0.37140970398917017,0.20336843418186246,0.9903688815919417,0.897062146134671,1.0,0.9999999998664171,1.0000013417411537,0.06614761066157371,0.0010135439224541187,0.002027050475589931,0.0030360230011865497,2.856324943449123,24.68962159902003,0.020086598687536483,0.010089336737624799,0.18364892069249428,0.09643370017614072,0.8685472388854794,0.6372559919287257,0.9999999984593744,0.9999605540451352,52.65669772773699,-2.101577043533325,-2.1019837856292725,-2.1209685802459717,38,-2.1209685802459717,-2.1209685802459717,50,50,1.8005430614133757 1.660303899153966 2.3990779832738145 2.5500080338093531,1.600824106717603 2.502415180622322 2.6667109810527503 2.4410892524617904,10.09774868376553,0.028447195887565613,0.07988504972308874,10.126195879653096,0.0012868009507656097
e1-v2,N12_i06_Aheur_s46,12,2,6,61cd771b698a,Aheur,12.999999999970633,0.009741087641196466,1334.5532325355289,0.2057941534817785,12.999999999970633,46,lightning_gpu,single,2,50,adam_0.1,0.1,-0.22907386046598255,0.9356720753834745,66,2020-08-05,2023-08-05,ok,,1000,320,298,260,2,True,-52.229073860348514,-0.22907386046598255,-52.229073860348514,True,0.32,260,-0.22907386046598255,0.0,0.0,1,1,True,True,True,1.5295440787155172,0.36205644854371866,0.23605494837842605,12,8,1.5295440787155172,55.819848891977486,52.229073860348514,0.9999994284088558,0.3039806168526411,0.004580006934702396,0.00914503913372755,0.013730580918490887,0.24886929196841148,1.599170740405384,0.08777728806838614,0.04486756527373226,0.6009670046536981,0.3681180751752503,0.9998976499445489,0.9898524938276378,1.0,1.0,1.0000003909799489,0.011624839768046513,0.00017424211546313018,0.0003470395604381338,0.0005188014911254868,3.2206894612594006,28.409070005233843,0.0034649809763394046,0.0017410555750771994,0.034114497531822274,0.017274779786075722,0.2932652021658607,0.15991928072295292,0.9689140063446345,0.824930628290754,52.65669772773699,-4.319025039672852,-4.3392181396484375,-4.319025039672852,49,-4.319025039672852,-4.319025039672852,50,50,2.8450397427097829 0.24261512621431053 0.85630314278475539 1.9536009066557216,1.8851641019251832 -2.0634116315666367 1.5689960341960159 1.9571470106408009,9.971100786700845,0.03110828436911106,0.08373194094747305,10.002209071069956,0.0013139918446540833
e1-v2,N12_i06_Amargin_s42,12,2,6,61cd771b698a,Amargin,0.2057941534817785,0.009741087641196466,21.12640405897236,0.2057941534817785,12.999999999970633,42,lightning_gpu,single,2,50,adam_0.1,0.1,-0.22907386046598255,0.9356720753834745,66,2020-08-05,2023-08-05,ok,,1000,445,179,260,2,True,-1.0522504743930967,-0.22907386046598255,-1.0522504743930967,True,0.445,260,-0.22907386046598255,0.0,0.0,1,1,True,True,True,1.5295440787155172,0.36205644854371866,0.23605494837842605,15,9,1.5295440787155172,1.1245932224298174,1.0522504743930967,0.9999995032284232,0.4279327909462154,0.007770739961415529,0.016621986869722605,0.02440610434859991,0.15612170334407016,1.0826681317529676,0.15432218282245047,0.0750456507867936,0.812910511168995,0.5416439288027104,0.9999999474595384,0.9995907111796661,1.0,1.0,0.9999990295952879,0.14242808013841568,0.0007120965165086091,0.0013687273603864014,0.0017901270184665918,1.7057267886413274,13.119732896138967,0.01360327691487806,0.007098189776849506,0.12800055568688162,0.06875699224363618,0.7458078808563986,0.5095098970542822,0.9999988737862702,0.9991940604164242,1.479874341781569,-4.0804901123046875,-4.09397554397583,-4.0804901123046875,49,-4.0804901123046875,-4.0804901123046875,50,50,2.4314546363447995 1.3787772821439981 2.6973649175810768 2.1908462769412909,0.607759914096343 0.77036021747107919 2.0378124600869034 1.5073447879531521,10.147242352366447,0.028637446463108063,0.07564423885196447,10.175879798829556,0.0013090036809444427
e1-v2,N12_i06_Amargin_s43,12,2,6,61cd771b698a,Amargin,0.2057941534817785,0.009741087641196466,21.12640405897236,0.2057941534817785,12.999999999970633,43,lightning_gpu,single,2,50,adam_0.1,0.1,-0.22907386046598255,0.9356720753834745,66,2020-08-05,2023-08-05,ok,,1000,102,747,260,2,True,-1.0522504743930967,-0.22907386046598255,-1.0522504743930967,True,0.102,260,-0.22907386046598255,0.0,0.0,1,1,True,True,True,1.5295440787155172,0.36205644854371866,0.23605494837842605,6,4,1.5295440787155172,1.1245932224298174,1.0522504743930967,1.0000000233287878,0.09712035016855225,0.0021680444478988647,0.005074340850114822,0.007029946427792311,1.6381064003329087,12.362277483885656,0.04960024710069899,0.021470143984039014,0.3987388443887897,0.19510207099502397,0.993825078054987,0.8858678234383689,1.0,0.9999999996249571,1.000000217712909,0.10192471044138074,0.0021302702371031046,0.004889483796432614,0.0068178316578269005,2.11949124190152,17.032330681628423,0.04783292848708409,0.02109964582267687,0.38746404914722465,0.19204930958124677,0.992564403176695,0.8814644650456164,1.0,0.9999999994523721,1.479874341781569,-1.3510818481445312,-1.523991346359253,-1.3510818481445312,49,-1.3510818481445312,-1.3510818481445312,50,50,2.0492585716432195 0.13752423515278736 0.062924802978478217 2.6364640840167701,2.0542183565958694 0.59304756990447927 -0.25466474704053704 2.9356553826360794,10.1195737272501,0.03092550579458475,0.08195840660482645,10.150499233044684,0.0012951996177434921
e1-v2,N12_i06_Amargin_s44,12,2,6,61cd771b698a,Amargin,0.2057941534817785,0.009741087641196466,21.12640405897236,0.2057941534817785,12.999999999970633,44,lightning_gpu,single,2,50,adam_0.1,0.1,-0.22907386046598255,0.9356720753834745,66,2020-08-05,2023-08-05,ok,,1000,419,150,260,2,True,-1.0522504743930967,-0.22907386046598255,-1.0522504743930967,True,0.419,260,-0.22907386046598255,0.0,0.0,1,1,True,True,True,1.5295440787155172,0.36205644854371866,0.23605494837842605,16,4,1.5295440787155172,1.1245932224298174,1.0522504743930967,1.0000004206660993,0.4476955847349018,0.009998745284974575,0.022571443580091,0.0323778847232461,0.08074701703624526,0.8262745251287953,0.20411516125808682,0.09560646288766039,0.8980229800323517,0.6339212652831346,0.999999999878375,0.9999567740031766,1.0,1.0,1.000000445441401,0.12129064055625349,0.0019980042707175016,0.0043695971835404634,0.006136590265668929,1.6426679597841185,12.749125146656297,0.04284670524408518,0.019801355549632138,0.354620767428118,0.18126948795079434,0.987464263265397,0.8646651151807468,1.0,0.999999997938907,1.479874341781569,-4.177358627319336,-4.180566310882568,-4.178839683532715,45,-4.178839683532715,-4.178839683532715,50,50,0.38505090477492371 0.8108861395016167 1.274766337564649 3.0447811714676671,0.30680706940153651 1.1167076113088914 0.54955189983866637 3.4030865638849415,10.061837987042964,0.028246011584997177,0.07983885984867811,10.09008399862796,0.001269289292395115
e1-v2,N12_i06_Amargin_s45,12,2,6,61cd771b698a,Amargin,0.2057941534817785,0.009741087641196466,21.12640405897236,0.2057941534817785,12.999999999970633,45,lightning_gpu,single,2,50,adam_0.1,0.1,-0.22907386046598255,0.9356720753834745,66,2020-08-05,2023-08-05,ok,,1000,589,227,260,2,True,-1.0522504743930967,-0.22907386046598255,-1.0522504743930967,True,0.589,260,-0.22907386046598255,0.0,0.0,1,1,True,True,True,1.5295440787155172,0.36205644854371866,0.23605494837842605,19,9,1.5295440787155172,1.1245932224298174,1.0522504743930967,0.9999998998617164,0.5628119772300124,0.009214362129569054,0.01810008380562067,0.02764425240457058,0.25421546213422597,1.1142906856192178,0.16694777322650267,0.08841530380314677,0.8390383942011506,0.603749105351521,0.9999999883259121,0.999904566125131,1.0,1.0,1.0000005637536233,0.11359211537637748,0.0031383514869958162,0.006000002147629857,0.008359124884009361,3.685038692557826,33.921339287415954,0.05840567013381315,0.030943987571365517,0.45217941682946006,0.26972101307569996,0.9975656475355168,0.9568592149218681,1.0,0.9999999999999777,1.479874341781569,-4.0115790367126465,-4.023293972015381,-4.078113555908203,43,-4.078113555908203,-4.078113555908203,50,50,1.8005430614133757 1.660303899153966 2.3990779832738145 2.5500080338093531,0.69365268117728529 2.9976251530871534 1.9933983357090541 1.5076799278819932,10.13422922976315,0.031120185740292072,0.08420543931424618,10.165349415503442,0.0012529129162430763
e1-v2,N12_i06_Amargin_s46,12,2,6,61cd771b698a,Amargin,0.2057941534817785,0.009741087641196466,21.12640405897236,0.2057941534817785,12.999999999970633,46,lightning_gpu,single,2,50,adam_0.1,0.1,-0.22907386046598255,0.9356720753834745,66,2020-08-05,2023-08-05,ok,,1000,391,211,260,2,True,-1.0522504743930967,-0.22907386046598255,-1.0522504743930967,True,0.391,260,-0.22907386046598255,0.0,0.0,1,1,True,True,True,1.5295440787155172,0.36205644854371866,0.23605494837842605,25,10,1.5295440787155172,1.1245932224298174,1.0522504743930967,0.9999997428484679,0.38903824356384575,0.010741489008069038,0.03459290228784084,0.042784348130226135,0.13592509830698196,1.2118443688536722,0.2967578800614191,0.10236877063245453,0.9704165551230611,0.660390729772537,0.9999999999999994,0.9999795922387141,1.0,1.0,1.0000001819682032,0.13117242651060224,0.0022292360663414,0.0068040816113352776,0.008767739171162248,2.704245598400317,21.54846237138257,0.06599487080871314,0.022070057667234244,0.4947659497785388,0.20002311957221852,0.9989162574594456,0.8926568441294157,1.0,0.9999999997968843,1.479874341781569,-4.0569987297058105,-4.08966064453125,-4.148198127746582,40,-4.148198127746582,-4.148198127746582,50,50,2.8450397427097829 0.24261512621431053 0.85630314278475539 1.9536009066557216,0.92469060778289081 -1.5512959076859456 1.6048795818743236 0.57125659738970669,10.175404731184244,0.02867284882813692,0.07525571715086699,10.204077580012381,0.0012946128845214844
e1-v2,N12_i07_Aheur_s42,12,2,7,6ae2087493d3,Aheur,12.99999999997724,0.015504896736042884,838.4447972334618,0.23431437453905055,12.99999999997724,42,lightning_gpu,single,2,50,adam_0.1,0.1,-0.13923445042826238,1.2812427649455675,66,2020-08-05,2023-08-05,ok,,1000,202,634,2056,2,True,-52.13923445033722,-0.13923445042826238,-52.13923445033721,True,0.202,2056,-0.13923445042826238,0.0,0.0,1,1,True,True,True,1.8641521318988898,0.33265274035175607,0.1779107695539436,3,3,1.8641521318988898,40.69426643946927,52.13923445033722,0.9999996058904799,0.1809660813305527,0.002562855137512088,0.002562855137512088,0.005118642933666706,2.7450531309532162,12.899519496011635,0.025334992162224013,0.025334992162224013,0.22633358546562088,0.22633358546562088,0.9231688308369276,0.9231688308369276,0.9999999999928324,0.9999999999928324,0.9999989323068803,0.11435261450242251,0.0016827903455123305,0.0016827903455123305,0.0033608918311074376,3.4493597130459417,17.528326300020126,0.01670104335963829,0.01670104335963829,0.15500180080936865,0.15500180080936865,0.814408605886092,0.814408605886092,0.9999999515182441,0.9999999515182441,52.865057111604386,-1.5263171195983887,-1.52619206905365,-1.527029275894165,45,-1.527029275894165,-1.527029275894165,50,50,2.4314546363447995 1.3787772821439981 2.6973649175810768 2.1908462769412909,2.255430158226253 1.3963589840119479 2.7968784869365892 2.0846580598880919,10.114957763813436,0.03081036824733019,0.08272725529968739,10.145768132060766,0.0012456504628062248
e1-v2,N12_i07_Aheur_s43,12,2,7,6ae2087493d3,Aheur,12.99999999997724,0.015504896736042884,838.4447972334618,0.23431437453905055,12.99999999997724,43,lightning_gpu,single,2,50,adam_0.1,0.1,-0.13923445042826238,1.2812427649455675,66,2020-08-05,2023-08-05,ok,,1000,4,836,516,2,True,-51.95118464079505,0.04881535911390866,-51.95118464079505,True,0.004,516,0.04881535911390866,0.14677141185664386,0.0036066852826788062,11,1,False,False,False,1.5399036841986828,0.3151622250820685,0.20401420446341004,0,0,1.8641521318988898,40.69426643946927,52.13923445033722,0.9999994230038283,0.009926831146003678,0.00014967122115194798,0.00014967122115194798,0.0002995088434545323,3.5718086295324083,15.573470911378536,0.0014957045474069952,0.0014957045474069952,0.014856775011400702,0.014856775011400702,0.13901863911585333,0.13901863911585333,0.7761601034149874,0.7761601034149874,0.9999995839700659,0.22233241144567728,0.0033687071409076452,0.0033687071409076452,0.006736361887305975,4.169732202987495,21.837936270663704,0.033180963469507274,0.033180963469507274,0.28640478344702447,0.28640478344702447,0.9657611395666148,0.9657611395666148,0.9999999999999978,0.9999999999999978,52.865057111604386,-0.85307377576828,-0.8530031442642212,-0.854871392250061,44,-0.854871392250061,-0.854871392250061,50,50,2.0492585716432195 0.13752423515278736 0.062924802978478217 2.6364640840167701,1.8321425661780195 0.00056689943572355364 -0.045058144109813333 2.9835170475950403,10.12052382901311,0.02844529040157795,0.08010889682918787,10.148969119414687,0.0012606754899024963
e1-v2,N12_i07_Aheur_s44,12,2,7,6ae2087493d3,Aheur,12.99999999997724,0.015504896736042884,838.4447972334618,0.23431437453905055,12.99999999997724,44,lightning_gpu,single,2,50,adam_0.1,0.1,-0.13923445042826238,1.2812427649455675,66,2020-08-05,2023-08-05,ok,,1000,513,248,2056,2,True,-52.13923445033722,-0.13923445042826238,-52.13923445033721,True,0.513,2056,-0.13923445042826238,0.0,0.0,1,1,True,True,True,1.8641521318988898,0.33265274035175607,0.1779107695539436,8,8,1.8641521318988898,40.69426643946927,52.13923445033722,0.9999999554765835,0.5030493917874992,0.0077081769704818726,0.0077081769704818726,0.01541551249101758,0.38422042012712865,0.6095221872818257,0.0744622741922939,0.0744622741922939,0.5387448192731223,0.5387448192731223,0.9995640742021964,0.9995640742021964,1.0,1.0,1.0000009120558389,0.11907374043948948,0.001827228581532836,0.001827228581532836,0.003657167428173125,2.440775240058197,11.7531634281695,0.018122771168762264,0.018122771168762264,0.16714023472985973,0.16714023472985973,0.8394098802193183,0.8394098802193183,0.9999999885925593,0.9999999885925593,52.865057111604386,-4.59713888168335,-4.593067169189453,-4.59713888168335,49,-4.59713888168335,-4.59713888168335,50,50,0.38505090477492371 0.8108861395016167 1.274766337564649 3.0447811714676671,0.28606104732552551 0.84827105678257253 0.43969912360857921 3.3378686001670399,10.17149970214814,0.031199250370264053,0.0838581882417202,10.202698952518404,0.0012520067393779755
e1-v2,N12_i07_Aheur_s45,12,2,7,6ae2087493d3,Aheur,12.99999999997724,0.015504896736042884,838.4447972334618,0.23431437453905055,12.99999999997724,45,lightning_gpu,single,2,50,adam_0.1,0.1,-0.13923445042826238,1.2812427649455675,66,2020-08-05,2023-08-05,ok,,1000,136,558,2052,2,True,-52.11948600146156,-0.11948600155259848,-52.11948600146155,True,0.136,2052,-0.11948600155259848,0.015413510550830622,0.00037876369079554404,2,1,False,False,True,1.7581920160579434,0.30022405873611896,0.17018849818634238,0,0,1.8641521318988898,40.69426643946927,52.13923445033722,0.9999998389091047,0.13732326065655798,0.002436226699501276,0.002436226699501276,0.004886311246082187,2.244617610336517,10.613470730076187,0.024096910734377253,0.024096910734377253,0.21644961592665557,0.21644961592665557,0.9127693159296377,0.9127693159296377,0.9999999999744911,0.9999999999744911,1.0000004732746675,0.06853875052183867,0.001053283573128283,0.001053283573128283,0.0021074936958029866,4.6312182703944496,24.686912876538372,0.010483052412630922,0.010483052412630922,0.10002101561027599,0.10002101561027599,0.6514029701253037,0.6514029701253037,0.9999735005521452,0.9999735005521452,52.865057111604386,-2.091874122619629,-2.0978188514709473,-2.114349603652954,46,-2.114349603652954,-2.114349603652954,50,50,1.8005430614133757 1.660303899153966 2.3990779832738145 2.5500080338093531,1.6030526259914886 2.5013224852772176 2.66443713708962 2.4423199456467386,10.176418113522232,0.028758607804775238,0.0752978390082717,10.205176721327007,0.001298690214753151
e1-v2,N12_i07_Aheur_s46,12,2,7,6ae2087493d3,Aheur,12.99999999997724,0.015504896736042884,838.4447972334618,0.23431437453905055,12.99999999997724,46,lightning_gpu,single,2,50,adam_0.1,0.1,-0.13923445042826238,1.2812427649455675,66,2020-08-05,2023-08-05,ok,,1000,316,312,2056,2,True,-52.13923445033722,-0.13923445042826238,-52.13923445033721,True,0.316,2056,-0.13923445042826238,0.0,0.0,1,1,True,True,True,1.8641521318988898,0.33265274035175607,0.1779107695539436,7,7,1.8641521318988898,40.69426643946927,52.13923445033722,1.000000065584011,0.30014075012877584,0.004515489097684622,0.004515489097684622,0.009029543492943048,0.43809247858117145,1.6243092543764241,0.044248318567283174,0.044248318567283174,0.36400938450549236,0.36400938450549236,0.9891730265041736,0.9891730265041736,1.0,1.0,1.000000340965471,0.011583622923353687,0.0001719597348710522,0.0001719597348710522,0.0003445120819378644,5.2209444988336795,28.41639919857107,0.0017182673019432437,0.0017182673019432437,0.017050420049460224,0.017050420049460224,0.1579993743109378,0.1579993743109378,0.8208882231607741,0.8208882231607741,52.865057111604386,-4.331643581390381,-4.342504501342773,-4.331643581390381,49,-4.331643581390381,-4.331643581390381,50,50,2.8450397427097829 0.24261512621431053 0.85630314278475539 1.9536009066557216,1.8863391648402486 -2.0506979306462521 1.5697562879847486 1.9553634498841614,10.217451952397823,0.02891160547733307,0.07558551616966724,10.246363557875156,0.0013708174228668213
e1-v2,N12_i07_Amargin_s42,12,2,7,6ae2087493d3,Amargin,0.23431437453905055,0.015504896736042884,15.112282173047971,0.23431437453905055,12.99999999997724,42,lightning_gpu,single,2,50,adam_0.1,0.1,-0.13923445042826238,1.2812427649455675,66,2020-08-05,2023-08-05,ok,,1000,262,147,2056,2,True,-1.0764919485844646,-0.13923445042826238,-1.0764919485844644,True,0.262,2056,-0.13923445042826238,0.0,0.0,1,1,True,True,True,1.8641521318988898,0.33265274035175607,0.1779107695539436,5,5,1.8641521318988898,0.8401935823849889,1.0764919485844646,1.000000011553471,0.2897971604252234,0.007549580652266741,0.007549580652266741,0.015176977962255478,0.15538640988106442,1.411316762155173,0.07298193856501578,0.07298193856501578,0.5313140254131656,0.5313140254131656,0.9994885306958168,0.9994885306958168,1.0,1.0,0.9999992856040336,0.23269648476389193,0.0012992795091122389,0.0012992795091122389,0.0028214388294145465,2.849499323264843,12.863038391268795,0.012917091969572247,0.012917091969572247,0.12191548413849795,0.12191548413849795,0.7275020818060368,0.7275020818060368,0.99999774247854,0.99999774247854,1.802314609851623,-4.478185176849365,-4.487058162689209,-4.478185176849365,49,-4.478185176849365,-4.478185176849365,50,50,2.4314546363447995 1.3787772821439981 2.6973649175810768 2.1908462769412909,0.48139066981444362 0.65172668128326428 2.1103999777137443 1.4517211620662973,10.166028225794435,0.031149139627814293,0.07906258758157492,10.197177365422249,0.001232188194990158
e1-v2,N12_i07_Amargin_s43,12,2,7,6ae2087493d3,Amargin,0.23431437453905055,0.015504896736042884,15.112282173047971,0.23431437453905055,12.99999999997724,43,lightning_gpu,single,2,50,adam_0.1,0.1,-0.13923445042826238,1.2812427649455675,66,2020-08-05,2023-08-05,ok,,1000,17,835,2304,2,True,-0.9041068128252465,0.033150685330955665,-0.9041068128252465,True,0.017,2304,0.033150685330955665,0.1345452559621218,0.16013601958277185,8,1,False,False,False,1.7255683478074466,0.3821696149491062,0.22089511286726515,0,0,1.8641521318988898,0.8401935823849889,1.0764919485844646,0.9999986785260697,0.01871122748707421,0.0003729845047928393,0.0003729845047928393,0.0007495067256968468,3.234605731168455,14.332860589728412,0.0037235909856672134,0.0037235909856672134,0.03661813419212845,0.03661813419212845,0.31137200972555557,0.31137200972555557,0.9760201361762846,0.9760201361762846,0.9999998985740604,0.14502904063556343,0.004237812478095293,0.004237812478095293,0.008491627406328917,3.3502224626633224,16.149335391650084,0.04157903278907482,0.04157903278907482,0.3460221166037263,0.3460221166037263,0.9856902972145077,0.9856902972145077,1.0,1.0,1.802314609851623,-1.0980873107910156,-1.0986822843551636,-1.098935604095459,47,-1.098935604095459,-1.098935604095459,50,50,2.0492585716432195 0.13752423515278736 0.062924802978478217 2.6364640840167701,2.2018016127320439 -0.057444044971737572 0.08745258547786855 2.7708108180878095,10.0711312238127,0.028954421170055866,0.07909589353948832,10.100085644982755,0.001355237327516079
e1-v2,N12_i07_Amargin_s44,12,2,7,6ae2087493d3,Amargin,0.23431437453905055,0.015504896736042884,15.112282173047971,0.23431437453905055,12.99999999997724,44,lightning_gpu,single,2,50,adam_0.1,0.1,-0.13923445042826238,1.2812427649455675,66,2020-08-05,2023-08-05,ok,,1000,358,99,2056,2,True,-1.0764919485844646,-0.13923445042826238,-1.0764919485844644,True,0.358,2056,-0.13923445042826238,0.0,0.0,1,1,True,True,True,1.8641521318988898,0.33265274035175607,0.1779107695539436,11,11,1.8641521318988898,0.8401935823849889,1.0764919485844646,0.9999997937402647,0.34770071087405086,0.0116606205701828,0.0116606205701828,0.023373369127511978,0.10760811413443258,1.0573892333854653,0.11067398325952293,0.11067398325952293,0.6905361134982473,0.6905361134982473,0.9999919443654736,0.9999919443654736,1.0,1.0,1.0000013664975995,0.12382557487580925,0.0026563983410596848,0.0026563983410596848,0.005427300231531262,2.5923698227312046,12.236230344191426,0.02624868201036279,0.02624868201036279,0.23355572414582437,0.23355572414582437,0.9300470795255829,0.9300470795255829,0.9999999999971941,0.9999999999971941,1.802314609851623,-4.5611066818237305,-4.55958366394043,-4.561254024505615,48,-4.561254024505615,-4.561254024505615,50,50,0.38505090477492371 0.8108861395016167 1.274766337564649 3.0447811714676671,0.35188668510051552 1.0706236967696254 0.48190351593738551 3.4110494610840765,10.24300257395953,0.030665716156363487,0.08227816503494978,10.273668290115893,0.001241910271346569
e1-v2,N12_i07_Amargin_s45,12,2,7,6ae2087493d3,Amargin,0.23431437453905055,0.015504896736042884,15.112282173047971,0.23431437453905055,12.99999999997724,45,lightning_gpu,single,2,50,adam_0.1,0.1,-0.13923445042826238,1.2812427649455675,66,2020-08-05,2023-08-05,ok,,1000,71,595,2056,2,True,-1.0764919485844646,-0.13923445042826238,-1.0764919485844644,True,0.071,2056,-0.13923445042826238,0.0,0.0,1,1,True,True,True,1.8641521318988898,0.33265274035175607,0.1779107695539436,3,3,1.8641521318988898,0.8401935823849889,1.0764919485844646,0.9999993959226909,0.06484149006564621,0.0027462621219456196,0.0027462621219456196,0.005383478477597237,2.748926667182187,12.253036965292264,0.027125706772244573,0.027125706772244573,0.24043091643080894,0.24043091643080894,0.9360746970124192,0.9360746970124192,0.9999999999988605,0.9999999999988605,1.0000007388431378,0.13772876736038597,0.003973007667809725,0.003973007667809725,0.008055849000811577,5.495029018492902,30.259745027883017,0.03902723462740587,0.03902723462740587,0.32839983155187236,0.32839983155187236,0.9813315627666439,0.9813315627666439,1.0,1.0,1.802314609851623,-1.6496416330337524,-1.6385524272918701,-1.6575055122375488,48,-1.6575055122375488,-1.6575055122375488,50,50,1.8005430614133757 1.660303899153966 2.3990779832738145 2.5500080338093531,2.2376737025762936 3.322744783785792 2.6642222776593987 2.6302544896528635,10.213717748411,0.02852651011198759,0.0754374386742711,10.242244258522987,0.001288561150431633
e1-v2,N12_i07_Amargin_s46,12,2,7,6ae2087493d3,Amargin,0.23431437453905055,0.015504896736042884,15.112282173047971,0.23431437453905055,12.99999999997724,46,lightning_gpu,single,2,50,adam_0.1,0.1,-0.13923445042826238,1.2812427649455675,66,2020-08-05,2023-08-05,ok,,1000,376,149,2056,2,True,-1.0764919485844646,-0.13923445042826238,-1.0764919485844644,True,0.376,2056,-0.13923445042826238,0.0,0.0,1,1,True,True,True,1.8641521318988898,0.33265274035175607,0.1779107695539436,34,34,1.8641521318988898,0.8401935823849889,1.0764919485844646,1.0000001872697226,0.36061042780056596,0.030705416575074196,0.030705416575074196,0.06485833041369915,0.10706775986365004,1.0736135780780998,0.26792115296925845,0.26792115296925845,0.9557840883671925,0.9557840883671925,0.9999999999999715,0.9999999999999715,1.0,1.0,1.0000000305853405,0.11562165169743821,0.004767859820276499,0.004767859820276499,0.00965173402801156,4.746151772946465,23.01082845172533,0.046668534610900814,0.046668534610900814,0.37993206365961607,0.37993206365961607,0.9915978052040787,0.9915978052040787,1.0,1.0,1.802314609851623,-4.558673858642578,-4.557773590087891,-4.558673858642578,49,-4.558673858642578,-4.558673858642578,50,50,2.8450397427097829 0.24261512621431053 0.85630314278475539 1.9536009066557216,1.0643953198999379 -1.2674290451243966 1.6058556029576261 0.58732871717011392,10.077809698879719,0.030666615813970566,0.0839163288474083,10.10847631469369,0.0012454250827431679
e1-v2,N12_i08_Aheur_s42,12,2,8,e516d5ec7c2b,Aheur,12.999999999971976,0.0,,0.19282771189700637,12.999999999971976,42,lightning_gpu,single,2,50,adam_0.1,0.1,-0.3219484902727472,1.087928883189984,66,2020-08-05,2023-08-05,ok,,1000,185,645,72,2,True,-52.32194849016065,-0.3219484902727472,-52.32194849016066,True,0.185,72,-0.3219484902727472,0.0,0.0,1,1,True,True,True,1.770694038617582,0.41840004641131484,0.2357268039018123,5,5,1.770694038617582,48.09316978214992,52.32194849016065,0.9999996696406015,0.16957050748169422,0.0025305759627372026,0.0025305759627372026,0.007554617244750261,1.4927625286741055,12.94321293172834,0.025019524020715167,0.025019524020715167,0.2238258223215639,0.2238258223215639,0.9206417828925364,0.9206417828925364,0.9999999999900935,0.9999999999900935,0.9999988856779964,0.11254015169106424,0.001661023823544383,0.001661023823544383,0.00501198775600642,1.9116077362834312,17.63106875637459,0.01648663156547714,0.01648663156547714,0.15315744349588667,0.15315744349588667,0.8103177268393438,0.8103177268393438,0.9999999397069219,0.9999999397069219,52.494538979766574,-1.5123337507247925,-1.5144680738449097,-1.5162273645401,41,-1.5162273645401,-1.5162273645401,50,50,2.4314546363447995 1.3787772821439981 2.6973649175810768 2.1908462769412909,2.2478714187955267 1.3732795439024581 2.788570631108811 2.0856899748840627,10.207903760485351,0.02880987338721752,0.07568580005317926,10.236713633872569,0.001361851580440998
e1-v2,N12_i08_Aheur_s43,12,2,8,e516d5ec7c2b,Aheur,12.999999999971976,0.0,,0.19282771189700637,12.999999999971976,43,lightning_gpu,single,2,50,adam_0.1,0.1,-0.3219484902727472,1.087928883189984,66,2020-08-05,2023-08-05,ok,,1000,7,839,12,2,True,-52.26683090284671,-0.2668309029588082,-52.26683090284672,True,0.007,12,-0.2668309029588082,0.05066285872687312,0.0010534314738738005,4,1,False,False,False,1.67179662375408,0.3957655555995414,0.23613252353212738,0,0,1.770694038617582,48.09316978214992,52.32194849016065,1.0000001628141035,0.009933522262144834,0.00014886683493386954,0.00014886683493386954,0.00044706133485306054,1.9368852766712605,15.59532023849897,0.0014876714850716732,0.0014876714850716732,0.01477751642956493,0.01477751642956493,0.13832569548032647,0.13832569548032647,0.7743520340677336,0.7743520340677336,1.0000008308696806,0.2220292037818581,0.0033715383615344763,0.0033715383615344763,0.010110671166330576,2.3295631710369715,21.939270196542566,0.03320842842095295,0.03320842842095295,0.2866074723890567,0.2866074723890567,0.9658582671063987,0.9658582671063987,0.9999999999999979,0.9999999999999979,52.494538979766574,-0.8493064641952515,-0.8492314219474792,-0.850842297077179,44,-0.850842297077179,-0.850842297077179,50,50,2.0492585716432195 0.13752423515278736 0.062924802978478217 2.6364640840167701,1.8279055112580849 -8.2834786486374237e-05 -0.044256188081636519 2.9830192182238076,10.894702869467437,0.03300266247242689,0.08802102040499449,10.927705531939864,0.0014171954244375229
e1-v2,N12_i08_Aheur_s44,12,2,8,e516d5ec7c2b,Aheur,12.999999999971976,0.0,,0.19282771189700637,12.999999999971976,44,lightning_gpu,single,2,50,adam_0.1,0.1,-0.3219484902727472,1.087928883189984,66,2020-08-05,2023-08-05,ok,,1000,519,246,72,2,True,-52.32194849016065,-0.3219484902727472,-52.32194849016066,True,0.519,72,-0.3219484902727472,0.0,0.0,1,1,True,True,True,1.770694038617582,0.41840004641131484,0.2357268039018123,12,12,1.770694038617582,48.09316978214992,52.32194849016065,0.9999988369062418,0.5013591963797808,0.007636697497218847,0.007636697497218847,0.022922377102077007,0.14299729506196857,0.6124003156149271,0.07379534943386445,0.07379534943386445,0.5354103045201497,0.5354103045201497,0.999531514957095,0.999531514957095,1.0,1.0,1.0000007776834536,0.11892042669933289,0.0017955454532057047,0.0017955454532057047,0.005394717794843018,1.3184871442674277,11.74356572880788,0.017811067754709087,0.017811067754709087,0.1644924861209851,0.1644924861209851,0.8342308924374369,0.8342308924374369,0.9999999843311907,0.9999999843311907,52.494538979766574,-4.598231792449951,-4.593831539154053,-4.598231792449951,49,-4.598231792449951,-4.598231792449951,50,50,0.38505090477492371 0.8108861395016167 1.274766337564649 3.0447811714676671,0.28453398976003474 0.84461002466641188 0.43940798208237519 3.3371708166993304,10.840783375315368,0.03081099595874548,0.08597201760858297,10.871594371274114,0.0013638818636536598
e1-v2,N12_i08_Aheur_s45,12,2,8,e516d5ec7c2b,Aheur,12.999999999971976,0.0,,0.19282771189700637,12.999999999971976,45,lightning_gpu,single,2,50,adam_0.1,0.1,-0.3219484902727472,1.087928883189984,66,2020-08-05,2023-08-05,ok,,1000,146,566,72,2,True,-52.32194849016065,-0.3219484902727472,-52.32194849016066,True,0.146,72,-0.3219484902727472,0.0,0.0,1,1,True,True,True,1.770694038617582,0.41840004641131484,0.2357268039018123,1,1,1.770694038617582,48.09316978214992,52.32194849016065,1.0000012014789945,0.1393248678650707,0.0021940211299806833,0.0021940211299806833,0.00664907693862915,1.2011116176246721,10.55587152679982,0.021724856024835093,0.021724856024835093,0.1971947737564257,0.1971947737564257,0.8888007365253995,0.8888007365253995,0.9999999997109192,0.9999999997109192,1.0000013825710994,0.06893651653081179,0.0010522122029215097,0.0010522122029215097,0.003153308294713497,2.5856404640746176,24.58323436778028,0.01047243979360113,0.01047243979360113,0.09992448775295726,0.09992448775295726,0.6510288995030273,0.6510288995030273,0.9999732148162394,0.9999732148162394,52.494538979766574,-2.1065518856048584,-2.11124324798584,-2.129018783569336,46,-2.129018783569336,-2.129018783569336,50,50,1.8005430614133757 1.660303899153966 2.3990779832738145 2.5500080338093531,1.5994850685353224 2.4968793217662144 2.6661264356184406 2.4414111505713652,10.870042786933482,0.03350561112165451,0.08575208764523268,10.903548398055136,0.001404917798936367
e1-v2,N12_i08_Aheur_s46,12,2,8,e516d5ec7c2b,Aheur,12.999999999971976,0.0,,0.19282771189700637,12.999999999971976,46,lightning_gpu,single,2,50,adam_0.1,0.1,-0.3219484902727472,1.087928883189984,66,2020-08-05,2023-08-05,ok,,1000,296,306,72,2,True,-52.32194849016065,-0.3219484902727472,-52.32194849016066,True,0.296,72,-0.3219484902727472,0.0,0.0,1,1,True,True,True,1.770694038617582,0.41840004641131484,0.2357268039018123,5,5,1.770694038617582,48.09316978214992,52.32194849016065,0.9999993572633255,0.28297208482399583,0.00429156981408596,0.00429156981408596,0.012879265937954187,0.17833161362332078,1.652721885964553,0.04209632139207686,0.04209632139207686,0.34954327121172035,0.34954327121172035,0.9864423597120939,0.9864423597120939,1.0,1.0,0.9999999264023245,0.01154974258679431,0.000171057996340096,0.000171057996340096,0.0005108373297844082,2.9356877741803653,28.421852881562245,0.0017092638261422266,0.0017092638261422266,0.016961764496077558,0.016961764496077558,0.1572396371113357,0.1572396371113357,0.8192655196736844,0.8192655196736844,52.494538979766574,-4.348039150238037,-4.335536003112793,-4.348039150238037,49,-4.348039150238037,-4.348039150238037,50,50,2.8450397427097829 0.24261512621431053 0.85630314278475539 1.9536009066557216,1.919380895743493 -1.9885295687955866 1.5744516585069275 1.9576494748160902,10.907328130677342,0.03128753695636988,0.08146965596824884,10.938615667633712,0.0014187386259436607
e1-v2,N12_i08_Amargin_s42,12,2,8,e516d5ec7c2b,Amargin,0.19282771189700637,0.0,,0.19282771189700637,12.999999999971976,42,lightning_gpu,single,2,50,adam_0.1,0.1,-0.3219484902727472,1.087928883189984,66,2020-08-05,2023-08-05,ok,,1000,190,531,68,2,True,-1.0599143043767327,-0.28860345678870725,-1.059914304376733,True,0.19,68,-0.28860345678870725,0.030650012146259866,0.030500570476980876,3,1,False,False,True,1.688664851393195,0.38597136479567773,0.22797381284869273,0,0,1.770694038617582,1.004899635218029,1.0932593378607727,0.9999995515371722,0.21791388030396774,0.0008148410706780851,0.0008148410706780851,0.0018042792871710844,1.432022651102329,12.033351015816457,0.00811859706883089,0.00811859706883089,0.07828325756291132,0.07828325756291132,0.5574373462297317,0.5574373462297317,0.999711764395521,0.999711764395521,0.9999991686920993,0.1921367581544473,0.0003421173896640539,0.0003421173896640539,0.0009786398732103407,1.5608635652839928,12.997509987191176,0.003415911705038077,0.003415911705038077,0.03363879120874602,0.03363879120874602,0.2897767524270991,0.2897767524270991,0.9673450638752448,0.9673450638752448,1.2658498274666927,-1.712005853652954,-1.7122306823730469,-1.7126954793930054,48,-1.7126954793930054,-1.7126954793930054,50,50,2.4314546363447995 1.3787772821439981 2.6973649175810768 2.1908462769412909,2.3953388684851844 1.4580963455695803 2.7438846101011256 2.3075276930783795,10.798167788423598,0.03308379929512739,0.08627700246870518,10.831251587718725,0.0013985168188810349
e1-v2,N12_i08_Amargin_s43,12,2,8,e516d5ec7c2b,Amargin,0.19282771189700637,0.0,,0.19282771189700637,12.999999999971976,43,lightning_gpu,single,2,50,adam_0.1,0.1,-0.3219484902727472,1.087928883189984,66,2020-08-05,2023-08-05,ok,,1000,20,844,132,2,True,-0.9450502132828558,-0.17373936569483028,-0.9450502132828559,True,0.02,132,-0.17373936569483028,0.1362305265242556,0.1355663011010032,10,1,False,False,False,1.4651306896748315,0.3318614828804011,0.22582387032915946,0,0,1.770694038617582,1.004899635218029,1.0932593378607727,1.0000012541524854,0.01747343757597264,0.00023206121113616973,0.00023206121113616973,0.000720286974683404,1.7757971794047598,14.600416935638215,0.002318190252142305,0.002318190252142305,0.022941561157654333,0.022941561157654333,0.2071237650782758,0.2071237650782758,0.9018129960506444,0.9018129960506444,0.9999996255465504,0.1796472038840875,0.003546438878402114,0.003546438878402114,0.010960991494357586,1.9067140005040695,17.200699343886356,0.034903732938200926,0.034903732938200926,0.29901882027031046,0.29901882027031046,0.9713540268962977,0.9713540268962977,0.9999999999999997,0.9999999999999997,1.2658498274666927,-1.0489665269851685,-1.049621343612671,-1.0493547916412354,46,-1.0493547916412354,-1.0493547916412354,50,50,2.0492585716432195 0.13752423515278736 0.062924802978478217 2.6364640840167701,2.1067547806282545 -0.051497773646273462 0.048290814172260721 2.8264466524814447,10.917146635241807,0.031075062230229378,0.08637547958642244,10.948221697472036,0.0013910531997680664
e1-v2,N12_i08_Amargin_s44,12,2,8,e516d5ec7c2b,Amargin,0.19282771189700637,0.0,,0.19282771189700637,12.999999999971976,44,lightning_gpu,single,2,50,adam_0.1,0.1,-0.3219484902727472,1.087928883189984,66,2020-08-05,2023-08-05,ok,,1000,413,118,72,2,True,-1.0932593378607727,-0.3219484902727472,-1.0932593378607727,True,0.413,72,-0.3219484902727472,0.0,0.0,1,1,True,True,True,1.770694038617582,0.41840004641131484,0.2357268039018123,9,9,1.770694038617582,1.004899635218029,1.0932593378607727,0.9999992729099945,0.4054131421726197,0.00863706786185503,0.00863706786185503,0.028047545813024044,-0.0048529615102435916,0.9066734001989829,0.08308988757172442,0.08308988757172442,0.5799822684187474,0.5799822684187474,0.9998291258958154,0.9998291258958154,1.0,1.0,1.0000009380091797,0.12322358298115432,0.001588350278325379,0.001588350278325379,0.005114757688716054,1.393266870333408,12.16637193452334,0.015770453763488512,0.015770453763488512,0.14697063318195047,0.14697063318195047,0.7959954627469212,0.7959954627469212,0.9999998751472058,0.9999998751472058,1.2658498274666927,-4.542848110198975,-4.542266845703125,-4.542848110198975,49,-4.542848110198975,-4.542848110198975,50,50,0.38505090477492371 0.8108861395016167 1.274766337564649 3.0447811714676671,0.32297913978464682 1.0483328923062782 0.5042354357596851 3.4055223961341059,10.870102995075285,0.03345668315887451,0.08922878373414278,10.90355967823416,0.001369936391711235
e1-v2,N12_i08_Amargin_s45,12,2,8,e516d5ec7c2b,Amargin,0.19282771189700637,0.0,,0.19282771189700637,12.999999999971976,45,lightning_gpu,single,2,50,adam_0.1,0.1,-0.3219484902727472,1.087928883189984,66,2020-08-05,2023-08-05,ok,,1000,78,544,72,2,True,-1.0932593378607727,-0.3219484902727472,-1.0932593378607727,True,0.078,72,-0.3219484902727472,0.0,0.0,1,1,True,True,True,1.770694038617582,0.41840004641131484,0.2357268039018123,2,2,1.770694038617582,1.004899635218029,1.0932593378607727,0.9999996695040778,0.09023701718774646,0.0019064318621531129,0.0019064318621531129,0.00534889567643404,1.3444521771576965,10.88086878187287,0.018901595611029776,0.018901595611029776,0.17372294302177815,0.17372294302177815,0.8516604559431102,0.8516604559431102,0.999999994840954,0.999999994840954,1.0000008752299867,0.1423812116336194,0.003823336213827133,0.003823336213827133,0.011417371220886707,3.0179817606006427,30.152204006026622,0.037582218676371903,0.037582218676371903,0.31823236115844555,0.31823236115844555,0.9783047914514101,0.9783047914514101,1.0,1.0,1.2658498274666927,-1.9386675357818604,-1.9569683074951172,-1.9459326267242432,38,-1.9459326267242432,-1.9459326267242432,50,50,1.8005430614133757 1.660303899153966 2.3990779832738145 2.5500080338093531,2.1731045333773209 3.2849613007581318 2.6858201115564402 2.6042989309157476,10.86283861193806,0.03139363694936037,0.08503713645040989,10.89423224888742,0.0015108482912182808
e1-v2,N12_i08_Amargin_s46,12,2,8,e516d5ec7c2b,Amargin,0.19282771189700637,0.0,,0.19282771189700637,12.999999999971976,46,lightning_gpu,single,2,50,adam_0.1,0.1,-0.3219484902727472,1.087928883189984,66,2020-08-05,2023-08-05,ok,,1000,396,192,72,2,True,-1.0932593378607727,-0.3219484902727472,-1.0932593378607727,True,0.396,72,-0.3219484902727472,0.0,0.0,1,1,True,True,True,1.770694038617582,0.41840004641131484,0.2357268039018123,4,4,1.770694038617582,1.004899635218029,1.0932593378607727,0.9999996967557309,0.36990168527700007,0.007219542749226093,0.007219542749226093,0.027715532574802637,0.039496888856037984,1.1764727037722253,0.06989453647957855,0.06989453647957855,0.5154685688081562,0.5154685688081562,0.9992867865139523,0.9992867865139523,1.0,1.0,0.9999999001300353,0.0830854836240178,0.0011745719239115715,0.0011745719239115715,0.004843420465476811,2.7702687758623497,25.22203315946473,0.011683830431213349,0.011683830431213349,0.11088280780441262,0.11088280780441262,0.6912620049250016,0.6912620049250016,0.9999921313397212,0.9999921313397212,1.2658498274666927,-4.480352401733398,-4.4661335945129395,-4.5109076499938965,35,-4.5109076499938965,-4.5109076499938965,50,50,2.8450397427097829 0.24261512621431053 0.85630314278475539 1.9536009066557216,0.96640252459445541 -1.4074008744987219 1.5937137174336009 0.51798390045514042,10.79795878380537,0.03096516616642475,0.08635013271123171,10.828923949971795,0.001363934949040413
e1-v2,N12_i09_Aheur_s42,12,2,9,2f1babcfca89,Aheur,12.99999999997724,0.06530789738818221,199.05708987546817,0.23106855753072214,12.99999999997724,42,lightning_gpu,single,2,50,adam_0.1,0.1,-0.06451963329442062,0.8963184110797271,66,2020-08-05,2023-08-05,ok,,1000,200,634,17,2,True,-52.06451963320338,-0.06451963329442062,-52.064519633203375,True,0.2,17,-0.06451963329442062,0.0,0.0,1,1,True,True,True,1.4307128554569803,0.293054912796393,0.20413244466382355,6,3,1.4307128554569803,58.0870804276855,52.06451963320338,0.9999997925078787,0.1799173504114151,0.0025851749815046787,0.00524602853693068,0.010559060610830784,1.8580419901873906,12.919525011795486,0.05123901561770672,0.025553072875928895,0.4090262778771703,0.22806291751905228,0.9948038497274461,0.9248690220981896,1.0,0.9999999999942695,0.9999987426072039,0.11367850075475872,0.0016754830721765757,0.003381510847248137,0.006797847920097411,2.300583936752883,17.542660667670134,0.03330516337674838,0.016629067530207986,0.2873209553415317,0.1543830725658467,0.9661981950350255,0.8130451740445499,0.999999999999998,0.9999999478364905,52.62214649267503,-1.5184704065322876,-1.5193175077438354,-1.5189684629440308,48,-1.5189684629440308,-1.5189684629440308,50,50,2.4314546363447995 1.3787772821439981 2.6973649175810768 2.1908462769412909,2.2542561213381243 1.391905752914872 2.7956725109262552 2.0832021576070257,10.924772128462791,0.03323407471179962,0.08970784209668636,10.958006203174591,0.0014530690386891365
e1-v2,N12_i09_Aheur_s43,12,2,9,2f1babcfca89,Aheur,12.99999999997724,0.06530789738818221,199.05708987546817,0.23106855753072214,12.99999999997724,43,lightning_gpu,single,2,50,adam_0.1,0.1,-0.06451963329442062,0.8963184110797271,66,2020-08-05,2023-08-05,ok,,1000,11,837,768,2,True,-52.00847393404171,-0.008473934132750438,-52.0084739340417,True,0.011,768,-0.008473934132750438,0.06252878270586472,0.0010764662683246551,6,1,False,False,False,1.5283155961555173,0.37323853425701214,0.24356130055426992,0,0,1.4307128554569803,58.0870804276855,52.06451963320338,1.0000002029246389,0.009917754607158713,0.00014971423661336303,0.0002988396736327559,0.0005973001243546605,2.4140923745688703,15.585652569458034,0.0029843812054297647,0.00149613412284888,0.02944619121032721,0.014861013275760726,0.25835481321387854,0.13905567937436125,0.9496543647148589,0.7762563828826573,0.99999968242048,0.22176225041039288,0.003359197871759534,0.006722538266330957,0.013448334764689207,2.761438327614218,21.865259926160434,0.06522775078810483,0.03308871132713975,0.4906009752540299,0.2857235912205144,0.9988235293647688,0.9654328905914081,1.0,0.9999999999999976,52.62214649267503,-0.8501775860786438,-0.8501026630401611,-0.8519110083580017,44,-0.8519110083580017,-0.8519110083580017,50,50,2.0492585716432195 0.13752423515278736 0.062924802978478217 2.6364640840167701,1.8314110540823809 0.00046383897239318057 -0.04487989041624476 2.9836548739073105,10.85482818633318,0.03138677962124348,0.08229742664843798,10.886214965954423,0.0014558574184775352
e1-v2,N12_i09_Aheur_s44,12,2,9,2f1babcfca89,Aheur,12.99999999997724,0.06530789738818221,199.05708987546817,0.23106855753072214,12.99999999997724,44,lightning_gpu,single,2,50,adam_0.1,0.1,-0.06451963329442062,0.8963184110797271,66,2020-08-05,2023-08-05,ok,,1000,519,245,17,2,True,-52.06451963320338,-0.06451963329442062,-52.064519633203375,True,0.519,17,-0.06451963329442062,0.0,0.0,1,1,True,True,True,1.4307128554569803,0.293054912796393,0.20413244466382355,12,10,1.4307128554569803,58.0870804276855,52.06451963320338,1.0000001291858562,0.5026921341195703,0.007678619585931301,0.015343885403126478,0.030676415655761957,0.3216486045995386,0.6100146787659781,0.14326635675498223,0.07418654742487074,0.7869614407700845,0.5373688512363237,0.9999998074328675,0.9995508941596191,1.0,1.0,1.0000007335474947,0.11901618842966855,0.0018208973342552781,0.0036251714918762445,0.007237104466184974,1.6506142525448069,11.755281546247716,0.03566601171486494,0.018060490518064687,0.30453586417932244,0.16661179945346305,0.973530399352987,0.838388049263979,0.9999999999999998,0.9999999878455664,52.62214649267503,-4.5935516357421875,-4.589504241943359,-4.5935516357421875,49,-4.5935516357421875,-4.5935516357421875,50,50,0.38505090477492371 0.8108861395016167 1.274766337564649 3.0447811714676671,0.28566500828348018 0.84718833872251398 0.4394661360360762 3.3379170486690253,10.883146837353706,0.03352323267608881,0.08688925392925739,10.916670070029795,0.0013862047344446182
e1-v2,N12_i09_Aheur_s45,12,2,9,2f1babcfca89,Aheur,12.99999999997724,0.06530789738818221,199.05708987546817,0.23106855753072214,12.99999999997724,45,lightning_gpu,single,2,50,adam_0.1,0.1,-0.06451963329442062,0.8963184110797271,66,2020-08-05,2023-08-05,ok,,1000,142,570,17,2,True,-52.06451963320338,-0.06451963329442062,-52.064519633203375,True,0.142,17,-0.06451963329442062,0.0,0.0,1,1,True,True,True,1.4307128554569803,0.293054912796393,0.20413244466382355,4,3,1.4307128554569803,58.0870804276855,52.06451963320338,1.0000008680602264,0.1363861885620281,0.0023309150710701942,0.004530034260824323,0.008952697506174445,1.5263102760738045,10.592465453029035,0.044387955598108264,0.02306617181043491,0.3649379675068757,0.20813439184678073,0.9893300719719273,0.9030573664775134,1.0,0.9999999999266925,1.0000001638145477,0.06759082607459277,0.001034928485751152,0.0020639676367864013,0.0041226837784051895,3.0526124800225505,24.664760675947036,0.02044902934904591,0.01030121917178739,0.18666325551607021,0.09836584958112515,0.873321202951376,0.6449385457834744,0.9999999989357606,0.999968155438377,52.62214649267503,-2.101019859313965,-2.100513458251953,-2.1203958988189697,38,-2.1203958988189697,-2.1203958988189697,50,50,1.8005430614133757 1.660303899153966 2.3990779832738145 2.5500080338093531,1.5994447506182772 2.5010549837311342 2.6667166074055548 2.441837884323121,10.961313245818019,0.031214555725455284,0.0822453098371625,10.992527801543474,0.0014213137328624725
e1-v2,N12_i09_Aheur_s46,12,2,9,2f1babcfca89,Aheur,12.99999999997724,0.06530789738818221,199.05708987546817,0.23106855753072214,12.99999999997724,46,lightning_gpu,single,2,50,adam_0.1,0.1,-0.06451963329442062,0.8963184110797271,66,2020-08-05,2023-08-05,ok,,1000,316,299,17,2,True,-52.06451963320338,-0.06451963329442062,-52.064519633203375,True,0.316,17,-0.06451963329442062,0.0,0.0,1,1,True,True,True,1.4307128554569803,0.293054912796393,0.20413244466382355,7,2,1.4307128554569803,58.0870804276855,52.06451963320338,1.0000005555625844,0.2976645762100816,0.004481480456888676,0.008974072523415089,0.01796193467453122,0.34407122620023656,1.6238890651142128,0.08620207492696907,0.04392175584697622,0.5940227701766138,0.36183297760791866,0.9998783767068565,0.9887967615275771,1.0,1.0,0.9999999144711182,0.011589499830733985,0.0001724954490782693,0.00034252385376021266,0.0006830140482634306,3.425675230736477,28.414844137203545,0.0034199638404392996,0.0017236161459045496,0.033678082974116896,0.017103085714736843,0.2900654728312275,0.15845040286617607,0.9674775703478015,0.8218453492200394,52.62214649267503,-4.3317790031433105,-4.3386101722717285,-4.3317790031433105,49,-4.3317790031433105,-4.3317790031433105,50,50,2.8450397427097829 0.24261512621431053 0.85630314278475539 1.9536009066557216,1.8925412015544434 -2.0450029618120782 1.570946414062687 1.95610015353892,10.824044092558324,0.031847708858549595,0.08911585435271263,10.855891801416874,0.0013774549588561058
e1-v2,N12_i09_Amargin_s42,12,2,9,2f1babcfca89,Amargin,0.23106855753072214,0.06530789738818221,3.538141124912944,0.23106855753072214,12.99999999997724,42,lightning_gpu,single,2,50,adam_0.1,0.1,-0.06451963329442062,0.8963184110797271,66,2020-08-05,2023-08-05,ok,,1000,196,469,17,2,True,-0.9887938634173092,-0.06451963329442062,-0.9887938634173093,True,0.196,17,-0.06451963329442062,0.0,0.0,1,1,True,True,True,1.4307128554569803,0.293054912796393,0.20413244466382355,1,1,1.4307128554569803,1.1031725458212824,0.9887938634173092,1.0000007178427692,0.18431453123048414,0.0003594164445530623,0.001002086471999064,0.002778385634883307,1.7754570865384625,11.671943890935069,0.009975797282803844,0.003588356905437795,0.09539680467037248,0.035309645221857866,0.6330717287900889,0.30196152092459105,0.9999557603434113,0.9725341125654987,0.9999987122303198,0.2306635947097675,0.000799173372797668,0.0009932245447998866,0.0020353434229036793,1.9235301663003475,12.917536956485097,0.00988797054636359,0.00796305437854905,0.09459399530775481,0.07683683954200649,0.6298023101527815,0.5504431153256855,0.9999516566165052,0.9996628318601657,1.5464207228889586,-1.7322015762329102,-1.7328157424926758,-1.7327553033828735,39,-1.7327553033828735,-1.7327553033828735,50,50,2.4314546363447995 1.3787772821439981 2.6973649175810768 2.1908462769412909,2.4732596377551253 1.5198533219083177 2.741061943454818 2.3751083663987744,10.93522022664547,0.031674726866185665,0.08222763799130917,10.966894953511655,0.0014135707169771194
e1-v2,N12_i09_Amargin_s43,12,2,9,2f1babcfca89,Amargin,0.23106855753072214,0.06530789738818221,3.538141124912944,0.23106855753072214,12.99999999997724,43,lightning_gpu,single,2,50,adam_0.1,0.1,-0.06451963329442062,0.8963184110797271,66,2020-08-05,2023-08-05,ok,,1000,23,838,528,2,True,-0.9875816505444326,-0.06330742042154403,-0.9875816505444328,True,0.023,528,-0.06330742042154403,0.0013524355384113256,0.001225951047761503,2,1,False,True,True,1.5196643373285472,0.33666310836168745,0.2208797693783861,1,0,1.4307128554569803,1.1031725458212824,0.9887938634173092,0.9999991509036334,0.021276437444612384,0.0003833046357613057,0.0006924741610419005,0.0013493888545781374,2.203387807916384,14.444241900747102,0.0069032029879684265,0.0038264416010376223,0.0669265933997808,0.037612219760050025,0.49978337881706403,0.3184448561832498,0.999019198359495,0.9783723168509896,1.0000000565728584,0.1353424071567133,0.003451969474554062,0.005804579704999924,0.011184531729668379,2.26939734862119,16.493562969691894,0.05655283770069863,0.03398837693254053,0.4413036611073723,0.29234184004678254,0.9970368184930097,0.968505465876866,1.0,0.999999999999999,1.5464207228889586,-1.0420349836349487,-1.041845440864563,-1.0420349836349487,49,-1.0420349836349487,-1.0420349836349487,50,50,2.0492585716432195 0.13752423515278736 0.062924802978478217 2.6364640840167701,2.2334281179213775 -0.041360756357816525 0.11426943508980103 2.7440733295138968,10.869486129842699,0.033394770696759224,0.08392862975597382,10.902880900539458,0.001446031965315342
e1-v2,N12_i09_Amargin_s44,12,2,9,2f1babcfca89,Amargin,0.23106855753072214,0.06530789738818221,3.538141124912944,0.23106855753072214,12.99999999997724,44,lightning_gpu,single,2,50,adam_0.1,0.1,-0.06451963329442062,0.8963184110797271,66,2020-08-05,2023-08-05,ok,,1000,426,123,17,2,True,-0.9887938634173092,-0.06451963329442062,-0.9887938634173093,True,0.426,17,-0.06451963329442062,0.0,0.0,1,1,True,True,True,1.4307128554569803,0.293054912796393,0.20413244466382355,30,18,1.4307128554569803,1.1031725458212824,0.9887938634173092,1.000000564507379,0.4011476035229862,0.011162989772856236,0.020238769240677357,0.038961186073720455,0.12864469689059235,0.9209322166524103,0.1849157451120046,0.10618605030144901,0.870572954078153,0.6745597357790252,0.999999998680983,0.9999866736001942,1.0,1.0,1.0000008243951015,0.12271644058637321,0.002536406274884939,0.004412731388583779,0.008353679673746228,1.7721299145245357,12.4324532403989,0.043261296826791695,0.025076511140927682,0.35741078927405323,0.22427937293173383,0.9879957704011542,0.9211042882342104,1.0,0.999999999990656,1.5464207228889586,-4.403449058532715,-4.404162406921387,-4.403449058532715,49,-4.403449058532715,-4.403449058532715,50,50,0.38505090477492371 0.8108861395016167 1.274766337564649 3.0447811714676671,0.32840743262361083 1.0853861174747301 0.49807360876288792 3.4092065055128629,10.86363837402314,0.030922245234251022,0.0862492611631751,10.89456061925739,0.0013880636543035507
e1-v2,N12_i09_Amargin_s45,12,2,9,2f1babcfca89,Amargin,0.23106855753072214,0.06530789738818221,3.538141124912944,0.23106855753072214,12.99999999997724,45,lightning_gpu,single,2,50,adam_0.1,0.1,-0.06451963329442062,0.8963184110797271,66,2020-08-05,2023-08-05,ok,,1000,86,536,17,2,True,-0.9887938634173092,-0.06451963329442062,-0.9887938634173093,True,0.086,17,-0.06451963329442062,0.0,0.0,1,1,True,True,True,1.4307128554569803,0.293054912796393,0.20413244466382355,4,4,1.4307128554569803,1.1031725458212824,0.9887938634173092,1.0000003015330563,0.09125432265489053,0.0019192182226106524,0.0027161319158039987,0.0047419922120752744,1.8069270042776673,11.982064711046021,0.026831730549600197,0.019027274756611035,0.23813258119540426,0.17478079769157107,0.9341138676941423,0.8535486930754757,0.9999999999984586,0.9999999954612891,1.0000009077279923,0.13481318263802677,0.0029772797133773565,0.005419714841991663,0.010905569419264793,3.6727868513837914,31.634922892103553,0.05289427289826143,0.02937705888229758,0.4192561387728395,0.2578263716653444,0.995636386489657,0.9492944865310656,1.0,0.9999999999998876,1.5464207228889586,-1.6852387189865112,-1.666124701499939,-1.6994905471801758,47,-1.6994905471801758,-1.6994905471801758,50,50,1.8005430614133757 1.660303899153966 2.3990779832738145 2.5500080338093531,2.2340958496557355 3.3260321433512829 2.6656554218950954 2.6122676889920555,10.93372296821326,0.03140769898891449,0.08200620580464602,10.965130667202175,0.001440637744963169
e1-v2,N12_i09_Amargin_s46,12,2,9,2f1babcfca89,Amargin,0.23106855753072214,0.06530789738818221,3.538141124912944,0.23106855753072214,12.99999999997724,46,lightning_gpu,single,2,50,adam_0.1,0.1,-0.06451963329442062,0.8963184110797271,66,2020-08-05,2023-08-05,ok,,1000,401,224,17,2,True,-0.9887938634173092,-0.06451963329442062,-0.9887938634173093,True,0.401,17,-0.06451963329442062,0.0,0.0,1,1,True,True,True,1.4307128554569803,0.293054912796393,0.20413244466382355,29,23,1.4307128554569803,1.1031725458212824,0.9887938634173092,0.9999992537354593,0.3985414473572746,0.02525225281715393,0.03488891385495663,0.06095882598310709,0.18098303700445362,0.9556136734027973,0.2989111769541116,0.2256765688432364,0.971310007465984,0.9225138625039306,0.9999999999999997,0.9999999999921974,1.0,1.0,0.9999996444658521,0.11733964376617223,0.004001214634627104,0.005775541765615344,0.010460464865900576,3.0954312324938846,22.884301890817085,0.05627724437209014,0.03929934244208699,0.4396694886118153,0.3302991046305197,0.9969489964339765,0.9818528346759211,1.0,1.0,1.5464207228889586,-4.3507208824157715,-4.36513090133667,-4.35577917098999,45,-4.35577917098999,-4.35577917098999,50,50,2.8450397427097829 0.24261512621431053 0.85630314278475539 1.9536009066557216,1.0163538027253647 -1.3307038984078967 1.5916216250844979 0.54696717439848874,10.909804162569344,0.03321967180818319,0.08740664925426245,10.943023834377527,0.001393142156302929
e1-v2,N16_i00_Aheur_s42,16,3,0,514ae30a9bf6,Aheur,16.999999999962633,0.09294907800676788,182.89584323498954,0.4449442623367716,16.999999999962633,42,lightning_gpu,single,2,50,adam_0.1,0.1,-0.26194748704764703,1.902782602359012,560,2020-08-05,2023-08-05,ok,,1000,368,755,4116,3,True,-153.26194748671134,-0.26194748704764703,-153.26194748671134,True,0.368,4116,-0.26194748704764703,0.0,0.0,1,1,True,True,True,1.8415134970705922,0.348857468041634,0.18889759352564728,1,1,1.8415134970705922,80.5462207278445,153.26194748671134,0.9999993458852146,0.3705172238405794,0.0006595383165404201,0.0013194390921853483,0.009226838476024568,1.0057912430512208,4.007145335594771,0.013116324552554737,0.006575842967276979,0.12368619897064526,0.06384628518789859,0.7329475821679123,0.483022490634462,0.9999981551326569,0.9986363073517445,0.9999980831043445,0.02952487187940278,4.059972707182169e-05,8.384350076084957e-05,0.0005621955278911628,5.248003475467263,34.7222189143165,0.0008381187403578849,0.00040592310354559125,0.008349648011710897,0.004051824245534963,0.08042807471163382,0.03978739093352868,0.5676285223335936,0.3336935056867333,86.05884649259647,-4.988851547241211,-4.9857306480407715,-5.060415744781494,44,-5.060415744781494,-5.060415744781494,50,50,2.4314546363447995 1.3787772821439981 2.6973649175810768 2.1908462769412909,0.7388344651289277 1.4505264153189588 2.7282973186595783 1.6614712745573783,17.862225926481187,0.04348578490316868,0.22406771779060364,17.905711711384356,0.002370494417846203
e1-v2,N16_i00_Aheur_s43,16,3,0,514ae30a9bf6,Aheur,16.999999999962633,0.09294907800676788,182.89584323498954,0.4449442623367716,16.999999999962633,43,lightning_gpu,single,2,50,adam_0.1,0.1,-0.26194748704764703,1.902782602359012,560,2020-08-05,2023-08-05,ok,,1000,1,981,25600,3,True,-152.20661761879714,0.7933823808665416,-152.20661761879714,True,0.001,25600,0.7933823808665416,0.5546245097079523,0.006885791843443014,455,1,False,False,False,0.6822682076111205,0.1525602337780938,0.22214172093517828,0,0,1.8415134970705922,80.5462207278445,153.26194748671134,1.0000000744468025,0.000540500133297428,9.445357136428356e-07,1.8836226445273496e-06,1.3338299936549447e-05,4.3447882607918205,22.67452515777336,1.8836066784544414e-05,9.445316989875607e-06,0.00018834470276374304,9.444915536938048e-05,0.001881851511410071,0.0009440902258497363,0.01865995077517235,0.00940089428273616,0.9999992392834756,0.20637171479756944,0.00037178819184191525,0.000744386954465881,0.005209590599406511,4.945382555964245,32.2113872674411,0.007418983939872614,0.0037116678906427003,0.07176135138412998,0.03650283373890484,0.5251062328201686,0.3105473949168197,0.9994166023216348,0.9757314309855625,86.05884649259647,-1.25663423538208,-1.2594035863876343,-1.257603645324707,44,-1.257603645324707,-1.257603645324707,50,50,2.0492585716432195 0.13752423515278736 0.062924802978478217 2.6364640840167701,1.8690979652091371 0.021777493359382512 -0.066517214303616554 2.9970421769201376,17.73551374860108,0.043796869926154613,0.13031421415507793,17.779310618527234,0.002538474276661873
e1-v2,N16_i00_Aheur_s44,16,3,0,514ae30a9bf6,Aheur,16.999999999962633,0.09294907800676788,182.89584323498954,0.4449442623367716,16.999999999962633,44,lightning_gpu,single,2,50,adam_0.1,0.1,-0.26194748704764703,1.902782602359012,560,2020-08-05,2023-08-05,ok,,1000,223,738,52,3,True,-153.25509572184416,-0.2550957221804697,-153.25509572184416,True,0.223,52,-0.2550957221804697,0.003600918391140797,4.470623647641825e-05,2,1,False,True,True,1.8033586811587625,0.33272023679308316,0.18394578974158024,1,0,1.8415134970705922,80.5462207278445,153.26194748671134,0.9999988765919104,0.22866869904100895,0.0004065668908879161,0.0008132687071338296,0.005692706734407693,0.8545248784790278,3.0576787339365654,0.008102988258106958,0.004058238618986465,0.0781382006944571,0.03984923133762641,0.5567403616503329,0.33412250154544154,0.9997071927149014,0.982862660784152,1.0000015216546672,0.10089660047378857,0.00018161740445066243,0.0003624109667725861,0.0025459212629357353,2.8678822474457033,16.751170476536572,0.0036182049991682064,0.0018146904434817035,0.03559858491041035,0.01799942971432289,0.3040494384997622,0.166093421336461,0.9733446803052459,0.8373799838491757,86.05884649259647,-5.172969341278076,-5.175040245056152,-5.176815032958984,44,-5.176815032958984,-5.176815032958984,50,50,0.38505090477492371 0.8108861395016167 1.274766337564649 3.0447811714676671,0.75004919857759389 0.73367005889396397 1.0663667513768962 3.317962410836333,17.883378885686398,0.043492916971445084,0.13016097899526358,17.926871802657843,0.002192431129515171
e1-v2,N16_i00_Aheur_s45,16,3,0,514ae30a9bf6,Aheur,16.999999999962633,0.09294907800676788,182.89584323498954,0.4449442623367716,16.999999999962633,45,lightning_gpu,single,2,50,adam_0.1,0.1,-0.26194748704764703,1.902782602359012,560,2020-08-05,2023-08-05,ok,,1000,115,779,52,3,True,-153.25509572184416,-0.2550957221804697,-153.25509572184416,True,0.115,52,-0.2550957221804697,0.003600918391140797,4.470623647641825e-05,2,1,False,True,True,1.8033586811587625,0.33272023679308316,0.18394578974158024,1,0,1.8415134970705922,80.5462207278445,153.26194748671134,0.9999976809413056,0.10703397801262327,0.00019219015666749328,0.0003832718648482114,0.0026804246590472758,3.5828851694247446,22.66909002424063,0.0038261150206386763,0.0019202402507266791,0.037609064712956886,0.01903731980611756,0.3184225120685097,0.17486529530876505,0.9783652253817575,0.853698581565908,1.0000007307619967,0.007967844497215992,1.92869410966523e-05,3.763919448829256e-05,0.000280117454167339,5.967991518035633,39.99050735256583,0.00037632819937805095,0.00019285267245305882,0.0037569153540600864,0.0019268539380558058,0.03694032650771051,0.0191023204929881,0.3136715862747196,0.17541188422403398,86.05884649259647,-1.2575546503067017,-1.26931631565094,-1.2768259048461914,46,-1.2768259048461914,-1.2768259048461914,50,50,1.8005430614133757 1.660303899153966 2.3990779832738145 2.5500080338093531,2.0354067931244821 2.4578523310497928 2.629674551097676 2.7363533982217576,17.828472781926394,0.04419355560094118,0.13003626465797424,17.872666337527335,0.002551896497607231
e1-v2,N16_i00_Aheur_s46,16,3,0,514ae30a9bf6,Aheur,16.999999999962633,0.09294907800676788,182.89584323498954,0.4449442623367716,16.999999999962633,46,lightning_gpu,single,2,50,adam_0.1,0.1,-0.26194748704764703,1.902782602359012,560,2020-08-05,2023-08-05,ok,,1000,278,754,4116,3,True,-153.26194748671134,-0.26194748704764703,-153.26194748671134,True,0.278,4116,-0.26194748704764703,0.0,0.0,1,1,True,True,True,1.8415134970705922,0.348857468041634,0.18889759352564728,2,1,1.8415134970705922,80.5462207278445,153.26194748671134,0.9999987308060412,0.28658845997415483,0.0005164112662896514,0.0010323385940864682,0.007234860910102725,0.8079500267756705,2.5602720637105705,0.010275560191306043,0.0051521285471768374,0.09813206418298537,0.05034305036674769,0.6440168293085144,0.4034216237387702,0.9999673190502364,0.9942894876175482,1.0000003215926512,0.03503751444077352,6.309032323770225e-05,0.0001269866552320309,0.000883085624082014,6.717811973885323,46.22448588947633,0.0012691411455169055,0.0006307241450086432,0.012619173852652654,0.006289369943486833,0.11926167598941106,0.06114319948350011,0.7191535463256318,0.467899626347947,86.05884649259647,-5.28516149520874,-5.273837089538574,-5.366246700286865,34,-5.366246700286865,-5.366246700286865,50,50,2.8450397427097829 0.24261512621431053 0.85630314278475539 1.9536009066557216,1.8870488899505355 -2.011143726491742 1.5462970757145826 1.8848079618980027,17.877352762036026,0.04365614242851734,0.13052934873849154,17.921008904464543,0.0022200196981430054
e1-v2,N16_i00_Amargin_s42,16,3,0,514ae30a9bf6,Amargin,0.4449442623367716,0.09294907800676788,4.78696800310783,0.4449442623367716,16.999999999962633,42,lightning_gpu,single,2,50,adam_0.1,0.1,-0.26194748704764703,1.902782602359012,560,2020-08-05,2023-08-05,ok,,1000,327,502,4116,3,True,-4.2664458480785905,-0.26194748704764703,-4.266445848078591,True,0.327,4116,-0.26194748704764703,0.0,0.0,1,1,True,True,True,1.8415134970705922,0.348857468041634,0.18889759352564728,1,1,1.8415134970705922,2.242214030540946,4.2664458480785905,0.9999991740015216,0.30310424967319705,0.00070433528162539,0.0014154352829791605,0.010118743404746056,0.28126065752854595,1.5626136226022678,0.014064536713155551,0.007021070725603096,0.13206963810850636,0.06803343949361984,0.7574234522908136,0.5056855581141093,0.999999294514471,0.9991289702473604,0.9999983745777173,0.14854807887240895,0.0001860402844613418,0.00038256554398685694,0.002451967775414232,3.5967919923072955,19.25194269615087,0.003819076116487019,0.0018588461226115571,0.037541060591861575,0.01843374057014413,0.31794074507155634,0.1697742208424753,0.9782118145631777,0.8444169989594325,3.283567804467149,-5.208423614501953,-5.214303493499756,-5.219603061676025,41,-5.219603061676025,-5.219603061676025,50,50,2.4314546363447995 1.3787772821439981 2.6973649175810768 2.1908462769412909,0.37474969956216891 0.61253127771299742 2.0250033890947261 1.4181595244908214,17.72804046794772,0.16462658531963825,0.1313101090490818,17.89266705326736,0.002573121339082718
e1-v2,N16_i00_Amargin_s43,16,3,0,514ae30a9bf6,Amargin,0.4449442623367716,0.09294907800676788,4.78696800310783,0.4449442623367716,16.999999999962633,43,lightning_gpu,single,2,50,adam_0.1,0.1,-0.26194748704764703,1.902782602359012,560,2020-08-05,2023-08-05,ok,,1000,1,981,30,4,False,-3.5104629237828084,0.04909117491136383,-3.510462923782809,True,0.001,69,0.6274724805655609,0.4674312065448423,0.20846859406729878,392,1,False,False,False,0.8355162110186768,0.18221644558218042,0.21689159730514143,0,0,1.8415134970705922,2.242214030540946,4.2664458480785905,0.9999997628548236,0.0008020025117225771,3.378442670509685e-06,6.8016677232662914e-06,4.857826115767239e-05,4.036522815468731,21.3743122343094,6.801459544969468e-05,3.3783913085394524e-05,0.0006799378229144226,0.0003377877746051361,0.0067786117108505906,0.003372747842202095,0.06575532327648514,0.033220161071330856,0.9999998704280444,0.18204062282165978,0.00048607459757477045,0.0009627200197428465,0.007066573714837432,4.185673559531288,25.488338429340665,0.009585599747921836,0.004850127662178183,0.0918251685178385,0.04745628403929247,0.6183242040017289,0.38503675065718834,0.9999343936011298,0.9922644423352524,3.283567804467149,-1.3852754831314087,-1.3860533237457275,-1.387460470199585,47,-1.387460470199585,-1.387460470199585,50,50,2.0492585716432195 0.13752423515278736 0.062924802978478217 2.6364640840167701,2.231438358377853 -0.030953437984592509 0.11924874010581239 2.7682029137999113,17.707906685769558,0.047357670962810516,0.1310967542231083,17.75526435673237,0.0021431948989629745
e1-v2,N16_i00_Amargin_s44,16,3,0,514ae30a9bf6,Amargin,0.4449442623367716,0.09294907800676788,4.78696800310783,0.4449442623367716,16.999999999962633,44,lightning_gpu,single,2,50,adam_0.1,0.1,-0.26194748704764703,1.902782602359012,560,2020-08-05,2023-08-05,ok,,1000,461,593,52,3,True,-4.259594083211414,-0.2550957221804697,-4.2595940832114145,True,0.461,52,-0.2550957221804697,0.003600918391140797,0.0016059655064561596,2,1,False,True,True,1.8033586811587625,0.33272023679308316,0.18394578974158024,1,0,1.8415134970705922,2.242214030540946,4.2664458480785905,0.9999977409700556,0.45353191465255804,0.0013720715651288629,0.0026778479805216193,0.019443723722361028,0.3086894000348209,1.002177395066278,0.02645808419995288,0.01363630875535815,0.23520234462017797,0.12829252144191738,0.9315354940377614,0.7466576941624978,0.9999999999977371,0.999998910876346,1.0000019923436412,0.1013769824639894,0.0002227480581495911,0.0004223119030939415,0.003263997976318933,3.0843364626468963,17.778428329993403,0.004215102431990636,0.002225249155838438,0.04136042619216784,0.02203098066270437,0.3445289240212648,0.19970340012637522,0.9853601939545321,0.8922270631688359,3.283567804467149,-5.280200958251953,-5.281889915466309,-5.282601356506348,36,-5.282601356506348,-5.282601356506348,50,50,0.38505090477492371 0.8108861395016167 1.274766337564649 3.0447811714676671,0.33402555929541228 1.0610562756251645 0.744445601745234 3.4283883205029779,17.828090813942254,0.04361708927899599,0.13075910229235888,17.87170790322125,0.002248636446893215
e1-v2,N16_i00_Amargin_s45,16,3,0,514ae30a9bf6,Amargin,0.4449442623367716,0.09294907800676788,4.78696800310783,0.4449442623367716,16.999999999962633,45,lightning_gpu,single,2,50,adam_0.1,0.1,-0.26194748704764703,1.902782602359012,560,2020-08-05,2023-08-05,ok,,1000,52,826,20,2,False,-3.914450663748587,-0.3548965650544149,-3.9144506637485876,True,0.052,16452,0.091652249061976,0.1858329667673232,0.08287922751178664,114,1,False,False,False,1.0905966000689058,0.17942096840423183,0.16359941741333034,0,0,1.8415134970705922,2.242214030540946,4.2664458480785905,1.0000012682511235,0.05137729761236187,2.85242003883468e-05,3.681639554997673e-05,0.000418424843246612,3.562423273236733,20.178331061912452,0.00036810296637357354,0.0002852053933179999,0.00367493815450326,0.002848396320458746,0.03614756642176409,0.02812162136452312,0.3080009753986074,0.24817077264965937,1.0000013970997177,0.09849707847160971,0.0005985239404253662,0.0011172234080731869,0.009278570651076734,6.930994453533411,49.5998813993934,0.011116232628137435,0.005969144715669894,0.1057633205539722,0.0581133236320277,0.6730172845293416,0.4504761634053007,0.999986028341509,0.9974888922130204,3.283567804467149,-1.6893211603164673,-1.6925092935562134,-1.6998724937438965,47,-1.6998724937438965,-1.6998724937438965,50,50,1.8005430614133757 1.660303899153966 2.3990779832738145 2.5500080338093531,2.1860194752472659 3.3456427016407631 2.738453653989203 2.8209527681000104,17.688116907142103,0.04452732019126415,0.13204427156597376,17.732644227333367,0.0024436311796307564
e1-v2,N16_i00_Amargin_s46,16,3,0,514ae30a9bf6,Amargin,0.4449442623367716,0.09294907800676788,4.78696800310783,0.4449442623367716,16.999999999962633,46,lightning_gpu,single,2,50,adam_0.1,0.1,-0.26194748704764703,1.902782602359012,560,2020-08-05,2023-08-05,ok,,1000,293,465,4116,3,True,-4.2664458480785905,-0.26194748704764703,-4.266445848078591,True,0.293,4116,-0.26194748704764703,0.0,0.0,1,1,True,True,True,1.8415134970705922,0.348857468041634,0.18889759352564728,2,2,1.8415134970705922,2.242214030540946,4.2664458480785905,1.0000009375360703,0.302367287396919,0.0013029539259150624,0.0024671179708093405,0.022452397155575454,0.26759603872787885,1.7329125399748622,0.02439907373667838,0.012953408094112606,0.2188722983818313,0.12223848991011499,0.9154292080789522,0.7285028151231718,0.9999999999812844,0.9999978240279732,0.9999999114730336,0.0550978428691451,0.0001844570942921564,0.00038529938319697976,0.003092779399594292,6.10885153556925,36.70086722154646,0.0038463201886653753,0.00184304059692042,0.03780424645909686,0.018278298865174514,0.31980355312929487,0.1684585306017531,0.9787996227100031,0.8419337588361893,3.283567804467149,-5.219104290008545,-5.195398807525635,-5.267978668212891,40,-5.267978668212891,-5.267978668212891,50,50,2.8450397427097829 0.24261512621431053 0.85630314278475539 1.9536009066557216,0.90432896838128241 -1.4491713197603531 1.6209170147595766 0.52866167082104742,17.899291114881635,0.04355962947010994,0.13110000640153885,17.942850744351745,0.0025874869897961617
e1-v2,N16_i01_Aheur_s42,16,3,1,f9598a6bfdd0,Aheur,16.999999999966825,0.1029629032274818,165.10800945858875,0.4429027803288243,16.999999999966825,42,lightning_gpu,single,2,50,adam_0.1,0.1,-0.2659993052125461,1.5540248304390007,560,2020-08-05,2023-08-05,ok,,1000,390,771,2096,3,True,-153.21690649242393,-0.2169064927225116,-153.21690649242393,True,0.39,2096,-0.2169064927225116,0.031590751658817535,0.00032031117607739696,2,1,False,False,True,1.9356682045821456,0.3549567344559186,0.18286023070380883,0,0,1.9353797689764725,98.62519330634984,153.26599930491398,0.9999975743151026,0.3857526177307591,0.0006868798518553376,0.0006868798518553376,0.0027499452116899192,0.8465473873996667,4.000468833106083,0.006847606183669974,0.006847606183669974,0.06640409679611659,0.06640409679611659,0.49697522815822426,0.49697522815822426,0.9989627254378941,0.9989627254378941,0.9999987538453183,0.03360313873417908,4.9617465265328065e-05,4.9617465265328065e-05,0.0002053437965514604,3.9206919890292196,34.90561572410297,0.0004960638821316365,0.0004960638821316365,0.004949579885256683,0.004949579885256683,0.04840779899534475,0.04840779899534475,0.39115220129054606,0.39115220129054606,85.65909039557553,-5.006416320800781,-4.9970703125,-5.0654683113098145,45,-5.0654683113098145,-5.0654683113098145,50,50,2.4314546363447995 1.3787772821439981 2.6973649175810768 2.1908462769412909,0.74775044875800056 1.4307323443783055 2.735875657812779 1.6544619775491738,18.03153036441654,0.04490124341100454,0.13109800312668085,18.076431607827544,0.002691463567316532
e1-v2,N16_i01_Aheur_s43,16,3,1,f9598a6bfdd0,Aheur,16.999999999966825,0.1029629032274818,165.10800945858875,0.4429027803288243,16.999999999966825,43,lightning_gpu,single,2,50,adam_0.1,0.1,-0.2659993052125461,1.5540248304390007,560,2020-08-05,2023-08-05,ok,,1000,0,980,9,2,False,-136.04674101459648,-0.04674101486187543,-136.04674101459648,True,0.0,,,,,,,,,,,,,0,0,1.9353797689764725,98.62519330634984,153.26599930491398,1.000003047624432,0.0005679322523519659,9.846031616689288e-07,9.846031616689288e-07,3.931462515538442e-06,3.290055475726545,22.688430260993982,9.845987991807803e-06,9.845987991807803e-06,9.845551757647897e-05,9.845551757647897e-05,0.000984119083267898,0.000984119083267898,0.009797722942467724,0.009797722942467724,1.0000009809638968,0.20477862484403886,0.00036832544719800353,0.00036832544719800353,0.0014716422592755407,3.6924894747706625,32.36433938931728,0.0036771556007436645,0.0036771556007436645,0.03616901795030103,0.03616901795030103,0.3081549714844489,0.3081549714844489,0.9748760312133486,0.9748760312133486,85.65909039557553,-1.2572156190872192,-1.259748935699463,-1.2585868835449219,44,-1.2585868835449219,-1.2585868835449219,50,50,2.0492585716432195 0.13752423515278736 0.062924802978478217 2.6364640840167701,1.863701830552547 0.020630438285470877 -0.065246857473968578 2.996749591635405,17.884923035278916,0.04392729979008436,0.21942769549787045,17.928850335069,0.002258613705635071
e1-v2,N16_i01_Aheur_s44,16,3,1,f9598a6bfdd0,Aheur,16.999999999966825,0.1029629032274818,165.10800945858875,0.4429027803288243,16.999999999966825,44,lightning_gpu,single,2,50,adam_0.1,0.1,-0.2659993052125461,1.5540248304390007,560,2020-08-05,2023-08-05,ok,,1000,234,741,16432,3,True,-153.20377808102606,-0.20377808132463426,-153.20377808102606,True,0.234,16432,-0.20377808132463426,0.04003875785584121,0.00040596886569816613,3,1,False,False,True,1.8379882861548058,0.31590499479490486,0.171331339360006,0,0,1.9353797689764725,98.62519330634984,153.26599930491398,1.0000003995502995,0.22946747808600776,0.0004081580846104771,0.0004081580846104771,0.001633271633181721,0.7139525076995725,3.059520289517451,0.004074092313842592,0.004074092313842592,0.040002060022555685,0.040002060022555685,0.3351816302272588,0.3351816302272588,0.9831333003856477,0.9831333003856477,1.0000019202666408,0.10086878457514104,0.0001809892855817452,0.0001809892855817452,0.0007227656315080822,2.175705415266939,16.723843420768844,0.0018084194965674039,0.0018084194965674039,0.017937735282616107,0.017937735282616107,0.16556936930084798,0.16556936930084798,0.83635513577272,0.83635513577272,85.65909039557553,-5.183228015899658,-5.185372829437256,-5.1865553855896,44,-5.1865553855896,-5.1865553855896,50,50,0.38505090477492371 0.8108861395016167 1.274766337564649 3.0447811714676671,0.74920385749543728 0.72904913644127389 1.0660544507373892 3.3181061588151222,17.707825884222984,0.043804969638586044,0.13103979919105768,17.75163085386157,0.0024692630395293236
e1-v2,N16_i01_Aheur_s45,16,3,1,f9598a6bfdd0,Aheur,16.999999999966825,0.1029629032274818,165.10800945858875,0.4429027803288243,16.999999999966825,45,lightning_gpu,single,2,50,adam_0.1,0.1,-0.2659993052125461,1.5540248304390007,560,2020-08-05,2023-08-05,ok,,1000,125,793,2096,3,True,-153.21690649242393,-0.2169064927225116,-153.21690649242393,True,0.125,2096,-0.2169064927225116,0.031590751658817535,0.00032031117607739696,2,1,False,False,True,1.9356682045821456,0.3549567344559186,0.18286023070380883,0,0,1.9353797689764725,98.62519330634984,153.26599930491398,0.9999990753792645,0.12260289695404936,0.0002204846969107166,0.0002204846969107166,0.0008825475961202756,2.707085252847607,22.647985047412476,0.002202660647264265,0.002202660647264265,0.021809556817272924,0.021809556817272924,0.1978895859678531,0.1978895859678531,0.8897594047721298,0.8897594047721298,1.0000010690177987,0.006909149581588281,1.5818244719412178e-05,1.5818244719412178e-05,6.005325121805072e-05,4.4159707062651465,39.79582033032011,0.00015817118791006113,0.00015817118791006113,0.0015805865382163553,0.0015805865382163553,0.015693916497523053,0.015693916497523053,0.1463070543720626,0.1463070543720626,85.65909039557553,-1.2645493745803833,-1.2745596170425415,-1.2778133153915405,44,-1.2778133153915405,-1.2778133153915405,50,50,1.8005430614133757 1.660303899153966 2.3990779832738145 2.5500080338093531,2.0321445462445382 2.445906718839074 2.6246509299534004 2.7338740251189049,17.89914239756763,0.043875422328710556,0.1304548466578126,17.94301781989634,0.0025418363511562347
e1-v2,N16_i01_Aheur_s46,16,3,1,f9598a6bfdd0,Aheur,16.999999999966825,0.1029629032274818,165.10800945858875,0.4429027803288243,16.999999999966825,46,lightning_gpu,single,2,50,adam_0.1,0.1,-0.2659993052125461,1.5540248304390007,560,2020-08-05,2023-08-05,ok,,1000,275,748,49,3,True,-153.26599930491398,-0.2659993052125461,-153.26599930491398,True,0.275,49,-0.2659993052125461,0.0,0.0,1,1,True,True,True,1.9353797689764725,0.3258846040790556,0.16786607429035552,1,1,1.9353797689764725,98.62519330634984,153.26599930491398,1.0000006327536752,0.2772916119429283,0.0004984799306839705,0.0004984799306839705,0.001991412602365017,0.6622519987893309,2.535315780060756,0.004973632456632293,0.004973632456632293,0.04863779487661568,0.04863779487661568,0.3926221616399759,0.3926221616399759,0.9931673462049566,0.9931673462049566,1.0000005260837668,0.034710278356214985,6.276035128394142e-05,6.276035128394142e-05,0.00025099008780671284,4.954434907732068,46.28177704674337,0.0006274262937244757,0.0006274262937244757,0.00625657767519161,0.00625657767519161,0.06083333245134126,0.06083333245134126,0.4661408335107958,0.4661408335107958,85.65909039557553,-5.297118186950684,-5.290014266967773,-5.367737770080566,35,-5.367737770080566,-5.367737770080566,50,50,2.8450397427097829 0.24261512621431053 0.85630314278475539 1.9536009066557216,1.8871877059458642 -2.001548799553293 1.5530565484553678 1.8873361816755703,17.776546279899776,0.043703360483050346,0.13067039102315903,17.820249640382826,0.0024105915799736977
e1-v2,N16_i01_Amargin_s42,16,3,1,f9598a6bfdd0,Amargin,0.4429027803288243,0.1029629032274818,4.30157626140644,0.4429027803288243,16.999999999966825,42,lightning_gpu,single,2,50,adam_0.1,0.1,-0.2659993052125461,1.5540248304390007,560,2020-08-05,2023-08-05,ok,,1000,325,467,49,3,True,-4.2521243281719645,-0.2659993052125461,-4.2521243281719645,True,0.325,49,-0.2659993052125461,0.0,0.0,1,1,True,True,True,1.9353797689764725,0.3258846040790556,0.16786607429035552,2,2,1.9353797689764725,2.7362010212994927,4.2521243281719645,1.0000002081547201,0.31245998124359176,0.00037634349428117275,0.00037634349428117275,0.0016373945400118828,0.3524612255762135,1.4464370467745127,0.003757067785828405,0.003757067785828405,0.036941800051568774,0.036941800051568774,0.3136820874729668,0.3136820874729668,0.9768125313970865,0.9768125313970865,0.9999974857650927,0.038339364855062286,0.0003843171871267259,0.0003843171871267259,0.0011028140870621428,3.097606139410146,25.262977074766994,0.0038365321917976924,0.0038365321917976924,0.037709698944501824,0.037709698944501824,0.31913488121199607,0.31913488121199607,0.9785902865207189,0.9785902865207189,2.873604297385543,-5.4349164962768555,-5.481675624847412,-5.4349164962768555,49,-5.4349164962768555,-5.4349164962768555,50,50,2.4314546363447995 1.3787772821439981 2.6973649175810768 2.1908462769412909,0.60073873093464103 0.50635360930890561 2.6690169293923338 1.2916834466594025,17.894620685838163,0.04379482660442591,0.1304370742291212,17.93841551244259,0.002499757334589958
e1-v2,N16_i01_Amargin_s43,16,3,1,f9598a6bfdd0,Amargin,0.4429027803288243,0.1029629032274818,4.30157626140644,0.4429027803288243,16.999999999966825,43,lightning_gpu,single,2,50,adam_0.1,0.1,-0.2659993052125461,1.5540248304390007,560,2020-08-05,2023-08-05,ok,,1000,1,981,24577,3,True,-3.499865172585456,0.4862598503739629,-3.499865172585455,True,0.001,24577,0.4862598503739629,0.48407151600917553,0.17691372535899336,349,1,False,False,False,0.45838277163967656,0.0767797719059497,0.16531985186720394,0,0,1.9353797689764725,2.7362010212994927,4.2521243281719645,0.9999986482278773,0.0005451058403496134,2.348010184505256e-06,2.348010184505256e-06,8.77891307027312e-06,3.0995611804374987,21.44679061864008,2.34798537547265e-05,2.34798537547265e-05,0.0002347737304420061,0.0002347737304420061,0.002345258514930948,0.002345258514930948,0.023206616063981667,0.023206616063981667,1.0000005816044393,0.21743368907482363,0.0005575526738539338,0.0005575526738539338,0.0020183720043860376,3.2398253714087737,26.84567091571921,0.0055615585928060485,0.0055615585928060485,0.05424413722600785,0.05424413722600785,0.4274803174499875,0.4274803174499875,0.9962164087015954,0.9962164087015954,2.873604297385543,-1.440751552581787,-1.4430828094482422,-1.442918300628662,46,-1.442918300628662,-1.442918300628662,50,50,2.0492585716432195 0.13752423515278736 0.062924802978478217 2.6364640840167701,2.1027837072049498 -0.044143199540297128 0.033500518827237369 2.8640058654942369,17.51924138236791,0.043572379276156425,0.21974934916943312,17.562813761644065,0.0024526789784431458
e1-v2,N16_i01_Amargin_s44,16,3,1,f9598a6bfdd0,Amargin,0.4429027803288243,0.1029629032274818,4.30157626140644,0.4429027803288243,16.999999999966825,44,lightning_gpu,single,2,50,adam_0.1,0.1,-0.2659993052125461,1.5540248304390007,560,2020-08-05,2023-08-05,ok,,1000,485,583,112,3,True,-4.17493025931621,-0.18880523635679114,-4.174930259316209,True,0.485,112,-0.18880523635679114,0.04967363927766084,0.01815423607073633,4,1,False,False,True,1.8551493774036376,0.3316164691241859,0.17821555134654335,0,0,1.9353797689764725,2.7362010212994927,4.2521243281719645,0.9999979670040675,0.4615782568580471,0.0013668987667188048,0.0013668987667188048,0.005118673900142312,0.3317730005175814,1.0253158536331277,0.013585214856202232,0.013585214856202232,0.12784086940006945,0.12784086940006945,0.7453420037041121,0.7453420037041121,0.9999988529742271,0.9999988529742271,1.000001489501301,0.10215395288832951,0.00021106108033563942,0.00021106108033563942,0.0008033202902879566,2.2662299187243953,17.17434886430283,0.0021086073261072924,0.0021086073261072924,0.020887114042656196,0.020887114042656196,0.19029343052900882,0.19029343052900882,0.8788630516199557,0.8788630516199557,2.873604297385543,-5.554859161376953,-5.553770065307617,-5.554859161376953,49,-5.554859161376953,-5.554859161376953,50,50,0.38505090477492371 0.8108861395016167 1.274766337564649 3.0447811714676671,0.30595850320405382 1.0511824917318551 0.73595655205535382 3.4155024046525773,17.595988954417408,0.04401699732989073,0.13128307834267616,17.6400059517473,0.0022305184975266457
e1-v2,N16_i01_Amargin_s45,16,3,1,f9598a6bfdd0,Amargin,0.4429027803288243,0.1029629032274818,4.30157626140644,0.4429027803288243,16.999999999966825,45,lightning_gpu,single,2,50,adam_0.1,0.1,-0.2659993052125461,1.5540248304390007,560,2020-08-05,2023-08-05,ok,,1000,57,806,16417,3,True,-4.116172144076356,-0.13004712111693728,-4.116172144076355,True,0.057,16417,-0.13004712111693728,0.0874839200974693,0.03197276786919732,8,1,False,False,False,1.5648176861830039,0.23880360045812232,0.1519688859334067,0,0,1.9353797689764725,2.7362010212994927,4.2521243281719645,0.9999993323573573,0.060875392675370676,3.067291618208401e-05,3.067291618208401e-05,0.00013415599096333608,2.5213170677082903,18.91873989573954,0.0003066868280331425,0.0003066868280331425,0.003062639183520899,0.003062639183520899,0.03020773150059275,0.03020773150059275,0.2641535914425245,0.2641535914425245,1.0000008013185733,0.06503916649529629,0.0007133145700208843,0.0007133145700208843,0.002171314408769831,4.760983464182668,45.75359091725873,0.0071102924041235305,0.0071102924041235305,0.06887049660760358,0.06887049660760358,0.5101074021215852,0.5101074021215852,0.9992038245637135,0.9992038245637135,2.873604297385543,-2.03704571723938,-2.0339548587799072,-2.03704571723938,49,-2.03704571723938,-2.03704571723938,50,50,1.8005430614133757 1.660303899153966 2.3990779832738145 2.5500080338093531,2.074836170756666 3.2804797756064161 2.7509653251159092 2.8548381765159303,17.82606806512922,0.043897164054214954,0.1302920924499631,17.869965229183435,0.002453504130244255
e1-v2,N16_i01_Amargin_s46,16,3,1,f9598a6bfdd0,Amargin,0.4429027803288243,0.1029629032274818,4.30157626140644,0.4429027803288243,16.999999999966825,46,lightning_gpu,single,2,50,adam_0.1,0.1,-0.2659993052125461,1.5540248304390007,560,2020-08-05,2023-08-05,ok,,1000,400,678,2096,3,True,-4.20303151568193,-0.2169064927225116,-4.20303151568193,True,0.4,2096,-0.2169064927225116,0.031590751658817535,0.011545479083190412,2,1,False,False,True,1.9356682045821456,0.3549567344559186,0.18286023070380883,0,0,1.9353797689764725,2.7362010212994927,4.2521243281719645,0.9999982827742476,0.3981860515777953,0.0014734675642102957,0.0014734675642102957,0.005061164032667875,0.46045345381769176,1.5646910921383461,0.01463735874077765,0.01463735874077765,0.1370990931256647,0.1370990931256647,0.7711192572449648,0.7711192572449648,0.9999996054586361,0.9999996054586361,1.000000583194236,0.01775133389872252,0.00010613143240334466,0.00010613143240334466,0.00031463764753425494,4.781984037476843,42.622604173360095,0.001060807592818569,0.001060807592818569,0.010557579837727427,0.010557579837727427,0.10069862288346765,0.10069862288346765,0.6540187331434795,0.6540187331434795,2.873604297385543,-5.426618576049805,-5.42585563659668,-5.543271064758301,43,-5.543271064758301,-5.543271064758301,50,50,2.8450397427097829 0.24261512621431053 0.85630314278475539 1.9536009066557216,0.78943399234986056 -1.4595638704343534 1.5809129556519399 0.44945390691272608,17.76019045058638,0.04365095868706703,0.13065461721271276,17.803841409273446,0.0025319205597043037
e1-v2,N16_i02_Aheur_s42,16,3,2,75660748013c,Aheur,16.999999999967688,0.13197373083797048,128.81351381086043,0.5235124529950695,16.999999999967688,42,lightning_gpu,single,2,50,adam_0.1,0.1,-0.22828866992192332,1.827702640725787,560,2020-08-05,2023-08-05,ok,,1000,361,763,280,3,True,-153.22828866963113,-0.22828866992192332,-153.22828866963113,True,0.361,280,-0.22828866992192332,0.0,0.0,1,1,True,True,True,2.0896167038365485,0.40866184199162353,0.19508929137250577,1,1,2.0896167038365485,83.83655265102843,153.22828866963113,1.0000016719113773,0.37138658110052347,0.0006616396713070571,0.0006616396713070571,0.001985080598387867,1.0764818804816119,4.006432262934254,0.00659673191268495,0.00659673191268495,0.06404311363665349,0.06404311363665349,0.48410841977980246,0.48410841977980246,0.998664682936131,0.998664682936131,0.9999974897085622,0.029835414603439858,4.157699004281312e-05,4.157699004281312e-05,0.00012795752991223708,4.975787743152965,34.74226061694435,0.00041569211997760647,0.00041569211997760647,0.004149153816059625,0.004149153816059625,0.040725351308277036,0.040725351308277036,0.3401736231170066,0.3401736231170066,85.98280542417983,-4.990788459777832,-4.98708438873291,-5.0613579750061035,44,-5.0613579750061035,-5.0613579750061035,50,50,2.4314546363447995 1.3787772821439981 2.6973649175810768 2.1908462769412909,0.73946387294796789 1.449329988952752 2.7289693998864051 1.6608204350239293,17.686473820358515,0.04355539847165346,0.1318231113255024,17.73002921883017,0.0022831792011857033
e1-v2,N16_i02_Aheur_s43,16,3,2,75660748013c,Aheur,16.999999999967688,0.13197373083797048,128.81351381086043,0.5235124529950695,16.999999999967688,43,lightning_gpu,single,2,50,adam_0.1,0.1,-0.22828866992192332,1.827702640725787,560,2020-08-05,2023-08-05,ok,,1000,0,983,9,2,False,-135.71435388454586,0.2856461151956351,-135.71435388454586,True,0.0,,,,,,,,,,,,,0,0,2.0896167038365485,83.83655265102843,153.22828866963113,1.0000030654467764,0.0005413660369413265,9.351177254757204e-07,9.351177254757204e-07,2.8104385592087056e-06,4.212049428873808,22.674180693540052,9.351137904789475e-06,9.351137904789475e-06,9.350744417624401e-05,9.350744417624401e-05,0.0009346810759626178,0.0009346810759626178,0.009307595295116378,0.009307595295116378,1.0000004770643116,0.20622290062601678,0.00037096330197528005,0.00037096330197528005,0.0011135235836263746,4.69844301237038,32.22337454974186,0.003703446522023257,0.003703446522023257,0.03642332302632256,0.03642332302632256,0.3099782263555583,0.3099782263555583,0.975530339085664,0.975530339085664,85.98280542417983,-1.2570053339004517,-1.2597612142562866,-1.2580012083053589,44,-1.2580012083053589,-1.2580012083053589,50,50,2.0492585716432195 0.13752423515278736 0.062924802978478217 2.6364640840167701,1.8685990534270294 0.021741532542859904 -0.06645387316094678 2.9970293768514589,17.874637968838215,0.13259617052972317,0.13156769517809153,18.007234139367938,0.002154998481273651
e1-v2,N16_i02_Aheur_s44,16,3,2,75660748013c,Aheur,16.999999999967688,0.13197373083797048,128.81351381086043,0.5235124529950695,16.999999999967688,44,lightning_gpu,single,2,50,adam_0.1,0.1,-0.22828866992192332,1.827702640725787,560,2020-08-05,2023-08-05,ok,,1000,222,740,336,3,True,-153.08823353676448,-0.08823353705528392,-153.08823353676445,True,0.222,336,-0.08823353705528392,0.07662905865859176,0.0009140292179899379,7,1,False,False,False,1.739594651226992,0.3156731916228799,0.1808888015382956,0,0,2.0896167038365485,83.83655265102843,153.22828866963113,0.9999991239508073,0.22870435312506743,0.00040654209442436695,0.00040654209442436695,0.001219988043885678,0.9337276542061749,3.0574508364363524,0.004057991560177054,0.004057991560177054,0.03984684953198592,0.03984684953198592,0.3341059832179254,0.3341059832179254,0.9828584090744132,0.9828584090744132,1.000000491766059,0.10089589157723822,0.00018139963503926992,0.00018139963503926992,0.000543512447620742,2.7951903422028495,16.748400525868874,0.001812516304216305,0.001812516304216305,0.01797804063051056,0.01797804063051056,0.16591176924184947,0.16591176924184947,0.8370253968858281,0.8370253968858281,85.98280542417983,-5.174280166625977,-5.176358699798584,-5.178108215332031,44,-5.178108215332031,-5.178108215332031,50,50,0.38505090477492371 0.8108861395016167 1.274766337564649 3.0447811714676671,0.74992600289525402 0.73336728540320939 1.0663232238373823 3.3179837404773318,17.733862040564418,0.04371693450957537,0.13141964096575975,17.777578975073993,0.0021533863618969917
e1-v2,N16_i02_Aheur_s45,16,3,2,75660748013c,Aheur,16.999999999967688,0.13197373083797048,128.81351381086043,0.5235124529950695,16.999999999967688,45,lightning_gpu,single,2,50,adam_0.1,0.1,-0.22828866992192332,1.827702640725787,560,2020-08-05,2023-08-05,ok,,1000,121,782,4120,3,True,-153.09076277936447,-0.09076277965528856,-153.0907627793645,True,0.121,4120,-0.09076277965528856,0.07524522162534204,0.000897522849472974,6,1,False,False,False,2.028139896537343,0.43969478003411183,0.21630400387226661,0,0,2.0896167038365485,83.83655265102843,153.22828866963113,1.0000010325459243,0.10921920780674554,0.0001973589969566092,0.0001973589969566092,0.0005902570410398766,3.4465754958096175,22.662366969854702,0.001971838115901514,0.001971838115901514,0.01954433145704615,0.01954433145704615,0.17912010784561516,0.17912010784561516,0.8610699552980248,0.8610699552980248,1.000001103376798,0.007794510906933283,1.8345739590586163e-05,1.8345739590586163e-05,5.4164502216735855e-05,5.644788942558252,39.974377373774395,0.00018344225116950774,0.00018344225116950774,0.001832908954542578,0.001832908954542578,0.018178646125903808,0.018178646125903808,0.16761406269202817,0.16761406269202817,85.98280542417983,-1.258553147315979,-1.270989179611206,-1.2768356800079346,45,-1.2768356800079346,-1.2768356800079346,50,50,1.8005430614133757 1.660303899153966 2.3990779832738145 2.5500080338093531,2.0353032548486563 2.4561319925478751 2.6289834229494629 2.7359348327943298,17.87989968433976,0.04512012843042612,0.1310299001634121,17.925019812770188,0.0024895165115594864
e1-v2,N16_i02_Aheur_s46,16,3,2,75660748013c,Aheur,16.999999999967688,0.13197373083797048,128.81351381086043,0.5235124529950695,16.999999999967688,46,lightning_gpu,single,2,50,adam_0.1,0.1,-0.22828866992192332,1.827702640725787,560,2020-08-05,2023-08-05,ok,,1000,279,747,104,3,True,-153.08172135043833,-0.08172135072914966,-153.08172135043833,True,0.279,104,-0.08172135072914966,0.08019210342365718,0.0009565291139469756,8,1,False,False,False,1.835096242901024,0.35752533698568584,0.19428154701143652,0,0,2.0896167038365485,83.83655265102843,153.22828866963113,1.0000013038768998,0.2860627109184861,0.0005151425139047205,0.0005151425139047205,0.0015445905737578869,0.8907284964405338,2.5565534539467762,0.0051394997973504,0.0051394997973504,0.050222492586122325,0.050222492586122325,0.4026638420378358,0.4026638420378358,0.9942165359196089,0.9942165359196089,1.0000001895166406,0.03503574405476684,6.3117484387476e-05,6.3117484387476e-05,0.00018993115372722968,6.3040773671989605,46.23322351857422,0.0006309956022876317,0.0006309956022876317,0.006292069142476708,0.006292069142476708,0.061168701176602225,0.061168701176602225,0.46804414042005305,0.46804414042005305,85.98280542417983,-5.286538600921631,-5.275908470153809,-5.366856575012207,34,-5.366856575012207,-5.366856575012207,50,50,2.8450397427097829 0.24261512621431053 0.85630314278475539 1.9536009066557216,1.8870344821062939 -2.0103487839309513 1.5467537451604629 1.8849462966774144,17.939629717729986,0.04488402605056763,0.1315678833052516,17.984513743780553,0.002121209166944027
e1-v2,N16_i02_Amargin_s42,16,3,2,75660748013c,Amargin,0.5235124529950695,0.13197373083797048,3.9667928584803525,0.5235124529950695,16.999999999967688,42,lightning_gpu,single,2,50,adam_0.1,0.1,-0.22828866992192332,1.827702640725787,560,2020-08-05,2023-08-05,ok,,1000,363,656,280,3,True,-4.939900746877549,-0.22828866992192332,-4.93990074687755,True,0.363,280,-0.22828866992192332,0.0,0.0,1,1,True,True,True,2.0896167038365485,0.40866184199162353,0.19508929137250577,2,2,2.0896167038365485,2.7027923672068983,4.939900746877549,1.0000001162129788,0.37022171448916197,0.000789443904068321,0.000789443904068321,0.0023679627920500934,0.5715737254895761,1.2350774470698824,0.00786645302352662,0.00786645302352662,0.075937499043635,0.075937499043635,0.5460443073584325,0.5460443073584325,0.9996283495477929,0.9996283495477929,0.9999980548324333,0.09835652092715463,0.0002813092723954469,0.0002813092723954469,0.0008504640718456358,3.423325507553309,20.660048333216846,0.0028095343232026337,0.0028095343232026337,0.027742784692863287,0.027742784692863287,0.24523500815800703,0.24523500815800703,0.9400046651755279,0.9400046651755279,3.6003676893167356,-5.2613606452941895,-5.264290809631348,-5.2613606452941895,49,-5.2613606452941895,-5.2613606452941895,50,50,2.4314546363447995 1.3787772821439981 2.6973649175810768 2.1908462769412909,0.48689090238174093 0.55054276956890591 2.0156001981700391 1.5157435640123207,17.924960321746767,0.0408480791375041,0.12499702628701925,17.96580840088427,0.0023132702335715294
e1-v2,N16_i02_Amargin_s43,16,3,2,75660748013c,Amargin,0.5235124529950695,0.13197373083797048,3.9667928584803525,0.5235124529950695,16.999999999967688,43,lightning_gpu,single,2,50,adam_0.1,0.1,-0.22828866992192332,1.827702640725787,560,2020-08-05,2023-08-05,ok,,1000,5,987,36992,3,True,-4.317664290810202,0.39394778614542325,-4.317664290810203,True,0.005,36992,0.39394778614542325,0.34044731467929285,0.12596132755514464,203,1,False,False,False,1.3242949795442276,0.29157477038630786,0.21941846406932144,0,0,2.0896167038365485,2.7027923672068983,4.939900746877549,1.0000009967187924,0.0014584996247322124,4.751130290969741e-06,4.751130290969741e-06,1.4098031897447072e-05,3.945409323104723,21.34101382124002,4.751028712679517e-05,4.751028712679517e-05,0.00047500130890376635,0.00047500130890376635,0.004739872758129038,0.004739872758129038,0.04640041300902775,0.04640041300902775,1.000000681530999,0.21523994763265364,0.0004973327158950269,0.0004973327158950269,0.0014931776677258313,4.065962983873023,25.998734816112908,0.0049622116149700135,0.0049622116149700135,0.04852859256115061,0.04852859256115061,0.39192462145399565,0.39192462145399565,0.9930884701438374,0.9930884701438374,3.6003676893167356,-1.4017717838287354,-1.4037139415740967,-1.40337073802948,36,-1.40337073802948,-1.40337073802948,50,50,2.0492585716432195 0.13752423515278736 0.062924802978478217 2.6364640840167701,2.2039699317939054 -0.035295811067451006 0.096991296338265129 2.7898324428521346,18.008384495973587,0.043937831185758114,0.13092711381614208,18.052322327159345,0.0022818520665168762
e1-v2,N16_i02_Amargin_s44,16,3,2,75660748013c,Amargin,0.5235124529950695,0.13197373083797048,3.9667928584803525,0.5235124529950695,16.999999999967688,44,lightning_gpu,single,2,50,adam_0.1,0.1,-0.22828866992192332,1.827702640725787,560,2020-08-05,2023-08-05,ok,,1000,484,608,280,3,True,-4.939900746877549,-0.22828866992192332,-4.93990074687755,True,0.484,280,-0.22828866992192332,0.0,0.0,1,1,True,True,True,2.0896167038365485,0.40866184199162353,0.19508929137250577,2,2,2.0896167038365485,2.7027923672068983,4.939900746877549,1.0000003648653824,0.46658029218087904,0.0013674647780135274,0.0013674647780135274,0.00397970643825829,0.4747004624791487,0.9837371958110577,0.013590805703180608,0.013590805703180608,0.12789030077466623,0.12789030077466623,0.745486299444446,0.745486299444446,0.9999988594570217,0.9999988594570217,1.0000010379162632,0.10148851468693465,0.0002138316340278834,0.0002138316340278834,0.0006246294651646167,2.993610359639862,17.640743261837542,0.0021362599345605693,0.0021362599345605693,0.021158402576340163,0.021158402576340163,0.19253413665263042,0.19253413665263042,0.8821738437235249,0.8821738437235249,3.6003676893167356,-5.325295925140381,-5.3277459144592285,-5.327973365783691,37,-5.327973365783691,-5.327973365783691,50,50,0.38505090477492371 0.8108861395016167 1.274766337564649 3.0447811714676671,0.33942050818375114 1.0559956117837508 0.75134144007336845 3.4340772592858055,17.77755963150412,0.04459225572645664,0.23801388032734394,17.822151887230575,0.002593391574919224
e1-v2,N16_i02_Amargin_s45,16,3,2,75660748013c,Amargin,0.5235124529950695,0.13197373083797048,3.9667928584803525,0.5235124529950695,16.999999999967688,45,lightning_gpu,single,2,50,adam_0.1,0.1,-0.22828866992192332,1.827702640725787,560,2020-08-05,2023-08-05,ok,,1000,19,794,4136,3,True,-4.673675403405629,0.037936673549996414,-4.67367540340563,True,0.019,4136,0.037936673549996414,0.14566119101639025,0.05389285273397396,28,1,False,False,False,1.940219733590047,0.4439845268185204,0.22831667936850264,0,0,2.0896167038365485,2.7027923672068983,4.939900746877549,0.9999997423606325,0.01738527449100502,6.939066224731505e-05,6.939066224731505e-05,0.00016928875993471593,3.2432769751256707,19.184698326873445,0.000693689984682444,0.000693689984682444,0.006915285594385923,0.006915285594385923,0.06704011044604363,0.06704011044604363,0.5003916057383425,0.5003916057383425,1.0000003724697537,0.05884960801904526,0.0006158448522910476,0.0006158448522910476,0.0016550981090404093,6.576755190787853,50.71068664290688,0.006141409601230885,0.006141409601230885,0.05974433462947293,0.05974433462947293,0.459918142324491,0.459918142324491,0.9978884766522796,0.9978884766522796,3.6003676893167356,-1.923287034034729,-1.9122611284255981,-1.9368549585342407,46,-1.9368549585342407,-1.9368549585342407,50,50,1.8005430614133757 1.660303899153966 2.3990779832738145 2.5500080338093531,2.160724260412568 3.3785646197015931 2.7542203835298547 2.7864504782727368,17.702330705709755,0.04516602214425802,0.13185540866106749,17.747496727854013,0.0022215237841010094
e1-v2,N16_i02_Amargin_s46,16,3,2,75660748013c,Amargin,0.5235124529950695,0.13197373083797048,3.9667928584803525,0.5235124529950695,16.999999999967688,46,lightning_gpu,single,2,50,adam_0.1,0.1,-0.22828866992192332,1.827702640725787,560,2020-08-05,2023-08-05,ok,,1000,217,653,280,3,True,-4.939900746877549,-0.22828866992192332,-4.93990074687755,True,0.217,280,-0.22828866992192332,0.0,0.0,1,1,True,True,True,2.0896167038365485,0.40866184199162353,0.19508929137250577,3,3,2.0896167038365485,2.7027923672068983,4.939900746877549,1.000001983484982,0.22845748199870286,0.001637473702430725,0.001637473702430725,0.004567602300085127,0.6252299459221369,2.814394080916237,0.016254602982746058,0.016254602982746058,0.15115746650006,0.15115746650006,0.805790115881023,0.805790115881023,0.9999999236668312,0.9999999236668312,1.0000000425550297,0.020948042933241595,0.000107700536318589,0.000107700536318589,0.00033714021265041083,5.732225809677321,39.885255094084954,0.001076483539820594,0.001076483539820594,0.010712838053718698,0.010712838053718698,0.10210876434335037,0.10210876434335037,0.6594057402961326,0.6594057402961326,3.6003676893167356,-5.109694480895996,-5.0197553634643555,-5.138192653656006,45,-5.138192653656006,-5.138192653656006,50,50,2.8450397427097829 0.24261512621431053 0.85630314278475539 1.9536009066557216,0.89803373246835405 -1.1466654045314335 1.6064817759487806 0.73408722590195086,17.956869252957404,0.04379865247756243,0.13080243114382029,18.000667905434966,0.0024948259815573692
e1-v2,N16_i03_Aheur_s42,16,3,3,ba5bb77bd55e,Aheur,16.999999999968857,0.050718174167097396,335.18556768152223,0.44233389027442294,16.999999999968857,42,lightning_gpu,single,2,50,adam_0.1,0.1,-0.20152723531998307,2.0344214429371283,560,2020-08-05,2023-08-05,ok,,1000,372,757,32804,3,True,-153.2015272350397,-0.20152723531998307,-153.2015272350397,True,0.372,32804,-0.20152723531998307,0.0,0.0,1,1,True,True,True,1.9197436908870447,0.31401234747451245,0.16304903043066166,1,1,1.9197436908870447,75.30471513997615,153.2015272350397,0.9999998800603862,0.3707415144890547,0.0006585793453268707,0.0006585793453268707,0.003293774148914963,1.1295931700896662,4.005177918556285,0.0065663099870786334,0.0065663099870786334,0.0637564472254678,0.0637564472254678,0.48252615902739926,0.48252615902739926,0.998623158318935,0.998623158318935,0.9999988417357315,0.029559003090980696,3.687654316308908e-05,3.687654316308908e-05,0.00018866718528443016,5.247601677528373,34.719684110620506,0.0003687042430736698,0.0003687042430736698,0.0036809310147315477,0.0036809310147315477,0.036205540237655987,0.036205540237655987,0.30841708647390464,0.30841708647390464,86.03405714924196,-4.990055084228516,-4.98691463470459,-5.061481952667236,44,-5.061481952667236,-5.061481952667236,50,50,2.4314546363447995 1.3787772821439981 2.6973649175810768 2.1908462769412909,0.73900178698953012 1.450542980317119 2.7283263399543407 1.6612846075346968,17.860258743166924,0.043897029012441635,0.13127595651894808,17.904155772179365,0.002486882731318474
e1-v2,N16_i03_Aheur_s43,16,3,3,ba5bb77bd55e,Aheur,16.999999999968857,0.050718174167097396,335.18556768152223,0.44233389027442294,16.999999999968857,43,lightning_gpu,single,2,50,adam_0.1,0.1,-0.20152723531998307,2.0344214429371283,560,2020-08-05,2023-08-05,ok,,1000,0,985,4608,2,False,-135.88920868080552,0.11079131894533334,-135.8892086808055,True,0.0,,,,,,,,,,,,,0,0,1.9197436908870447,75.30471513997615,153.2015272350397,1.0000004798039868,0.000536807336345646,9.47931255268486e-07,9.47931255268486e-07,4.750954417431785e-06,4.43973089931287,22.671289382497548,9.479272116919013e-06,9.479272116919013e-06,9.478867772494404e-05,9.478867772494404e-05,0.0009474825592282743,0.0009474825592282743,0.009434529948481596,0.009434529948481596,1.000000041715058,0.20632787959766574,0.00037285126745700836,0.00037285126745700836,0.00186255038715899,4.9577448977643215,32.206293304686525,0.003722263077436949,0.003722263077436949,0.0366052934747334,0.0366052934747334,0.3112802184212551,0.3112802184212551,0.9759881528152667,0.9759881528152667,86.03405714924196,-1.2573151588439941,-1.260099172592163,-1.258272409439087,44,-1.258272409439087,-1.258272409439087,50,50,2.0492585716432195 0.13752423515278736 0.062924802978478217 2.6364640840167701,1.8691056404120669 0.021835061474594193 -0.066572385675566267 2.9970006192609149,17.860230257734656,0.043872357346117496,0.13835693243891,17.904102615080774,0.002419818192720413
e1-v2,N16_i03_Aheur_s44,16,3,3,ba5bb77bd55e,Aheur,16.999999999968857,0.050718174167097396,335.18556768152223,0.44233389027442294,16.999999999968857,44,lightning_gpu,single,2,50,adam_0.1,0.1,-0.20152723531998307,2.0344214429371283,560,2020-08-05,2023-08-05,ok,,1000,228,728,34820,3,True,-153.0833167055066,-0.08331670578689176,-153.0833167055066,True,0.228,34820,-0.08331670578689176,0.05810523180606511,0.0007716015085915842,7,1,False,False,False,1.7028387240094145,0.28516313679935235,0.16687613030685416,0,0,1.9197436908870447,75.30471513997615,153.2015272350397,0.9999998588800203,0.22857222499442287,0.00040607081609778106,0.00040607081609778106,0.0020310757972765714,0.9809770382542063,3.0568512756922415,0.004053295982437755,0.004053295982437755,0.03980158013502,0.03980158013502,0.3337919602201398,0.3337919602201398,0.9827774008201957,0.9827774008201957,1.0000020842030608,0.10090115696948487,0.00018252420704811811,0.00018252420704811811,0.0009121488255914301,2.9468853303699154,16.750222145497446,0.0018237436210681857,0.0018237436210681857,0.018088489958313025,0.018088489958313025,0.166849404814846,0.166849404814846,0.8388482266091732,0.8388482266091732,86.03405714924196,-5.173958778381348,-5.176029682159424,-5.177883625030518,44,-5.177883625030518,-5.177883625030518,50,50,0.38505090477492371 0.8108861395016167 1.274766337564649 3.0447811714676671,0.7499119763240234 0.73384680415492654 1.0663079372220763 3.3180089300321396,17.789843742735684,0.04381818789988756,0.22165977582335472,17.83366193063557,0.0025381632149219513
e1-v2,N16_i03_Aheur_s45,16,3,3,ba5bb77bd55e,Aheur,16.999999999968857,0.050718174167097396,335.18556768152223,0.44233389027442294,16.999999999968857,45,lightning_gpu,single,2,50,adam_0.1,0.1,-0.20152723531998307,2.0344214429371283,560,2020-08-05,2023-08-05,ok,,1000,109,779,33284,3,True,-153.0901404415375,-0.09014044181778758,-153.09014044153747,True,0.109,33284,-0.09014044181778758,0.05475109097424008,0.0007270605947113529,6,1,False,False,False,1.8014715679141555,0.320202943436308,0.17719010897624046,0,0,1.9197436908870447,75.30471513997615,153.2015272350397,0.999999623829126,0.10744966023776215,0.00019235107174608856,0.00019235107174608856,0.000961247191298753,3.632333227354455,22.670565548607556,0.0019218466191215366,0.0019218466191215366,0.019053107883351794,0.019053107883351794,0.17499808677215734,0.17499808677215734,0.8539338584964005,0.8539338584964005,1.000001968224863,0.007950689455356041,2.198082256654743e-05,2.198082256654743e-05,0.00010754784307209775,5.94701841133496,39.988471241752386,0.00021978648489462405,0.00021978648489462405,0.0021956923480471735,0.0021956923480471735,0.021741240961455244,0.021741240961455244,0.1973292238798945,0.1973292238798945,86.03405714924196,-1.2578532695770264,-1.26962149143219,-1.2769911289215088,46,-1.2769911289215088,-1.2769911289215088,50,50,1.8005430614133757 1.660303899153966 2.3990779832738145 2.5500080338093531,2.0352907580289763 2.4578035386097916 2.6296155010134017 2.7363059726952601,17.92107728123665,0.04420547280460596,0.13153880648314953,17.965282754041255,0.002779383212327957
e1-v2,N16_i03_Aheur_s46,16,3,3,ba5bb77bd55e,Aheur,16.999999999968857,0.050718174167097396,335.18556768152223,0.44233389027442294,16.999999999968857,46,lightning_gpu,single,2,50,adam_0.1,0.1,-0.20152723531998307,2.0344214429371283,560,2020-08-05,2023-08-05,ok,,1000,269,755,33284,3,True,-153.0901404415375,-0.09014044181778758,-153.09014044153747,True,0.269,33284,-0.09014044181778758,0.05475109097424008,0.0007270605947113529,6,1,False,False,False,1.8014715679141555,0.320202943436308,0.17719010897624046,0,0,1.9197436908870447,75.30471513997615,153.2015272350397,0.9999984660180488,0.286548501055222,0.0005182147142477334,0.0005182147142477334,0.0025884893257170916,0.9374439644431983,2.559181676679934,0.005170079235058411,0.005170079235058411,0.0505143892407407,0.0505143892407407,0.4044971080736329,0.4044971080736329,0.9943916029941736,0.9943916029941736,1.0000007654137164,0.03504711889036116,6.310539902187884e-05,6.310539902187884e-05,0.0003149973490508273,6.6637765555313315,46.225846806117914,0.0006308748172595413,0.0006308748172595413,0.006290868133589478,0.006290868133589478,0.06115735427243674,0.06115735427243674,0.46797984366657597,0.46797984366657597,86.03405714924196,-5.286061763763428,-5.274860858917236,-5.366898536682129,34,-5.366898536682129,-5.366898536682129,50,50,2.8450397427097829 0.24261512621431053 0.85630314278475539 1.9536009066557216,1.887283276926645 -2.0112536957347031 1.5463332900974545 1.8848844416256434,17.912490158341825,0.045289003290235996,0.13123662397265434,17.95777916163206,0.002515205182135105
e1-v2,N16_i03_Amargin_s42,16,3,3,ba5bb77bd55e,Amargin,0.44233389027442294,0.050718174167097396,8.721408006863543,0.44233389027442294,16.999999999968857,42,lightning_gpu,single,2,50,adam_0.1,0.1,-0.20152723531998307,2.0344214429371283,560,2020-08-05,2023-08-05,ok,,1000,297,502,32864,3,True,-4.098728463764138,-0.11772345129433182,-4.098728463764138,True,0.297,32864,-0.11772345129433182,0.04119293193482188,0.02003661396034338,3,1,False,False,True,1.902050841925817,0.3492572575337504,0.1830956617232911,0,0,1.9197436908870447,2.0558828959998556,4.182532247789789,0.9999997764500834,0.29554823687067255,0.0007641762495040894,0.0007641762495040894,0.0037199908401817083,0.3613814025923491,1.6085613353456494,0.0076155375334727715,0.0076155375334727715,0.07359783772209705,0.07359783772209705,0.5344186229037573,0.5344186229037573,0.9995214183911025,0.9995214183911025,0.9999993106138625,0.1488162285390331,0.00016954111924860626,0.00016954111924860626,0.0007696489919908345,3.661861641821022,19.268798188442943,0.0016941182885110706,0.0016941182885110706,0.016812612965747542,0.016812612965747542,0.15596008509993253,0.15596008509993253,0.8165026273710012,0.8165026273710012,3.2457266007697703,-5.2368388175964355,-5.243144989013672,-5.247836589813232,46,-5.247836589813232,-5.247836589813232,50,50,2.4314546363447995 1.3787772821439981 2.6973649175810768 2.1908462769412909,0.38163632174816819 0.64169428224385083 2.0187458667734921 1.4119458693972933,17.884885957464576,0.04391924384981394,0.13071278482675552,17.92880520131439,0.0027379021048545837
e1-v2,N16_i03_Amargin_s43,16,3,3,ba5bb77bd55e,Amargin,0.44233389027442294,0.050718174167097396,8.721408006863543,0.44233389027442294,16.999999999968857,43,lightning_gpu,single,2,50,adam_0.1,0.1,-0.20152723531998307,2.0344214429371283,560,2020-08-05,2023-08-05,ok,,1000,0,985,32842,4,False,-3.2214587012003015,0.3172124209950815,-3.221458701200301,True,0.0,,,,,,,,,,,,,0,0,1.9197436908870447,2.0558828959998556,4.182532247789789,1.000000846460499,0.0011914062324080987,5.803842668683501e-06,5.803842668683501e-06,2.689508346520597e-05,4.1153178949678155,21.280429252330634,5.803691090378038e-05,5.803691090378038e-05,0.0005802175597571235,0.0005802175597571235,0.005787049654835563,0.005787049654835563,0.05638647213432191,0.05638647213432191,0.9999995609955652,0.17900510228355415,0.0005949263577349484,0.0005949263577349484,0.0027794715424533933,4.223812310769075,25.282765779546086,0.005933361637361023,0.005933361637361023,0.057774208757298995,0.057774208757298995,0.44849446090039746,0.44849446090039746,0.9973968524406959,0.9973968524406959,3.2457266007697703,-1.4043399095535278,-1.4056612253189087,-1.4063795804977417,47,-1.4063795804977417,-1.4063795804977417,50,50,2.0492585716432195 0.13752423515278736 0.062924802978478217 2.6364640840167701,2.2408249072683066 -0.036150178314939052 0.11782754429331722 2.7644251261527089,17.924580370076,0.04415482189506292,0.13122041523456573,17.968735191971064,0.002169291488826275
e1-v2,N16_i03_Amargin_s44,16,3,3,ba5bb77bd55e,Amargin,0.44233389027442294,0.050718174167097396,8.721408006863543,0.44233389027442294,16.999999999968857,44,lightning_gpu,single,2,50,adam_0.1,0.1,-0.20152723531998307,2.0344214429371283,560,2020-08-05,2023-08-05,ok,,1000,435,566,32804,3,True,-4.182532247789789,-0.20152723531998307,-4.182532247789789,True,0.435,32804,-0.20152723531998307,0.0,0.0,1,1,True,True,True,1.9197436908870447,0.31401234747451245,0.16304903043066166,2,2,1.9197436908870447,2.0558828959998556,4.182532247789789,0.9999987462786466,0.44774754979880527,0.0015978537267073989,0.0015978537267073989,0.007645203731954098,0.43288043339533316,1.0159109883527115,0.015864134301517785,0.015864134301517785,0.14778221246485723,0.14778221246485723,0.7979280903273493,0.7979280903273493,0.9999998864833783,0.9999998864833783,1.0000002061224222,0.10146369480935391,0.0002558352134656161,0.0002558352134656161,0.0012651321885641664,3.169256458720434,17.755210082224494,0.0025554088185972823,0.0025554088185972823,0.02526222657149313,0.02526222657149313,0.22575579504421928,0.22575579504421928,0.9225931072524247,0.9225931072524247,3.2457266007697703,-5.300082683563232,-5.301874160766602,-5.303820610046387,36,-5.303820610046387,-5.303820610046387,50,50,0.38505090477492371 0.8108861395016167 1.274766337564649 3.0447811714676671,0.3357515326762337 1.0573425691183582 0.74414110447702198 3.4294089151613405,17.84244314301759,0.1337328962981701,0.13146764039993286,17.97617603931576,0.0027902116999030113
e1-v2,N16_i03_Amargin_s45,16,3,3,ba5bb77bd55e,Amargin,0.44233389027442294,0.050718174167097396,8.721408006863543,0.44233389027442294,16.999999999968857,45,lightning_gpu,single,2,50,adam_0.1,0.1,-0.20152723531998307,2.0344214429371283,560,2020-08-05,2023-08-05,ok,,1000,71,802,100,3,True,-4.09687460163318,-0.11586958916337375,-4.0968746016331785,True,0.071,100,-0.11586958916337375,0.042104179767661086,0.020479853132483107,4,1,False,False,True,1.878230124517432,0.34014428013839665,0.18056588258881853,0,0,1.9197436908870447,2.0558828959998556,4.182532247789789,0.9999991934784436,0.06607876424095593,2.3191169020719826e-05,2.3191169020719826e-05,0.0001522910170024261,3.6360716243891686,20.412376107480398,0.00023188748933944403,0.00023188748933944403,0.0023164566577217327,0.0023164566577217327,0.022924583437040735,0.022924583437040735,0.20698598126418877,0.20698598126418877,1.000000834793499,0.10064042706017062,0.0009579461766406894,0.0009579461766406894,0.004161933669820428,6.867207912756804,49.57885283310256,0.009538272338655895,0.009538272338655895,0.09139109965107384,0.09139109965107384,0.6164960277395286,0.6164960277395286,0.9999311825356632,0.9999311825356632,3.2457266007697703,-1.6693381071090698,-1.6716049909591675,-1.6827317476272583,48,-1.6827317476272583,-1.6827317476272583,50,50,1.8005430614133757 1.660303899153966 2.3990779832738145 2.5500080338093531,2.1875106297888673 3.3427176887076544 2.7286496999156737 2.8345574694251066,17.793574575334787,0.04429916851222515,0.13145962078124285,17.837873743847013,0.0025116093456745148
e1-v2,N16_i03_Amargin_s46,16,3,3,ba5bb77bd55e,Amargin,0.44233389027442294,0.050718174167097396,8.721408006863543,0.44233389027442294,16.999999999968857,46,lightning_gpu,single,2,50,adam_0.1,0.1,-0.20152723531998307,2.0344214429371283,560,2020-08-05,2023-08-05,ok,,1000,278,433,32804,3,True,-4.182532247789789,-0.20152723531998307,-4.182532247789789,True,0.278,32804,-0.20152723531998307,0.0,0.0,1,1,True,True,True,1.9197436908870447,0.31401234747451245,0.16304903043066166,2,2,1.9197436908870447,2.0558828959998556,4.182532247789789,0.999999219783859,0.2707211869274033,0.002375698182731867,0.002375698182731867,0.010861047892831266,0.3123725131500035,1.8656190593231048,0.02350460676978905,0.02350460676978905,0.21168101135144202,0.21168101135144202,0.9073127754657673,0.9073127754657673,0.9999999999532051,0.9999999999532051,0.9999990172069506,0.056657312411061866,0.0003575557202566415,0.0003575557202566415,0.0015664239472243935,6.101259578560391,36.40525678968271,0.0035698096103987664,0.0035698096103987664,0.03513006185831746,0.03513006185831746,0.30066098795248875,0.30066098795248875,0.9720180770280541,0.9720180770280541,3.2457266007697703,-5.238361835479736,-5.223214626312256,-5.284883499145508,40,-5.284883499145508,-5.284883499145508,50,50,2.8450397427097829 0.24261512621431053 0.85630314278475539 1.9536009066557216,0.91229856530838216 -1.4256120532843419 1.6249438305656034 0.55249579128513804,18.09027389716357,0.04674864746630192,0.13166846428066492,18.137022544629872,0.0029967259615659714
e1-v2,N16_i04_Aheur_s42,16,3,4,1bcf1e63b3af,Aheur,16.999999999967688,0.0930739095087465,182.6505418080685,0.3859610429610986,16.999999999967688,42,lightning_gpu,single,2,50,adam_0.1,0.1,-0.23842670187959758,1.4684623243222665,560,2020-08-05,2023-08-05,ok,,1000,388,760,704,3,True,-153.1615124589126,-0.1615124592033964,-153.16151245891257,True,0.388,704,-0.1615124592033964,0.05237740281263198,0.0005019252959701897,6,1,False,False,False,1.9245800899009253,0.3566723085283293,0.18480514809162285,0,0,1.968005002473438,104.35298486279673,153.2384267015888,0.9999992181753896,0.3767361136851832,0.0006710755405947566,0.0013420300092548132,0.0033559214207343757,0.8215780626758442,4.008067098310505,0.013339542454595121,0.006690526221889592,0.12566626973594652,0.06492644211898912,0.7389207656968209,0.48895662641886706,0.9999985286252354,0.9987849962621079,0.9999988531604913,0.031745261509058764,4.7816742153372616e-05,9.510617746855132e-05,0.00024175590442609973,4.290134428902438,34.832682304116815,0.0009506548445740171,0.00047806454481491567,0.009465982863814948,0.004770373991432875,0.09072772786013128,0.04669261754722254,0.6136868633238497,0.38008868661517947,85.81926837316493,-4.996999263763428,-4.99032735824585,-5.0608744621276855,45,-5.0608744621276855,-5.0608744621276855,50,50,2.4314546363447995 1.3787772821439981 2.6973649175810768 2.1908462769412909,0.74271151914285849 1.441373314901683 2.7324418792647869 1.6580366748770663,18.040413572452962,0.04429944418370724,0.13262226432561874,18.08471301663667,0.002531730569899082
e1-v2,N16_i04_Aheur_s43,16,3,4,1bcf1e63b3af,Aheur,16.999999999967688,0.0930739095087465,182.6505418080685,0.3859610429610986,16.999999999967688,43,lightning_gpu,single,2,50,adam_0.1,0.1,-0.23842670187959758,1.4684623243222665,560,2020-08-05,2023-08-05,ok,,1000,0,983,1152,2,False,-136.18581825965916,-0.1858182599176652,-136.18581825965916,True,0.0,,,,,,,,,,,,,0,0,1.968005002473438,104.35298486279673,153.2384267015888,0.9999983571193525,0.0005600629471018692,9.773124247658416e-07,1.9562564830266638e-06,4.892252832178201e-06,3.5346426530485946,22.685755668258935,1.956239261891035e-05,9.77308126648424e-06,0.00019560670616303177,9.772651468664684e-05,0.00195434617018142,0.000976835487621952,0.019372478290297312,0.009725527197049222,1.0000004887516738,0.20552970154676586,0.0003698534856084734,0.0007395817083306611,0.0018484537140466273,4.03557436577529,32.30319679572918,0.007371251415350666,0.0036923853012622576,0.07131487132130354,0.03631633814497781,0.5228170572303849,0.30921171971511796,0.9993878623228133,0.9752571564872202,85.81926837316493,-1.2562178373336792,-1.2588417530059814,-1.2574336528778076,44,-1.2574336528778076,-1.2574336528778076,50,50,2.0492585716432195 0.13752423515278736 0.062924802978478217 2.6364640840167701,1.8660279437893654 0.021069913361553397 -0.065746699275273254 2.9969327110735144,17.88610777631402,0.040431358851492405,0.12091470696032047,17.926539135165513,0.0035733263939619064
e1-v2,N16_i04_Aheur_s44,16,3,4,1bcf1e63b3af,Aheur,16.999999999967688,0.0930739095087465,182.6505418080685,0.3859610429610986,16.999999999967688,44,lightning_gpu,single,2,50,adam_0.1,0.1,-0.23842670187959758,1.4684623243222665,560,2020-08-05,2023-08-05,ok,,1000,227,739,644,3,True,-153.2384267015888,-0.23842670187959758,-153.23842670158876,True,0.227,644,-0.23842670187959758,0.0,0.0,1,1,True,True,True,1.968005002473438,0.3358545333539881,0.17014922875355223,1,1,1.968005002473438,104.35298486279673,153.2384267015888,0.9999988412858761,0.22923030116362497,0.0004079367790836841,0.0008158591517712921,0.0020400919602252543,0.6860129421782482,3.0595943759980297,0.008128703414625793,0.004071887372605665,0.07837716759085744,0.03998080582967156,0.5578880489156774,0.33503442589339893,0.9997146863509343,0.9830959168422947,1.0000015735740817,0.10087617435783613,0.00018086694763042033,0.00036188778176438063,0.0009040483419084921,2.3278190155580067,16.736829927650433,0.0036129901768060524,0.0018071981077067978,0.03554810927407015,0.017925718686417902,0.3036851003548878,0.16546726204722373,0.9732048074360691,0.8361547772155962,85.81926837316493,-5.177676200866699,-5.179790019989014,-5.181125640869141,44,-5.181125640869141,-5.181125640869141,50,50,0.38505090477492371 0.8108861395016167 1.274766337564649 3.0447811714676671,0.74972619482555014 0.73087391099853616 1.0662594867330153 3.317986314568325,16.794489641673863,0.04009251296520233,0.12120027747005224,16.834582154639065,0.002466011792421341
e1-v2,N16_i04_Aheur_s45,16,3,4,1bcf1e63b3af,Aheur,16.999999999967688,0.0930739095087465,182.6505418080685,0.3859610429610986,16.999999999967688,45,lightning_gpu,single,2,50,adam_0.1,0.1,-0.23842670187959758,1.4684623243222665,560,2020-08-05,2023-08-05,ok,,1000,120,772,324,3,True,-153.14588250833629,-0.14588250862708418,-153.14588250833629,True,0.12,324,-0.14588250862708418,0.06302115602129932,0.0006039228883022321,9,1,False,False,False,1.8369135406357955,0.3257171452534999,0.17677323296397948,0,0,1.968005002473438,104.35298486279673,153.2384267015888,1.0000006664156444,0.11696523807768244,0.00020946015138179064,0.0004190366016700864,0.0010470540873939171,2.9256570968545987,22.647137700009807,0.004182473214440652,0.0020926283062093765,0.041046259227343285,0.020730319507608508,0.342377632539844,0.18899583660428076,0.9848725487247266,0.8769077139968864,1.0000019929146475,0.007351791469773161,1.650805825192947e-05,3.319625466247089e-05,8.13848619145574e-05,4.864061514893608,39.882904749569946,0.0003319129614047789,0.0001650683198396452,0.003314176519743306,0.0016494575982063386,0.03265183874940425,0.01637268098765432,0.28248975786904607,0.15217577381179181,85.81926837316493,-1.261908769607544,-1.2736005783081055,-1.2754387855529785,43,-1.2754387855529785,-1.2754387855529785,50,50,1.8005430614133757 1.660303899153966 2.3990779832738145 2.5500080338093531,2.0340680724014222 2.4501309443682695 2.6263324293825425 2.7348790179342597,16.49965601786971,0.039716144092381,0.20757058542221785,16.539372161962092,0.0027841459959745407
e1-v2,N16_i04_Aheur_s46,16,3,4,1bcf1e63b3af,Aheur,16.999999999967688,0.0930739095087465,182.6505418080685,0.3859610429610986,16.999999999967688,46,lightning_gpu,single,2,50,adam_0.1,0.1,-0.23842670187959758,1.4684623243222665,560,2020-08-05,2023-08-05,ok,,1000,272,741,16516,3,True,-153.1780770721832,-0.17807707247403304,-153.1780770721832,True,0.272,16516,-0.17807707247403304,0.04109715884840114,0.0003938283021078474,4,1,False,False,True,1.8594489171818473,0.3196813782540703,0.17138485242017779,0,0,1.968005002473438,104.35298486279673,153.2384267015888,1.0000009481761865,0.282633631315548,0.0005080178380012512,0.001016150345094502,0.0025390160735696554,0.6371339978283088,2.542148444857574,0.010115163867276511,0.0050685804037046145,0.0966694162378855,0.04954521917538235,0.6382011830291289,0.3983906248552741,0.9999615699079717,0.9937892227375412,1.0000001959279814,0.03487261557529564,6.312086770776659e-05,0.00012610070552909747,0.0003153673023916781,5.4742792801734055,46.25664214761022,0.0012602917334019192,0.0006310294162756858,0.012531681930527228,0.006292405366862597,0.11848094154122846,0.06117187773871324,0.7166540157632155,0.4680621390221673,85.81926837316493,-5.2908034324646,-5.282873153686523,-5.365614414215088,35,-5.365614414215088,-5.365614414215088,50,50,2.8450397427097829 0.24261512621431053 0.85630314278475539 1.9536009066557216,1.8862994504595267 -2.005110697487229 1.5495167363910878 1.8859162415136626,16.583969820290804,0.03963406756520271,0.12674114294350147,16.623603887856007,0.0022439444437623024
e1-v2,N16_i04_Amargin_s42,16,3,4,1bcf1e63b3af,Amargin,0.3859610429610986,0.0930739095087465,4.146823153752109,0.3859610429610986,16.999999999967688,42,lightning_gpu,single,2,50,adam_0.1,0.1,-0.23842670187959758,1.4684623243222665,560,2020-08-05,2023-08-05,ok,,1000,332,540,644,3,True,-3.712076088529485,-0.23842670187959758,-3.7120760885294857,True,0.332,644,-0.23842670187959758,0.0,0.0,1,1,True,True,True,1.968005002473438,0.3358545333539881,0.17014922875355223,1,1,1.968005002473438,2.527866072589029,3.712076088529485,0.9999996086414042,0.3249253631802276,0.0007472376455552876,0.0014945019502192736,0.003680528432596475,0.25923917977228395,1.4806584477293407,0.01484490989576448,0.007447300073368579,0.1389149364578438,0.07202612327777203,0.7758903487031403,0.526459088023756,0.9999996804008625,0.9994330104402789,0.9999982971049595,0.11709472423444822,0.0003034974215552211,0.0006045700283721089,0.0014076108927838504,2.9575692473109587,20.866157148739095,0.006029279051120828,0.0030308325875937348,0.05868296704435316,0.029898281570055696,0.4537905968568573,0.26180221299626605,0.9976363034372533,0.9519462384322974,2.7490735881319828,-5.3075270652771,-5.3067121505737305,-5.3075270652771,49,-5.3075270652771,-5.3075270652771,50,50,2.4314546363447995 1.3787772821439981 2.6973649175810768 2.1908462769412909,0.42978463940169792 0.53328974803958584 2.030379352169998 1.4578550743114109,16.769690299406648,0.039523640647530556,0.12006915919482708,16.80921394005418,0.0026150932535529137
e1-v2,N16_i04_Amargin_s43,16,3,4,1bcf1e63b3af,Amargin,0.3859610429610986,0.0930739095087465,4.146823153752109,0.3859610429610986,16.999999999967688,43,lightning_gpu,single,2,50,adam_0.1,0.1,-0.23842670187959758,1.4684623243222665,560,2020-08-05,2023-08-05,ok,,1000,0,980,68,2,False,-3.2407232896264837,-0.15303494593769512,-3.2407232896264837,True,0.0,,,,,,,,,,,,,0,0,1.968005002473438,2.527866072589029,3.712076088529485,0.9999976022517734,0.0011690392277046158,4.193922450212995e-06,8.280303063656902e-06,2.0022960370624787e-05,3.296560066325461,21.321990866753083,8.279994535087543e-05,4.193843300659417e-05,0.0008276910092253065,0.0004193051914698209,0.00824614977888194,0.004185148996758592,0.07946786952164875,0.041072026201393386,1.0000002898384932,0.20874933624872938,0.0005228157970122993,0.0010386319481767714,0.0025266773300245404,3.4366052886635523,25.800249132011448,0.010337909654815847,0.0052158749668987925,0.09870005100537915,0.05095138235042185,0.6462524302831829,0.40723219281598133,0.999969314397922,0.994643931856749,2.7490735881319828,-1.4158544540405273,-1.4161949157714844,-1.4159375429153442,45,-1.4159375429153442,-1.4159375429153442,50,50,2.0492585716432195 0.13752423515278736 0.062924802978478217 2.6364640840167701,2.1880541926660118 -0.040046045937445783 0.10048445845994279 2.7865375076238053,16.582871509715915,0.040156240575015545,0.12037275824695826,16.62302775029093,0.001970081590116024
e1-v2,N16_i04_Amargin_s44,16,3,4,1bcf1e63b3af,Amargin,0.3859610429610986,0.0930739095087465,4.146823153752109,0.3859610429610986,16.999999999967688,44,lightning_gpu,single,2,50,adam_0.1,0.1,-0.23842670187959758,1.4684623243222665,560,2020-08-05,2023-08-05,ok,,1000,461,584,644,3,True,-3.712076088529485,-0.23842670187959758,-3.7120760885294857,True,0.461,644,-0.23842670187959758,0.0,0.0,1,1,True,True,True,1.968005002473438,0.3358545333539881,0.17014922875355223,1,1,1.968005002473438,2.527866072589029,3.712076088529485,1.0000016119967048,0.4631349500268698,0.001354401232674718,0.0027203744975849986,0.00657156330998987,0.28152489399494396,0.9915180460569228,0.026873129664373052,0.013461761641852421,0.23845662175945948,0.12674871720239567,0.9343935615447004,0.7421350454405226,0.9999999999985227,0.9999987000602366,1.0000007803869266,0.10167927278962452,0.00020756290177814662,0.0004206101584713906,0.0010275378881487995,2.487808445297911,17.57739633794381,0.004198149426764997,0.0020736913843489857,0.041197207540468406,0.020544471225310446,0.3434120588873759,0.18745537721738226,0.985108823123399,0.8745495550550375,2.7490735881319828,-5.365236759185791,-5.367286205291748,-5.366751194000244,37,-5.366751194000244,-5.366751194000244,50,50,0.38505090477492371 0.8108861395016167 1.274766337564649 3.0447811714676671,0.33512044980514238 1.0520899533192152 0.75108155163052459 3.4336928542159093,16.820255271159112,0.03983433544635773,0.11976308934390545,16.86008960660547,0.0026091318577528
e1-v2,N16_i04_Amargin_s45,16,3,4,1bcf1e63b3af,Amargin,0.3859610429610986,0.0930739095087465,4.146823153752109,0.3859610429610986,16.999999999967688,45,lightning_gpu,single,2,50,adam_0.1,0.1,-0.23842670187959758,1.4684623243222665,560,2020-08-05,2023-08-05,ok,,1000,31,795,16642,3,True,-3.484978650426333,-0.01132926377644583,-3.4849786504263336,True,0.031,16642,-0.01132926377644583,0.15464982270346167,0.061178012704237145,42,1,False,False,False,1.6319068124975995,0.29805791826224026,0.1820311772628728,0,0,1.968005002473438,2.527866072589029,3.712076088529485,1.0000008398258933,0.021301324170760694,4.1150280594592914e-05,8.884869748726487e-05,0.00018773291776597034,2.7685821149710317,19.480038378515157,0.0008881318249280845,0.0004114266137554834,0.00884590716721001,0.004106657255061208,0.08501960920975837,0.04031591546762936,0.5887386784456151,0.3373519490169261,1.000000701344547,0.07471151436493528,0.0005723298527300358,0.0011885776184499264,0.0026262512838002294,5.609537021447899,49.373309189320864,0.011822405006828407,0.005708580735853119,0.11212867760553524,0.05564145430920586,0.6955609990035396,0.4358830529076404,0.9999931608381497,0.9967364409950342,2.7490735881319828,-1.863901972770691,-1.866873025894165,-1.8787070512771606,48,-1.8787070512771606,-1.8787070512771606,50,50,1.8005430614133757 1.660303899153966 2.3990779832738145 2.5500080338093531,2.1448655482982573 3.3407166974174727 2.7483854326718973 2.7843362889551622,16.62359014991671,0.03968135081231594,0.20917082205414772,16.663271500729024,0.0023139873519539833
e1-v2,N16_i04_Amargin_s46,16,3,4,1bcf1e63b3af,Amargin,0.3859610429610986,0.0930739095087465,4.146823153752109,0.3859610429610986,16.999999999967688,46,lightning_gpu,single,2,50,adam_0.1,0.1,-0.23842670187959758,1.4684623243222665,560,2020-08-05,2023-08-05,ok,,1000,408,632,644,3,True,-3.712076088529485,-0.23842670187959758,-3.7120760885294857,True,0.408,644,-0.23842670187959758,0.0,0.0,1,1,True,True,True,1.968005002473438,0.3358545333539881,0.17014922875355223,3,1,1.968005002473438,2.527866072589029,3.712076088529485,0.9999991879124748,0.38402638566913083,0.0014184628380462527,0.002865093178115785,0.00669820629991591,0.34780586430934834,1.4981186376961868,0.028284345790845156,0.014094428354670674,0.2494286341883597,0.13233274177945353,0.9432560033477506,0.7581577944800396,0.9999999999996539,0.9999993155827482,0.9999993623731527,0.02817753764620079,0.00015123751654755324,0.00029451535374391824,0.0006579120017704554,5.014941640596472,39.49582397853967,0.0029412533331746316,0.0015113463050839826,0.029026277331916206,0.015011088672941986,0.25513980200367714,0.14036633730189163,0.9474288253064767,0.779639302462983,2.7490735881319828,-5.284640312194824,-5.272040367126465,-5.339636325836182,42,-5.339636325836182,-5.339636325836182,50,50,2.8450397427097829 0.24261512621431053 0.85630314278475539 1.9536009066557216,0.81773145718515428 -1.4759171189743028 1.6097219434464412 0.47868178107384285,16.723353425972164,0.039694011211395264,0.12075506243854761,16.76304743718356,0.0026308391243219376
e1-v2,N16_i05_Aheur_s42,16,3,5,9a047c6a7f24,Aheur,16.999999999962633,0.19863936036206276,85.58223289169122,0.5292701621923764,16.999999999962633,42,lightning_gpu,single,2,50,adam_0.1,0.1,0.021649694571926448,1.6342743121630054,560,2020-08-05,2023-08-05,ok,,1000,373,773,6160,3,True,-152.95158606826215,0.048413931401543264,-152.95158606826212,True,0.373,6160,0.048413931401543264,0.016376832598068335,0.00017495440875287037,2,1,False,False,True,1.7056665148548578,0.30629380102955095,0.17898797823062715,0,0,1.6401553964919557,93.6062870024683,152.97835030509177,0.9999974402704765,0.3827384753385559,0.0006807735189795494,0.0006807735189795494,0.0027253833832219243,1.325832372005374,3.9915898173568394,0.006786917639189927,0.006786917639189927,0.06583344762439358,0.06583344762439358,0.493892079337381,0.493892079337381,0.9988973660979824,0.9988973660979824,0.9999972800354726,0.03261332838519593,4.7085966798476875e-05,4.7085966798476875e-05,0.0001941310074471403,5.96906895900648,34.84076842061768,0.0004707599115388872,0.0004707599115388872,0.004697638954125671,0.004697638954125671,0.045995676312958644,0.045995676312958644,0.3755417179278374,0.3755417179278374,85.949764729797,-5.008254528045654,-5.000495910644531,-5.06972074508667,45,-5.06972074508667,-5.06972074508667,50,50,2.4314546363447995 1.3787772821439981 2.6973649175810768 2.1908462769412909,0.74607538377673688 1.4366936864327442 2.7341766861529138 1.655105037170425,16.657283361069858,0.03960607387125492,0.12029902171343565,16.696889434941113,0.002122584730386734
e1-v2,N16_i05_Aheur_s43,16,3,5,9a047c6a7f24,Aheur,16.999999999962633,0.19863936036206276,85.58223289169122,0.5292701621923764,16.999999999962633,43,lightning_gpu,single,2,50,adam_0.1,0.1,0.021649694571926448,1.6342743121630054,560,2020-08-05,2023-08-05,ok,,1000,0,985,2052,2,False,-135.84621728760587,0.1537827120951799,-135.84621728760587,True,0.0,,,,,,,,,,,,,0,0,1.6401553964919557,93.6062870024683,152.97835030509177,0.9999965675801263,0.0005376451022698348,9.399382747687923e-07,9.399382747687923e-07,3.7493604168048478e-06,5.049953733041259,22.664771033426973,9.3993429910455e-06,9.3993429910455e-06,9.398945436556172e-05,9.398945436556172e-05,0.0009394971124867535,0.0009394971124867535,0.009355351004547208,0.009355351004547208,1.0000001368430134,0.2049874491931405,0.0003697313368320465,0.0003697313368320465,0.001476971316151321,5.627566671172909,32.28980511795203,0.0036911678727621355,0.0036911678727621355,0.03630456244047664,0.03630456244047664,0.3091273044002596,0.3091273044002596,0.9752269037464688,0.9752269037464688,85.949764729797,-1.261130452156067,-1.2638026475906372,-1.262307047843933,44,-1.262307047843933,-1.262307047843933,50,50,2.0492585716432195 0.13752423515278736 0.062924802978478217 2.6364640840167701,1.8653095243960904 0.021306450404249541 -0.065939855927091728 2.9966013746377964,16.8263505930081,0.03995984047651291,0.12065311335027218,16.866310433484614,0.002368507906794548
e1-v2,N16_i05_Aheur_s44,16,3,5,9a047c6a7f24,Aheur,16.999999999962633,0.19863936036206276,85.58223289169122,0.5292701621923764,16.999999999962633,44,lightning_gpu,single,2,50,adam_0.1,0.1,0.021649694571926448,1.6342743121630054,560,2020-08-05,2023-08-05,ok,,1000,224,739,4120,3,True,-152.8201900104307,0.17980998923297387,-152.8201900104307,True,0.224,4120,0.17980998923297387,0.09677707927240077,0.0010338737105323797,13,1,False,False,False,1.7034479550270498,0.3366742072446185,0.19705574582070995,0,0,1.6401553964919557,93.6062870024683,152.97835030509177,0.9999987908981355,0.22863980702823028,0.0004066702094860375,0.0004066702094860375,0.001627192657906562,1.133072995862935,3.0540541749412204,0.004059268030098262,0.004059268030098262,0.03985915546483354,0.03985915546483354,0.334191323504032,0.334191323504032,0.9828803648942099,0.9828803648942099,1.0000009826353562,0.10090371829573996,0.0001812533155316487,0.0001812533155316487,0.0007239708065753803,3.349473255671825,16.72617270346791,0.0018110554952529556,0.0018110554952529556,0.017963669022458606,0.017963669022458606,0.1657896947965648,0.1657896947965648,0.8367867153935291,0.8367867153935291,85.949764729797,-5.18615198135376,-5.188180446624756,-5.190144062042236,44,-5.190144062042236,-5.190144062042236,50,50,0.38505090477492371 0.8108861395016167 1.274766337564649 3.0447811714676671,0.74862408260512103 0.73151648134286051 1.0657939730760486 3.3183393341475984,16.71108703315258,0.03968519438058138,0.12024506833404303,16.75077222753316,0.0021462570875883102
e1-v2,N16_i05_Aheur_s45,16,3,5,9a047c6a7f24,Aheur,16.999999999962633,0.19863936036206276,85.58223289169122,0.5292701621923764,16.999999999962633,45,lightning_gpu,single,2,50,adam_0.1,0.1,0.021649694571926448,1.6342743121630054,560,2020-08-05,2023-08-05,ok,,1000,129,784,6160,3,True,-152.95158606826215,0.048413931401543264,-152.95158606826212,True,0.129,6160,0.048413931401543264,0.016376832598068335,0.00017495440875287037,2,1,False,False,True,1.7056665148548578,0.30629380102955095,0.17898797823062715,0,0,1.6401553964919557,93.6062870024683,152.97835030509177,1.0000011279614682,0.12279289656726178,0.0002195192500948906,0.0002195192500948906,0.000879427490872331,4.145337930155089,22.663995252537916,0.0021930252783107784,0.0021930252783107784,0.02171509239010272,0.02171509239010272,0.19711464651326693,0.19711464651326693,0.8886896997124503,0.8886896997124503,1.0000010118374973,0.007073050265717029,1.7249147276743315e-05,1.7249147276743315e-05,6.570335699507268e-05,6.734909887758375,39.83991112136334,0.00017247808439457835,0.00017247808439457835,0.0017234427684479359,0.0017234427684479359,0.01710137864940864,0.01710137864940864,0.1584357869756804,0.1584357869756804,85.949764729797,-1.2648048400878906,-1.2745062112808228,-1.278425693511963,44,-1.278425693511963,-1.278425693511963,50,50,1.8005430614133757 1.660303899153966 2.3990779832738145 2.5500080338093531,2.0322905435606331 2.4498917633718209 2.6252334391688859 2.7344954459299853,17.26141880080104,0.18628394696861506,0.13486853055655956,17.447702747769654,0.0029889577999711037
e1-v2,N16_i05_Aheur_s46,16,3,5,9a047c6a7f24,Aheur,16.999999999962633,0.19863936036206276,85.58223289169122,0.5292701621923764,16.999999999962633,46,lightning_gpu,single,2,50,adam_0.1,0.1,0.021649694571926448,1.6342743121630054,560,2020-08-05,2023-08-05,ok,,1000,294,737,4113,3,True,-152.97835030509177,0.021649694571926448,-152.97835030509174,True,0.294,4113,0.021649694571926448,0.0,0.0,1,1,True,True,True,1.6401553964919557,0.277221670652688,0.16841189026569334,1,1,1.6401553964919557,93.6062870024683,152.97835030509177,0.9999999380157192,0.2809360132087022,0.0005057292291894555,0.0005057292291894555,0.002020543732214719,1.0627635845707752,2.5311878447743155,0.00504579850733089,0.00504579850733089,0.0493275620264203,0.0493275620264203,0.39701149975938665,0.39701149975938665,0.9936453695905757,0.9936453695905757,1.0000000135189566,0.034887369016360026,6.333813507808372e-05,6.333813507808372e-05,0.0002530815254431218,7.535046281499005,46.27566091439354,0.0006332008538978418,0.0006332008538978418,0.006313996521101983,0.006313996521101983,0.061375845194238554,0.061375845194238554,0.46921668474601963,0.46921668474601963,85.949764729797,-5.2989726066589355,-5.292425632476807,-5.3712077140808105,35,-5.3712077140808105,-5.3712077140808105,50,50,2.8450397427097829 0.24261512621431053 0.85630314278475539 1.9536009066557216,1.8878501902790854 -2.0040912212655635 1.5508038305114868 1.8868123242786459,18.31105392239988,0.04575931653380394,0.13518539816141129,18.356813238933682,0.0032544350251555443
e1-v2,N16_i05_Amargin_s42,16,3,5,9a047c6a7f24,Amargin,0.5292701621923764,0.19863936036206276,2.66447778138063,0.5292701621923764,16.999999999962633,42,lightning_gpu,single,2,50,adam_0.1,0.1,0.021649694571926448,1.6342743121630054,560,2020-08-05,2023-08-05,ok,,1000,483,703,4113,3,True,-4.741781765159462,0.021649694571926448,-4.741781765159461,True,0.483,4113,0.021649694571926448,0.0,0.0,1,1,True,True,True,1.6401553964919557,0.277221670652688,0.16841189026569334,1,1,1.6401553964919557,2.901460134243674,4.741781765159462,1.000000888095093,0.47203016956336796,0.0009084680350497365,0.0009084680350497365,0.003608157392591238,0.927473516140495,1.5926886056202385,0.00904763104251638,0.00904763104251638,0.08688011142729235,0.08688011142729235,0.5970250759729523,0.5970250759729523,0.9998870775685481,0.9998870775685481,0.9999983385841055,0.0381304532077138,0.0004409710818435997,0.0004409710818435997,0.001294504210818559,4.683725120423663,25.371880152770622,0.004400970603133492,0.004400970603133492,0.04314827211134409,0.04314827211134409,0.3566512602136629,0.3566512602136629,0.9878531254605223,0.9878531254605223,3.596115540945717,-5.41990852355957,-5.437780380249023,-5.41990852355957,49,-5.41990852355957,-5.41990852355957,50,50,2.4314546363447995 1.3787772821439981 2.6973649175810768 2.1908462769412909,0.79969304541541009 0.65220128350455342 2.0942112494916127 1.7330191521157408,17.847420504316688,0.04556531272828579,0.13207343220710754,17.892985817044973,0.002912919968366623
e1-v2,N16_i05_Amargin_s43,16,3,5,9a047c6a7f24,Amargin,0.5292701621923764,0.19863936036206276,2.66447778138063,0.5292701621923764,16.999999999962633,43,lightning_gpu,single,2,50,adam_0.1,0.1,0.021649694571926448,1.6342743121630054,560,2020-08-05,2023-08-05,ok,,1000,1,981,2060,3,True,-4.295989747127358,0.4674417126040302,-4.295989747127358,True,0.001,2060,0.4674417126040302,0.2727767393235755,0.09401360925287379,131,1,False,False,False,1.2882304480925573,0.2549927664189544,0.19716407634599353,0,0,1.6401553964919557,2.901460134243674,4.741781765159462,1.0000007762118486,0.0010536928227793396,3.642491037680884e-06,3.642491037680884e-06,1.3758987051915028e-05,4.720722757938516,21.074340072284713,3.642431333428231e-05,3.642431333428231e-05,0.00036418343626420935,0.00036418343626420935,0.0036358718242429644,0.0036358718242429644,0.035769569083416664,0.035769569083416664,1.000000158956425,0.2190135064010974,0.0005883015692234039,0.0005883015692234039,0.002182885247748345,4.874121081395866,26.237334899750977,0.005867465657212856,0.005867465657212856,0.05714942753898522,0.05714942753898522,0.4448265471983236,0.4448265471983236,0.9972184497558316,0.9972184497558316,3.596115540945717,-1.5142935514450073,-1.5156943798065186,-1.517189860343933,24,-1.517189860343933,-1.517189860343933,50,50,2.0492585716432195 0.13752423515278736 0.062924802978478217 2.6364640840167701,2.0934762757156671 -0.039358804115782894 0.043918672876241953 2.846038136318787,17.780335736460984,0.044303431175649166,0.13174394983798265,17.824639167636633,0.002475668676197529
e1-v2,N16_i05_Amargin_s44,16,3,5,9a047c6a7f24,Amargin,0.5292701621923764,0.19863936036206276,2.66447778138063,0.5292701621923764,16.999999999962633,44,lightning_gpu,single,2,50,adam_0.1,0.1,0.021649694571926448,1.6342743121630054,560,2020-08-05,2023-08-05,ok,,1000,445,555,6160,3,True,-4.715017528329844,0.048413931401543264,-4.715017528329845,True,0.445,6160,0.048413931401543264,0.016376832598068335,0.005644341759097545,2,1,False,False,True,1.7056665148548578,0.30629380102955095,0.17898797823062715,0,0,1.6401553964919557,2.901460134243674,4.741781765159462,0.999999731344178,0.4448582052718848,0.0012711118906736374,0.0012711118906736374,0.004835972678847611,0.560651090519907,1.0564319063403786,0.012638657166752831,0.012638657166752831,0.11943545066002748,0.11943545066002748,0.7197071805841271,0.7197071805841271,0.9999970069103801,0.9999970069103801,1.000000520343292,0.10241968302580062,0.0002120800781995058,0.0002120800781995058,0.0008194156980607659,3.4875674219956014,17.115310931128988,0.0021187779180612543,0.0021187779180612543,0.020986901464421392,0.020986901464421392,0.19111827397801995,0.19111827397801995,0.8800914252422212,0.8800914252422212,3.596115540945717,-5.618039131164551,-5.618702411651611,-5.618039131164551,49,-5.618039131164551,-5.618039131164551,50,50,0.38505090477492371 0.8108861395016167 1.274766337564649 3.0447811714676671,0.32082491756763237 1.0390147956821851 0.7381837113778732 3.4253385641681415,17.760481029748917,0.04368038475513458,0.13161636423319578,17.80416141450405,0.0027845585718750954
e1-v2,N16_i05_Amargin_s45,16,3,5,9a047c6a7f24,Amargin,0.5292701621923764,0.19863936036206276,2.66447778138063,0.5292701621923764,16.999999999962633,45,lightning_gpu,single,2,50,adam_0.1,0.1,0.021649694571926448,1.6342743121630054,560,2020-08-05,2023-08-05,ok,,1000,64,801,38912,3,True,-4.4722696031087725,0.29116185662261573,-4.4722696031087725,True,0.064,38912,0.29116185662261573,0.16491243853302864,0.05683774062124638,39,1,False,False,False,1.3560653747442952,0.24776890769864057,0.18197419703690335,0,0,1.6401553964919557,2.901460134243674,4.741781765159462,0.9999991217832509,0.06652696348282916,1.1936889677599538e-05,1.1936889677599538e-05,8.199877083825413e-05,3.8695778789495527,18.865737963215715,0.00011936248496002833,0.00011936248496002833,0.0011929839205034876,0.0011929839205034876,0.011865998045814119,0.011865998045814119,0.11252028055952756,0.11252028055952756,0.9999999391830617,0.05888931721983681,0.0006773242494091392,0.0006773242494091392,0.0022227404988370836,7.3625555041591255,46.47281327759452,0.006752635171855537,0.006752635171855537,0.06551095379382876,0.06551095379382876,0.4921421722002183,0.4921421722002183,0.9988586429971354,0.9988586429971354,3.596115540945717,-2.066162347793579,-2.0774269104003906,-2.066162347793579,49,-2.066162347793579,-2.066162347793579,50,50,1.8005430614133757 1.660303899153966 2.3990779832738145 2.5500080338093531,2.0579283923952558 3.307766374284713 2.7497940111125292 2.863009435333304,17.79319312237203,0.04391296114772558,0.13125916756689548,17.837106083519757,0.0024999845772981644
e1-v2,N16_i05_Amargin_s46,16,3,5,9a047c6a7f24,Amargin,0.5292701621923764,0.19863936036206276,2.66447778138063,0.5292701621923764,16.999999999962633,46,lightning_gpu,single,2,50,adam_0.1,0.1,0.021649694571926448,1.6342743121630054,560,2020-08-05,2023-08-05,ok,,1000,376,666,2065,3,True,-4.706412570819886,0.05701888891150153,-4.706412570819886,True,0.376,2065,0.05701888891150153,0.021642140536837426,0.007459051489769617,3,1,False,False,True,1.5570426826218897,0.25982533676429354,0.16622880005348342,0,0,1.6401553964919557,2.901460134243674,4.741781765159462,0.999999187226469,0.38706188288051635,0.0015677103074267507,0.0015677103074267507,0.00555084238294512,0.7477485059992892,1.5721297066377427,0.01556696696414428,0.01556696696414428,0.1452053763075284,0.1452053763075284,0.791734266771335,0.791734266771335,0.9999998464753215,0.9999998464753215,0.9999995926749321,0.014614130003081982,0.00010875068255700171,0.00010875068255700171,0.0003273472575529013,7.199336519581294,42.79048893345533,0.0010869747778871064,0.0010869747778871064,0.010816733461681327,0.010816733461681327,0.10305128847151535,0.10305128847151535,0.6629641462746114,0.6629641462746114,3.596115540945717,-5.5350728034973145,-5.490776538848877,-5.6062726974487305,44,-5.6062726974487305,-5.6062726974487305,50,50,2.8450397427097829 0.24261512621431053 0.85630314278475539 1.9536009066557216,0.80427977584826271 -1.4329400179593421 1.5661897129367968 0.46902405161218713,17.732030120678246,0.04435229022055864,0.28068975545465946,17.776382410898805,0.0031010322272777557
e1-v2,N16_i06_Aheur_s42,16,3,6,897f8dff07cb,Aheur,16.999999999967688,0.21561881080986878,78.84284277478079,0.5505898248734026,16.999999999967688,42,lightning_gpu,single,2,50,adam_0.1,0.1,0.06754798656801064,2.093026743541156,560,2020-08-05,2023-08-05,ok,,1000,371,740,385,3,True,-152.9324520131412,0.06754798656801064,-152.93245201314116,True,0.371,385,0.06754798656801064,0.0,0.0,1,1,True,True,True,1.9475483661411146,0.3560875576397027,0.18232541168837596,3,1,1.9475483661411146,73.06760531611623,152.9324520131412,0.9999996979034904,0.37553051783470437,0.0006689141155220568,0.0013367545907385647,0.004674956086091697,1.3678553002165394,3.996676210650776,0.01328742079997669,0.006669041955344124,0.12520428146907236,0.06472417559977672,0.73753796715096,0.48785010769856996,0.9999984488104066,0.9987584310089855,0.9999977621233995,0.031025592230434995,4.479867857298814e-05,8.742941281525418e-05,0.00030081078512012027,6.023837013946759,34.77180675560305,0.0008739502327363979,0.00044789648504584,0.00870521180119499,0.0044699481176218026,0.08371995494411566,0.0438109955422199,0.5828595694186255,0.3610932846553202,86.03530042629448,-5.000407695770264,-4.995095252990723,-5.067069053649902,44,-5.067069053649902,-5.067069053649902,50,50,2.4314546363447995 1.3787772821439981 2.6973649175810768 2.1908462769412909,0.74203741709790838 1.4452870800225683 2.7309889568394028 1.6582814965755233,17.682919687591493,0.04435041546821594,0.13176879100501537,17.72727010305971,0.0024445727467536926
e1-v2,N16_i06_Aheur_s43,16,3,6,897f8dff07cb,Aheur,16.999999999967688,0.21561881080986878,78.84284277478079,0.5505898248734026,16.999999999967688,43,lightning_gpu,single,2,50,adam_0.1,0.1,0.06754798656801064,2.093026743541156,560,2020-08-05,2023-08-05,ok,,1000,0,982,9,2,False,-135.85693435134388,0.14306564839761715,-135.85693435134388,True,0.0,,,,,,,,,,,,,0,0,1.9475483661411146,73.06760531611623,152.9324520131412,0.9999964910766153,0.0005303037775661323,9.213783300765499e-07,1.8537619439484843e-06,6.537708145515353e-06,5.136698640768278,22.66212048432908,1.853746480073859e-05,9.213745098657355e-06,0.00018535918507978089,9.213363089088933e-05,0.001852046503542315,0.0009209544154767935,0.01836687145814686,0.009171470670951032,1.0000002620543675,0.20563180092722178,0.000369782792404294,0.0007403879426419735,0.002594019053503871,5.690368839615926,32.23483716940255,0.007379260223016937,0.0036916807186694323,0.07138979752662866,0.03630952301194168,0.5232019081145773,0.3091628658843457,0.9993927813706293,0.9752396523185773,86.03530042629448,-1.2603633403778076,-1.2631112337112427,-1.2613904476165771,44,-1.2613904476165771,-1.2613904476165771,50,50,2.0492585716432195 0.13752423515278736 0.062924802978478217 2.6364640840167701,1.8673683013062725 0.021696969776631769 -0.066389354315039867 2.996741349220664,17.813213190063834,0.044642578810453415,0.13076981902122498,17.857855768874288,0.002504821866750717
e1-v2,N16_i06_Aheur_s44,16,3,6,897f8dff07cb,Aheur,16.999999999967688,0.21561881080986878,78.84284277478079,0.5505898248734026,16.999999999967688,44,lightning_gpu,single,2,50,adam_0.1,0.1,0.06754798656801064,2.093026743541156,560,2020-08-05,2023-08-05,ok,,1000,228,740,321,3,True,-152.90919831937998,0.09080168032922109,-152.90919831937993,True,0.228,321,0.09080168032922109,0.011110079616979917,0.00015205205602282702,3,1,False,False,True,1.8369135406357955,0.3257171452534999,0.17677323296397948,0,0,1.9475483661411146,73.06760531611623,152.9324520131412,1.0000000269152534,0.2284214196843095,0.000406293518608436,0.000812485144706443,0.0028437908040359616,1.187815068089509,3.05400411261029,0.00809520977237832,0.004055514879558131,0.07806590546806369,0.039822972445871296,0.5563926211615411,0.3339403701784469,0.9997048874935494,0.9828157288545383,1.0000007342082426,0.10091080801794305,0.00018124912458006293,0.0003630491701187566,0.00127239731955342,3.415854995924536,16.737369815357397,0.0036245662282348157,0.0018110136540528954,0.035660153699586306,0.017963257381089948,0.3044936158405438,0.16578619802044103,0.9735143150956728,0.8367798738203838,86.03530042629448,-5.181430339813232,-5.183456897735596,-5.1855268478393555,44,-5.1855268478393555,-5.1855268478393555,50,50,0.38505090477492371 0.8108861395016167 1.274766337564649 3.0447811714676671,0.74906499804121329 0.73310400263021802 1.065961868164226 3.3182506925810715,17.820355398580432,0.043885097838938236,0.13124543335288763,17.86424049641937,0.0024234792217612267
e1-v2,N16_i06_Aheur_s45,16,3,6,897f8dff07cb,Aheur,16.999999999967688,0.21561881080986878,78.84284277478079,0.5505898248734026,16.999999999967688,45,lightning_gpu,single,2,50,adam_0.1,0.1,0.06754798656801064,2.093026743541156,560,2020-08-05,2023-08-05,ok,,1000,122,770,1153,3,True,-152.92431871051417,0.0756812891950186,-152.92431871051414,True,0.122,1153,0.0756812891950186,0.0038859047798153598,5.318232016778934e-05,2,1,False,True,True,1.7573756221196857,0.29620540892205427,0.16798082618557536,1,0,1.9475483661411146,73.06760531611623,152.9324520131412,1.0000003466989256,0.11474439992161933,0.00020655381376855075,0.00041203704313375056,0.0014372642617672682,4.196934931865388,22.664895646692912,0.00411273896607367,0.00206361929329546,0.04037451974407813,0.02044561008438739,0.33775649193291424,0.18663486437203036,0.9837752842728167,0.8732769762395847,1.0000012432688514,0.007507927286496852,1.7192298400914297e-05,3.602671313274186e-05,0.00013121827032591682,6.8047281240395545,39.91584428165207,0.0003602087303555823,0.00017190968373836935,0.0035962541436621587,0.0017177675645808632,0.03538610074994086,0.017045499417129517,0.3025145467806426,0.15795722292372472,86.03530042629448,-1.2613087892532349,-1.2735052108764648,-1.2782338857650757,45,-1.2782338857650757,-1.2782338857650757,50,50,1.8005430614133757 1.660303899153966 2.3990779832738145 2.5500080338093531,2.0338112037410823 2.4536953124149901 2.6275974987128445 2.7353652878960535,17.823839696124196,0.04414946958422661,0.1301673473790288,17.867989165708423,0.0026899315416812897
e1-v2,N16_i06_Aheur_s46,16,3,6,897f8dff07cb,Aheur,16.999999999967688,0.21561881080986878,78.84284277478079,0.5505898248734026,16.999999999967688,46,lightning_gpu,single,2,50,adam_0.1,0.1,0.06754798656801064,2.093026743541156,560,2020-08-05,2023-08-05,ok,,1000,283,761,641,3,True,-152.87779704506707,0.1222029546421205,-152.87779704506704,True,0.283,641,0.1222029546421205,0.026112885677533226,0.0003573797932005528,5,1,False,False,True,1.5257611007120195,0.24077915713170803,0.15715380148295263,0,0,1.9475483661411146,73.06760531611623,152.9324520131412,1.0000005167989272,0.28456180077046156,0.0005117602413520217,0.0010244825389236212,0.003588667488656938,1.1293476851523785,2.542195143388689,0.010197723788179291,0.005105833048128172,0.09742254341380141,0.04990103253235523,0.6412062900885409,0.4006390263937296,0.9999646452144504,0.9940174737666643,0.9999996433556646,0.03500337019795552,6.301335815805942e-05,0.00012606326345121488,0.0004412108028191142,7.606447498001019,46.25125297362533,0.0012599177372784043,0.0006299549308532715,0.012527984170816575,0.006281721330015588,0.11844793085594352,0.06107093295757382,0.716547891892561,0.4674899113898079,86.03530042629448,-5.2938127517700195,-5.285267353057861,-5.3700852394104,34,-5.3700852394104,-5.3700852394104,50,50,2.8450397427097829 0.24261512621431053 0.85630314278475539 1.9536009066557216,1.88767439513793 -2.0078960284500296 1.5481518683652336 1.8858293271591016,17.667811943218112,0.04392093699425459,0.22019880078732967,17.711732880212367,0.002502826973795891
e1-v2,N16_i06_Amargin_s42,16,3,6,897f8dff07cb,Amargin,0.5505898248734026,0.21561881080986878,2.5535333527041337,0.5505898248734026,16.999999999967688,42,lightning_gpu,single,2,50,adam_0.1,0.1,0.06754798656801064,2.093026743541156,560,2020-08-05,2023-08-05,ok,,1000,308,512,321,3,True,-4.864506743531402,0.09080168032922109,-4.864506743531402,True,0.308,321,0.09080168032922109,0.011110079616979917,0.004757535492899676,3,1,False,False,True,1.8369135406357955,0.3257171452534999,0.17677323296397948,0,0,1.9475483661411146,2.3352594286602835,4.887760437292613,0.9999990761425592,0.33149979484733194,0.0007088409038260579,0.0014547841274179518,0.005206788133364171,0.5653391243733554,1.4579330165423368,0.014452971944685311,0.007065841230391667,0.1354830223223783,0.06845355061145275,0.7667963920794169,0.5079093100565455,0.9999995242786403,0.9991673710916483,0.9999988639436055,0.08710312217380078,0.0002076461969409138,0.00051739567425102,0.0023287438089028,4.5298054166623025,22.651804968225864,0.005161926925414506,0.002074522780947441,0.05043657909465371,0.020552631276158695,0.4040089147002779,0.18752306948795738,0.9943454553583473,0.8746540273800384,3.788249550823073,-5.45369815826416,-5.455244064331055,-5.45369815826416,49,-5.45369815826416,-5.45369815826416,50,50,2.4314546363447995 1.3787772821439981 2.6973649175810768 2.1908462769412909,0.44039726601248202 0.55776513685993145 2.0247301381329095 1.4681520193795663,17.816788092255592,0.043940466828644276,0.13109901174902916,17.860728559084237,0.0027077682316303253
e1-v2,N16_i06_Amargin_s43,16,3,6,897f8dff07cb,Amargin,0.5505898248734026,0.21561881080986878,2.5535333527041337,0.5505898248734026,16.999999999967688,43,lightning_gpu,single,2,50,adam_0.1,0.1,0.06754798656801064,2.093026743541156,560,2020-08-05,2023-08-05,ok,,1000,1,982,98,3,True,-4.2600376710018955,0.6952707528587281,-4.260037671001895,True,0.001,98,0.6952707528587281,0.29991148857882444,0.1284274821452625,282,1,False,False,False,1.223245011928572,0.2528009057937486,0.20584666468147578,0,0,1.9475483661411146,2.3352594286602835,4.887760437292613,0.9999998358256619,0.0007344074186477201,2.3935081117087975e-06,4.8182134833041346e-06,1.7413887690054253e-05,4.805029155227389,21.176588441951935,4.8181090163357254e-05,2.393482331908281e-05,0.0004817064512685487,0.00023932245542668262,0.0048066360647351924,0.002390648812752638,0.047039906593498326,0.023650936774089915,1.000000476832487,0.20908031257567927,0.0004756609268952161,0.0009921184682752937,0.003689600242068991,4.920117164996183,25.670123687860457,0.009877008207010873,0.004746440773309879,0.09449374541574163,0.046463341990073403,0.6293922093235765,0.378596151916887,0.9999511183963425,0.9914150181123327,3.788249550823073,-1.4718290567398071,-1.47015380859375,-1.4723114967346191,48,-1.4723114967346191,-1.4723114967346191,50,50,2.0492585716432195 0.13752423515278736 0.062924802978478217 2.6364640840167701,2.1423044329446044 -0.034684257180337859 0.10094065293160524 2.7907781060266044,17.77376619260758,0.043805296532809734,0.13791837822645903,17.81757148914039,0.0023675328120589256
e1-v2,N16_i06_Amargin_s44,16,3,6,897f8dff07cb,Amargin,0.5505898248734026,0.21561881080986878,2.5535333527041337,0.5505898248734026,16.999999999967688,44,lightning_gpu,single,2,50,adam_0.1,0.1,0.06754798656801064,2.093026743541156,560,2020-08-05,2023-08-05,ok,,1000,451,588,385,3,True,-4.887760437292613,0.06754798656801064,-4.887760437292613,True,0.451,385,0.06754798656801064,0.0,0.0,1,1,True,True,True,1.9475483661411146,0.3560875576397027,0.18232541168837596,3,2,1.9475483661411146,2.3352594286602835,4.887760437292613,1.0000005277335464,0.45398028727504425,0.0012120469473302364,0.0025059618055820465,0.008929108153097332,0.6139922401597142,1.0191726883450527,0.024778905239398852,0.012054575087682484,0.22190814665170844,0.11421250699700292,0.9186591544603652,0.7026311734215565,0.9999999999873209,0.9999945930246309,1.0000012538234841,0.10219053375476506,0.0002077302196994424,0.0004313237877795473,0.0015611852577421814,3.595619806073655,17.327136780945693,0.004304875690313348,0.0020753614392885478,0.04222432052281566,0.02056086253808942,0.35041191648201875,0.18759134735291982,0.9866223295512543,0.8747593241500142,3.788249550823073,-5.505482196807861,-5.506189346313477,-5.505482196807861,49,-5.505482196807861,-5.505482196807861,50,50,0.38505090477492371 0.8108861395016167 1.274766337564649 3.0447811714676671,0.32681293786641114 1.0396941186095949 0.74828933696036615 3.4320515131221692,17.785644626244903,0.04412729572504759,0.13843438401818275,17.82977192196995,0.0027075456455349922
e1-v2,N16_i06_Amargin_s45,16,3,6,897f8dff07cb,Amargin,0.5505898248734026,0.21561881080986878,2.5535333527041337,0.5505898248734026,16.999999999967688,45,lightning_gpu,single,2,50,adam_0.1,0.1,0.06754798656801064,2.093026743541156,560,2020-08-05,2023-08-05,ok,,1000,34,801,577,3,True,-4.779212669994812,0.17609575386581167,-4.779212669994811,True,0.034,577,0.17609575386581167,0.05186162462222099,0.022208078462602986,10,1,False,False,False,1.3633632190256506,0.21040874474550522,0.1535971792573094,0,0,1.9475483661411146,2.3352594286602835,4.887760437292613,0.9999995974779372,0.02540898796928559,4.3419226130936295e-05,8.507596066920087e-05,0.0002926653323811479,4.079429898866072,19.660504418706907,0.0008504339742150258,0.00043410743581728806,0.00847186773284847,0.004332603950624403,0.08156080774530561,0.042491009842347105,0.5729250688406917,0.3522184072885567,1.0000017939006904,0.08251016032227199,0.00047039022319950163,0.0011200955195818096,0.004444808495463803,7.454280045305265,47.17032649866,0.011144665871424597,0.004693957698243656,0.10602040597018492,0.04596039062874713,0.6739561167216176,0.3753107115791636,0.9999864243519381,0.9909501664514717,3.788249550823073,-1.8887938261032104,-1.882039189338684,-1.8904173374176025,47,-1.8904173374176025,-1.8904173374176025,50,50,1.8005430614133757 1.660303899153966 2.3990779832738145 2.5500080338093531,2.1085924354018273 3.2690327789031 2.7473699142818333 2.7901466319822044,17.888541729189456,0.0440357830375433,0.13059393130242825,17.932577512227,0.002211908809840679
e1-v2,N16_i06_Amargin_s46,16,3,6,897f8dff07cb,Amargin,0.5505898248734026,0.21561881080986878,2.5535333527041337,0.5505898248734026,16.999999999967688,46,lightning_gpu,single,2,50,adam_0.1,0.1,0.06754798656801064,2.093026743541156,560,2020-08-05,2023-08-05,ok,,1000,398,623,385,3,True,-4.887760437292613,0.06754798656801064,-4.887760437292613,True,0.398,385,0.06754798656801064,0.0,0.0,1,1,True,True,True,1.9475483661411146,0.3560875576397027,0.18232541168837596,5,3,1.9475483661411146,2.3352594286602835,4.887760437292613,1.0000011281353844,0.38496308264438994,0.0011809003772214055,0.0026272243121638894,0.010183842736296356,0.7369146410559878,1.5826002625328952,0.025963805376170268,0.011746447323374487,0.2313104923958138,0.11144596650555882,0.9279706441216893,0.693211958831363,0.9999999999962408,0.9999926144258156,0.999999919644198,0.02572240240378676,5.613521716441028e-05,0.00015776020518387668,0.000704483285517199,7.206547515880188,40.452700329186115,0.0015764825501690671,0.0005612103905516808,0.015653455994965593,0.0055979520259522575,0.14595607375647146,0.05459019821374733,0.7935560859922751,0.42957177486286025,3.788249550823073,-5.379680633544922,-5.391851425170898,-5.489565372467041,42,-5.489565372467041,-5.489565372467041,50,50,2.8450397427097829 0.24261512621431053 0.85630314278475539 1.9536009066557216,0.81951311873500143 -1.487870539499812 1.583361492999976 0.46655589519270163,17.760288742370903,0.13277921173721552,0.13891360815614462,17.89306795410812,0.002719997428357601
e1-v2,N16_i07_Aheur_s42,16,3,7,b5d5b5d06981,Aheur,16.999999999969653,0.16747973790225335,101.50481612224286,0.49392222342913195,16.999999999969653,42,lightning_gpu,single,2,50,adam_0.1,0.1,-0.015622130631582132,1.6447767499233428,560,2020-08-05,2023-08-05,ok,,1000,395,771,32788,3,True,-152.98985068513164,0.010149314595212955,-152.98985068513167,True,0.395,32788,0.010149314595212955,0.0156686585142915,0.0001684236215099635,2,1,False,False,True,2.0895715638676022,0.36091078825064793,0.1722414271299168,0,0,1.8789747972027975,93.0312409495635,153.01562213035845,0.9999983907008527,0.380794258962851,0.0006759277312085032,0.0006759277312085032,0.004064403416123241,1.2512848906333423,3.994929418833749,0.006738754802889213,0.006738754802889213,0.06538035321085567,0.06538035321085567,0.49143196316004245,0.49143196316004245,0.998842580977582,0.998842580977582,0.9999977664328981,0.03230952729427372,4.301513035898097e-05,4.301513035898097e-05,0.0002779715614451561,5.705306788731392,34.83133250453102,0.0004300680495752385,0.0004300680495752385,0.004292366900215283,0.004292366900215283,0.04210398959053496,0.04210398959053496,0.34959533961610856,0.34959533961610856,85.93760432907224,-5.005596160888672,-4.998274803161621,-5.067929744720459,45,-5.067929744720459,-5.067929744720459,50,50,2.4314546363447995 1.3787772821439981 2.6973649175810768 2.1908462769412909,0.74500085491911283 1.4385875784057232 2.733533725407248 1.6559574414094094,17.718481676653028,0.044229126535356045,0.13191716000437737,17.762710803188384,0.0026765335351228714
e1-v2,N16_i07_Aheur_s43,16,3,7,b5d5b5d06981,Aheur,16.999999999969653,0.16747973790225335,101.50481612224286,0.49392222342913195,16.999999999969653,43,lightning_gpu,single,2,50,adam_0.1,0.1,-0.015622130631582132,1.6447767499233428,560,2020-08-05,2023-08-05,ok,,1000,1,984,33793,3,True,-152.73203459885136,0.2679654008755099,-152.73203459885136,True,0.001,33793,0.2679654008755099,0.1724170356373952,0.0018533240433809797,48,1,False,False,False,1.1734528590840345,0.17455339934344075,0.14789976265336455,0,0,1.8789747972027975,93.0312409495635,153.01562213035845,0.9999993571653363,0.0005403583440397597,9.585862699168501e-07,9.585862699168501e-07,5.690308569228364e-06,4.8175001359939955,22.667897377265604,9.585821349356038e-06,9.585821349356038e-06,9.58540786403228e-05,9.58540786403228e-05,0.0009581274318726241,0.0009581274318726241,0.009540069322305778,0.009540069322305778,1.0000008339085724,0.20514242295757867,0.0003704684495460242,0.0003704684495460242,0.002216148131992668,5.379520940709345,32.28572980652774,0.0036985144837377026,0.0036985144837377026,0.03637562133635619,0.03637562133635619,0.30963655621090835,0.30963655621090835,0.9754089051452038,0.9754089051452038,85.93760432907224,-1.260262370109558,-1.2629406452178955,-1.2614308595657349,44,-1.2614308595657349,-1.2614308595657349,50,50,2.0492585716432195 0.13752423515278736 0.062924802978478217 2.6364640840167701,1.8656488097169439 0.021307036767497317 -0.065958340945102042 2.9966678985602098,17.901707956567407,0.04748177248984575,0.13748421799391508,17.949189729057252,0.002456474117934704
e1-v2,N16_i07_Aheur_s44,16,3,7,b5d5b5d06981,Aheur,16.999999999969653,0.16747973790225335,101.50481612224286,0.49392222342913195,16.999999999969653,44,lightning_gpu,single,2,50,adam_0.1,0.1,-0.015622130631582132,1.6447767499233428,560,2020-08-05,2023-08-05,ok,,1000,209,736,21,3,True,-152.9422125442062,0.05778745552066622,-152.9422125442062,True,0.209,21,0.05778745552066622,0.044631945433123196,0.00047975223137483694,5,1,False,False,True,1.9353797689764725,0.3258846040790556,0.16786607429035552,0,0,1.8789747972027975,93.0312409495635,153.01562213035845,1.0000006569268018,0.22870813225745223,0.0004066415422130376,0.0004066415422130376,0.002441258286125958,1.0693496278908146,3.054929920281441,0.004058982404857581,0.004058982404857581,0.03985640187915396,0.03985640187915396,0.3341722285461616,0.3341722285461616,0.982875454461011,0.982875454461011,1.0000012607279132,0.10090023811790161,0.0001821906480472535,0.0001821906480472535,0.00108882668428123,3.193886014286614,16.72906974390571,0.0018204135014945333,0.0018204135014945333,0.018055730895880973,0.018055730895880973,0.16657140287658168,0.16657140287658168,0.8383096944968851,0.8383096944968851,85.93760432907224,-5.184298038482666,-5.186350345611572,-5.188204288482666,44,-5.188204288482666,-5.188204288482666,50,50,0.38505090477492371 0.8108861395016167 1.274766337564649 3.0447811714676671,0.74884280039815254 0.73159179380287898 1.0658839710721921 3.3182734102085418,17.700878606177866,0.046270059421658516,0.1311797471717,17.747148665599525,0.002163839526474476
e1-v2,N16_i07_Aheur_s45,16,3,7,b5d5b5d06981,Aheur,16.999999999969653,0.16747973790225335,101.50481612224286,0.49392222342913195,16.999999999969653,45,lightning_gpu,single,2,50,adam_0.1,0.1,-0.015622130631582132,1.6447767499233428,560,2020-08-05,2023-08-05,ok,,1000,115,783,32788,3,True,-152.98985068513164,0.010149314595212955,-152.98985068513167,True,0.115,32788,0.010149314595212955,0.0156686585142915,0.0001684236215099635,2,1,False,False,True,2.0895715638676022,0.36091078825064793,0.1722414271299168,0,0,1.8789747972027975,93.0312409495635,153.01562213035845,0.9999999506133008,0.1209969469346106,0.00021569966338574886,0.00021569966338574886,0.001300200747209601,3.955916913845052,22.660909171752337,0.0021549041521737866,0.0021549041521737866,0.021341275254069814,0.021341275254069814,0.1940414220388812,0.1940414220388812,0.8843549044661511,0.8843549044661511,1.0000006162193351,0.0071768428142604535,1.9517194232321344e-05,1.9517194232321344e-05,0.00010400900100648869,6.440079451476565,39.854514519444976,0.00019515480177612066,0.00019515480177612066,0.0019498350665131392,0.0019498350665131392,0.019328153640702173,0.019328153640702173,0.17730837680812395,0.17730837680812395,85.93760432907224,-1.2639421224594116,-1.274350881576538,-1.2774262428283691,44,-1.2774262428283691,-1.2774262428283691,50,50,1.8005430614133757 1.660303899153966 2.3990779832738145 2.5500080338093531,2.03275383431449 2.4502926765754456 2.6256518388146728 2.7346665318352796,17.972479263320565,0.04415643587708473,0.13129123765975237,18.01663569919765,0.0026765847578644753
e1-v2,N16_i07_Aheur_s46,16,3,7,b5d5b5d06981,Aheur,16.999999999969653,0.16747973790225335,101.50481612224286,0.49392222342913195,16.999999999969653,46,lightning_gpu,single,2,50,adam_0.1,0.1,-0.015622130631582132,1.6447767499233428,560,2020-08-05,2023-08-05,ok,,1000,274,749,32788,3,True,-152.98985068513164,0.010149314595212955,-152.98985068513167,True,0.274,32788,0.010149314595212955,0.0156686585142915,0.0001684236215099635,2,1,False,False,True,2.0895715638676022,0.36091078825064793,0.1722414271299168,0,0,1.8789747972027975,93.0312409495635,153.01562213035845,1.000001250063427,0.28168586239917204,0.0005085089360363781,0.0005085089360363781,0.003042173106223345,1.003995629195576,2.533721278465862,0.005073468965030026,0.005073468965030026,0.049591918411723834,0.049591918411723834,0.39868615167052,0.39868615167052,0.9938196644046006,0.9938196644046006,1.0000006400566974,0.034896634551842,6.298391235759482e-05,6.298391235759482e-05,0.00037744406290585175,7.212822306434003,46.26941518444718,0.0006296606397605542,0.0006296606397605542,0.006278795058340947,0.006278795058340947,0.06104328329064279,0.06104328329064279,0.4673330765617798,0.4673330765617798,85.93760432907224,-5.297141075134277,-5.290219783782959,-5.370108127593994,35,-5.370108127593994,-5.370108127593994,50,50,2.8450397427097829 0.24261512621431053 0.85630314278475539 1.9536009066557216,1.8875524459172046 -2.00462470475928 1.5502753044845257 1.8865597711464226,17.79860850609839,0.04392954707145691,0.13087287545204163,17.842538053169847,0.0022055404260754585
e1-v2,N16_i07_Amargin_s42,16,3,7,b5d5b5d06981,Amargin,0.49392222342913195,0.16747973790225335,2.949146145173699,0.49392222342913195,16.999999999969653,42,lightning_gpu,single,2,50,adam_0.1,0.1,-0.015622130631582132,1.6447767499233428,560,2020-08-05,2023-08-05,ok,,1000,366,658,32788,3,True,-4.435150696266974,0.010149314595212955,-4.435150696266976,True,0.366,32788,0.010149314595212955,0.0156686585142915,0.005777156473339691,2,1,False,False,True,2.0895715638676022,0.36091078825064793,0.1722414271299168,0,0,1.8789747972027975,2.7121748539439636,4.46092214149377,1.0000003558189539,0.38441683870041743,0.0008621093584224582,0.0008621093584224582,0.0049115162109956145,0.6508042876513294,1.239363161304624,0.008587724893505011,0.008587724893505011,0.08263341295500137,0.08263341295500137,0.5778865610601793,0.5778865610601793,0.9998204060132783,0.9998204060132783,0.9999986346743217,0.05740069560579286,0.0007292124792002141,0.0007292124792002141,0.0023154539958341047,4.3667154096864,24.062438325701017,0.007268242476004549,0.007268242476004549,0.07035068853417026,0.07035068853417026,0.5178396210879654,0.5178396210879654,0.9993209289790201,0.9993209289790201,3.407215446369646,-5.498741149902344,-5.508052349090576,-5.499375820159912,48,-5.499375820159912,-5.499375820159912,50,50,2.4314546363447995 1.3787772821439981 2.6973649175810768 2.1908462769412909,0.5107995782427921 0.60078574852696909 2.0215941881826183 1.5406721274000439,17.844449607655406,0.044003876857459545,0.2205347828567028,17.888453484512866,0.002773953601717949
e1-v2,N16_i07_Amargin_s43,16,3,7,b5d5b5d06981,Amargin,0.49392222342913195,0.16747973790225335,2.949146145173699,0.49392222342913195,16.999999999969653,43,lightning_gpu,single,2,50,adam_0.1,0.1,-0.015622130631582132,1.6447767499233428,560,2020-08-05,2023-08-05,ok,,1000,1,987,2113,3,True,-3.9147683594035554,0.530531651458632,-3.9147683594035554,True,0.001,2113,0.530531651458632,0.33205344258159564,0.1224306914057305,207,1,False,False,False,1.535867455452093,0.30963400709962274,0.2009509388352618,0,0,1.8789747972027975,2.7121748539439636,4.46092214149377,0.9999968374465737,0.0008263618357062796,3.022824103027233e-06,3.022824103027233e-06,1.631807958801801e-05,4.4956904944937754,21.106256479632748,3.022782984762884e-05,3.022782984762884e-05,0.00030223718431421354,0.00030223718431421354,0.003018264525215697,0.003018264525215697,0.029775980991669004,0.029775980991669004,0.9999997929889659,0.21433559924480505,0.0006566079682670534,0.0006566079682670534,0.003311524400487542,4.6340285818585905,25.89303782979934,0.00654671258291184,0.00654671258291184,0.06357173865013233,0.06357173865013233,0.4815043441692387,0.4815043441692387,0.9985957280518557,0.9985957280518557,3.407215446369646,-1.4995189905166626,-1.499611258506775,-1.5015923976898193,43,-1.5015923976898193,-1.5015923976898193,50,50,2.0492585716432195 0.13752423515278736 0.062924802978478217 2.6364640840167701,2.1238603082452379 -0.037078866939978347 0.080251783200131696 2.8123261728580107,17.60263463202864,0.04381941165775061,0.13650345336645842,17.64645404368639,0.002174166962504387
e1-v2,N16_i07_Amargin_s44,16,3,7,b5d5b5d06981,Amargin,0.49392222342913195,0.16747973790225335,2.949146145173699,0.49392222342913195,16.999999999969653,44,lightning_gpu,single,2,50,adam_0.1,0.1,-0.015622130631582132,1.6447767499233428,560,2020-08-05,2023-08-05,ok,,1000,436,555,32788,3,True,-4.435150696266974,0.010149314595212955,-4.435150696266976,True,0.436,32788,0.010149314595212955,0.0156686585142915,0.005777156473339691,2,1,False,False,True,2.0895715638676022,0.36091078825064793,0.1722414271299168,0,0,1.8789747972027975,2.7121748539439636,4.46092214149377,1.0000016227839188,0.44852146605262533,0.0014282016782090068,0.0014282016782090068,0.007653924869373441,0.5250217402746005,1.0399841510273529,0.014190576290985968,0.014190576290985968,0.13317854098487103,0.13317854098487103,0.7605049499824841,0.7605049499824841,0.9999993791804043,0.9999993791804043,1.0000014965380615,0.10236549949331675,0.00024380427203141153,0.00024380427203141153,0.0013199888780945912,3.342655365130738,17.20272399231635,0.002435369635057083,0.002435369635057083,0.02408852615692003,0.02408852615692003,0.2163822937410227,0.2163822937410227,0.9126943388573693,0.9126943388573693,3.407215446369646,-5.573309898376465,-5.573880195617676,-5.573309898376465,49,-5.573309898376465,-5.573309898376465,50,50,0.38505090477492371 0.8108861395016167 1.274766337564649 3.0447811714676671,0.32455724594632707 1.0383279818915834 0.74368514998031332 3.4296571914484644,17.820236150175333,0.04404353071004152,0.13205816969275475,17.864279680885375,0.0026994645595550537
e1-v2,N16_i07_Amargin_s45,16,3,7,b5d5b5d06981,Amargin,0.49392222342913195,0.16747973790225335,2.949146145173699,0.49392222342913195,16.999999999969653,45,lightning_gpu,single,2,50,adam_0.1,0.1,-0.015622130631582132,1.6447767499233428,560,2020-08-05,2023-08-05,ok,,1000,40,782,32774,3,True,-4.199402612006168,0.24589739885601936,-4.1994026120061685,True,0.04,32774,0.24589739885601936,0.15900001595948507,0.05862454470008524,36,1,False,False,False,1.6541617768035546,0.29089125143251127,0.17524963730735404,0,0,1.8789747972027975,2.7121748539439636,4.46092214149377,1.0000010921009745,0.028403336937117274,6.106602813815698e-05,6.106602813815698e-05,0.0003096378241025377,3.679146660770944,19.499448306667848,0.0006104925010143036,0.0006104925010143036,0.006088180735519533,0.006088180735519533,0.05924063312704497,0.05924063312704497,0.4570179015414516,0.4570179015414516,1.0000000386321846,0.07478559745550228,0.0010387488873675466,0.0010387488873675466,0.004147337458562106,7.0440150741612015,46.60668967977621,0.010339068160306941,0.010339068160306941,0.09871060163119194,0.09871060163119194,0.6462938378262129,0.6462938378262129,0.999969350297711,0.999969350297711,3.407215446369646,-1.973078966140747,-1.9722163677215576,-2.001099109649658,46,-2.001099109649658,-2.001099109649658,50,50,1.8005430614133757 1.660303899153966 2.3990779832738145 2.5500080338093531,2.0766021460540753 3.2361638411549309 2.7397947594750716 2.7930254126687077,17.744345989078283,0.043872381560504436,0.1307681780308485,17.788218370638788,0.0021876273676753044
e1-v2,N16_i07_Amargin_s46,16,3,7,b5d5b5d06981,Amargin,0.49392222342913195,0.16747973790225335,2.949146145173699,0.49392222342913195,16.999999999969653,46,lightning_gpu,single,2,50,adam_0.1,0.1,-0.015622130631582132,1.6447767499233428,560,2020-08-05,2023-08-05,ok,,1000,382,646,32785,3,True,-4.46092214149377,-0.015622130631582132,-4.4609221414937705,True,0.382,32785,-0.015622130631582132,0.0,0.0,1,1,True,True,True,1.8789747972027975,0.2838093939138654,0.15051260630790772,1,1,1.8789747972027975,2.7121748539439636,4.46092214149377,0.9999999707576321,0.38633573363767937,0.002095677424222231,0.002095677424222231,0.009239172679372132,0.6800207543539056,1.5786085416744777,0.020760240799419516,0.020760240799419516,0.189243602428816,0.189243602428816,0.8772832505151128,0.8772832505151128,0.9999999992254697,0.9999999992254697,1.0000004046430495,0.019087236249980766,0.00017213821411132812,0.00017213821411132812,0.0005474576973938383,6.867721580770381,41.6357183726871,0.0017200493326018362,0.0017200493326018362,0.017067966521154054,0.017067966521154054,0.15814966638811345,0.15814966638811345,0.8212076703016453,0.8212076703016453,3.407215446369646,-5.453238010406494,-5.450299263000488,-5.5610833168029785,43,-5.5610833168029785,-5.5610833168029785,50,50,2.8450397427097829 0.24261512621431053 0.85630314278475539 1.9536009066557216,0.8089698755988215 -1.453895399059844 1.5683522512272898 0.46824609426872438,17.933475187048316,0.04425235744565725,0.1314939334988594,17.977727544493973,0.00273797195404768
e1-v2,N16_i08_Aheur_s42,16,3,8,8e11fb6ca06e,Aheur,16.999999999966825,0.2709690028766275,62.7378032892823,0.683811453253232,16.999999999966825,42,lightning_gpu,single,2,50,adam_0.1,0.1,0.11985980086836712,2.131185648421887,560,2020-08-05,2023-08-05,ok,,1000,401,744,194,3,True,-152.88014019883306,0.11985980086836712,-152.88014019883306,True,0.401,194,0.11985980086836712,0.0,0.0,1,1,True,True,True,2.1191936537287344,0.37341693193238557,0.17573520535847004,1,1,2.1191936537287344,71.7347830828528,152.88014019883306,0.9999992233443322,0.37619940988952294,0.0006694745970889926,0.0013384626363404095,0.004684828920289874,1.6767350656364504,3.9888036850685467,0.013304296730053289,0.00667461310483175,0.12535388790478952,0.06477662971774212,0.7379864810575931,0.48813726995797735,0.9999984751153275,0.9987653749432366,0.9999983884871995,0.03096511444891803,4.202314084977843e-05,8.330015407409519e-05,0.0002969952329294756,7.097005517186268,34.75418838222686,0.0008326893588872508,0.0004201519499058559,0.008295761051010153,0.004193584647985582,0.07992825080506472,0.041153254891427404,0.5652726548836259,0.3431110091466265,86.15281215052437,-5.004342079162598,-4.999266624450684,-5.071101188659668,44,-5.071101188659668,-5.071101188659668,50,50,2.4314546363447995 1.3787772821439981 2.6973649175810768 2.1908462769412909,0.74246435375648401 1.4458629654135979 2.7308147436189243 1.6577643598164633,17.62620744202286,0.0436531575396657,0.22091932594776154,17.669860599562526,0.002322949469089508
e1-v2,N16_i08_Aheur_s43,16,3,8,8e11fb6ca06e,Aheur,16.999999999966825,0.2709690028766275,62.7378032892823,0.683811453253232,16.999999999966825,43,lightning_gpu,single,2,50,adam_0.1,0.1,0.11985980086836712,2.131185648421887,560,2020-08-05,2023-08-05,ok,,1000,1,983,33808,3,True,-151.53318247158322,1.4668175281182114,-151.53318247158325,True,0.001,33808,1.4668175281182114,0.6320227091653172,0.008810547436037252,515,1,False,False,False,0.9545188223082903,0.2180369520235724,0.2273783889339312,0,0,2.1191936537287344,71.7347830828528,152.88014019883306,1.0000004355317742,0.0005145525615262159,8.903504635782156e-07,1.7866238977148896e-06,6.270074436542927e-06,6.104218895366932,22.648502145946622,1.7866095336716015e-05,8.903468963317174e-06,0.000178646590170084,8.903112248836997e-05,0.0017850304284713348,0.0008899546152212334,0.01770759966812474,0.008863989739187672,1.0000006226292157,0.2055381057143677,0.00037041824543848634,0.0007412211562041193,0.0025947486865334213,6.708580223193885,32.20755281099258,0.0073875369706121186,0.0036980141139842937,0.07146722472079692,0.03637078174121877,0.5235993115654451,0.30960188341567874,0.9993978234987925,0.9753965517285555,86.15281215052437,-1.2630856037139893,-1.2658878564834595,-1.264022707939148,44,-1.264022707939148,-1.264022707939148,50,50,2.0492585716432195 0.13752423515278736 0.062924802978478217 2.6364640840167701,1.8676511817070911 0.022007157138028019 -0.066681302341321858 2.9966006373137044,17.700569634325802,0.044219776056706905,0.13190057408064604,17.74478941038251,0.0026814863085746765
e1-v2,N16_i08_Aheur_s44,16,3,8,8e11fb6ca06e,Aheur,16.999999999966825,0.2709690028766275,62.7378032892823,0.683811453253232,16.999999999966825,44,lightning_gpu,single,2,50,adam_0.1,0.1,0.11985980086836712,2.131185648421887,560,2020-08-05,2023-08-05,ok,,1000,237,730,162,3,True,-152.85956443063583,0.14043556906560828,-152.8595644306358,True,0.237,162,0.14043556906560828,0.009654610902845197,0.0001345875806398444,2,1,False,True,True,1.932906218537434,0.32142739846909135,0.16577493279086666,1,0,2.1191936537287344,71.7347830828528,152.88014019883306,0.9999998833643475,0.22800724481930956,0.0004051781434100121,0.0008103492727968842,0.0028369977371767163,1.467558637372343,3.0506113417184766,0.008074006525478628,0.004044401790826435,0.07786881118121236,0.03971582723371203,0.5554433489656729,0.3331967474402273,0.9996985112429463,0.9826229081847473,1.000001751423497,0.10092984738002997,0.00018166487279813737,0.00036355490738060325,0.0012715772463707253,4.06970099515752,16.73498282816763,0.003629607088679321,0.0018151643515215143,0.03570894044957351,0.018004091944539335,0.30484539817588685,0.16613301175529405,0.9736479733667863,0.8374571725825977,86.15281215052437,-5.184873104095459,-5.186822891235352,-5.189275741577148,44,-5.189275741577148,-5.189275741577148,50,50,0.38505090477492371 0.8108861395016167 1.274766337564649 3.0447811714676671,0.74858729807744362 0.73404063255971763 1.0657630716681985 3.3184286109318588,17.737386000342667,0.047320389188826084,0.13375356420874596,17.784706389531493,0.002219240181148052
e1-v2,N16_i08_Aheur_s45,16,3,8,8e11fb6ca06e,Aheur,16.999999999966825,0.2709690028766275,62.7378032892823,0.683811453253232,16.999999999966825,45,lightning_gpu,single,2,50,adam_0.1,0.1,0.11985980086836712,2.131185648421887,560,2020-08-05,2023-08-05,ok,,1000,116,783,32898,3,True,-152.70110493781837,0.2988950618830657,-152.70110493781837,True,0.116,32898,0.2988950618830657,0.08400735109457576,0.001171082527670688,11,1,False,False,False,1.801489113703074,0.3186629300724727,0.1763335274446908,0,0,2.1191936537287344,71.7347830828528,152.88014019883306,0.9999997092688773,0.11554693026118912,0.00020838170894421637,0.0004161415999988094,0.0014531683409586549,4.9719467247295785,22.672716247224344,0.0041536318190674715,0.0020818641427238216,0.04076848575815639,0.020624683143799283,0.34047025859573166,0.1881205605513675,0.9844280196238459,0.8755727702907771,1.0000012492105288,0.007460577781785105,1.8562102923169732e-05,3.7836343835806474e-05,0.00013106045298627578,8.013435244138481,39.918156752146906,0.00037829902335639876,0.00018560552517421502,0.0037765567690783985,0.0018545057952793487,0.03713018154314873,0.018391057206033734,0.31502339629828946,0.16941312688626642,86.15281215052437,-1.262176513671875,-1.274248480796814,-1.2796647548675537,45,-1.2796647548675537,-1.2796647548675537,50,50,1.8005430614133757 1.660303899153966 2.3990779832738145 2.5500080338093531,2.0334245622911942 2.4544454612227051 2.6276853985290063 2.7353156888429271,17.858626667410135,0.04371082130819559,0.13076472375541925,17.90233748871833,0.0022334344685077667
e1-v2,N16_i08_Aheur_s46,16,3,8,8e11fb6ca06e,Aheur,16.999999999966825,0.2709690028766275,62.7378032892823,0.683811453253232,16.999999999966825,46,lightning_gpu,single,2,50,adam_0.1,0.1,0.11985980086836712,2.131185648421887,560,2020-08-05,2023-08-05,ok,,1000,275,747,193,3,True,-152.82130492074157,0.1786950789598689,-152.82130492074157,True,0.275,193,0.1786950789598689,0.027606829154029115,0.0003848457884391114,3,1,False,False,True,1.9886972460883456,0.347503725156147,0.17423653893909702,0,0,2.1191936537287344,71.7347830828528,152.88014019883306,0.9999988939922062,0.28481326333712786,0.0005132185178808868,0.0010268294718116522,0.0035925936535932124,1.4001998578502024,2.5394700757061983,0.010220977360618444,0.005120348689524601,0.09763456486558242,0.0500396441648302,0.6420482300119881,0.40151287096146937,0.9999654661385375,0.9941041265958847,0.9999999580884946,0.03506111372553278,6.327863957267255e-05,0.00012658660853048787,0.00044363184133544564,8.932253836707131,46.25534605410962,0.001265145241038712,0.0006326062377487451,0.012579668209398709,0.0063080841441112145,0.11890922434795426,0.06131999607867056,0.718027636019164,0.46890077856478973,86.15281215052437,-5.296846866607666,-5.288458824157715,-5.37294340133667,34,-5.37294340133667,-5.37294340133667,50,50,2.8450397427097829 0.24261512621431053 0.85630314278475539 1.9536009066557216,1.8885756302449894 -2.00868944860275 1.5479902808636079 1.8860130567526208,17.789901016280055,0.04407808370888233,0.13146850001066923,17.833979099988937,0.002560943365097046
e1-v2,N16_i08_Amargin_s42,16,3,8,8e11fb6ca06e,Amargin,0.683811453253232,0.2709690028766275,2.5235781436025437,0.683811453253232,16.999999999966825,42,lightning_gpu,single,2,50,adam_0.1,0.1,0.11985980086836712,2.131185648421887,560,2020-08-05,2023-08-05,ok,,1000,399,651,194,3,True,-6.034443278410722,0.11985980086836712,-6.034443278410721,True,0.399,194,0.11985980086836712,0.0,0.0,1,1,True,True,True,2.1191936537287344,0.37341693193238557,0.17573520535847004,2,2,2.1191936537287344,2.8314958309141867,6.034443278410722,0.9999991996270323,0.3989350105402991,0.0008244765922427177,0.0016570354928262532,0.005790241120848805,0.9787621764357987,1.2822602828489906,0.016447339829995467,0.00821424380489355,0.15281906582553295,0.07917167983151085,0.809558438381961,0.5616846541656533,0.9999999372494783,0.9997382620118987,0.9999982486199086,0.04936560686286384,0.00026790687115862966,0.0005966506141703576,0.002095095012919046,5.560794114717791,24.582691032670276,0.00595051196545493,0.002675841183834904,0.05793675547516375,0.02643849455805425,0.4494451444348794,0.235048437853136,0.9974413789291401,0.9313975922282822,4.571869416956401,-5.497007846832275,-5.50398063659668,-5.497007846832275,49,-5.497007846832275,-5.497007846832275,50,50,2.4314546363447995 1.3787772821439981 2.6973649175810768 2.1908462769412909,0.56609362744689218 0.60021806494002339 2.02348163070481 1.5688113954333631,17.77090807724744,0.13221702445298433,0.1361814932897687,17.903125101700425,0.0022376375272870064
e1-v2,N16_i08_Amargin_s43,16,3,8,8e11fb6ca06e,Amargin,0.683811453253232,0.2709690028766275,2.5235781436025437,0.683811453253232,16.999999999966825,43,lightning_gpu,single,2,50,adam_0.1,0.1,0.11985980086836712,2.131185648421887,560,2020-08-05,2023-08-05,ok,,1000,0,986,8320,2,False,-5.436966597528464,0.03352502849739314,-5.436966597528462,True,0.0,,,,,,,,,,,,,0,0,2.1191936537287344,2.8314958309141867,6.034443278410722,0.9999995272469135,0.0007385258892327329,2.5141994228761178e-06,4.995127255824627e-06,1.702521171864646e-05,5.722489125035095,21.127774204086336,4.9950149764832474e-05,2.514170977674368e-05,0.0004993892368168051,0.00025138865492357887,0.004982684767769974,0.0025110446233036487,0.048724342071815196,0.024828597339932368,0.999999103438654,0.21657958603464067,0.0005194025579839945,0.001058108638972044,0.0036854546633549035,5.849819085365381,26.107398745933324,0.010530846559923646,0.0051819023236591155,0.10045561534423464,0.05062722513281381,0.6530826913774783,0.4052044192420956,0.9999747500986998,0.9944578620559443,4.571869416956401,-1.497296929359436,-1.4981187582015991,-1.4998446702957153,43,-1.4998446702957153,-1.4998446702957153,50,50,2.0492585716432195 0.13752423515278736 0.062924802978478217 2.6364640840167701,2.1073051636796394 -0.032674579668358884 0.069453276888989293 2.8244698458357917,17.70063668396324,0.04417276941239834,0.1323635783046484,17.744809453375638,0.002229253761470318
e1-v2,N16_i08_Amargin_s44,16,3,8,8e11fb6ca06e,Amargin,0.683811453253232,0.2709690028766275,2.5235781436025437,0.683811453253232,16.999999999966825,44,lightning_gpu,single,2,50,adam_0.1,0.1,0.11985980086836712,2.131185648421887,560,2020-08-05,2023-08-05,ok,,1000,445,568,194,3,True,-6.034443278410722,0.11985980086836712,-6.034443278410721,True,0.445,194,0.11985980086836712,0.0,0.0,1,1,True,True,True,2.1191936537287344,0.37341693193238557,0.17573520535847004,6,4,2.1191936537287344,2.8314958309141867,6.034443278410722,1.000000560726256,0.45088693473371677,0.0012346835574135184,0.00249198277015239,0.008553749416023493,0.7883044670897728,1.0363716904922775,0.02464222763060331,0.012278460994556872,0.2208169599390396,0.11621781230443962,0.9175112144214321,0.7092950393723546,0.9999999999854136,0.9999956895319843,1.0000007209082469,0.10232605272904038,0.00021222131908871233,0.0004297679115552455,0.00148844147042837,4.247374149518223,17.17772081201292,0.004289377113190662,0.002120187632448811,0.04207522669201791,0.021000731968958908,0.34940001516498853,0.19123253732379653,0.9864124708681841,0.8802607015197179,4.571869416956401,-5.582201957702637,-5.582427024841309,-5.582201957702637,49,-5.582201957702637,-5.582201957702637,50,50,0.38505090477492371 0.8108861395016167 1.274766337564649 3.0447811714676671,0.3203046192717528 1.0385285984269204 0.74281496945972525 3.427396587324941,17.844122054986656,0.04359824862331152,0.1312099965289235,17.887720303609967,0.002209128811955452
e1-v2,N16_i08_Amargin_s45,16,3,8,8e11fb6ca06e,Amargin,0.683811453253232,0.2709690028766275,2.5235781436025437,0.683811453253232,16.999999999966825,45,lightning_gpu,single,2,50,adam_0.1,0.1,0.11985980086836712,2.131185648421887,560,2020-08-05,2023-08-05,ok,,1000,39,802,4256,3,True,-5.744037185365944,0.4102658939131445,-5.7440371853659435,True,0.039,4256,0.4102658939131445,0.1362650378486825,0.04812475312905104,33,1,False,False,False,1.8040373053134064,0.34049915342841147,0.1881885437892494,0,0,2.1191936537287344,2.8314958309141867,6.034443278410722,0.9999997195537553,0.03909496793858125,4.3874264520127326e-05,8.491112384945154e-05,0.00027781378412328195,4.713328455391725,19.193613721735705,0.0008487868664948106,0.0004386560325362332,0.008455522174462882,0.004377911586118555,0.08140938980089041,0.042926633084234944,0.5722204516435785,0.3551594939705738,1.000000777832179,0.06683278677019189,0.000572918972466141,0.0012097264407202601,0.004009237076388672,8.714854530436448,46.64392112225521,0.01203162168851224,0.005714441641672341,0.11400668631873978,0.055697118569981274,0.701939487320054,0.43621547776058933,0.9999944659326367,0.99675562169442,4.571869416956401,-2.0233030319213867,-2.0081429481506348,-2.0301337242126465,48,-2.0301337242126465,-2.0301337242126465,50,50,1.8005430614133757 1.660303899153966 2.3990779832738145 2.5500080338093531,2.0621377020576368 3.27081945266902 2.7472016633824476 2.8170585469478384,17.771506561897695,0.04074050858616829,0.12213253136724234,17.812247070483863,0.0028083035722374916
e1-v2,N16_i08_Amargin_s46,16,3,8,8e11fb6ca06e,Amargin,0.683811453253232,0.2709690028766275,2.5235781436025437,0.683811453253232,16.999999999966825,46,lightning_gpu,single,2,50,adam_0.1,0.1,0.11985980086836712,2.131185648421887,560,2020-08-05,2023-08-05,ok,,1000,411,681,194,3,True,-6.034443278410722,0.11985980086836712,-6.034443278410721,True,0.411,194,0.11985980086836712,0.0,0.0,1,1,True,True,True,2.1191936537287344,0.37341693193238557,0.17573520535847004,2,1,2.1191936537287344,2.8314958309141867,6.034443278410722,1.0000006355295854,0.3873427945654839,0.0013474515872076154,0.0027894782833755016,0.009572176029905677,1.0017818296306404,1.5920126202810556,0.02754722130712317,0.013393105596976485,0.24371547124728654,0.12614080606342282,0.9387858023268432,0.7403342927044265,0.9999999999992613,0.999998606374822,0.9999997524613118,0.017476272493617273,6.0302521887933835e-05,0.0001354022642772179,0.00047488201380474493,8.549335316345415,42.14731452244662,0.0013531979208010192,0.0006028616074540416,0.013449874345554558,0.006012287444159048,0.1266434890498489,0.058522039572727835,0.7418241455655807,0.45285607905625813,4.571869416956401,-5.475372791290283,-5.452617168426514,-5.56235408782959,44,-5.56235408782959,-5.56235408782959,50,50,2.8450397427097829 0.24261512621431053 0.85630314278475539 1.9536009066557216,0.80279443432502928 -1.4496176983392604 1.5683036017081098 0.46682616607914357,18.033179682679474,0.045243632048368454,0.13150997832417488,18.078423314727843,0.002880517393350601
e1-v2,N16_i09_Aheur_s42,16,3,9,9bc3f8aa04b6,Aheur,16.999999999968857,0.20725917273188438,82.02290772413957,0.5892842766580809,16.999999999968857,42,lightning_gpu,single,2,50,adam_0.1,0.1,-0.05146364215208532,1.4927147908617315,560,2020-08-05,2023-08-05,ok,,1000,383,777,40961,3,True,-153.03844442137887,-0.03844442165916451,-153.03844442137887,True,0.383,40961,-0.03844442165916451,0.008721840617258792,8.506433184712791e-05,2,1,False,True,True,1.7018045713931287,0.3070837803105958,0.17985836062247146,3,0,1.7264408309353374,102.53228853819856,153.05146364187178,0.9999998359454594,0.38008712336886674,0.0006754037458449602,0.00202782335691154,0.004731395863927901,1.3308722180943686,3.994132363472488,0.020094187611921832,0.0067335467267792826,0.1837121406740172,0.06533134611295999,0.8686490032590988,0.49116523085468744,0.9999999984712596,0.9988364962324001,0.9999993942644778,0.03211833312525414,4.346013520262204e-05,0.00013495183156919666,0.0003114280116278678,5.82221680772569,34.820123881146856,0.0013486990706934598,0.00043451636662505955,0.013405429892260567,0.004336677302125613,0.12624995889253599,0.04253018154662702,0.7406584561464831,0.3524833660346324,85.95193122701541,-5.005427360534668,-4.998418807983398,-5.068108081817627,45,-5.068108081817627,-5.068108081817627,50,50,2.4314546363447995 1.3787772821439981 2.6973649175810768 2.1908462769412909,0.7446068692314558 1.439693410172777 2.7331576165741307 1.6562086080996641,17.832050442695618,0.04385123774409294,0.13330664206296206,17.87590168043971,0.0030180849134922028
e1-v2,N16_i09_Aheur_s43,16,3,9,9bc3f8aa04b6,Aheur,16.999999999968857,0.20725917273188438,82.02290772413957,0.5892842766580809,16.999999999968857,43,lightning_gpu,single,2,50,adam_0.1,0.1,-0.05146364215208532,1.4927147908617315,560,2020-08-05,2023-08-05,ok,,1000,0,981,10,2,False,-135.7770506515651,0.22294934818574225,-135.7770506515651,True,0.0,,,,,,,,,,,,,0,0,1.7264408309353374,102.53228853819856,153.05146364187178,0.9999997233762201,0.0005365293995396314,9.384033887727128e-07,2.801654545692145e-06,6.552842023666017e-06,4.959802487980897,22.665076412402186,2.8016192242463767e-05,9.383994260758755e-06,0.000280126604247366,9.383598003631644e-05,0.002797737487847396,0.0009379636658946033,0.02762775983761545,0.009340145607586003,1.0000002072104692,0.20519913293537684,0.000370650552213192,0.0011115351517219096,0.0025899999891407788,5.49597381344185,32.274355732370765,0.011059918026964044,0.0037003294462149006,0.10525394330771376,0.036393175538348976,0.6711499361494676,0.3097623083837493,0.9999852096209196,0.9754536620058087,85.95193122701541,-1.2606757879257202,-1.2633720636367798,-1.2618147134780884,44,-1.2618147134780884,-1.2618147134780884,50,50,2.0492585716432195 0.13752423515278736 0.062924802978478217 2.6364640840167701,1.8659392225277558 0.021403965529559706 -0.066059904262267058 2.9966553569143577,17.731690825894475,0.044269055128097534,0.2206722078844905,17.775959881022573,0.002491788938641548
e1-v2,N16_i09_Aheur_s44,16,3,9,9bc3f8aa04b6,Aheur,16.999999999968857,0.20725917273188438,82.02290772413957,0.5892842766580809,16.999999999968857,44,lightning_gpu,single,2,50,adam_0.1,0.1,-0.05146364215208532,1.4927147908617315,560,2020-08-05,2023-08-05,ok,,1000,228,738,32801,3,True,-153.03736326214337,-0.03736326242367172,-153.0373632621434,True,0.228,32801,-0.03736326242367172,0.009446131179737005,9.212835599800188e-05,3,1,False,True,True,1.968462425406565,0.41533000221319444,0.21048407979015346,1,0,1.7264408309353374,102.53228853819856,153.05146364187178,0.9999999389111566,0.22860264396877028,0.0004063154337927699,0.0012192151334602386,0.0028450320241972804,1.147530944734082,3.0542972336941694,0.012125476503361932,0.004055733231321246,0.11484800069091472,0.039825077544530796,0.7047577227516456,0.33395497277110076,0.999994967480522,0.9828194959370221,1.000002208913429,0.10090469544229563,0.00018175751029048115,0.0005441235116450116,0.001271175395231694,3.2956405945119815,16.7299149457599,0.00542793126210106,0.0018160892125514971,0.05297251222566768,0.018013190519550082,0.41973570637305413,0.1662102695621014,0.995672286799298,0.8376077057996061,85.95193122701541,-5.184396266937256,-5.186439037322998,-5.188387870788574,44,-5.188387870788574,-5.188387870788574,50,50,0.38505090477492371 0.8108861395016167 1.274766337564649 3.0447811714676671,0.74879997001145304 0.73194629137910805 1.0658625213394644 3.318298008013735,17.669703618623316,0.04392451047897339,0.13165784161537886,17.71362812910229,0.002834566868841648
e1-v2,N16_i09_Aheur_s45,16,3,9,9bc3f8aa04b6,Aheur,16.999999999968857,0.20725917273188438,82.02290772413957,0.5892842766580809,16.999999999968857,45,lightning_gpu,single,2,50,adam_0.1,0.1,-0.05146364215208532,1.4927147908617315,560,2020-08-05,2023-08-05,ok,,1000,128,788,33824,3,True,-152.89211931670826,0.10788068301143316,-152.89211931670826,True,0.128,33824,0.10788068301143316,0.10674800446743772,0.0010411159839436197,11,1,False,False,False,1.7856434699157682,0.3864807915380343,0.21587780429439146,0,0,1.7264408309353374,102.53228853819856,153.05146364187178,1.0000001786982011,0.12023170686734375,0.0002151206717826426,0.0006455949478549883,0.001509638168499805,4.058927543768901,22.66235225928267,0.006437226053968348,0.0021491254513367197,0.06253920755207554,0.02128459788602488,0.4757588203323354,0.19357454307285893,0.9984321254083994,0.8836832418322755,1.0000009435245012,0.007222249610094877,1.8866865502786823e-05,5.414166116679553e-05,0.0001263848189410055,6.565217026764008,39.86330990234207,0.0005412847213346339,0.000188652637696074,0.005399681714467031,0.001884925640591839,0.052703486795329324,0.018690174895193645,0.4180852204105291,0.17194063875628685,85.95193122701541,-1.2636542320251465,-1.2743958234786987,-1.2773845195770264,45,-1.2773845195770264,-1.2773845195770264,50,50,1.8005430614133757 1.660303899153966 2.3990779832738145 2.5500080338093531,2.0328421219165436 2.4509189994687004 2.6259416135683291 2.7347796125986501,18.33692846633494,0.04599263705313206,0.13140841852873564,18.38292110338807,0.0028832359239459038
e1-v2,N16_i09_Aheur_s46,16,3,9,9bc3f8aa04b6,Aheur,16.999999999968857,0.20725917273188438,82.02290772413957,0.5892842766580809,16.999999999968857,46,lightning_gpu,single,2,50,adam_0.1,0.1,-0.05146364215208532,1.4927147908617315,560,2020-08-05,2023-08-05,ok,,1000,300,727,32771,3,True,-153.05146364187178,-0.05146364215208532,-153.05146364187178,True,0.3,32771,-0.05146364215208532,0.0,0.0,1,1,True,True,True,1.7264408309353374,0.3114836516790992,0.17984030852125285,3,1,1.7264408309353374,102.53228853819856,153.05146364187178,0.999998785585511,0.2822300658444874,0.0005093360668979585,0.0015266879345290363,0.003561891382560134,1.0833716419187283,2.534148078182106,0.015162420288445277,0.0050817024655810394,0.14168614756620557,0.04967056637032485,0.7829992588557245,0.3991835643154088,0.9999997684673879,0.9938705988515449,0.9999993133513954,0.0349193324582302,6.331740587484092e-05,0.00019037964375456795,0.000441700110968668,7.339339367489869,46.2672911246309,0.001902166266899541,0.0006329936799815972,0.01885966518169735,0.0063119365566013386,0.1733697387399984,0.06135638682943256,0.8510251356035843,0.4691066392194976,85.95193122701541,-5.297127723693848,-5.290053367614746,-5.370382785797119,35,-5.370382785797119,-5.370382785797119,50,50,2.8450397427097829 0.24261512621431053 0.85630314278475539 1.9536009066557216,1.8876492396722568 -2.0051500670794553 1.5499059974184206 1.8864699703093757,17.981357533484697,0.04380410723388195,0.13295710179954767,18.02516164071858,0.002821296453475952
e1-v2,N16_i09_Amargin_s42,16,3,9,9bc3f8aa04b6,Amargin,0.5892842766580809,0.20725917273188438,2.8432241086882737,0.5892842766580809,16.999999999968857,42,lightning_gpu,single,2,50,adam_0.1,0.1,-0.05146364215208532,1.4927147908617315,560,2020-08-05,2023-08-05,ok,,1000,476,715,32771,3,True,-5.355022132074813,-0.05146364215208532,-5.355022132074815,True,0.476,32771,-0.05146364215208532,0.0,0.0,1,1,True,True,True,1.7264408309353374,0.3114836516790992,0.17984030852125285,2,1,1.7264408309353374,3.587438246648179,5.355022132074813,1.000000115343741,0.4949909694842063,0.0009288968867622316,0.002802184142637998,0.006467620434705168,0.9711854822964762,1.843462212014072,0.027671118312437737,0.009250236667046385,0.24467847620490013,0.08874531818913489,0.9395608140587283,0.6051812889600574,0.9999999999993496,0.9999079598615238,0.9999984984538801,0.042844243874355925,0.0005083949654363096,0.0012985023349756375,0.002693351256311871,4.576513175293772,24.877865206021475,0.012909410609406535,0.005072334463806505,0.12184715026737392,0.04958108098171732,0.7272899455070947,0.39861758079794496,0.9999977248423164,0.9938126130362746,3.898352610461522,-5.341047286987305,-5.358010768890381,-5.341047286987305,49,-5.341047286987305,-5.341047286987305,50,50,2.4314546363447995 1.3787772821439981 2.6973649175810768 2.1908462769412909,0.85898792638014854 0.68721827802799118 2.1451208501422157 1.7902125925207633,17.954963949508965,0.04400559142231941,0.13374775927513838,17.998969540931284,0.0027693631127476692
e1-v2,N16_i09_Amargin_s43,16,3,9,9bc3f8aa04b6,Amargin,0.5892842766580809,0.20725917273188438,2.8432241086882737,0.5892842766580809,16.999999999968857,43,lightning_gpu,single,2,50,adam_0.1,0.1,-0.05146364215208532,1.4927147908617315,560,2020-08-05,2023-08-05,ok,,1000,0,986,33,2,False,-4.775020064695821,-0.0607458514311735,-4.775020064695822,True,0.0,,,,,,,,,,,,,0,0,1.7264408309353374,3.587438246648179,5.355022132074813,1.000000734966676,0.0005138923744425483,2.1512105377041735e-06,6.569221341123921e-06,1.4361335615831194e-05,4.668902448961619,21.262176022649555,6.569027148517481e-05,2.1511897131398783e-05,0.0006567085643341963,0.0002150981482315073,0.0065477126140230935,0.002148900651503194,0.06358116489256083,0.021282392994610988,0.999999243570727,0.2172232796147,0.0006201969226822257,0.0018300411175005138,0.0040977950557135046,4.814290253670329,26.41463432228818,0.018150437020664656,0.00618468883236456,0.1673748756085881,0.06015370442592427,0.8398617362578666,0.46226495650957233,0.9999999889094993,0.9979784550708694,3.898352610461522,-1.4728456735610962,-1.4741097688674927,-1.476265788078308,47,-1.476265788078308,-1.476265788078308,50,50,2.0492585716432195 0.13752423515278736 0.062924802978478217 2.6364640840167701,2.0937381035720088 -0.03434328501565672 0.054239369681612089 2.8426447774266288,17.721984996460378,0.044276914559304714,0.23802796564996243,17.766261911019683,0.0025184545665979385
e1-v2,N16_i09_Amargin_s44,16,3,9,9bc3f8aa04b6,Amargin,0.5892842766580809,0.20725917273188438,2.8432241086882737,0.5892842766580809,16.999999999968857,44,lightning_gpu,single,2,50,adam_0.1,0.1,-0.05146364215208532,1.4927147908617315,560,2020-08-05,2023-08-05,ok,,1000,463,553,32771,3,True,-5.355022132074813,-0.05146364215208532,-5.355022132074815,True,0.463,32771,-0.05146364215208532,0.0,0.0,1,1,True,True,True,1.7264408309353374,0.3114836516790992,0.17984030852125285,5,3,1.7264408309353374,3.587438246648179,5.355022132074813,0.9999988947678156,0.4524489778850693,0.0013388405786827207,0.0038806681986898184,0.008956131525337696,0.5927733695420427,1.0367913618651485,0.0381359661773808,0.013308030862551723,0.32214491503827036,0.12538698816903782,0.9795181782230988,0.7380856210387746,1.0,0.9999984808753314,1.0000012373611753,0.10231486849079374,0.00022234093921724707,0.0006376862002070993,0.0015240048087434843,3.4295394175780274,17.162289481150765,0.006358594118653471,0.0022211861134471267,0.061797023804651685,0.02199115601898438,0.47159360748195445,0.19937744534295365,0.9983030047389923,0.8917873067153177,3.898352610461522,-5.57690954208374,-5.577009201049805,-5.57690954208374,49,-5.57690954208374,-5.57690954208374,50,50,0.38505090477492371 0.8108861395016167 1.274766337564649 3.0447811714676671,0.31504089411621361 1.0413926180662232 0.73787737128473874 3.4218387924314939,16.6450420236215,0.03963044751435518,0.12161537073552608,16.684672471135855,0.0025475863367319107
e1-v2,N16_i09_Amargin_s45,16,3,9,9bc3f8aa04b6,Amargin,0.5892842766580809,0.20725917273188438,2.8432241086882737,0.5892842766580809,16.999999999968857,45,lightning_gpu,single,2,50,adam_0.1,0.1,-0.05146364215208532,1.4927147908617315,560,2020-08-05,2023-08-05,ok,,1000,45,785,33296,3,True,-5.124186483713885,0.17937200620884275,-5.124186483713887,True,0.045,33296,0.17937200620884275,0.1546414960004976,0.04310638549527159,23,1,False,False,False,1.3626472889939802,0.2554968815395591,0.186766512211278,0,0,1.7264408309353374,3.587438246648179,5.355022132074813,0.9999978291035838,0.04232831911940593,3.408062912058085e-05,9.114816930377856e-05,0.0002689908797037788,3.7807077066456234,19.13221152885244,0.0009111079243997455,0.0003407540289379618,0.009073814564411808,0.0034023199356083556,0.08712135260862552,0.033506987329661175,0.5980884484157558,0.2888074704067911,1.000001505327293,0.07098181225228473,0.0008402909734286368,0.002204384421929717,0.005200362065806985,7.079126446298415,45.920971986620515,0.02182645570774866,0.008371206826710331,0.19802814510451383,0.08062797321003345,0.8899496899633779,0.5685675017417045,0.999999999739437,0.9997765766504725,3.898352610461522,-2.028289556503296,-2.0239012241363525,-2.035074234008789,48,-2.035074234008789,-2.035074234008789,50,50,1.8005430614133757 1.660303899153966 2.3990779832738145 2.5500080338093531,2.0583671140509372 3.2600177539370141 2.7471004032245534 2.8233367570210421,16.633297978900373,0.04455269407480955,0.13382666185498238,16.677850672975183,0.003190332092344761
e1-v2,N16_i09_Amargin_s46,16,3,9,9bc3f8aa04b6,Amargin,0.5892842766580809,0.20725917273188438,2.8432241086882737,0.5892842766580809,16.999999999968857,46,lightning_gpu,single,2,50,adam_0.1,0.1,-0.05146364215208532,1.4927147908617315,560,2020-08-05,2023-08-05,ok,,1000,370,676,32771,3,True,-5.355022132074813,-0.05146364215208532,-5.355022132074815,True,0.37,32771,-0.05146364215208532,0.0,0.0,1,1,True,True,True,1.7264408309353374,0.3114836516790992,0.17984030852125285,2,1,1.7264408309353374,3.587438246648179,5.355022132074813,1.0000001535276464,0.3868230630760081,0.0017149561317637563,0.004789125407114625,0.010882458533160388,0.7679632600206359,1.6204478080773455,0.04687221778208295,0.017017816408519737,0.38125559120015684,0.15772004783723625,0.9917754361758181,0.8202931474186266,1.0,0.9999999648725698,1.0000010173639047,0.015897933323342883,0.00011313016148051247,0.00030287657500593923,0.0005424059527285863,7.069785297579911,42.343051498664785,0.003024641042504439,0.001130725859012749,0.029838033002803077,0.011249897385262053,0.2613436240673741,0.10697130126417509,0.9516468792312104,0.67740758052961,3.898352610461522,-5.468470096588135,-5.443849086761475,-5.558327674865723,44,-5.558327674865723,-5.558327674865723,50,50,2.8450397427097829 0.24261512621431053 0.85630314278475539 1.9536009066557216,0.80244952288568461 -1.4473431903808927 1.5658490806596914 0.46587854754959068,17.973346455022693,0.043757145293056965,0.13133435044437647,18.01710360031575,0.0026792287826538086
e1-v2,N20_i00_Aheur_s42,20,4,0,88802fd9d289,Aheur,20.999999999953292,0.2323255653435249,90.39039663543674,0.7108449997119854,20.999999999953292,42,lightning_gpu,single,2,50,adam_0.1,0.1,-0.06526682444074017,2.6942393839002,4845,2020-08-05,2023-08-05,ok,,1000,52,974,65586,4,True,-335.9921552256698,0.007844773582836861,-335.99215522566976,True,0.052,65586,0.007844773582836861,0.02713626653238962,0.00021755178306460583,27,1,False,False,True,1.7384546402820678,0.29875047148549216,0.17127307471029646,0,0,1.6852328036914122,124.73474659746194,336.06526682369343,1.000000101318542,0.04841973924430931,1.0236620255454909e-05,8.139908186421962e-05,0.0007640414969500853,6.047464063440369,35.57898831400505,0.0008136927218793666,0.00010236148720554894,0.008107197462880578,0.0010231434964030894,0.07817731998751132,0.010184456242516737,0.5569284233844046,0.09730155248204597,0.9999972944328857,0.00036638556834661445,1.0626920676770624e-08,4.4064884678618466e-08,5.129667551753009e-07,7.188432576571209,45.69195284524578,4.4064875892591004e-07,1.0626920166068032e-07,4.406478851581852e-06,1.0626915086797695e-06,4.406391475808569e-05,1.062686426767101e-05,0.0004405517845605944,0.00010626356096021805,127.21890229528876,-0.9038832783699036,-0.905714213848114,-0.9110298752784729,42,-0.9110298752784729,-0.9110298752784729,50,50,2.4314546363447995 1.3787772821439981 2.6973649175810768 2.1908462769412909,2.5520837271978456 1.6852111717116025 2.8707231472870585 2.0099158383272422,31.39914620295167,0.07198410667479038,0.2551124421879649,31.47113030962646,0.023630985990166664
e1-v2,N20_i00_Aheur_s43,20,4,0,88802fd9d289,Aheur,20.999999999953292,0.2323255653435249,90.39039663543674,0.7108449997119854,20.999999999953292,43,lightning_gpu,single,2,50,adam_0.1,0.1,-0.06526682444074017,2.6942393839002,4845,2020-08-05,2023-08-05,ok,,1000,8,998,344068,4,True,-335.8380403500058,0.16195964924688,-335.83804035000577,True,0.008,344068,0.16195964924688,0.08433789330133148,0.000676137929501735,175,1,False,False,False,1.4866662964525712,0.24797752845003918,0.16612842373528472,0,0,1.6852328036914122,124.73474659746194,336.06526682369343,1.000000640920156,0.004328337019160244,8.869512839737581e-07,7.10490650135398e-06,6.66167512690663e-05,5.993475691062199,30.32700934071574,7.1046793470253e-05,8.869477439055196e-06,0.0007102408336225885,8.869123443144833e-05,0.007079751383995747,0.0008865584519421876,0.0685840440307025,0.00883029864352769,1.0000000371891653,0.1105639231245732,2.3216653062263504e-05,0.0001852685381891206,0.0017358434743073303,6.538479702029418,43.157848518832274,0.0018511415453463798,0.0002321422765402259,0.018357971569445075,0.0023189992143658467,0.1691331308235272,0.022949483528048376,0.8432114231196205,0.20718805222598957,127.21890229528876,-1.7690181732177734,-1.7730830907821655,-1.7690181732177734,49,-1.7690181732177734,-1.7690181732177734,50,50,2.0492585716432195 0.13752423515278736 0.062924802978478217 2.6364640840167701,1.9040711216065025 0.04532121325078943 -0.08541539157653652 2.9985518337418382,31.339034500531852,0.0707797734066844,0.2455316847190261,31.409814273938537,0.01842563785612583
e1-v2,N20_i00_Aheur_s44,20,4,0,88802fd9d289,Aheur,20.999999999953292,0.2323255653435249,90.39039663543674,0.7108449997119854,20.999999999953292,44,lightning_gpu,single,2,50,adam_0.1,0.1,-0.06526682444074017,2.6942393839002,4845,2020-08-05,2023-08-05,ok,,1000,534,943,262228,4,True,-336.0083915019601,-0.008391502707433052,-336.00839150196003,True,0.534,262228,-0.008391502707433052,0.021109973402205263,0.00016923891680583892,17,1,False,False,True,1.627561606193357,0.25884930256727,0.15842675422305155,0,0,1.6852328036914122,124.73474659746194,336.06526682369343,1.0000004075647402,0.5389923321054084,0.0001086323827621527,0.0008745097511564381,0.008184046775568277,1.3286976862901563,3.2054358834985335,0.008710763115727493,0.0010857929366724361,0.08377126592254214,0.010805030102650215,0.5830931059978683,0.10294516181062474,0.99984136801193,0.6625651542271798,1.000001425855686,0.08713640008681978,1.8170650946558453e-05,0.00014486238615063485,0.0013598989535239525,3.9332625967187784,22.12830092649375,0.001447679896216858,0.00018169165242043483,0.014382852154425363,0.0018154317101882755,0.13486773802325147,0.018006722166828082,0.7651313358900285,0.16615534615694683,127.21890229528876,-6.277883529663086,-6.286689758300781,-6.277883529663086,49,-6.277883529663086,-6.277883529663086,50,50,0.38505090477492371 0.8108861395016167 1.274766337564649 3.0447811714676671,1.0710440365428091 -0.20650343890103509 0.51144273201857815 3.779957481655734,31.461995027959347,0.07098779827356339,0.24456780031323433,31.53298282623291,0.02492101676762104
e1-v2,N20_i00_Aheur_s45,20,4,0,88802fd9d289,Aheur,20.999999999953292,0.2323255653435249,90.39039663543674,0.7108449997119854,20.999999999953292,45,lightning_gpu,single,2,50,adam_0.1,0.1,-0.06526682444074017,2.6942393839002,4845,2020-08-05,2023-08-05,ok,,1000,187,989,65586,4,True,-335.9921552256698,0.007844773582836861,-335.99215522566976,True,0.187,65586,0.007844773582836861,0.02713626653238962,0.00021755178306460583,27,1,False,False,True,1.7384546402820678,0.29875047148549216,0.17127307471029646,0,0,1.6852328036914122,124.73474659746194,336.06526682369343,1.0000010492277882,0.16831906642619288,3.5362212656764314e-05,0.0002823157992679626,0.0026449019605934154,3.276939859157501,14.216002850466607,0.002819574092016053,0.00035356585999990475,0.027840667652754725,0.0035300385037998483,0.24599453114354053,0.03474487844400087,0.9406056739816177,0.2978641527982685,1.0000006919884576,0.03213611667479199,5.771920314145973e-06,4.797751671503647e-05,0.0004456087244761875,8.367340768115067,57.62364266283457,0.0004796715975067256,5.771770398665943e-05,0.004786375389910336,0.0005770271529365045,0.04684588014391211,0.005755311346273162,0.3810845932162773,0.05608519865052086,127.21890229528876,-4.384725093841553,-4.453872203826904,-4.54222297668457,41,-4.54222297668457,-4.54222297668457,50,50,1.8005430614133757 1.660303899153966 2.3990779832738145 2.5500080338093531,1.6854801768479015 2.2459176379968593 2.9343508302966614 3.4078267025733768,31.471836866810918,0.0704572070389986,0.24644652381539345,31.542294073849916,0.018791913986206055
e1-v2,N20_i00_Aheur_s46,20,4,0,88802fd9d289,Aheur,20.999999999953292,0.2323255653435249,90.39039663543674,0.7108449997119854,20.999999999953292,46,lightning_gpu,single,2,50,adam_0.1,0.1,-0.06526682444074017,2.6942393839002,4845,2020-08-05,2023-08-05,ok,,1000,328,957,262244,4,True,-336.0399856548442,-0.03998565559154588,-336.0399856548442,True,0.328,262244,-0.03998565559154588,0.009383415965287053,7.522696138204992e-05,7,1,False,True,True,1.698959709998577,0.27506364337508854,0.16131262075386008,1,0,1.6852328036914122,124.73474659746194,336.06526682369343,1.000001224436164,0.3044660854866379,6.376702367560938e-05,0.0005086692035547458,0.004770516512508038,1.2786896470712295,2.918348154732314,0.005075064319192246,0.0006374872873687876,0.04960715799475568,0.0063566163753798754,0.39878256405694434,0.06177834965083706,0.99382956657412,0.47148842314155603,1.0000004930804103,0.09144653290604765,1.8357317458139732e-05,0.00014770918460271787,0.0013836795296811033,9.509577368323708,68.33780043192469,0.0014761104225088362,0.00018355801072400535,0.014663438596769218,0.0018340646397198013,0.13732745221202158,0.018190013666305904,0.7717242490441212,0.16771043142306807,127.21890229528876,-6.369722843170166,-6.334479331970215,-6.412810802459717,33,-6.412810802459717,-6.412810802459717,50,50,2.8450397427097829 0.24261512621431053 0.85630314278475539 1.9536009066557216,1.8682496981964665 -1.9839531578543315 1.5360725892182736 1.881152192820825,31.11316353455186,0.16101062763482332,0.24524717591702938,31.274174162186682,0.024756716564297676
e1-v2,N20_i00_Amargin_s42,20,4,0,88802fd9d289,Amargin,0.7108449997119854,0.2323255653435249,3.0596934033536285,0.7108449997119854,20.999999999953292,42,lightning_gpu,single,2,50,adam_0.1,0.1,-0.06526682444074017,2.6942393839002,4845,2020-08-05,2023-08-05,ok,,1000,502,873,262244,4,True,-11.413505650983312,-0.03998565559154588,-11.41350565098331,True,0.502,262244,-0.03998565559154588,0.009383415965287053,0.0022101267597156313,7,1,False,True,True,1.698959709998577,0.27506364337508854,0.16131262075386008,1,0,1.6852328036914122,4.245646058099574,11.438786819832508,0.9999997610722869,0.5246978067370947,0.00010599329107208177,0.0008487158265779726,0.007864755476475693,0.9889202711703078,3.7846794113952527,0.008454817183478402,0.0010594274975902485,0.081402858574252,0.010543910004141455,0.5721900353237884,0.10057437043351614,0.9997946432603243,0.6535404089777215,0.9999983478541143,0.013884139643422055,1.269749100174522e-05,4.445500778160749e-05,0.0005223439881518743,5.844332609065684,35.63022509077913,0.0004444611572105295,0.00012696765508057872,0.0044357325426699346,0.0012689513610251169,0.043482310165611104,0.012617297574104902,0.358893673182774,0.11924493954374837,5.483972293840914,-5.996971607208252,-5.998510360717773,-6.006069183349609,46,-6.006069183349609,-6.006069183349609,50,50,2.4314546363447995 1.3787772821439981 2.6973649175810768 2.1908462769412909,0.8109495271365682 1.5170688769666467 2.6199289069119005 1.7525683587433876,31.325968598015606,0.07033968437463045,0.3422996187582612,31.396308282390237,0.018362856470048428
e1-v2,N20_i00_Amargin_s43,20,4,0,88802fd9d289,Amargin,0.7108449997119854,0.2323255653435249,3.0596934033536285,0.7108449997119854,20.999999999953292,43,lightning_gpu,single,2,50,adam_0.1,0.1,-0.06526682444074017,2.6942393839002,4845,2020-08-05,2023-08-05,ok,,1000,6,996,264260,4,True,-11.071854738003958,0.30166525738780803,-11.071854738003957,True,0.006,264260,0.30166525738780803,0.1361913436575835,0.03207788444770763,452,1,False,False,False,1.4606813323569265,0.2617308684617718,0.17849948697643833,0,0,1.6852328036914122,4.245646058099574,11.438786819832508,1.0000007789011929,0.007716030354345094,1.549908347442397e-06,1.2645542938116705e-05,0.00011776505596117204,5.666483943989339,28.744018866147137,0.00012644823368479496,1.5498975375116686e-05,0.0012637630673991707,0.00015497894437765947,0.012566002972357104,0.0015487090590440289,0.11878727968286074,0.01537960264525895,0.9999994721340837,0.16927104501155554,6.0696020227624103e-05,0.0004326746638980694,0.004032269840536173,5.76465544185674,35.534184354486385,0.004318332020195714,0.0006067944487967436,0.0423537513236063,0.006051402292448715,0.35128921580872474,0.05889245911260621,0.9868019072160306,0.45500498058895467,5.483972293840914,-1.9095038175582886,-1.910292625427246,-1.9106677770614624,40,-1.9106677770614624,-1.9106677770614624,50,50,2.0492585716432195 0.13752423515278736 0.062924802978478217 2.6364640840167701,2.1774601559076388 -0.036106705287798475 0.10131910273917184 2.7865779880501922,31.263792775571346,0.07063292618840933,0.35474176798015833,31.334425701759756,0.024936373345553875
e1-v2,N20_i00_Amargin_s44,20,4,0,88802fd9d289,Amargin,0.7108449997119854,0.2323255653435249,3.0596934033536285,0.7108449997119854,20.999999999953292,44,lightning_gpu,single,2,50,adam_0.1,0.1,-0.06526682444074017,2.6942393839002,4845,2020-08-05,2023-08-05,ok,,1000,366,882,81940,4,True,-11.389403631647271,-0.015883636255503486,-11.389403631647268,True,0.366,81940,-0.015883636255503486,0.018329176123076794,0.0043171700778282165,16,1,False,False,True,1.795296255802639,0.3132882811657392,0.17394804905116995,0,0,1.6852328036914122,4.245646058099574,11.438786819832508,1.000001699894012,0.36950706904644903,4.048962000524625e-05,0.0003790555310843047,0.003396852678633877,1.027133298133264,2.94776174533971,0.003784096102870227,0.00040482243459760703,0.037203048225723734,0.004040857647313545,0.31554158658711184,0.039681654631761654,0.9774331645382582,0.33295942132302025,1.0000018288129127,0.08786727161441377,2.3153421352617443e-05,0.00017091663721657824,0.0016534892383788247,4.167501163457845,23.104514864376114,0.0017078524087753566,0.00023151009137412082,0.016947865879020196,0.002312690540617446,0.1571204764481151,0.02288769956768577,0.8190098105819119,0.20668657352026087,5.483972293840914,-6.091119766235352,-6.100039958953857,-6.091119766235352,49,-6.091119766235352,-6.091119766235352,50,50,0.38505090477492371 0.8108861395016167 1.274766337564649 3.0447811714676671,1.1331297028168135 -0.26581299216501936 0.49512552541685007 3.7694036947714893,31.44827119167894,0.07049913890659809,0.33616761956363916,31.51877033058554,0.01671529281884432
e1-v2,N20_i00_Amargin_s45,20,4,0,88802fd9d289,Amargin,0.7108449997119854,0.2323255653435249,3.0596934033536285,0.7108449997119854,20.999999999953292,45,lightning_gpu,single,2,50,adam_0.1,0.1,-0.06526682444074017,2.6942393839002,4845,2020-08-05,2023-08-05,ok,,1000,199,989,81956,4,True,-11.427788862215014,-0.05426886682324583,-11.42778886221501,True,0.199,81956,-0.05426886682324583,0.004082026891602191,0.0009614618919574702,4,1,False,True,True,1.8646065184631486,0.32950262197355773,0.17617798646564697,1,0,1.6852328036914122,4.245646058099574,11.438786819832508,0.9999981499001843,0.21725875021729735,9.136474545812234e-05,0.000626129716692958,0.0058614734807633795,2.6205016029618196,10.802137110787179,0.0062436848617111185,0.0009132719078347451,0.06071147798313492,0.00909527738886351,0.46544776036024293,0.08731905698746145,0.9980949712480832,0.598958030359511,1.000000890727907,0.047272888418547154,2.601023697934579e-05,0.00015029929636511952,0.0015512524241785286,9.196945444790225,69.03453308481662,0.0015019768264412647,0.0002600719279457486,0.014918656753513893,0.00259767770602104,0.13955931145128497,0.025675214175313155,0.7775617901230987,0.22902995052883957,5.483972293840914,-4.79157018661499,-4.791370868682861,-4.79157018661499,49,-4.79157018661499,-4.79157018661499,50,50,1.8005430614133757 1.660303899153966 2.3990779832738145 2.5500080338093531,1.6122179706282669 2.4372185792696692 2.9232006568898341 3.4807702079435545,31.245291638188064,0.07063481770455837,0.394501362927258,31.315926455892622,0.024720391258597374
e1-v2,N20_i00_Amargin_s46,20,4,0,88802fd9d289,Amargin,0.7108449997119854,0.2323255653435249,3.0596934033536285,0.7108449997119854,20.999999999953292,46,lightning_gpu,single,2,50,adam_0.1,0.1,-0.06526682444074017,2.6942393839002,4845,2020-08-05,2023-08-05,ok,,1000,359,937,65588,4,True,-11.438012807237882,-0.06449281184611455,-11.43801280723788,True,0.359,65588,-0.06449281184611455,0.00028728427000616067,6.766561933680223e-05,2,1,False,True,True,1.8398793328818142,0.31818537656767104,0.17239466246455504,1,0,1.6852328036914122,4.245646058099574,11.438786819832508,1.0000007919618887,0.36206359083371353,0.00017496007785666734,0.0011614198447205126,0.011194691112905275,0.7979269313462884,1.3861996155038054,0.01155368573928861,0.0017482239247569309,0.10971129528820844,0.01734534554885625,0.6871698274534845,0.16052231587333976,0.9999910239276978,0.8261832771006028,1.0000002374958301,0.04413373757961381,1.886800782813225e-05,0.00011618330154306022,0.0010480665487193619,8.869422320455024,58.69410971380212,0.0011612257684091576,0.00018866405900996863,0.011551765166873507,0.0018850396599512376,0.1096939966362388,0.01869129589078866,0.6871090380326625,0.17195009801268957,5.483972293840914,-6.360588550567627,-6.344246864318848,-6.360588550567627,49,-6.360588550567627,-6.360588550567627,50,50,2.8450397427097829 0.24261512621431053 0.85630314278475539 1.9536009066557216,0.85293610983317081 -1.3608504666165704 1.6111767693791963 0.44134734493642946,31.335464474745095,0.07110494375228882,0.3667058339342475,31.406569418497384,0.018487561494112015
e1-v2,N20_i01_Aheur_s42,20,4,1,9f06c1dc6e9a,Aheur,20.99999999996107,0.22473498863533226,93.44339360542057,0.71532668697256,20.99999999996107,42,lightning_gpu,single,2,50,adam_0.1,0.1,0.10262016608059454,2.1683393678810656,4845,2020-08-05,2023-08-05,ok,,1000,49,977,524309,4,True,-335.6358028723339,0.3641971270431976,-335.6358028723339,True,0.049,524309,0.3641971270431976,0.12063469622756519,0.0007787407007831436,75,1,False,False,False,1.254843355516961,0.18842778424355186,0.14936349100429094,0,0,1.8057631509296719,154.90996695851192,335.8973798332965,0.9999997357313974,0.04978387996288802,1.0503198609512765e-05,2.1054444914625492e-05,0.00012562490701384377,6.28308506959125,35.58858023030409,0.00021052450223191244,0.00010502702196102387,0.0021032517161028164,0.001049773978216595,0.020834564502190345,0.010448287209520846,0.18985875147698295,0.09970477141277156,0.9999984708292006,0.00015417293683425216,2.9107498633607065e-08,7.535088109023036e-08,2.604721514032349e-07,7.4233323630166055,45.65249238154607,7.535085554399856e-07,2.910749482554209e-07,7.535060004171257e-06,2.910745669493231e-06,7.534804512254745e-05,2.9107075438128405e-05,0.0007532250227961779,0.000291032632357191,127.02428721507151,-0.9041410684585571,-0.9058863520622253,-0.9116795063018799,42,-0.9116795063018799,-0.9116795063018799,50,50,2.4314546363447995 1.3787772821439981 2.6973649175810768 2.1908462769412909,2.5473762260145745 1.6818205691132075 2.8705810679690726 2.0101635954323274,31.173300807364285,0.07038945145905018,0.34520872589200735,31.243690258823335,0.018028274178504944
e1-v2,N20_i01_Aheur_s43,20,4,1,9f06c1dc6e9a,Aheur,20.99999999996107,0.22473498863533226,93.44339360542057,0.71532668697256,20.99999999996107,43,lightning_gpu,single,2,50,adam_0.1,0.1,0.10262016608059454,2.1683393678810656,4845,2020-08-05,2023-08-05,ok,,1000,3,997,655377,4,True,-335.7292318416874,0.2707681576896912,-335.72923184168747,True,0.003,655377,0.2707681576896912,0.07754689791635958,0.0005005933410154831,28,1,False,False,False,1.155957163177284,0.15511652092298556,0.13332373017991273,0,0,1.8057631509296719,154.90996695851192,335.8973798332965,1.0000005610606806,0.004290618532934332,8.799261195235886e-07,1.7594677501620026e-06,1.0562253578427772e-05,6.272468715225555,30.322640609956174,1.7594538194609655e-05,8.799226353217726e-06,0.00017593145204941596,8.798877942617356e-05,0.0017579223393302534,0.0008795394848555294,0.017440810198228296,0.008760664834593812,1.0000006972333022,0.10946046691969968,2.2954429368837737e-05,4.592486402543727e-05,0.0002752073542069411,6.7534526944464535,43.26067470228104,0.0004591537426854586,0.0002295205843774184,0.004582062036326606,0.002292836707681545,0.044887284347042145,0.022693238222067036,0.3682485174889164,0.20510633521230515,127.02428721507151,-1.772290587425232,-1.7765527963638306,-1.772290587425232,49,-1.772290587425232,-1.772290587425232,50,50,2.0492585716432195 0.13752423515278736 0.062924802978478217 2.6364640840167701,1.9001767562019931 0.04511194362826762 -0.085318914700776113 2.9986221705682046,31.383848443627357,0.07042393833398819,0.3337865825742483,31.454272381961346,0.018971086479723454
e1-v2,N20_i01_Aheur_s44,20,4,1,9f06c1dc6e9a,Aheur,20.99999999996107,0.22473498863533226,93.44339360542057,0.71532668697256,20.99999999996107,44,lightning_gpu,single,2,50,adam_0.1,0.1,0.10262016608059454,2.1683393678810656,4845,2020-08-05,2023-08-05,ok,,1000,548,942,655880,4,True,-335.74285979747435,0.2571402019027673,-335.74285979747435,True,0.548,655880,0.2571402019027673,0.07126192426841935,0.00046002155747347593,22,1,False,False,False,1.881645103676577,0.33702096744017196,0.17857829129606595,0,0,1.8057631509296719,154.90996695851192,335.8973798332965,1.0000016606368414,0.5385894214341533,0.00010884714720305055,0.00021726523846155033,0.0013093589004711248,1.5222875058372267,3.2061197366428997,0.0021705294265741415,0.0010879384801861791,0.021494512802470278,0.01082627657530133,0.1953024962902693,0.1031378175522013,0.8861517024152394,0.663289145297723,1.0000018355457598,0.08713786328189599,1.814464667404536e-05,3.633316191553604e-05,0.00021745695084973704,4.13788400644972,22.103315227564906,0.0003632722204711669,0.000181431652188202,0.003626789452058854,0.001812835953327263,0.035681670908071506,0.017981185350305018,0.3046487878307508,0.1659384787868553,127.02428721507151,-6.288074970245361,-6.296919345855713,-6.288074970245361,49,-6.288074970245361,-6.288074970245361,50,50,0.38505090477492371 0.8108861395016167 1.274766337564649 3.0447811714676671,1.068978408988843 -0.20574091565885511 0.51226734537003782 3.7791647919911227,31.233241537585855,0.07021807320415974,0.3348648864775896,31.303459610790014,0.017911323346197605
e1-v2,N20_i01_Aheur_s45,20,4,1,9f06c1dc6e9a,Aheur,20.99999999996107,0.22473498863533226,93.44339360542057,0.71532668697256,20.99999999996107,45,lightning_gpu,single,2,50,adam_0.1,0.1,0.10262016608059454,2.1683393678810656,4845,2020-08-05,2023-08-05,ok,,1000,166,998,663560,4,True,-335.8050590330187,0.194940966358363,-335.8050590330187,True,0.166,663560,0.194940966358363,0.042576730213585406,0.0002748482299075587,9,1,False,False,True,1.666201465169789,0.2634019190866288,0.15748510883699743,0,0,1.8057631509296719,154.90996695851192,335.8973798332965,1.000000010466498,0.1646242762944894,3.4550412237877026e-05,6.911922537256032e-05,0.0004141814533795696,3.531116587530601,14.273150633341071,0.0006909773073173753,0.0003454504094333455,0.006888327380400794,0.003449138918962147,0.06678681881286441,0.03396093836994829,0.4990335479738378,0.2921408113604296,1.0000005543058101,0.033136144642412546,6.077738817111822e-06,1.2021689599350793e-05,7.385858862107852e-05,8.56184774232011,57.41876871087646,0.00012021039275600387,6.077572594709313e-05,0.0012014538617355353,0.0006075910704080867,0.011949789182826742,0.0060593250808865795,0.11327255267069547,0.058967472332764115,127.02428721507151,-4.389317512512207,-4.451467990875244,-4.562775611877441,41,-4.562775611877441,-4.562775611877441,50,50,1.8005430614133757 1.660303899153966 2.3990779832738145 2.5500080338093531,1.6830267444896025 2.2370933117087164 2.9338849410730719 3.4072846856543126,30.668828737922013,0.0645501408725977,0.31799495220184326,30.73337887879461,0.01884903386235237
e1-v2,N20_i01_Aheur_s46,20,4,1,9f06c1dc6e9a,Aheur,20.99999999996107,0.22473498863533226,93.44339360542057,0.71532668697256,20.99999999996107,46,lightning_gpu,single,2,50,adam_0.1,0.1,0.10262016608059454,2.1683393678810656,4845,2020-08-05,2023-08-05,ok,,1000,294,954,655384,4,True,-335.7984826025145,0.2015173968625985,-335.7984826025146,True,0.294,655384,0.2015173968625985,0.045609664357405384,0.00029442691940939213,11,1,False,False,True,1.5958254680534132,0.24589672008782928,0.15346084204719088,0,0,1.8057631509296719,154.90996695851192,335.8973798332965,0.9999990144389139,0.2971025941988046,6.213278538780287e-05,0.00012436384713510051,0.0007446926028933376,1.4965934379104717,2.9739690917856887,0.0012429427156243067,0.0006211541609224547,0.01236013628667787,0.006194207875237834,0.1169483452685326,0.06024372167037084,0.7116890833881236,0.46277977014958804,0.999999851148722,0.09282015632561524,1.869221159722656e-05,3.732904224307276e-05,0.00022474839352071285,9.705224383255207,68.42425930339508,0.0003732277230895642,0.00018690639381113705,0.0037260150136513293,0.0018674926913793133,0.036641573862209675,0.018518767114631962,0.3115395387846249,0.17049310984267008,127.02428721507151,-6.37212610244751,-6.335482597351074,-6.432528018951416,38,-6.432528018951416,-6.432528018951416,50,50,2.8450397427097829 0.24261512621431053 0.85630314278475539 1.9536009066557216,1.8650659398514411 -1.9866437131833339 1.5372735755877684 1.87793078285038,29.975453390739858,0.06535394955426455,0.3222492169588804,30.040807340294123,0.017726050689816475
e1-v2,N20_i01_Amargin_s42,20,4,1,9f06c1dc6e9a,Amargin,0.71532668697256,0.22473498863533226,3.182978722255348,0.71532668697256,20.99999999996107,42,lightning_gpu,single,2,50,adam_0.1,0.1,0.10262016608059454,2.1683393678810656,4845,2020-08-05,2023-08-05,ok,,1000,229,851,524809,4,True,-11.258885489342152,0.18634150221880819,-11.258885489342152,True,0.229,524809,0.18634150221880819,0.03861080851934511,0.007381137107753711,7,1,False,False,True,1.949611349345514,0.34450567440328506,0.17619187255890778,0,0,1.8057631509296719,5.231010880259271,11.342606825480365,0.9999993888268053,0.22928210112877423,2.8246951842447743e-05,5.414277075033169e-05,0.00036363374420034233,1.1610152530913056,3.6493623866864118,0.0005412958117643196,0.00028243361606594686,0.005399792079650134,0.0028207492692117198,0.05270453795627328,0.027852124490349794,0.4180916775548983,0.2460833855093798,0.9999980744715431,0.019842581076517374,3.458528681221651e-06,6.324945616142941e-06,5.21261192716338e-05,6.43468066943888,39.040300012762444,6.324765596965598e-05,3.4584748553223577e-05,0.0006322965780843903,0.0003457936657788041,0.006305005128965924,0.0034525608198395785,0.06129091009937826,0.03399410916898249,5.31624733714045,-6.241029739379883,-6.2582106590271,-6.241029739379883,49,-6.241029739379883,-6.241029739379883,50,50,2.4314546363447995 1.3787772821439981 2.6973649175810768 2.1908462769412909,0.80122618793236056 1.3519175799638836 2.6315418877369061 1.7228641116159307,29.74172435607761,0.06834213621914387,0.3432172881439328,29.810066492296755,0.018804377876222134
e1-v2,N20_i01_Amargin_s43,20,4,1,9f06c1dc6e9a,Amargin,0.71532668697256,0.22473498863533226,3.182978722255348,0.71532668697256,20.99999999996107,43,lightning_gpu,single,2,50,adam_0.1,0.1,0.10262016608059454,2.1683393678810656,4845,2020-08-05,2023-08-05,ok,,1000,10,1000,655394,4,True,-11.003970832966752,0.4412561585942075,-11.003970832966754,True,0.01,655394,0.4412561585942075,0.15617296698557534,0.029855217387319742,156,1,False,False,False,1.2481580886431278,0.19638902478802925,0.15654188885675258,0,0,1.8057631509296719,5.231010880259271,11.342606825480365,0.9999994061802806,0.008035947016765022,1.6663038877595682e-06,3.323325472592842e-06,1.981260118100181e-05,5.948868002961325,28.57544173820576,3.323275772815215e-05,1.666291393254138e-05,0.00033227788295753236,0.00016661664550920996,0.003317814842758837,0.0016649177601909537,0.03268715045126602,0.01652499199836366,1.0000010584187033,0.15719084550983098,5.821508602821268e-05,0.00011957130118389614,0.0006605755515920464,6.032910945745494,36.25569441183083,0.001195069838618612,0.0005819983791237604,0.011886634136783258,0.005804764928348249,0.11270560351337766,0.0565545953862836,0.6975334251615675,0.44131406979063115,5.31624733714045,-2.001011610031128,-2.003690481185913,-2.0059900283813477,19,-2.0059900283813477,-2.0059900283813477,50,50,2.0492585716432195 0.13752423515278736 0.062924802978478217 2.6364640840167701,2.0965720276814204 -0.033525918582231473 0.048031135223295211 2.8441416319240602,29.423575517721474,0.06468050181865692,0.3307185834273696,29.48825601954013,0.017734994180500507
e1-v2,N20_i01_Amargin_s44,20,4,1,9f06c1dc6e9a,Amargin,0.71532668697256,0.22473498863533226,3.182978722255348,0.71532668697256,20.99999999996107,44,lightning_gpu,single,2,50,adam_0.1,0.1,0.10262016608059454,2.1683393678810656,4845,2020-08-05,2023-08-05,ok,,1000,311,876,542752,4,True,-11.034082691971019,0.4111442995899397,-11.034082691971019,True,0.311,542752,0.4111442995899397,0.14228590693846954,0.02720046090430178,123,1,False,False,False,1.5967234905316303,0.2798353516952865,0.17462970473519374,0,0,1.8057631509296719,5.231010880259271,11.342606825480365,0.9999991008460605,0.3432802779170743,3.978696986450814e-05,7.608651503687724e-05,0.0005150964389031287,1.1381649932950841,2.976318302831031,0.000760604691119271,0.00039779847106879984,0.007580066266603458,0.003970871296259282,0.07326665615319383,0.03900662258869403,0.5327515255591808,0.3282557651912752,1.0000003586891069,0.08830812394990062,2.2554655515705235e-05,4.647010064218193e-05,0.00026300749777874444,4.284396675159059,22.54631602269157,0.0004646038423015142,0.0002255236644720382,0.004636336894917159,0.0022529492790723804,0.04540792887507161,0.022302449531655277,0.37168384276519795,0.20192212514630725,5.31624733714045,-6.343800067901611,-6.353063583374023,-6.343800067901611,49,-6.343800067901611,-6.343800067901611,50,50,0.38505090477492371 0.8108861395016167 1.274766337564649 3.0447811714676671,1.1007356890492632 -0.27246598193225402 0.50618783021352853 3.7503026116138232,29.726794503629208,0.06476502865552902,0.31979073677212,29.791559532284737,0.0187533525750041
e1-v2,N20_i01_Amargin_s45,20,4,1,9f06c1dc6e9a,Amargin,0.71532668697256,0.22473498863533226,3.182978722255348,0.71532668697256,20.99999999996107,45,lightning_gpu,single,2,50,adam_0.1,0.1,0.10262016608059454,2.1683393678810656,4845,2020-08-05,2023-08-05,ok,,1000,264,986,540681,4,True,-11.342606825480365,0.10262016608059454,-11.342606825480365,True,0.264,540681,0.10262016608059454,0.0,0.0,1,1,True,True,True,1.8057631509296719,0.2839338764660377,0.15668382440984752,1,1,1.8057631509296719,5.231010880259271,11.342606825480365,1.0000009285460858,0.25074795074760914,0.0001055099128279835,0.00021873732475796714,0.0011638370779110119,2.6926473732404452,10.603678802019772,0.0021852214322083396,0.0010545983138258164,0.021638578056663027,0.010496075634745528,0.19648646689804206,0.10013945655367518,0.8878157323286027,0.6518614665876067,1.000002063416945,0.02978132782686771,2.4015769668039866e-05,5.6562459576525725e-05,0.00024790117822703905,8.98425198516427,64.27851902180835,0.0005654806484459707,0.00024013174426884554,0.00564043858537,0.0023987242571461564,0.05499405385642342,0.02372996736218358,0.4320038241417935,0.21349844589706035,5.31624733714045,-4.957607269287109,-5.034384727478027,-4.999446392059326,46,-4.999446392059326,-4.999446392059326,50,50,1.8005430614133757 1.660303899153966 2.3990779832738145 2.5500080338093531,1.5579144183818119 2.3372396986689306 2.9306165592404976 3.4834806713495583,29.552594983018935,0.06507798004895449,0.32280781865119934,29.61767296306789,0.017793127335608006
e1-v2,N20_i01_Amargin_s46,20,4,1,9f06c1dc6e9a,Amargin,0.71532668697256,0.22473498863533226,3.182978722255348,0.71532668697256,20.99999999996107,46,lightning_gpu,single,2,50,adam_0.1,0.1,0.10262016608059454,2.1683393678810656,4845,2020-08-05,2023-08-05,ok,,1000,304,852,671745,4,True,-11.204128708883106,0.2410982826778536,-11.204128708883108,True,0.304,671745,0.2410982826778536,0.06386367311708314,0.012208667613002133,18,1,False,False,False,1.319417389969055,0.18566897033808089,0.1399625105308124,0,0,1.8057631509296719,5.231010880259271,11.342606825480365,1.000000889896359,0.2979201017151354,0.00017417207709513605,0.00037532289570663124,0.0019024800203624181,0.7226721516890973,1.9542317383983718,0.003746896269964828,0.001740356288738587,0.03684346849493192,0.017267895715653347,0.31298101120418254,0.15986043052740795,0.9765745787883414,0.8248079482316746,1.0000001620720724,0.047061843264827985,1.4523282516165636e-05,3.0136950954329222e-05,0.00015971888660715194,9.400529044290058,63.002447842503216,0.0003013286422161032,0.00014522333387112507,0.0030092037508915315,0.001451284664394814,0.02968780143832206,0.01441843229922235,0.2601990021791428,0.13517999447422446,5.31624733714045,-6.5596208572387695,-6.568761348724365,-6.614524841308594,47,-6.614524841308594,-6.614524841308594,50,50,2.8450397427097829 0.24261512621431053 0.85630314278475539 1.9536009066557216,0.82710504520921535 -1.3584353325437053 1.5962957432999281 0.47770923968174006,29.56782979052514,0.06448107678443193,0.3182330057024956,29.63231086730957,0.01880989968776703
e1-v2,N20_i02_Aheur_s42,20,4,2,5c7e45cb7b1e,Aheur,20.99999999995961,0.1180694626209936,177.86140068554573,0.6166779561345138,20.99999999995961,42,lightning_gpu,single,2,50,adam_0.1,0.1,-0.20237129868435821,2.7255141481090925,4845,2020-08-05,2023-08-05,ok,,1000,63,977,65634,4,True,-336.0029380024909,-0.0029380031371417648,-336.00293800249085,True,0.063,65634,-0.0029380031371417648,0.07317272437773963,0.000593194196629928,31,1,False,False,False,2.008644548878661,0.3468095929943473,0.17216067083018635,0,0,2.1497202871894583,123.35374282730787,336.2023712980381,0.9999981141584708,0.048217599927738775,1.0158616532862652e-05,2.031630174315069e-05,0.00015194149091257714,5.5781203831861355,35.57052169393518,0.0002031444445924624,0.00010158152156736211,0.0020295884066214853,0.0010153509951869033,0.020111518442830434,0.010107243146618927,0.1838564996604608,0.09659713220448851,0.9999988723863439,0.00022167408297385906,6.885851444593527e-09,1.4336865472586169e-08,7.607315155588878e-08,6.647868916518653,45.69876976654186,1.4336864551101058e-07,6.885851233651152e-08,1.4336855298502371e-06,6.885849097582053e-07,1.4336762803046632e-05,6.8858277608718765e-06,0.00014335837895895764,6.88561439898816e-05,127.0752846505299,-0.9054109454154968,-0.9073005318641663,-0.9125974178314209,42,-0.9125974178314209,-0.9125974178314209,50,50,2.4314546363447995 1.3787772821439981 2.6973649175810768 2.1908462769412909,2.5503757601071664 1.684126964538643 2.8708230417379919 2.00991968937385,29.841815466992557,0.06493253912776709,0.3268690714612603,29.906748006120324,0.019194905646145344
e1-v2,N20_i02_Aheur_s43,20,4,2,5c7e45cb7b1e,Aheur,20.99999999995961,0.1180694626209936,177.86140068554573,0.6166779561345138,20.99999999995961,43,lightning_gpu,single,2,50,adam_0.1,0.1,-0.20237129868435821,2.7255141481090925,4845,2020-08-05,2023-08-05,ok,,1000,5,998,589896,4,True,-335.7340491652049,0.2659508341488177,-335.73404916520496,True,0.005,589896,0.2659508341488177,0.17182891277892962,0.001392976887774583,376,1,False,False,False,1.707248471985614,0.30543049583791043,0.17831645529829807,0,0,2.1497202871894583,123.35374282730787,336.2023712980381,1.000000105537147,0.004292565537866722,8.810365557110345e-07,1.7619794903112052e-06,1.3218665458225587e-05,5.525005008089295,30.333198669992562,1.7619655198086726e-05,8.8103306270515e-06,0.00017618258228557782,8.80998133658828e-05,0.0017604296653012108,0.0008806489447312771,0.017465489265402923,0.008771671863453956,0.9999998780942745,0.11000663563754642,2.3035203412291594e-05,4.6073211706243455e-05,0.0003452179353189422,6.046505941789757,43.22254020854035,0.0004606366054600297,0.0002303281576627736,0.004596829400328573,0.002300895744625775,0.045028969111117645,0.022772177867933174,0.36918505440431915,0.20574815847692252,127.0752846505299,-1.7690696716308594,-1.7732325792312622,-1.7690696716308594,49,-1.7690696716308594,-1.7690696716308594,50,50,2.0492585716432195 0.13752423515278736 0.062924802978478217 2.6364640840167701,1.9021665730625428 0.044989520647664163 -0.085221799003290674 2.9986407243729962,29.52450631186366,0.06454322952777147,0.3213137462735176,29.589049541391432,0.016279825009405613
e1-v2,N20_i02_Aheur_s44,20,4,2,5c7e45cb7b1e,Aheur,20.99999999995961,0.1180694626209936,177.86140068554573,0.6166779561345138,20.99999999995961,44,lightning_gpu,single,2,50,adam_0.1,0.1,-0.20237129868435821,2.7255141481090925,4845,2020-08-05,2023-08-05,ok,,1000,521,949,524562,4,True,-336.03029122208176,-0.030291222727984235,-336.0302912220817,True,0.521,524562,-0.030291222727984235,0.06313673920047698,0.0005118348073869703,21,1,False,False,False,1.6932450057157995,0.23986217872086443,0.14106770013468206,0,0,2.1497202871894583,123.35374282730787,336.2023712980381,0.9999985042551738,0.5390160761235165,0.00010927750554401428,0.0002185198463848792,0.0016417139486293308,1.2000776998057365,3.208089154388145,0.00218305092396609,0.0010922378412088207,0.021617295927328306,0.010868850218633042,0.19631166285758883,0.10352374871335868,0.8875714368498266,0.6647352523084213,1.0000014552776975,0.08713117159277317,1.8111397366737947e-05,3.622648000600748e-05,0.0002714857091632439,3.6175844611045496,22.117984930490195,0.00036220574966139285,0.00018109921335807133,0.003616159510035022,0.0018095169844664083,0.03557878636683576,0.01794853277019348,0.3039065511057051,0.1656611079709679,127.0752846505299,-6.280993461608887,-6.289839267730713,-6.280993461608887,49,-6.280993461608887,-6.280993461608887,50,50,0.38505090477492371 0.8108861395016167 1.274766337564649 3.0447811714676671,1.0699945775104034 -0.20628448452298501 0.51180649532770583 3.7797525747355141,29.89395590312779,0.06513569317758083,0.321588845923543,29.95909159630537,0.019018110819160938
e1-v2,N20_i02_Aheur_s45,20,4,2,5c7e45cb7b1e,Aheur,20.99999999995961,0.1180694626209936,177.86140068554573,0.6166779561345138,20.99999999995961,45,lightning_gpu,single,2,50,adam_0.1,0.1,-0.20237129868435821,2.7255141481090925,4845,2020-08-05,2023-08-05,ok,,1000,165,993,524704,4,True,-335.99517408887345,0.004825910480285911,-335.9951740888734,True,0.165,524704,0.004825910480285911,0.07602132951993422,0.0006162871735992816,35,1,False,False,False,1.9457637991648673,0.3274218136113478,0.16776024600285497,0,0,2.1497202871894583,123.35374282730787,336.2023712980381,0.9999989974827521,0.16755628950704704,3.512329567456618e-05,7.024787555565126e-05,0.0005262709528324194,3.0141478833351014,14.241208598338208,0.0007022567327692464,0.00035117744787949157,0.00700041643269167,0.003506230020706824,0.06783956919484113,0.034514226922326974,0.5046563082267752,0.2961845662181305,1.0000007910784845,0.032753747253991605,6.125028448877856e-06,1.2235534995852504e-05,9.25617600842088e-05,7.739929265604701,57.52804966795536,0.00012234861330406854,6.12485962975251e-05,0.001222812739525847,0.0006123171779699454,0.012161059143974584,0.00610632734481098,0.11516677539470888,0.05941238065840715,127.0752846505299,-4.385369300842285,-4.452286720275879,-4.549931049346924,41,-4.549931049346924,-4.549931049346924,50,50,1.8005430614133757 1.660303899153966 2.3990779832738145 2.5500080338093531,1.6836409870401687 2.2418818049320755 2.9343804850425284 3.4078672216840387,29.567172080278397,0.06514047086238861,0.3251788541674614,29.632312551140785,0.018627052195370197
e1-v2,N20_i02_Aheur_s46,20,4,2,5c7e45cb7b1e,Aheur,20.99999999995961,0.1180694626209936,177.86140068554573,0.6166779561345138,20.99999999995961,46,lightning_gpu,single,2,50,adam_0.1,0.1,-0.20237129868435821,2.7255141481090925,4845,2020-08-05,2023-08-05,ok,,1000,312,951,532546,4,True,-336.01662959572195,-0.016629596368203936,-336.01662959572195,True,0.312,532546,-0.016629596368203936,0.06814923431786922,0.0005524699352923278,25,1,False,False,False,1.7490903230533394,0.2598520222917934,0.14799237002233392,0,0,2.1497202871894583,123.35374282730787,336.2023712980381,0.999999598137407,0.3006335673999274,6.278965156525373e-05,0.0001255867537111044,0.0009409196572960354,1.1645110481763083,2.9445074962181756,0.0012551580332780254,0.0006277191310398722,0.012480923124753684,0.006259489549901298,0.1180277097224749,0.06086085162325394,0.715193821035609,0.4662972426516946,0.9999988015258268,0.09217819699006213,1.8616254237713292e-05,3.7226536733214743e-05,0.00027964592118223663,8.802507213556845,68.37809622348307,0.0003722030118458175,0.0001861469477297817,0.003715802223318909,0.0018599109701838978,0.03654281557252381,0.018444212169542284,0.3108334407240311,0.16986278719582704,127.0752846505299,-6.369495868682861,-6.333681583404541,-6.419503688812256,38,-6.419503688812256,-6.419503688812256,50,50,2.8450397427097829 0.24261512621431053 0.85630314278475539 1.9536009066557216,1.8669336804576344 -1.9851749351018237 1.5368018516910427 1.879564882856654,29.66304151713848,0.06508667767047882,0.3217175304889679,29.72812819480896,0.01892695017158985
e1-v2,N20_i02_Amargin_s42,20,4,2,5c7e45cb7b1e,Amargin,0.6166779561345138,0.1180694626209936,5.223009764295006,0.6166779561345138,20.99999999995961,42,lightning_gpu,single,2,50,adam_0.1,0.1,-0.20237129868435821,2.7255141481090925,4845,2020-08-05,2023-08-05,ok,,1000,498,871,524896,4,True,-9.973249449345044,-0.10640215119282237,-9.973249449345042,True,0.498,524896,-0.10640215119282237,0.03521139215443711,0.00953094289974857,4,1,False,False,True,2.1394578223764786,0.36577419236580105,0.17049842654089586,0,0,2.1497202871894583,3.6944290323432747,10.06921859683658,0.9999994684927969,0.4990130096412031,9.46617656154558e-05,0.00018918197747552767,0.001433530924259685,0.8814148822582223,3.689330152633284,0.0018902100450539638,0.0009462145196835747,0.018742127967610323,0.009421957202405351,0.1723789303039558,0.09032350831742109,0.8492298438383046,0.6119660577780784,0.9999985272088479,0.008817904352365125,4.03581134378328e-06,8.633935522084357e-06,5.806325452795136e-05,5.444734487729929,36.780526902474556,8.633600078011838e-05,4.035738049590343e-05,0.0008630246592883362,0.0004035005205291764,0.008596807091083236,0.004027686512974471,0.08271744823827676,0.039554649073579196,4.775352387579322,-6.068395614624023,-6.069460391998291,-6.0689473152160645,46,-6.0689473152160645,-6.0689473152160645,50,50,2.4314546363447995 1.3787772821439981 2.6973649175810768 2.1908462769412909,0.79571270511485137 1.4927478772675589 2.6189652477801113 1.7545660811301518,29.65530739352107,0.06571979261934757,0.33927613962441683,29.721027186140418,0.01831785310059786
e1-v2,N20_i02_Amargin_s43,20,4,2,5c7e45cb7b1e,Amargin,0.6166779561345138,0.1180694626209936,5.223009764295006,0.6166779561345138,20.99999999995961,43,lightning_gpu,single,2,50,adam_0.1,0.1,-0.20237129868435821,2.7255141481090925,4845,2020-08-05,2023-08-05,ok,,1000,9,1000,16674,4,True,-9.690576480517826,0.176270817634395,-9.690576480517826,True,0.009,16674,0.176270817634395,0.13892502322229647,0.03760392255638489,201,1,False,False,False,1.7114018166871594,0.2905144930470775,0.16916804120700552,0,0,2.1497202871894583,3.6944290323432747,10.06921859683658,1.000002415822621,0.008950130999664907,1.8775555190586601e-06,3.7517989994739764e-06,2.7862252863997128e-05,5.216751774262058,28.61434653360012,3.751735658130695e-05,1.8775396556702795e-05,0.0003751102323071853,0.00018773810316319306,0.0037447768067359055,0.0018757957736118547,0.03682297777437349,0.018600409724942257,1.0000003850343764,0.16829448023054283,5.933463398832828e-05,0.00011912731861229986,0.0008503680292051286,5.311347887574152,35.570394623064274,0.001190634779637767,0.0005931879380023375,0.011842757414788574,0.0059160701643422575,0.11231152575720071,0.05761029874777068,0.6961873797426289,0.44753430807055816,4.775352387579322,-1.9444921016693115,-1.9428788423538208,-1.944597840309143,45,-1.944597840309143,-1.944597840309143,50,50,2.0492585716432195 0.13752423515278736 0.062924802978478217 2.6364640840167701,2.1725741105235699 -0.025829963933083219 0.10216787446989642 2.7881599205962595,29.696275462396443,0.06452490761876106,0.32042858377099037,29.760800370015204,0.017264527268707752
e1-v2,N20_i02_Amargin_s44,20,4,2,5c7e45cb7b1e,Amargin,0.6166779561345138,0.1180694626209936,5.223009764295006,0.6166779561345138,20.99999999995961,44,lightning_gpu,single,2,50,adam_0.1,0.1,-0.20237129868435821,2.7255141481090925,4845,2020-08-05,2023-08-05,ok,,1000,372,887,525088,4,True,-9.890152949034835,-0.023305650882614604,-9.890152949034835,True,0.372,525088,-0.023305650882614604,0.0656997682165678,0.017783470095484886,23,1,False,False,False,1.8285786928032721,0.28251020207311145,0.15395028017172557,0,0,2.1497202871894583,3.6944290323432747,10.06921859683658,0.9999977682594872,0.37786054452953977,4.478611299418844e-05,8.929441537475213e-05,0.000707526269252412,0.8966198606142523,2.89604506935356,0.0008925854320049886,0.0004477708799045521,0.008890087628667276,0.004468697119669129,0.08542737777559128,0.043798979860233955,0.5905678271951508,0.36101299368771544,1.0000013679959352,0.08798282722364092,2.204210431955289e-05,4.42089785792632e-05,0.0003249633009545505,3.8283815432910266,22.99013676725349,0.0004420018466397835,0.0002203991810342254,0.004411237367164311,0.0022018071836201747,0.04324693949406,0.02180118985575963,0.35731435238778664,0.19782097473435745,4.775352387579322,-6.15995454788208,-6.168708801269531,-6.15995454788208,49,-6.15995454788208,-6.15995454788208,50,50,0.38505090477492371 0.8108861395016167 1.274766337564649 3.0447811714676671,1.134816117345975 -0.26353037623656561 0.49233446372635081 3.7704850993949117,29.480634033679962,0.06649301201105118,0.3543487722054124,29.547127045691013,0.01816543471068144
e1-v2,N20_i02_Amargin_s45,20,4,2,5c7e45cb7b1e,Amargin,0.6166779561345138,0.1180694626209936,5.223009764295006,0.6166779561345138,20.99999999995961,45,lightning_gpu,single,2,50,adam_0.1,0.1,-0.20237129868435821,2.7255141481090925,4845,2020-08-05,2023-08-05,ok,,1000,238,989,524896,4,True,-9.973249449345044,-0.10640215119282237,-9.973249449345042,True,0.238,524896,-0.10640215119282237,0.03521139215443711,0.00953094289974857,4,1,False,False,True,2.1394578223764786,0.36577419236580105,0.17049842654089586,0,0,2.1497202871894583,3.6944290323432747,10.06921859683658,0.9999990931632226,0.2178091562636837,8.663229527883232e-05,0.0001740066654747352,0.0012142656851210631,2.359761176751692,10.715846534603738,0.0017387047624071172,0.0008659852988428529,0.017251637219776184,0.008626183927704645,0.1597214259844788,0.08298921725198394,0.824517869874969,0.5795208904086575,1.0000012569241763,0.04674608121729307,2.556125764385797e-05,5.160250839253422e-05,0.00033876891757245176,8.587443594489221,68.73410515073493,0.0005159052735635994,0.0002555831764374794,0.005147092076953852,0.0025528942427232026,0.05029497238367531,0.025237652976964342,0.4031195270672395,0.22556058231867326,4.775352387579322,-4.8205647468566895,-4.8524980545043945,-4.863615989685059,46,-4.863615989685059,-4.863615989685059,50,50,1.8005430614133757 1.660303899153966 2.3990779832738145 2.5500080338093531,1.5897507311817263 2.3942907103590838 2.928926818659809 3.4774912159923894,29.689741728827357,0.06502193119376898,0.32088988833129406,29.754763660021126,0.018996131606400013
e1-v2,N20_i02_Amargin_s46,20,4,2,5c7e45cb7b1e,Amargin,0.6166779561345138,0.1180694626209936,5.223009764295006,0.6166779561345138,20.99999999995961,46,lightning_gpu,single,2,50,adam_0.1,0.1,-0.20237129868435821,2.7255141481090925,4845,2020-08-05,2023-08-05,ok,,1000,241,793,524386,4,True,-10.06921859683658,-0.20237129868435821,-10.069218596836578,True,0.241,524386,-0.20237129868435821,0.0,0.0,1,1,True,True,True,2.1497202871894583,0.3393405098213726,0.15738815502537706,1,1,2.1497202871894583,3.6944290323432747,10.06921859683658,0.9999973790456522,0.23392804496688768,0.00021215247397776693,0.0004287517222110182,0.002875380785553716,0.40097282736415796,2.4794879669242404,0.0042792544112395525,0.002119500494946802,0.04197783664341004,0.020993990583997535,0.34873826215285875,0.19117684390359768,0.9862736320094824,0.8801782209768914,0.9999998487472683,0.04715855119582102,1.7563308574608527e-05,3.5517818105290644e-05,0.00024270824178529438,8.169966778414826,60.00361942200167,0.0003551214182362372,0.0001756192052548844,0.0035455445482229786,0.0017548048075880507,0.03489507103726475,0.017410124229562562,0.29895590349215395,0.16107555324488787,4.775352387579322,-6.267526149749756,-6.326298713684082,-6.267526149749756,49,-6.267526149749756,-6.267526149749756,50,50,2.8450397427097829 0.24261512621431053 0.85630314278475539 1.9536009066557216,0.92081187926270458 -1.2634788790003531 1.5771689230196042 0.56357468545083111,29.65310679934919,0.06478483136743307,0.3437961610034108,29.717891630716622,0.0182002205401659
e1-v2,N20_i03_Aheur_s42,20,4,3,84d0445ead7c,Aheur,20.99999999996107,0.27200269315885284,77.20511792027301,0.8060649570729407,20.99999999996107,42,lightning_gpu,single,2,50,adam_0.1,0.1,0.10916258764839659,2.8391904186909445,4845,2020-08-05,2023-08-05,ok,,1000,51,979,132116,4,True,-335.5746309744567,0.4253690249204327,-335.5746309744567,True,0.051,132116,0.4253690249204327,0.11137204295646655,0.0009413964361416508,141,1,False,False,False,1.7061562578498755,0.31983807306449274,0.18687507172777798,0,0,1.8590334634138266,118.30514614324345,335.89083741172874,0.9999994169974924,0.05016855678513821,1.0697145626181737e-05,3.190514325979166e-05,0.0003280420623923419,7.07252809202562,35.60263040041782,0.0003190056292775578,0.00010696630710704813,0.003185480779600458,0.0010691483373213018,0.0314020371832322,0.010640191236063634,0.2731655342809538,0.10144919346692172,0.9999996539966085,0.00028621036865473463,3.491166111757593e-08,7.707108107268823e-08,5.154885948169263e-07,8.358762100567073,45.64149133932979,7.70710543385178e-07,3.491165563307419e-07,7.707078704566328e-06,3.4911600785836328e-06,7.706811414298631e-05,3.491105232200642e-05,0.000770413919111923,0.00034905568315490854,127.2507917357251,-0.9017266631126404,-0.9033599495887756,-0.9092158675193787,42,-0.9092158675193787,-0.9092158675193787,50,50,2.4314546363447995 1.3787772821439981 2.6973649175810768 2.1908462769412909,2.5496519473810793 1.6832495207774307 2.8704185289588078 2.0101460382989527,29.872120990417898,0.0645287036895752,0.32523480989038944,29.936649694107473,0.017345961183309555
e1-v2,N20_i03_Aheur_s43,20,4,3,84d0445ead7c,Aheur,20.99999999996107,0.27200269315885284,77.20511792027301,0.8060649570729407,20.99999999996107,43,lightning_gpu,single,2,50,adam_0.1,0.1,0.10916258764839659,2.8391904186909445,4845,2020-08-05,2023-08-05,ok,,1000,5,999,528450,4,True,-335.24549503325665,0.754504966120463,-335.24549503325665,True,0.005,528450,0.754504966120463,0.22729802630484086,0.0019212860447307104,873,1,False,False,False,1.3810444593411284,0.26903809766550135,0.19408361248078684,0,0,1.8590334634138266,118.30514614324345,335.89083741172874,0.9999994344769263,0.004340876184357967,8.897221732695471e-07,2.6683909482017043e-06,2.759673992613898e-05,7.043040805725995,30.312832227422426,2.668358907031987e-05,8.897186110523592e-06,0.0002668038523564453,8.896829899340819e-05,0.0026648375082669595,0.0008893268833064516,0.026331074249882125,0.00885776250258452,1.0000008456141556,0.11021396179239673,2.3148681066231802e-05,6.948696136532817e-05,0.0007165984061430208,7.60261380909699,43.17026415216489,0.0006946523742089594,0.00023146269838625333,0.006924849530655197,0.00231221759719924,0.06712995557321544,0.02288306765733883,0.5008725260119097,0.20664896642993147,127.2507917357251,-1.772433876991272,-1.776556372642517,-1.772433876991272,49,-1.772433876991272,-1.772433876991272,50,50,2.0492585716432195 0.13752423515278736 0.062924802978478217 2.6364640840167701,1.9027371427076725 0.045656971258576345 -0.085641444634465158 2.9985319327863924,29.741113103926182,0.0648860177025199,0.32144084852188826,29.8059991216287,0.018848911859095097
e1-v2,N20_i03_Aheur_s44,20,4,3,84d0445ead7c,Aheur,20.99999999996107,0.27200269315885284,77.20511792027301,0.8060649570729407,20.99999999996107,44,lightning_gpu,single,2,50,adam_0.1,0.1,0.10916258764839659,2.8391904186909445,4845,2020-08-05,2023-08-05,ok,,1000,542,947,1098,4,True,-335.84335826038614,0.15664173899094647,-335.8433582603862,True,0.542,1098,0.15664173899094647,0.01672277809546882,0.0001413529220040939,7,1,False,False,True,2.0948907932960363,0.3954969871093566,0.18831386742058628,0,0,1.8590334634138266,118.30514614324345,335.89083741172874,0.9999987894736089,0.5385324209419196,0.0001080603469745256,0.0003253191025578417,0.003375413922185544,1.6735376199328775,3.2021869326828343,0.003248432691416059,0.0010800781543991445,0.032013562866685885,0.010748436859953303,0.27774139842835655,0.10243181190686201,0.9613697759708226,0.6606291643944004,1.0000016264076237,0.08714567641800386,1.8220925994683057e-05,5.4537451433134265e-05,0.0005623666711471742,4.644905004641522,22.117315191830414,0.0005452406887825889,0.0001821943205762011,0.005439048387069656,0.0018204501666087003,0.05307836371402608,0.018056091583409373,0.42038395529333894,0.16657446421940258,127.2507917357251,-6.283975601196289,-6.292765140533447,-6.283975601196289,49,-6.283975601196289,-6.283975601196289,50,50,0.38505090477492371 0.8108861395016167 1.274766337564649 3.0447811714676671,1.070422143292985 -0.20602376043218495 0.51177038315042711 3.7794269227342063,29.711271718144417,0.06498052924871445,0.3236576160416007,29.77625224739313,0.017783088609576225
e1-v2,N20_i03_Aheur_s45,20,4,3,84d0445ead7c,Aheur,20.99999999996107,0.27200269315885284,77.20511792027301,0.8060649570729407,20.99999999996107,45,lightning_gpu,single,2,50,adam_0.1,0.1,0.10916258764839659,2.8391904186909445,4845,2020-08-05,2023-08-05,ok,,1000,154,991,131160,4,True,-335.6393580665864,0.36064193279071133,-335.6393580665864,True,0.154,131160,0.36064193279071133,0.0885743145252876,0.0007486936740523709,87,1,False,False,False,1.8298078284468524,0.3471946154882797,0.18919725345263766,0,0,1.8590334634138266,118.30514614324345,335.89083741172874,1.0000028635949154,0.16535988651958178,3.4768418117892e-05,0.0001043361953634303,0.0010760822260635905,3.9357742892768197,14.239036517684884,0.0010428722180315653,0.00034762978829172564,0.01037991682653372,0.003470864829894893,0.09908254348630752,0.034171524909128115,0.6477507958817663,0.29368235850074975,1.0000011115201843,0.03226888302287989,5.6825556384865195e-06,1.733051567498478e-05,0.00018344734962738585,9.679026105674009,57.55057390288928,0.00017329164176960177,5.6824103292107964e-05,0.0017315656922908262,0.0005680957508952256,0.017181353664852628,0.005666456513070184,0.15912028760952457,0.055241290394754894,127.2507917357251,-4.388134956359863,-4.4536261558532715,-4.551025867462158,41,-4.551025867462158,-4.551025867462158,50,50,1.8005430614133757 1.660303899153966 2.3990779832738145 2.5500080338093531,1.6853750222571191 2.2427979781161649 2.9340609787272074 3.4070630845887035,29.72250314243138,0.06493516732007265,0.32073198445141315,29.78743830975145,0.01885132770985365
e1-v2,N20_i03_Aheur_s46,20,4,3,84d0445ead7c,Aheur,20.99999999996107,0.27200269315885284,77.20511792027301,0.8060649570729407,20.99999999996107,46,lightning_gpu,single,2,50,adam_0.1,0.1,0.10916258764839659,2.8391904186909445,4845,2020-08-05,2023-08-05,ok,,1000,299,964,1098,4,True,-335.84335826038614,0.15664173899094647,-335.8433582603862,True,0.299,1098,0.15664173899094647,0.01672277809546882,0.0001413529220040939,7,1,False,False,True,2.0948907932960363,0.3954969871093566,0.18831386742058628,0,0,1.8590334634138266,118.30514614324345,335.89083741172874,0.9999986841961173,0.30191686100442894,6.335615762509406e-05,0.00018987980001838878,0.001957854561624117,1.628726524806675,2.9396454874482876,0.0018971763761993499,0.0006333809766431164,0.018810612944429428,0.006315787508213044,0.17295637088719862,0.06139276251141024,0.8502784876337316,0.46931234285792967,0.9999998618545476,0.09184791849111207,1.8395845472696237e-05,5.5282484026975e-05,0.0005734069636673667,10.964087966437837,68.37133877726747,0.0005526873336552107,0.00018394322715309386,0.005513147728057888,0.0018379104381526234,0.053783627168110804,0.018227840822177543,0.42468647251592984,0.16803104019483173,127.2507917357251,-6.37266731262207,-6.336442947387695,-6.423203945159912,38,-6.423203945159912,-6.423203945159912,50,50,2.8450397427097829 0.24261512621431053 0.85630314278475539 1.9536009066557216,1.8671566756583478 -1.9853817404642937 1.5363707034188696 1.8799359026615421,29.63327142689377,0.06471295561641455,0.3216353468596935,29.697984382510185,0.01732266042381525
e1-v2,N20_i03_Amargin_s42,20,4,3,84d0445ead7c,Amargin,0.8060649570729407,0.27200269315885284,2.963444764872931,0.8060649570729407,20.99999999996107,42,lightning_gpu,single,2,50,adam_0.1,0.1,0.10916258764839659,2.8391904186909445,4845,2020-08-05,2023-08-05,ok,,1000,489,890,132114,4,True,-12.77788280595193,0.11915650721512194,-12.77788280595193,True,0.489,132114,0.11915650721512194,0.0035199891845694564,0.0007815151632469318,2,1,False,True,True,1.8671978107700944,0.3134464217892184,0.1673343980948409,1,0,1.8590334634138266,4.504057438815504,12.787876725518654,1.0000002738931988,0.4794099352802732,8.177346171578392e-05,0.000247877869696822,0.0026455129918758757,1.284964747416264,3.5728264164833012,0.0024760155691090358,0.0008174337723089176,0.024486089983334014,0.008144334265584141,0.2195687258271014,0.07852239538036976,0.9161801951706282,0.5585842277530575,0.9999977127918652,0.010951193127545888,2.0036288788105594e-06,8.261969696832239e-06,9.769558946004508e-05,7.096544454877464,38.16979669693001,8.261662532960123e-05,2.0036108135279562e-05,0.0008258591731485909,0.0002003430172646814,0.008227967274683334,0.0020016249576507716,0.07929908812223141,0.019836915944299927,6.087181478396337,-6.168268203735352,-6.171263217926025,-6.168268203735352,49,-6.168268203735352,-6.168268203735352,50,50,2.4314546363447995 1.3787772821439981 2.6973649175810768 2.1908462769412909,0.78193231329282875 1.4538497770246923 2.6222761569639914 1.7559979995632955,29.549130398780107,0.06467270664870739,0.32185656297951937,29.613803105428815,0.018850558437407017
e1-v2,N20_i03_Amargin_s43,20,4,3,84d0445ead7c,Amargin,0.8060649570729407,0.27200269315885284,2.963444764872931,0.8060649570729407,20.99999999996107,43,lightning_gpu,single,2,50,adam_0.1,0.1,0.10916258764839659,2.8391904186909445,4845,2020-08-05,2023-08-05,ok,,1000,5,998,20514,4,True,-12.299136567692358,0.5979027454746926,-12.299136567692358,True,0.005,20514,0.5979027454746926,0.17214067595073024,0.038219023244961216,433,1,False,False,False,1.5008370142260705,0.2843350352803004,0.18878467987838535,0,0,1.8590334634138266,4.504057438815504,12.787876725518654,1.0000008165204441,0.007492372401316061,1.5600601273035863e-06,4.656913688450004e-06,4.7925812737048545e-05,6.682718161786605,28.582321900997787,4.656816098858041e-05,1.5600491753087198e-05,0.00046558403529062264,0.00015599396609566885,0.004646097871691568,0.0015588450810637422,0.045501536269117016,0.015479554222372016,0.9999991755726065,0.1630267846303468,6.019484862918034e-05,0.0001814347597246524,0.0017156381618406158,6.747720674470665,35.837254119084285,0.001812866977986105,0.0006017854585713689,0.017981490571566394,0.006001584152059758,0.16594107112978962,0.058420656006406,0.837082641533499,0.45226659855160123,6.087181478396337,-1.974805235862732,-1.9727784395217896,-1.9753947257995605,44,-1.9753947257995605,-1.9753947257995605,50,50,2.0492585716432195 0.13752423515278736 0.062924802978478217 2.6364640840167701,2.1411304974122825 -0.035297546606834825 0.091222783197258309 2.8036048726850216,29.58965163398534,0.065088652074337,0.32400189246982336,29.654740286059678,0.01777071598917246
e1-v2,N20_i03_Amargin_s44,20,4,3,84d0445ead7c,Amargin,0.8060649570729407,0.27200269315885284,2.963444764872931,0.8060649570729407,20.99999999996107,44,lightning_gpu,single,2,50,adam_0.1,0.1,0.10916258764839659,2.8391904186909445,4845,2020-08-05,2023-08-05,ok,,1000,346,877,132114,4,True,-12.77788280595193,0.11915650721512194,-12.77788280595193,True,0.346,132114,0.11915650721512194,0.0035199891845694564,0.0007815151632469318,2,1,False,True,True,1.8671978107700944,0.3134464217892184,0.1673343980948409,1,0,1.8590334634138266,4.504057438815504,12.787876725518654,0.9999992759516496,0.3621202739086584,3.7565059756161645e-05,0.0001260151075257454,0.0014317361019493546,1.269585098386525,2.9323091114998214,0.001259436724006413,0.0003755871029051949,0.012523228297059208,0.0037495294275341484,0.11840547252648925,0.036868925005308695,0.7164113428205097,0.3131625707482646,1.0000020981687214,0.08814768300180731,2.3908145522000268e-05,6.856348591099959e-05,0.0006788067566958489,4.858274351287353,22.771408724742457,0.0006854233549610234,0.0002390557348858069,0.006833130912251462,0.002387987343552167,0.06626801556054429,0.023624888961347623,0.49624153653657677,0.21265150434643842,6.087181478396337,-6.24955415725708,-6.258599758148193,-6.24955415725708,49,-6.24955415725708,-6.24955415725708,50,50,0.38505090477492371 0.8108861395016167 1.274766337564649 3.0447811714676671,1.1184867334874593 -0.26840665927452773 0.49947364723060095 3.7601551277633365,29.78372179530561,0.06492610182613134,0.32012994680553675,29.84864789713174,0.018834933638572693
e1-v2,N20_i03_Amargin_s45,20,4,3,84d0445ead7c,Amargin,0.8060649570729407,0.27200269315885284,2.963444764872931,0.8060649570729407,20.99999999996107,45,lightning_gpu,single,2,50,adam_0.1,0.1,0.10916258764839659,2.8391904186909445,4845,2020-08-05,2023-08-05,ok,,1000,234,993,131146,4,True,-12.770823123891978,0.12621618927507283,-12.770823123891976,True,0.234,131146,0.12621618927507283,0.006006501541569404,0.0013335756977266744,3,1,False,True,True,1.7928791918205094,0.29258913401005315,0.1626373574640968,1,0,1.8590334634138266,4.504057438815504,12.787876725518654,0.9999988411575416,0.23198525291809347,9.490660158917308e-05,0.0002816197447828017,0.002605439571198076,3.1273367910597094,10.760695728569935,0.002812631191098869,0.0009486607916203704,0.02777297862453787,0.009446212118427888,0.2454693714283136,0.0905462236914445,0.94019069754632,0.6129150322171399,1.0000001447647162,0.03987162708176584,3.1081388442544267e-05,8.111602073768154e-05,0.0006918995550222462,10.428930957066182,66.55331081786267,0.0008108641800181893,0.00031077041565652497,0.008079118154409426,0.003103361734941079,0.07791632967744222,0.030603796073826794,0.5556723810803199,0.2671532819003273,6.087181478396337,-4.8550705909729,-4.916775703430176,-4.909712314605713,46,-4.909712314605713,-4.909712314605713,50,50,1.8005430614133757 1.660303899153966 2.3990779832738145 2.5500080338093531,1.5964356914101523 2.3855194913255788 2.9329077589293973 3.466892769156364,29.573542151600122,0.06504824757575989,0.31776910182088614,29.638590399175882,0.01741779036819935
e1-v2,N20_i03_Amargin_s46,20,4,3,84d0445ead7c,Amargin,0.8060649570729407,0.27200269315885284,2.963444764872931,0.8060649570729407,20.99999999996107,46,lightning_gpu,single,2,50,adam_0.1,0.1,0.10916258764839659,2.8391904186909445,4845,2020-08-05,2023-08-05,ok,,1000,337,891,132106,4,True,-12.7520866593976,0.14495265376945032,-12.752086659397602,True,0.337,132106,0.14495265376945032,0.012605729395760405,0.002798749697800371,4,1,False,False,True,1.79549571250085,0.29723208098139986,0.1649862369032305,0,0,1.8590334634138266,4.504057438815504,12.787876725518654,0.999999365851631,0.33146064861284685,0.00021342706168070436,0.0006011174118611962,0.005357988229661714,0.8229409148270685,1.5808562887150843,0.005994939759870976,0.00213222198301255,0.058357714149246065,0.02111879208885903,0.4519003444468839,0.1922073223703551,0.9975532179180638,0.8816960838235285,1.0000009962564693,0.0478752667434037,1.6028590835048817e-05,4.8970379793900065e-05,0.00043499582079675747,10.42282266095407,61.5643813152834,0.0004895958976157688,0.00016027434763710158,0.0048851863606445,0.0016015880162916218,0.047791807864770885,0.01590094298098288,0.38719946580068043,0.14810090557730626,6.087181478396337,-6.471588611602783,-6.510941982269287,-6.471588611602783,49,-6.471588611602783,-6.471588611602783,50,50,2.8450397427097829 0.24261512621431053 0.85630314278475539 1.9536009066557216,0.85163164368467625 -1.3004530436763191 1.6007514314924143 0.48580367256807044,29.760810852982104,0.06467042211443186,0.3201239537447691,29.825481275096536,0.018861589953303337
e1-v2,N20_i04_Aheur_s42,20,4,4,2a3da2453277,Aheur,20.99999999996107,0.21040805366219417,99.80606556855537,0.756562057247866,20.99999999996107,42,lightning_gpu,single,2,50,adam_0.1,0.1,0.008880818342211105,2.924798236611247,4845,2020-08-05,2023-08-05,ok,,1000,56,974,131154,4,True,-335.814560231309,0.18543976806813167,-335.814560231309,True,0.056,131154,0.18543976806813167,0.06036619809046613,0.0005254869538107913,56,1,False,False,False,1.5872093805468186,0.24662289985451916,0.15475141645766874,0,0,1.917133787760584,114.87668276575673,335.9911191810349,1.0000007876954635,0.04911384682600328,1.0429306712467223e-05,6.266474338190164e-05,0.0003952135475628893,6.45619388541083,35.59014988868941,0.0006264707541920878,0.000104288172591116,0.006247076061522416,0.0010423924409622698,0.06074353077209249,0.010375163889333794,0.4656301458453661,0.09903927337980734,0.9999982180493645,0.00037259615392790156,1.4790265900899158e-08,1.1868381255553118e-07,5.232541784513933e-07,7.620477315522759,45.67236399257213,1.186837491728987e-06,1.4790264912800666e-07,1.1868311530882636e-05,1.4790255072893999e-06,0.00011867677695254208,1.4790156634858498e-05,0.0011861341820772475,0.00014789172304352505,127.24293832710624,-0.9026161432266235,-0.9043719172477722,-0.9098900556564331,42,-0.9098900556564331,-0.9098900556564331,50,50,2.4314546363447995 1.3787772821439981 2.6973649175810768 2.1908462769412909,2.5517222862127986 1.6848267975902729 2.8705872724348227 2.0099892354709352,29.758571201004088,0.0651117218658328,0.3256606385111809,29.82368292286992,0.01863233372569084
e1-v2,N20_i04_Aheur_s43,20,4,4,2a3da2453277,Aheur,20.99999999996107,0.21040805366219417,99.80606556855537,0.756562057247866,20.99999999996107,43,lightning_gpu,single,2,50,adam_0.1,0.1,0.008880818342211105,2.924798236611247,4845,2020-08-05,2023-08-05,ok,,1000,6,999,344066,4,True,-335.3260203916506,0.6739796077265042,-335.3260203916506,True,0.006,344066,0.6739796077265042,0.22739988730125027,0.0019795130032170052,960,1,False,False,False,1.157350672546521,0.20366850970960948,0.17511417629686735,0,0,1.917133787760584,114.87668276575673,335.9911191810349,1.000000355507197,0.004343403701625448,8.90210230863886e-07,5.340737573078513e-06,3.383621134389614e-05,6.436584635551559,30.32006568587839,5.340609219250947e-05,8.90206664738713e-06,0.0005339325907222081,8.90171004529483e-05,0.00532651537552864,0.0008898145071730701,0.05200639103570237,0.008862599840045893,1.0000006449116563,0.11059929903240118,2.323334410903044e-05,0.00013941883844381664,0.0008820636685413774,6.929723749369375,43.14341295661475,0.0013933140169920533,0.00023230915212268943,0.01384610438692424,0.0023206644856762493,0.13014483495620544,0.0229657917665701,0.7519898438740509,0.20732037286895577,127.24293832710624,-1.7702322006225586,-1.7742879390716553,-1.7702322006225586,49,-1.7702322006225586,-1.7702322006225586,50,50,2.0492585716432195 0.13752423515278736 0.062924802978478217 2.6364640840167701,1.9041512862693966 0.045544170702554482 -0.085555097095758884 2.998521735570129,29.549834590405226,0.06466576270759106,0.3215597551316023,29.614500353112817,0.01865304633975029
e1-v2,N20_i04_Aheur_s44,20,4,4,2a3da2453277,Aheur,20.99999999996107,0.21040805366219417,99.80606556855537,0.756562057247866,20.99999999996107,44,lightning_gpu,single,2,50,adam_0.1,0.1,0.008880818342211105,2.924798236611247,4845,2020-08-05,2023-08-05,ok,,1000,527,952,540706,4,True,-335.9911191810349,0.008880818342211105,-335.9911191810349,True,0.527,540706,0.008880818342211105,0.0,0.0,1,1,True,True,True,1.917133787760584,0.30336878154821656,0.15771918656830697,2,1,1.917133787760584,114.87668276575673,335.9911191810349,0.9999989423024416,0.5388222799083451,0.00010843784548342228,0.0006499002265627496,0.0041270332876592875,1.5526824514825432,3.2034759571258338,0.00648002850431828,0.001083849463331621,0.06294298517196362,0.010785784296845957,0.478012429799339,0.10277061528175113,0.9984982362564577,0.661908007346653,1.0000016388401605,0.08714124815378455,1.8184240616392344e-05,0.00010918413136096206,0.0006905339487275342,4.2508207532219675,22.1274051226427,0.0010913050169177874,0.000181827526888112,0.010859613235240873,0.0018167882337963848,0.10344002792225915,0.018020067283154972,0.6644220211589547,0.16626865725256168,127.24293832710624,-6.279133319854736,-6.287933826446533,-6.279133319854736,49,-6.279133319854736,-6.279133319854736,50,50,0.38505090477492371 0.8108861395016167 1.274766337564649 3.0447811714676671,1.0711284808539001 -0.20639692716384672 0.51145452808498115 3.7798257253882221,29.46910617686808,0.0644401665776968,0.31849801540374756,29.533546343445778,0.01734719891101122
e1-v2,N20_i04_Aheur_s45,20,4,4,2a3da2453277,Aheur,20.99999999996107,0.21040805366219417,99.80606556855537,0.756562057247866,20.99999999996107,45,lightning_gpu,single,2,50,adam_0.1,0.1,0.008880818342211105,2.924798236611247,4845,2020-08-05,2023-08-05,ok,,1000,165,992,540720,4,True,-335.8974869330915,0.1025130662855851,-335.8974869330915,True,0.165,540720,0.1025130662855851,0.032013233176678514,0.00027867477024868663,17,1,False,False,True,1.896807640526799,0.3189821129289725,0.1676406748554954,0,0,1.917133787760584,114.87668276575673,335.9911191810349,1.000000330136975,0.16751128701071138,3.522557017276995e-05,0.00021136908981134184,0.0013371160384849645,3.599027171363531,14.216406961158581,0.00211168157074626,0.00035219986913681556,0.020917277553775704,0.003516421917111101,0.19054284209189432,0.03461296991898899,0.8792356694582792,0.29690404724312724,1.000001343948103,0.031999528145661316,5.718646207242273e-06,3.409235523577081e-05,0.00021904944696871098,8.818841636321899,57.625930057079444,0.000340871254121633,5.718499046369896e-05,0.0034034885966781614,0.0005717027715340661,0.03351832085792905,0.005702342133186988,0.28889086361512817,0.05558219960807087,127.24293832710624,-4.385777473449707,-4.454308032989502,-4.543179035186768,41,-4.543179035186768,-4.543179035186768,50,50,1.8005430614133757 1.660303899153966 2.3990779832738145 2.5500080338093531,1.6859595385942647 2.2459723396096209 2.9342382773929852 3.4075496714187108,29.51092482637614,0.0647342074662447,0.32032780069857836,29.575659033842385,0.01874418929219246
e1-v2,N20_i04_Aheur_s46,20,4,4,2a3da2453277,Aheur,20.99999999996107,0.21040805366219417,99.80606556855537,0.756562057247866,20.99999999996107,46,lightning_gpu,single,2,50,adam_0.1,0.1,0.008880818342211105,2.924798236611247,4845,2020-08-05,2023-08-05,ok,,1000,291,960,524866,4,True,-335.9230959402197,0.07690405915739307,-335.9230959402197,True,0.291,524866,0.07690405915739307,0.02325741309732038,0.00020245547257613812,11,1,False,False,True,1.9152861149261518,0.31902896794722757,0.16604775937588306,0,0,1.917133787760584,114.87668276575673,335.9911191810349,1.00000012299245,0.30470924494147766,6.38907658867538e-05,0.00038355022843461484,0.0024255648677353747,1.501223941131114,2.9182826681358067,0.003828889065730201,0.0006387239988120408,0.03763586407435493,0.006368912647096714,0.3186122847692813,0.06189444749954176,0.9784253880090246,0.4721420522823556,1.000001473033997,0.09137762286627549,1.832955786085222e-05,0.00010989153270202223,0.000697495685017202,9.9780266119571,68.33845288979865,0.001098372059534447,0.00018328046057636271,0.010929590348867202,0.001831293716606397,0.10407410080536827,0.018162758138212776,0.6667877858301673,0.16747935488035204,127.24293832710624,-6.37085485458374,-6.335409164428711,-6.414499282836914,33,-6.414499282836914,-6.414499282836914,50,50,2.8450397427097829 0.24261512621431053 0.85630314278475539 1.9536009066557216,1.868220511982035 -1.984082727619128 1.535956757136016 1.8811836917582676,29.368600669316947,0.06526543200016022,0.32163355220109224,29.433866101317108,0.018549902364611626
e1-v2,N20_i04_Amargin_s42,20,4,4,2a3da2453277,Amargin,0.756562057247866,0.21040805366219417,3.5956896329762684,0.756562057247866,20.99999999996107,42,lightning_gpu,single,2,50,adam_0.1,0.1,0.008880818342211105,2.924798236611247,4845,2020-08-05,2023-08-05,ok,,1000,504,866,532514,4,True,-12.078051577124196,0.026941338841659723,-12.078051577124196,True,0.504,532514,0.026941338841659723,0.006174962865258714,0.0014930847493548542,4,1,False,True,True,1.8601735719082197,0.2903215311319207,0.15553469606340356,2,0,1.917133787760584,4.135708216112212,12.096112097623644,1.0000014157276897,0.5181138125844882,0.00010033990110969171,0.0005940909395576455,0.003826280873909127,1.1675723311489925,3.761357450052765,0.005925052049137625,0.001002946067994448,0.05769544338523602,0.009984315994738036,0.448033256335549,0.09547463868331307,0.9973750011342832,0.6333873195877897,0.9999989608636894,0.010770825332599265,8.169187822204549e-06,7.010656054262654e-05,0.0003592837072936561,6.267696063451469,36.290231544603095,0.0007008444749270204,8.168887518411605e-05,0.006986382773781941,0.0008165885289910246,0.06770782237711326,0.008135943781267474,0.503955769195526,0.07844444111761162,5.782310670827013,-6.039628505706787,-6.040785789489746,-6.047055244445801,46,-6.047055244445801,-6.047055244445801,50,50,2.4314546363447995 1.3787772821439981 2.6973649175810768 2.1908462769412909,0.80591501969756307 1.5089437479752881 2.6191135633014944 1.7516862083540425,29.75772909913212,0.06468649115413427,0.3207634435966611,29.822415590286255,0.01870674453675747
e1-v2,N20_i04_Amargin_s43,20,4,4,2a3da2453277,Amargin,0.756562057247866,0.21040805366219417,3.5956896329762684,0.756562057247866,20.99999999996107,43,lightning_gpu,single,2,50,adam_0.1,0.1,0.008880818342211105,2.924798236611247,4845,2020-08-05,2023-08-05,ok,,1000,4,998,131172,4,True,-11.573310327338373,0.5316825886274823,-11.573310327338373,True,0.004,131172,0.5316825886274823,0.17874797780615592,0.04322064528386595,528,1,False,False,False,1.6241123206763926,0.31095297688752166,0.19084454501178577,0,0,1.917133787760584,4.135708216112212,12.096112097623644,1.000001852002856,0.00876427873515695,1.8368996279605199e-06,1.1019908356502128e-05,6.912678736625821e-05,6.084537862488833,28.657973228294445,0.00011019361899844426,1.8368844441285503e-05,0.0011013899320038156,0.00018367326150703356,0.010959471647444041,0.0018352152443819048,0.10434473664389066,0.018201331116117325,1.000000645519787,0.16860844215625548,6.119502359069884e-05,0.00037383717790362425,0.002236481184809236,6.132063865588494,35.51359607393685,0.0037320891037747606,0.0006117817460128405,0.03670030635399424,0.0061010024471115365,0.31195915318562273,0.05936198639851864,0.9762238125009474,0.45771791495895653,5.782310670827013,-1.9343019723892212,-1.9329572916030884,-1.9343019723892212,49,-1.9343019723892212,-1.9343019723892212,50,50,2.0492585716432195 0.13752423515278736 0.062924802978478217 2.6364640840167701,2.1768147268364695 -0.027841329808110167 0.10222398174420631 2.7870730809339537,29.695326830260456,0.06458935886621475,0.31786090694367886,29.75991618912667,0.017303628847002983
e1-v2,N20_i04_Amargin_s44,20,4,4,2a3da2453277,Amargin,0.756562057247866,0.21040805366219417,3.5956896329762684,0.756562057247866,20.99999999996107,44,lightning_gpu,single,2,50,adam_0.1,0.1,0.008880818342211105,2.924798236611247,4845,2020-08-05,2023-08-05,ok,,1000,351,880,524818,4,True,-12.07711036477152,0.02788255119433458,-12.077110364771523,True,0.351,524818,0.02788255119433458,0.0064967670638845215,0.00157089589603394,5,1,False,True,True,1.9175664041432294,0.308208616783555,0.16020755063281164,1,0,1.917133787760584,4.135708216112212,12.096112097623644,0.9999969075366869,0.36216146553488215,3.955327338189818e-05,0.00023468173094443046,0.001581659736984875,1.2080912731936728,2.9474501507248467,0.0023443404616657615,0.00039546234047938,0.023197627462699377,0.0039475932504220435,0.2091992766749473,0.038782006661086554,0.9043531704593687,0.32668402435507127,1.0000014758320788,0.08793875571700482,2.32145994232269e-05,0.0001417676521668909,0.00087138157505251,4.488129655560529,23.029367380237545,0.0014167724504707824,0.00023212174444031675,0.014077738929099692,0.0023187943219231677,0.1321858517355341,0.022947476970323177,0.7577480603672659,0.20717177018515887,5.782310670827013,-6.131396770477295,-6.140235900878906,-6.131396770477295,49,-6.131396770477295,-6.131396770477295,50,50,0.38505090477492371 0.8108861395016167 1.274766337564649 3.0447811714676671,1.1289846212534493 -0.26774884958051615 0.4966514400083778 3.7667272179587967,29.563113696873188,0.0646797688677907,0.3204323584213853,29.62779346574098,0.01876874268054962
e1-v2,N20_i04_Amargin_s45,20,4,4,2a3da2453277,Amargin,0.756562057247866,0.21040805366219417,3.5956896329762684,0.756562057247866,20.99999999996107,45,lightning_gpu,single,2,50,adam_0.1,0.1,0.008880818342211105,2.924798236611247,4845,2020-08-05,2023-08-05,ok,,1000,211,990,540720,4,True,-12.00247984968027,0.1025130662855851,-12.00247984968027,True,0.211,540720,0.1025130662855851,0.032013233176678514,0.00774068950318083,17,1,False,False,True,1.896807640526799,0.3189821129289725,0.1676406748554954,0,0,1.917133787760584,4.135708216112212,12.096112097623644,0.9999983386406023,0.2122328888181073,9.471551311435178e-05,0.0005882535115233622,0.0033889252226799726,2.8701102347861474,10.722486148270542,0.005866987618647235,0.000946751536811008,0.05714489373795817,0.00942728180150132,0.44479985049249926,0.09037240446952899,0.9972171118982812,0.6121745800188126,1.0000023757535939,0.04709159107602545,2.8024855055264197e-05,0.00019154222354700323,0.0010296147902408848,9.646775637239328,68.72685361649465,0.00191377209942023,0.0002802132105312882,0.01897374572778987,0.002798601369329301,0.17433038730037786,0.02763618351582664,0.8527473854889223,0.24440705291409237,5.782310670827013,-4.838275909423828,-4.835528373718262,-4.838275909423828,49,-4.838275909423828,-4.838275909423828,50,50,1.8005430614133757 1.660303899153966 2.3990779832738145 2.5500080338093531,1.5885608768239727 2.4058845059607514 2.9210312893578969 3.4829945353958629,29.706320367753506,0.06520962156355381,0.3268668781965971,29.77152998931706,0.018609202466905117
e1-v2,N20_i04_Amargin_s46,20,4,4,2a3da2453277,Amargin,0.756562057247866,0.21040805366219417,3.5956896329762684,0.756562057247866,20.99999999996107,46,lightning_gpu,single,2,50,adam_0.1,0.1,0.008880818342211105,2.924798236611247,4845,2020-08-05,2023-08-05,ok,,1000,352,912,655378,4,True,-11.998883432137498,0.10610948382835739,-11.998883432137498,True,0.352,655378,0.10610948382835739,0.03324286245426561,0.008038009626683888,20,1,False,False,True,1.5711816539724257,0.227023950356606,0.14385602694962013,0,0,1.917133787760584,4.135708216112212,12.096112097623644,0.9999986950457427,0.3485563113954413,0.00020022437092848122,0.001257191033801064,0.0072298872109968215,0.8199085014295442,1.4273361731577183,0.012501024439180886,0.0020004406312398304,0.11820722198591194,0.01982528426978436,0.7157729707539864,0.18146933541411436,0.999996559244932,0.8649950973178319,0.999999762355658,0.04539460136038542,1.7819249478634447e-05,0.00010876640953938477,0.0006284315486482228,9.341721523109365,59.415422877889156,0.0010871318938380226,0.00017817820681098606,0.010818289316451013,0.0017803541104006726,0.10306539619149901,0.017661581438788154,0.6630171534406106,0.16321999657150255,5.782310670827013,-6.381987571716309,-6.40627908706665,-6.381987571716309,49,-6.381987571716309,-6.381987571716309,50,50,2.8450397427097829 0.24261512621431053 0.85630314278475539 1.9536009066557216,0.8678211187628434 -1.3274211841994095 1.6020365960132374 0.46906132082765956,29.588732953183353,0.06474055629223585,0.3203898202627897,29.65347350947559,0.018688506446778774
e1-v2,N20_i05_Aheur_s42,20,4,5,6888b64628f1,Aheur,20.999999999953292,0.20516485182428168,102.35671370230239,0.6411152048977522,20.999999999953292,42,lightning_gpu,single,2,50,adam_0.1,0.1,-0.16118245636327488,2.3933876851163247,4845,2020-08-05,2023-08-05,ok,,1000,48,973,557076,4,True,-336.1021319168128,-0.10213191756014495,-336.1021319168127,True,0.048,557076,-0.10213191756014495,0.024672366775489583,0.00017566138473149408,14,1,False,False,True,1.5923914315388377,0.22915690748339101,0.14327941168517044,0,0,1.765640968005133,140.454128909449,336.161182455616,1.0000016488948331,0.04759790156822419,9.99369422061136e-06,2.001574102905579e-05,0.000398779548049788,4.978312316377802,35.55910249682424,0.00020013938290774913,9.99324479993291e-05,0.001999592280983009,0.0009988752074916452,0.019816952255558018,0.00994397263603386,0.18139975322717927,0.09510597499335915,0.9999978762200142,0.0002013875657239727,7.445948746465092e-09,1.8768516518719025e-08,1.7669598822468713e-07,5.935779505957965,45.71697381972565,1.87685149311001e-07,7.445948502216027e-08,1.87684990815562e-06,7.445946001993775e-07,1.8768340567354436e-05,7.445921053172988e-06,0.00018766755518939693,7.44567157030529e-05,126.98029333993604,-0.9068460464477539,-0.9088159799575806,-0.9139267206192017,42,-0.9139267206192017,-0.9139267206192017,50,50,2.4314546363447995 1.3787772821439981 2.6973649175810768 2.1908462769412909,2.5503352350727821 1.6842067626622794 2.8709513515631482 2.0098713716013381,29.61907302029431,0.06455983128398657,0.3335012272000313,29.683632851578295,0.0173740116879344
e1-v2,N20_i05_Aheur_s43,20,4,5,6888b64628f1,Aheur,20.999999999953292,0.20516485182428168,102.35671370230239,0.6411152048977522,20.999999999953292,43,lightning_gpu,single,2,50,adam_0.1,0.1,-0.16118245636327488,2.3933876851163247,4845,2020-08-05,2023-08-05,ok,,1000,6,999,655408,4,True,-335.62355819416086,0.3764418050917998,-335.6235581941608,True,0.006,655408,0.3764418050917998,0.22462899128226474,0.0015993050046046238,1024,1,False,False,False,1.2437052224714142,0.2131144962871884,0.1705504587861162,0,0,1.765640968005133,140.454128909449,336.161182455616,1.000001042646531,0.004272578307279673,8.766924679548538e-07,1.7536999621370342e-06,3.5109921270759514e-05,4.932800223531466,30.340589934951723,1.753686122618614e-05,8.766890093103719e-06,0.0001753547735411365,8.766544238547613e-05,0.0017521646639103716,0.0008763086693496236,0.017384136532995975,0.008728611061878278,1.0000001135561,0.10986654727275891,2.3004100512480363e-05,4.599071144184563e-05,0.0009177868541883072,5.399067887972435,43.248163988695,0.0004598119445414772,0.0002300171930967876,0.004588616885938146,0.002297792534836862,0.04495017687147007,0.022741782076491912,0.3686643916946928,0.2055010790122742,126.98029333993604,-1.7680160999298096,-1.7722045183181763,-1.7680160999298096,49,-1.7680160999298096,-1.7680160999298096,50,50,2.0492585716432195 0.13752423515278736 0.062924802978478217 2.6364640840167701,1.9017168754312346 0.044724383255952231 -0.08505809566713915 2.9986829833077855,29.492113132029772,0.06452758703380823,0.32528350595384836,29.55664071906358,0.019307863898575306
e1-v2,N20_i05_Aheur_s44,20,4,5,6888b64628f1,Aheur,20.999999999953292,0.20516485182428168,102.35671370230239,0.6411152048977522,20.999999999953292,44,lightning_gpu,single,2,50,adam_0.1,0.1,-0.16118245636327488,2.3933876851163247,4845,2020-08-05,2023-08-05,ok,,1000,517,948,561156,4,True,-336.14708038406695,-0.14708038481427632,-336.1470803840669,True,0.517,561156,-0.14708038481427632,0.005892096644724386,4.195032706032466e-05,2,1,False,True,True,1.7208443478362463,0.25970935689848634,0.15033861558936581,1,0,1.765640968005133,140.454128909449,336.161182455616,0.9999975150745883,0.539165202571894,0.00010935850150417536,0.0002184937911806628,0.004387425084132701,1.0732244694646256,3.2103414408118187,0.002182790883867969,0.0010930470042702645,0.021614746170751764,0.010876862624804806,0.19629071774432472,0.10359636466548516,0.8875421331376342,0.6650067229315606,1.0000021695442172,0.08712592776646488,1.8108350559487008e-05,3.6243074646336026e-05,0.0007234005861391779,3.228952010492589,22.116710317673608,0.0003623716419551837,0.00018106875025125646,0.0036178130317242596,0.0018092128495120763,0.0355947910371307,0.017945540589916043,0.3040220599109351,0.16563568642545634,126.98029333993604,-6.280545711517334,-6.28937292098999,-6.280545711517334,49,-6.280545711517334,-6.280545711517334,50,50,0.38505090477492371 0.8108861395016167 1.274766337564649 3.0447811714676671,1.0697074333777536 -0.20633308931347033 0.51186672914741915 3.7798270217785483,29.51996557507664,0.06459886394441128,0.3220244459807873,29.58456443902105,0.018296568654477596
e1-v2,N20_i05_Aheur_s45,20,4,5,6888b64628f1,Aheur,20.999999999953292,0.20516485182428168,102.35671370230239,0.6411152048977522,20.999999999953292,45,lightning_gpu,single,2,50,adam_0.1,0.1,-0.16118245636327488,2.3933876851163247,4845,2020-08-05,2023-08-05,ok,,1000,155,994,524372,4,True,-336.0632128115284,-0.06321281227571451,-336.0632128115283,True,0.155,524372,-0.06321281227571451,0.040933462095088365,0.00029143651676824853,30,1,False,False,True,1.6909985072673925,0.27104377768197313,0.1596948646148461,0,0,1.765640968005133,140.454128909449,336.161182455616,1.0000000842752934,0.16814397781854495,3.522631959640421e-05,7.043393998173997e-05,0.0014058314627618529,2.6891118021023552,14.245394588807601,0.0007041161994468803,0.00035220736099750294,0.0070188937502660975,0.0035164965985734487,0.0680130071543874,0.034613693428060754,0.5055771744307074,0.2969093165762412,1.0000010998834163,0.03300033876212183,6.168821528262924e-06,1.2285254797461675e-05,0.0002516168747206393,6.9043569131100195,57.506776829865984,0.00012284575646026585,6.168650286464405e-05,0.001227778688425274,0.0006166938217024853,0.012210173681306724,0.006149852323809268,0.11560660875988615,0.059824205290760823,126.98029333993604,-4.38469123840332,-4.451685905456543,-4.550844669342041,41,-4.550844669342041,-4.550844669342041,50,50,1.8005430614133757 1.660303899153966 2.3990779832738145 2.5500080338093531,1.6828414407874284 2.2409785462836993 2.9344506659116378 3.4081405304135428,29.79090752825141,0.06467680633068085,0.321095310151577,29.85558433458209,0.019241483882069588
e1-v2,N20_i05_Aheur_s46,20,4,5,6888b64628f1,Aheur,20.999999999953292,0.20516485182428168,102.35671370230239,0.6411152048977522,20.999999999953292,46,lightning_gpu,single,2,50,adam_0.1,0.1,-0.16118245636327488,2.3933876851163247,4845,2020-08-05,2023-08-05,ok,,1000,302,955,528389,4,True,-336.09347767002396,-0.09347767077125457,-336.09347767002384,True,0.302,528389,-0.09347767077125457,0.0282882652121316,0.0002014057217952567,17,1,False,False,True,1.8282839436011773,0.31178346630554726,0.169986433121212,0,0,1.765640968005133,140.454128909449,336.161182455616,1.000000211129941,0.29973186178904143,6.256806227611378e-05,0.00012516739661805332,0.0024982417744467966,1.0421815876089624,2.9499153685278694,0.001250969191973983,0.0006255044878418214,0.012439504750449637,0.006237467700277444,0.11765772442644196,0.06065271234116332,0.7139968079194128,0.4651132289536797,1.000001567796346,0.09237976269287174,1.865944250312168e-05,3.730627940967679e-05,0.0007491779051633785,7.858070115430328,68.38538129385927,0.00037300017119512585,0.00018657875794503287,0.0037237471245641363,0.0018642218351281326,0.036619644026893106,0.018486603736092233,0.3113828019895998,0.17022123832931946,126.98029333993604,-6.368472099304199,-6.332695484161377,-6.4194841384887695,38,-6.4194841384887695,-6.4194841384887695,50,50,2.8450397427097829 0.24261512621431053 0.85630314278475539 1.9536009066557216,1.8666001671023413 -1.9852375343925668 1.5370199528563058 1.8792283322080185,29.678782792761922,0.064552316442132,0.31992924865335226,29.743335109204054,0.017417586408555508
e1-v2,N20_i05_Amargin_s42,20,4,5,6888b64628f1,Amargin,0.6411152048977522,0.20516485182428168,3.1248783560980056,0.6411152048977522,20.999999999953292,42,lightning_gpu,single,2,50,adam_0.1,0.1,-0.16118245636327488,2.3933876851163247,4845,2020-08-05,2023-08-05,ok,,1000,505,888,530436,4,True,-10.387731277572483,-0.12988799920844807,-10.387731277572485,True,0.505,530436,-0.12988799920844807,0.0130753815394959,0.0030035876627620083,3,1,False,False,True,1.823686059697461,0.3009327851632684,0.16446514111810753,0,0,1.765640968005133,4.353254510132118,10.41902573472731,0.999999047608241,0.510924303343927,9.59423414315097e-05,0.00019002569752046838,0.0038483129101223312,0.8316092401710263,3.63309900449362,0.0018986328588875834,0.0009590092982948439,0.01882493086777448,0.009548812197953671,0.17307704860635853,0.09148778336055297,0.850496809749245,0.6169039132116556,0.9999983189245303,0.008851625974203137,2.3251025140780257e-06,6.0272993778198725e-06,6.593115192199406e-05,4.966746884241484,37.66923092100257,6.0271359029306915e-05,2.32507818677119e-05,0.0006025501479108852,0.0002324834932367903,0.006009189702719242,0.0023224042537446365,0.05849269820203551,0.02298282930075579,4.826984569602803,-6.056446075439453,-6.058621406555176,-6.056446075439453,49,-6.056446075439453,-6.056446075439453,50,50,2.4314546363447995 1.3787772821439981 2.6973649175810768 2.1908462769412909,0.7869217480018269 1.4669931434398609 2.6275407984220553 1.7556558023095554,29.5916717518121,0.06461283471435308,0.3263995796442032,29.656284586526453,0.019280013628304005
e1-v2,N20_i05_Amargin_s43,20,4,5,6888b64628f1,Amargin,0.6411152048977522,0.20516485182428168,3.1248783560980056,0.6411152048977522,20.999999999953292,43,lightning_gpu,single,2,50,adam_0.1,0.1,-0.16118245636327488,2.3933876851163247,4845,2020-08-05,2023-08-05,ok,,1000,6,998,327746,4,True,-9.996346293994282,0.26149698436975255,-9.996346293994282,True,0.006,327746,0.26149698436975255,0.17660299806902538,0.04056803884495731,615,1,False,False,False,1.4162509969873096,0.2458682869434246,0.17289893349718063,0,0,1.765640968005133,4.353254510132118,10.41902573472731,0.9999992126728673,0.006972083340656354,1.4050968957235455e-06,2.823183535838325e-06,5.689143154086196e-05,4.692064037123601,28.837917464192017,2.8231476694617896e-05,1.4050880114191422e-05,0.00028227890391396837,0.00014049991724929267,0.002819206074810121,0.001404111195028035,0.027837079817032317,0.013952724553625728,1.0000012932840627,0.16561658402315516,5.838301876792684e-05,0.00011639177682809532,0.0020934139465680346,4.786453694952822,36.069513418451834,0.001163308340397129,0.0005836768255975677,0.011572374051357026,0.005821461554513463,0.10987960566995592,0.05671302669097211,0.6877607345924712,0.4422515536425585,4.826984569602803,-1.9127349853515625,-1.9111964702606201,-1.9127349853515625,49,-1.9127349853515625,-1.9127349853515625,50,50,2.0492585716432195 0.13752423515278736 0.062924802978478217 2.6364640840167701,2.1431034119942178 -0.028943861569216071 0.10293462177513107 2.7920333518407037,29.575512967072427,0.06466433871537447,0.32406277023255825,29.6401773057878,0.01829669252038002
e1-v2,N20_i05_Amargin_s44,20,4,5,6888b64628f1,Amargin,0.6411152048977522,0.20516485182428168,3.1248783560980056,0.6411152048977522,20.999999999953292,44,lightning_gpu,single,2,50,adam_0.1,0.1,-0.16118245636327488,2.3933876851163247,4845,2020-08-05,2023-08-05,ok,,1000,405,893,528516,4,True,-10.374752169163827,-0.11690889079979105,-10.374752169163827,True,0.405,528516,-0.11690889079979105,0.018498284184717037,0.004249299952865753,5,1,False,False,True,1.8875301356100092,0.32790167550868815,0.1731901755322389,0,0,1.765640968005133,4.353254510132118,10.41902573472731,1.00000031485871,0.42160478100413457,5.066979429102503e-05,9.771830445970409e-05,0.002204963348049205,0.8531781699258569,2.8609336111666543,0.0009767534575335635,0.0005065824242573846,0.009724714079442198,0.005054291670138378,0.09309999154375437,0.049408710541918865,0.6236481462989911,0.3975260074759389,1.000002926979164,0.08791602343899285,2.190716622862965e-05,4.463015102373902e-05,0.0008464323327643797,3.401390396386253,22.954827253099154,0.0004462118876370491,0.00021905006697098273,0.00445316980202437,0.0021883426985730425,0.043649830566294345,0.021669181768686485,0.36001559479060974,0.1967377752089463,4.826984569602803,-6.150063991546631,-6.156729698181152,-6.150063991546631,49,-6.150063991546631,-6.150063991546631,50,50,0.38505090477492371 0.8108861395016167 1.274766337564649 3.0447811714676671,1.1408623953502106 -0.25206399808625207 0.48929885980630139 3.7733318208940112,29.77294376399368,0.06457021087408066,0.3215969670563936,29.83751397486776,0.019321365281939507
e1-v2,N20_i05_Amargin_s45,20,4,5,6888b64628f1,Amargin,0.6411152048977522,0.20516485182428168,3.1248783560980056,0.6411152048977522,20.999999999953292,45,lightning_gpu,single,2,50,adam_0.1,0.1,-0.16118245636327488,2.3933876851163247,4845,2020-08-05,2023-08-05,ok,,1000,251,990,528404,4,True,-10.41902573472731,-0.16118245636327488,-10.41902573472731,True,0.251,528404,-0.16118245636327488,0.0,0.0,1,1,True,True,True,1.765640968005133,0.27149296264544714,0.15319816856711085,1,1,1.765640968005133,4.353254510132118,10.41902573472731,1.0000000412940087,0.24358171023777686,8.967897883849218e-05,0.00018103764159604907,0.0032405543242930435,2.1961674215233984,11.526154826450963,0.001808902269502588,0.0008964279705525602,0.01794248499258566,0.008928204772801762,0.16560972536961627,0.0857790528362512,0.8364342630968321,0.5921394704617485,1.000000371940902,0.039520233559187545,1.946916563611012e-05,4.20652413595235e-05,0.0006541761104017496,7.531429154879233,67.66844615920706,0.0004205727957227179,0.00019467460006816761,0.0041977772112024025,0.0019450414667221416,0.0411936236756576,0.019281051299282592,0.34338751617623064,0.17691314696199523,4.826984569602803,-4.708499908447266,-4.727594375610352,-4.734274864196777,47,-4.734274864196777,-4.734274864196777,50,50,1.8005430614133757 1.660303899153966 2.3990779832738145 2.5500080338093531,1.6663088759837368 2.4421812129499072 2.9439313914304064 3.4552229709843525,29.620036537759006,0.0645379414781928,0.31967103853821754,29.6845744792372,0.01743385288864374
e1-v2,N20_i05_Amargin_s46,20,4,5,6888b64628f1,Amargin,0.6411152048977522,0.20516485182428168,3.1248783560980056,0.6411152048977522,20.999999999953292,46,lightning_gpu,single,2,50,adam_0.1,0.1,-0.16118245636327488,2.3933876851163247,4845,2020-08-05,2023-08-05,ok,,1000,137,634,528396,4,True,-10.38324025653935,-0.12539697817531548,-10.38324025653935,True,0.137,528396,-0.12539697817531548,0.014951810110203748,0.0034346280639929714,4,1,False,False,True,1.8834868310709478,0.32423443158365994,0.171614914557098,0,0,1.765640968005133,4.353254510132118,10.41902573472731,1.0000004199345383,0.14078365968589424,0.0001915016327984631,0.00040408718632534146,0.0054935069783823565,0.2385341335686305,4.362607123314207,0.004033531885055841,0.0019133668910606971,0.03961101622448482,0.018969762897907416,0.3324686019608336,0.17429686565229108,0.9824322161180232,0.852687590963783,1.0000011214049016,0.047620064833154174,1.7268101146328263e-05,3.397659202164505e-05,0.0005373435860747122,7.399500064019721,60.633982414008344,0.0003397139765266566,0.00017266759365186513,0.0033919512156946885,0.0017253349196783008,0.0334064275476883,0.017120008526664288,0.28806715610530287,0.15859528359591468,4.826984569602803,-6.117927551269531,-6.084606647491455,-6.178893566131592,42,-6.178893566131592,-6.178893566131592,50,50,2.8450397427097829 0.24261512621431053 0.85630314278475539 1.9536009066557216,1.010103246571364 -1.167299833014932 1.561064817278456 0.76776536619475333,29.749686918221414,0.06462293211370707,0.32238829508423805,29.81430985033512,0.01931212842464447
e1-v2,N20_i06_Aheur_s42,20,4,6,dceca5e3926d,Aheur,20.999999999962064,0.2203983403682772,95.28202419706004,0.6948661470027829,20.999999999962064,42,lightning_gpu,single,2,50,adam_0.1,0.1,-0.019373241698851018,2.602786477488503,4845,2020-08-05,2023-08-05,ok,,1000,53,975,652,4,True,-335.6278678116086,0.3721321877843966,-335.62786781160867,True,0.053,652,0.3721321877843966,0.15041780525193965,0.0011651275511496916,258,1,False,False,False,2.1478806685992358,0.4533558828502895,0.21060568655580778,0,0,2.061140763441914,129.09986130146405,336.0193732410919,0.999998560391731,0.049285037554000155,1.0383040716988035e-05,2.0792486793652643e-05,0.00015504943894484313,6.206885614839365,35.584061607046024,0.0002079054142773984,0.00010382555596510912,0.0020771101110205192,0.0010377706053594782,0.020578025197084293,0.010329376375473043,0.18773369405655593,0.09862233414891242,0.9999996302326147,0.000177221017636447,1.5029355537876654e-08,3.4297306328312516e-08,1.5483531819182605e-07,7.381013567850629,45.66731978423536,3.429730103254869e-07,1.5029354516471471e-07,3.4297248101555766e-06,1.5029344356820573e-06,3.429671877053231e-05,1.5029242710573598e-05,0.00034291426062504904,0.00015028226299740322,127.089372059076,-0.904289960861206,-0.9060816764831543,-0.9117138385772705,42,-0.9117138385772705,-0.9117138385772705,50,50,2.4314546363447995 1.3787772821439981 2.6973649175810768 2.1908462769412909,2.5486248429703457 1.6827544327306869 2.8706502309870858 2.0100705288920024,29.667228097096086,0.0652003213763237,0.3281370811164379,29.73242841847241,0.019072177819907665
e1-v2,N20_i06_Aheur_s43,20,4,6,dceca5e3926d,Aheur,20.999999999962064,0.2203983403682772,95.28202419706004,0.6948661470027829,20.999999999962064,43,lightning_gpu,single,2,50,adam_0.1,0.1,-0.019373241698851018,2.602786477488503,4845,2020-08-05,2023-08-05,ok,,1000,3,998,917632,4,True,-335.370507626024,0.6294923733690478,-335.37050762602405,True,0.003,917632,0.6294923733690478,0.249296521508751,0.0019310363233203869,1059,1,False,False,False,1.3141877358398637,0.23783334284154772,0.18021271724179772,0,0,2.061140763441914,129.09986130146405,336.0193732410919,1.0000012109916057,0.0042961985151350746,8.814843681648199e-07,1.7632826256885892e-06,1.3227100282620086e-05,6.158722548818357,30.325208710968987,1.763268634513704e-05,8.814808716062217e-06,0.00017631287308550458,8.814459070449754e-05,0.0017617305080457335,0.0008810963631136204,0.01747829295935066,0.008776110701325779,1.0000006790384885,0.1097172499030421,2.298436447745189e-05,4.5951519496156834e-05,0.0003444161502557108,6.714450332412531,43.23879026713962,0.00045942018720757094,0.00022981987358605682,0.004584715488054836,0.0022958234190439963,0.044912744156322626,0.022722494240230096,0.36841689911305064,0.20534425734625295,127.089372059076,-1.7712206840515137,-1.7754387855529785,-1.7712206840515137,49,-1.7712206840515137,-1.7712206840515137,50,50,2.0492585716432195 0.13752423515278736 0.062924802978478217 2.6364640840167701,1.9011003867263312 0.045128176290916214 -0.085320317459305101 2.9986210719538331,29.78810217883438,0.06525416020303965,0.3221823964267969,29.85335633903742,0.018775351345539093
e1-v2,N20_i06_Aheur_s44,20,4,6,dceca5e3926d,Aheur,20.999999999962064,0.2203983403682772,95.28202419706004,0.6948661470027829,20.999999999962064,44,lightning_gpu,single,2,50,adam_0.1,0.1,-0.019373241698851018,2.602786477488503,4845,2020-08-05,2023-08-05,ok,,1000,524,941,540684,4,True,-336.0193732410919,-0.019373241698851018,-336.01937324109196,True,0.524,540684,-0.019373241698851018,0.0,0.0,1,1,True,True,True,2.061140763441914,0.3385426121303182,0.16376494905988534,1,1,2.061140763441914,129.09986130146405,336.0193732410919,0.9999992844336849,0.5387290511789615,0.00010907846444752067,0.00021797676163259894,0.001641728391405195,1.3755501978342393,3.2063765595752614,0.00217763073459476,0.001090249385171549,0.021564148411958306,0.010849160098086008,0.19587497810271348,0.10334527585088682,0.8869590594571547,0.6640672001132377,1.0000018284285943,0.08713640268979361,1.8127217117580585e-05,3.6276105674915016e-05,0.0002714115453272825,4.039834467756177,22.109677065876326,0.0003627018444644081,0.00018125738507057676,0.0036211042984778397,0.001811096124303746,0.035626646962112596,0.017964068738332784,0.30425191895333104,0.165793090256388,127.089372059076,-6.285284519195557,-6.2941107749938965,-6.285284519195557,49,-6.285284519195557,-6.285284519195557,50,50,0.38505090477492371 0.8108861395016167 1.274766337564649 3.0447811714676671,1.0694668845407322 -0.20595307609760277 0.51206086623975688 3.7793916654205097,29.6176988016814,0.06471694819629192,0.31969288084656,29.68241574987769,0.017256973311305046
e1-v2,N20_i06_Aheur_s45,20,4,6,dceca5e3926d,Aheur,20.999999999962064,0.2203983403682772,95.28202419706004,0.6948661470027829,20.999999999962064,45,lightning_gpu,single,2,50,adam_0.1,0.1,-0.019373241698851018,2.602786477488503,4845,2020-08-05,2023-08-05,ok,,1000,162,994,802820,4,True,-335.8155770457602,0.18442295363281969,-335.8155770457603,True,0.162,802820,0.18442295363281969,0.07829923702704918,0.0006065013257001945,40,1,False,False,False,1.7300534878706133,0.28395460821925167,0.16355252031399228,0,0,2.061140763441914,129.09986130146405,336.0193732410919,0.9999984181031243,0.16564409303100547,3.4729917388176546e-05,6.944145934539847e-05,0.000520342800882645,3.3913743022306857,14.25910301951847,0.0006941976383992854,0.00034724490138593467,0.006920330513935258,0.0034670279792927694,0.06708750418720555,0.03413433779997521,0.5006453454663553,0.2934103592454268,1.0000029054981958,0.03291861761817927,6.1024793467368e-06,1.2165031876065768e-05,9.314979388364009e-05,8.572920905197215,57.469238342201514,0.0001216436595166126,6.102311768318991e-05,0.001215770938023053,0.0006100636321576536,0.01209141011185122,0.006083915545166629,0.11454271278675832,0.05920026138395351,127.089372059076,-4.387784481048584,-4.451919078826904,-4.557041168212891,41,-4.557041168212891,-4.557041168212891,50,50,1.8005430614133757 1.660303899153966 2.3990779832738145 2.5500080338093531,1.6834366440381534 2.2393044456719911 2.9341080427974062 3.4074351377274694,29.718740315176547,0.0645693363621831,0.3221273459494114,29.78330965153873,0.018860602751374245
e1-v2,N20_i06_Aheur_s46,20,4,6,dceca5e3926d,Aheur,20.999999999962064,0.2203983403682772,95.28202419706004,0.6948661470027829,20.999999999962064,46,lightning_gpu,single,2,50,adam_0.1,0.1,-0.019373241698851018,2.602786477488503,4845,2020-08-05,2023-08-05,ok,,1000,284,960,524314,4,True,-335.896733734209,0.10326626518398818,-335.8967337342091,True,0.284,524314,0.10326626518398818,0.04711854312428167,0.0003649774883510841,13,1,False,False,True,1.966093291194919,0.3379538223637836,0.17138241805351742,0,0,2.061140763441914,129.09986130146405,336.0193732410919,1.000001020005537,0.2987147394014755,6.240988295758143e-05,0.0001248432745342143,0.0009347458108095452,1.3440573614397144,2.960806674298241,0.0012477316158417961,0.0006239235840358459,0.012407491213210942,0.006221747325581561,0.117371655691213,0.060504105988161916,0.7130681882132761,0.4642664262316737,1.000000627317167,0.09251247874817636,1.8662973161553964e-05,3.731734796019737e-05,0.00028071088854630943,9.74471216997007,68.40390985418946,0.00037311081953705916,0.0001866140585999876,0.003724849898504079,0.0018645742492925388,0.03663030758989538,0.018490069183192848,0.3114590205576848,0.17025053501266318,127.089372059076,-6.371306896209717,-6.3349504470825195,-6.427419185638428,38,-6.427419185638428,-6.427419185638428,50,50,2.8450397427097829 0.24261512621431053 0.85630314278475539 1.9536009066557216,1.8659482724703558 -1.9860779650244993 1.5370396942145423 1.8786593692820459,29.590831612236798,0.06517360638827085,0.32372016180306673,29.65600521862507,0.018797358497977257
e1-v2,N20_i06_Amargin_s42,20,4,6,dceca5e3926d,Amargin,0.6948661470027829,0.2203983403682772,3.152773953931269,0.6948661470027829,20.999999999962064,42,lightning_gpu,single,2,50,adam_0.1,0.1,-0.019373241698851018,2.602786477488503,4845,2020-08-05,2023-08-05,ok,,1000,377,893,540684,4,True,-11.137231593743378,-0.019373241698851018,-11.13723159374338,True,0.377,540684,-0.019373241698851018,0.0,0.0,1,1,True,True,True,2.061140763441914,0.3385426121303182,0.16376494905988534,2,2,2.061140763441914,4.278964751841643,11.137231593743378,1.000001109041067,0.34991603147864225,5.2702711400343105e-05,0.00010362432658439502,0.0008309114964504261,1.0408330814822202,3.5234602023516333,0.001035760189298185,0.000526902140657648,0.010309459028476131,0.005256545780237487,0.09844091340855321,0.0513393205742142,0.6452340346905001,0.40965077025354124,0.9999975618845092,0.012914489927019268,6.238539072001004e-07,1.00149108561709e-06,3.913419575951593e-05,6.291753673109619,38.72416773521234,1.0014865721941213e-05,6.2385215583438125e-06,0.00010014414395143056,6.238346425047059e-05,0.0010009902617817978,0.0006236595452873139,0.00996493359639683,0.006219121724625243,5.258568941320313,-6.193930149078369,-6.204608917236328,-6.193930149078369,49,-6.193930149078369,-6.193930149078369,50,50,2.4314546363447995 1.3787772821439981 2.6973649175810768 2.1908462769412909,0.78922499596820761 1.4017952993129845 2.6275257440902737 1.7429931843658264,29.794332364574075,0.06476131360977888,0.32245827093720436,29.859093678183854,0.01879624929279089
e1-v2,N20_i06_Amargin_s43,20,4,6,dceca5e3926d,Amargin,0.6948661470027829,0.2203983403682772,3.152773953931269,0.6948661470027829,20.999999999962064,43,lightning_gpu,single,2,50,adam_0.1,0.1,-0.019373241698851018,2.602786477488503,4845,2020-08-05,2023-08-05,ok,,1000,8,998,655394,4,True,-10.753462491761105,0.3643958602834213,-10.753462491761105,True,0.008,655394,0.3643958602834213,0.1474454801811408,0.03445821331378835,242,1,False,False,False,1.493155198839847,0.25017578239243726,0.16687868922536792,0,0,2.061140763441914,4.278964751841643,11.137231593743378,0.9999976059917279,0.007636781040446294,1.5774498933751602e-06,3.16278169520956e-06,2.3561667262583796e-05,5.841721313559583,28.585114033500815,3.162736681239231e-05,1.5774386958544717e-05,0.0003162286588556107,0.00015773267264873603,0.0031577903558109854,0.0015762076154559601,0.03113293756087354,0.015650745408071876,0.9999988119275521,0.16069603307551006,5.637496360577643e-05,0.00011174520113854669,0.0008064498688327149,5.944569272019086,36.021074927047714,0.0011168902642471057,0.0005636066414123064,0.011112934533266006,0.005621793516589646,0.10573349579834801,0.054816842429591395,0.6729082122491357,0.4309377949321632,5.258568941320313,-1.9818809032440186,-1.979989767074585,-1.9827384948730469,39,-1.9827384948730469,-1.9827384948730469,50,50,2.0492585716432195 0.13752423515278736 0.062924802978478217 2.6364640840167701,2.1358477512601008 -0.035894702258186806 0.082421794970139781 2.8134707154637018,29.849959653802216,0.06467731483280659,0.32053534779697657,29.914636968635023,0.01726897992193699
e1-v2,N20_i06_Amargin_s44,20,4,6,dceca5e3926d,Amargin,0.6948661470027829,0.2203983403682772,3.152773953931269,0.6948661470027829,20.999999999962064,44,lightning_gpu,single,2,50,adam_0.1,0.1,-0.019373241698851018,2.602786477488503,4845,2020-08-05,2023-08-05,ok,,1000,370,895,16460,4,True,-11.020147038609757,0.09771131343477091,-11.020147038609759,True,0.37,16460,0.09771131343477091,0.044984310525003145,0.0105128957899553,11,1,False,False,True,2.032434437562098,0.3581415616282313,0.17572107371720294,0,0,2.061140763441914,4.278964751841643,11.137231593743378,1.0000011091437424,0.37407904231440625,4.4671691284747794e-05,8.676850484334864e-05,0.000751616546040168,1.0196891421670993,2.905981871248354,0.0008673463320083563,0.0004466271233439789,0.008639688466156925,0.004457305505614739,0.08311412521390638,0.043689558550678353,0.5800932828842169,0.36028140263905506,1.0000017318821222,0.08818732399049622,2.2104422896518372e-05,4.4831580453319475e-05,0.00031796151961316355,4.222313131077171,22.70512936667538,0.000448225371167732,0.00022102224301312479,0.004473223740093846,0.002208025437849148,0.04384245685079036,0.02186214925969876,0.36130347181813605,0.1983207365805839,5.258568941320313,-6.281312465667725,-6.290225028991699,-6.281312465667725,49,-6.281312465667725,-6.281312465667725,50,50,0.38505090477492371 0.8108861395016167 1.274766337564649 3.0447811714676671,1.1194753738963239 -0.2652977577240152 0.49796555035784446 3.7607023266952879,29.82214812375605,0.06471590977162123,0.3220748146995902,29.886864033527672,0.018836379051208496
e1-v2,N20_i06_Amargin_s45,20,4,6,dceca5e3926d,Amargin,0.6948661470027829,0.2203983403682772,3.152773953931269,0.6948661470027829,20.999999999962064,45,lightning_gpu,single,2,50,adam_0.1,0.1,-0.019373241698851018,2.602786477488503,4845,2020-08-05,2023-08-05,ok,,1000,238,992,541188,4,True,-10.969085656843554,0.14877269520097336,-10.969085656843554,True,0.238,541188,0.14877269520097336,0.06460227850195104,0.015097642128074684,26,1,False,False,False,1.9612382632497212,0.3464028691899712,0.17611469022516804,0,0,2.061140763441914,4.278964751841643,11.137231593743378,0.9999986838619829,0.26274816016302793,9.653117012931034e-05,0.0001927018238347955,0.001366131276881788,2.6730366625507314,11.069483873858761,0.001925348067072119,0.0009648924872089903,0.01908752082236065,0.009607136702055596,0.17528746287635877,0.09202263541486477,0.8544453893946545,0.6191532804230109,1.000000933523527,0.036530160180973326,2.2463784262072295e-05,4.757347051054239e-05,0.0002894132285291562,9.255166470108882,66.0938516076908,0.0004756328724454528,0.0002246151360087989,0.004746161427490514,0.0022438823812569453,0.046460665618679786,0.02221359889268848,0.3785787102330773,0.20119655582742302,5.258568941320313,-4.86991548538208,-4.897075653076172,-4.89896297454834,47,-4.89896297454834,-4.89896297454834,50,50,1.8005430614133757 1.660303899153966 2.3990779832738145 2.5500080338093531,1.6080980514689458 2.3858309627905783 2.9420478169779622 3.4689138566492188,31.148412691429257,0.07105242647230625,0.3709230627864599,31.219465117901564,0.01937901694327593
e1-v2,N20_i06_Amargin_s46,20,4,6,dceca5e3926d,Amargin,0.6948661470027829,0.2203983403682772,3.152773953931269,0.6948661470027829,20.999999999962064,46,lightning_gpu,single,2,50,adam_0.1,0.1,-0.019373241698851018,2.602786477488503,4845,2020-08-05,2023-08-05,ok,,1000,358,885,524362,4,True,-11.09852960709611,0.01932874494841741,-11.098529607096111,True,0.358,524362,0.01932874494841741,0.0148694435682688,0.00347500959475515,3,1,False,False,True,1.9939915831055541,0.3267820422683304,0.1633818542809189,0,0,2.061140763441914,4.278964751841643,11.137231593743378,1.0000022300996891,0.3330462963494938,0.00018106852076016366,0.0003673606406664476,0.0024347437283722684,0.6545525879344749,1.57807401789888,0.003667539429235034,0.0018092105583388252,0.03607598819956126,0.01794551804856448,0.30748690691451885,0.16563549491162421,0.9746323703554147,0.8364847721751979,1.0000005534499112,0.04887468251979499,1.530057124909945e-05,3.0040793717489578e-05,0.0002086573031192529,9.259447960956702,62.237706195499015,0.00030036733020999407,0.00015299517808420315,0.0029996166283201564,0.0015288988718722418,0.029594491604712836,0.015184227506115588,0.2594872664283264,0.1418761847097686,5.258568941320313,-6.497793197631836,-6.535137176513672,-6.497793197631836,49,-6.497793197631836,-6.497793197631836,50,50,2.8450397427097829 0.24261512621431053 0.85630314278475539 1.9536009066557216,0.8426761507429219 -1.2971195436161256 1.6028015397044242 0.48433206213657903,31.389319096691906,0.07046902365982533,0.33546192198991776,31.459788120351732,0.019144907593727112
e1-v2,N20_i07_Aheur_s42,20,4,7,7e46eb92c5e6,Aheur,20.999999999962064,0.36106365019394215,58.16149033191821,0.79326025152121,20.999999999962064,42,lightning_gpu,single,2,50,adam_0.1,0.1,0.4894553755729123,2.3409301563602782,4845,2020-08-05,2023-08-05,ok,,1000,71,977,65729,4,True,-335.42982597626576,0.5701740231272859,-335.42982597626576,True,0.071,65729,0.5701740231272859,0.034481442060568135,0.00024058453258116432,12,1,False,False,True,1.5682726273088772,0.24445695819745647,0.15523892590998256,0,0,1.6974345325538758,143.32360310376717,335.5105446238201,1.0000000939575324,0.051303627164998034,1.0757999007182661e-05,3.2185753298108466e-05,0.00022545467800227925,7.433480122469276,35.613587216279214,0.0003218109204596864,0.00010757478216683047,0.0032134528995582112,0.0010752272160078347,0.031673806071325195,0.010700395939455154,0.2752023109866417,0.10199583153606506,0.9999991186522574,0.00016381547897265905,9.083308327717532e-09,1.854423192781951e-08,1.8674735083323846e-07,8.751012747233073,45.60967320594108,1.8544230384609506e-07,9.083307961343934e-08,1.8544214905880096e-06,9.083304243207024e-07,1.854406015655563e-05,9.083267115794769e-06,0.00018542512763319863,9.082895849010786e-05,127.15597207538423,-0.9013490080833435,-0.9028372168540955,-0.9090369343757629,42,-0.9090369343757629,-0.9090369343757629,50,50,2.4314546363447995 1.3787772821439981 2.6973649175810768 2.1908462769412909,2.5466206974291894 1.6810343060144661 2.8702664217787475 2.0103423917220899,31.361436472274363,0.07062285859137774,0.342896057292819,31.43205933086574,0.018657369539141655
e1-v2,N20_i07_Aheur_s43,20,4,7,7e46eb92c5e6,Aheur,20.999999999962064,0.36106365019394215,58.16149033191821,0.79326025152121,20.999999999962064,43,lightning_gpu,single,2,50,adam_0.1,0.1,0.4894553755729123,2.3409301563602782,4845,2020-08-05,2023-08-05,ok,,1000,5,1000,834,4,True,-335.0809932206379,0.9190067787551721,-335.0809932206379,True,0.005,834,0.9190067787551721,0.18349603554603028,0.0012802918121809848,588,1,False,False,False,1.7996575132425006,0.34042125676302826,0.1886032504881899,0,0,1.6974345325538758,143.32360310376717,335.5105446238201,0.9999989796089039,0.004324722208309595,8.877424306774628e-07,2.6621917186275823e-06,1.8641630276761134e-05,7.4354587885130465,30.30716693898208,2.6621598261611368e-05,8.877388842920553e-06,0.0002661840929529813,8.877034215204471e-05,0.002658654762989432,0.0008873488976368638,0.026270712246030392,0.008838140225887026,1.0000010517426028,0.10956578948389506,2.2921822164789774e-05,6.881739500386175e-05,0.00048126219371624757,7.959816751200226,43.225983111046844,0.0006879608766193757,0.00022919457964609702,0.006858349734256697,0.0022895833836469315,0.06650508478778938,0.022661369730496483,0.4975190902381813,0.20484709440327242,127.15597207538423,-1.7749409675598145,-1.7791765928268433,-1.7749409675598145,49,-1.7749409675598145,-1.7749409675598145,50,50,2.0492585716432195 0.13752423515278736 0.062924802978478217 2.6364640840167701,1.9004423691633485 0.045609015041725348 -0.08563787830571272 2.9985573952168165,31.37461993843317,0.0703999474644661,0.3394878525286913,31.445019885897636,0.016991705633699894
e1-v2,N20_i07_Aheur_s44,20,4,7,7e46eb92c5e6,Aheur,20.999999999962064,0.36106365019394215,58.16149033191821,0.79326025152121,20.999999999962064,44,lightning_gpu,single,2,50,adam_0.1,0.1,0.4894553755729123,2.3409301563602782,4845,2020-08-05,2023-08-05,ok,,1000,519,950,73793,4,True,-335.4350360756979,0.5649639236951451,-335.4350360756979,True,0.519,73793,0.5649639236951451,0.032255788545026455,0.0002250556631741463,11,1,False,False,True,1.4611167757690589,0.22039246835349627,0.15015395893871591,0,0,1.6974345325538758,143.32360310376717,335.5105446238201,0.9999988046985395,0.5382230063405586,0.00010932565783150494,0.0003285646525910124,0.002298055485880468,1.8635050095728356,3.201737301423784,0.00328079281698479,0.0010927188906099117,0.03232777944551868,0.010873613620561051,0.280082489138044,0.10356691977480348,0.9626038087441966,0.6648966687306859,1.0000020025386789,0.08714871656957257,1.809923014661763e-05,5.422897265816573e-05,0.0003799063833866967,4.920378914715351,22.10186256022925,0.0005421574105505256,0.0001809775609816766,0.005408366150834065,0.001808302441404952,0.052786197537523116,0.017936583644785897,0.4185931046500424,0.16555958410711313,127.15597207538423,-6.290683269500732,-6.299483299255371,-6.290683269500732,49,-6.290683269500732,-6.290683269500732,50,50,0.38505090477492371 0.8108861395016167 1.274766337564649 3.0447811714676671,1.0692167878753118 -0.20553027590344514 0.5122685313566897 3.7788942075401533,31.425064221024513,0.07050170004367828,0.33962406124919653,31.49556592106819,0.01872836984694004
e1-v2,N20_i07_Aheur_s45,20,4,7,7e46eb92c5e6,Aheur,20.999999999962064,0.36106365019394215,58.16149033191821,0.79326025152121,20.999999999962064,45,lightning_gpu,single,2,50,adam_0.1,0.1,0.4894553755729123,2.3409301563602782,4845,2020-08-05,2023-08-05,ok,,1000,177,990,131266,4,True,-335.4942372311308,0.5057627682622461,-335.49423723113074,True,0.177,131266,0.5057627682622461,0.006966202150468609,4.8604709898515715e-05,3,1,False,True,True,1.7797082547797427,0.28561504995198983,0.15992230703408963,1,0,1.6974345325538758,143.32360310376717,335.5105446238201,1.0000006204283869,0.1630124623516167,3.413239392102696e-05,0.00010244744771625847,0.0007164585622376762,4.230724315209003,14.27488289790265,0.0010240023095882123,0.0003412715180676207,0.01019296558230487,0.003407478966215405,0.09737915351296356,0.033557018059041765,0.6410337686983545,0.2891755350817333,1.000001141758947,0.03280536603415385,6.180682703416096e-06,1.8668515622266568e-05,0.00013025585485593183,10.076893860197073,57.42825309793854,0.0001866694738970054,6.180510802478167e-05,0.001865127472103878,0.0006178792143629597,0.01849550924989063,0.006161640557365011,0.1702965231347271,0.05993571526373809,127.15597207538423,-4.3915205001831055,-4.452139377593994,-4.564333915710449,41,-4.564333915710449,-4.564333915710449,50,50,1.8005430614133757 1.660303899153966 2.3990779832738145 2.5500080338093531,1.6843143411507269 2.2375252143271798 2.9336759046715488 3.4066993027129642,31.446043954230845,0.07098355330526829,0.33818749990314245,31.517027507536113,0.01981911901384592
e1-v2,N20_i07_Aheur_s46,20,4,7,7e46eb92c5e6,Aheur,20.999999999962064,0.36106365019394215,58.16149033191821,0.79326025152121,20.999999999962064,46,lightning_gpu,single,2,50,adam_0.1,0.1,0.4894553755729123,2.3409301563602782,4845,2020-08-05,2023-08-05,ok,,1000,284,955,131265,4,True,-335.4150754083535,0.5849245910395273,-335.41507540835346,True,0.284,131265,0.5849245910395273,0.04078259883458135,0.0002845490760168407,17,1,False,False,True,1.6553519038687512,0.26618014486981095,0.1601956322701257,0,0,1.6974345325538758,143.32360310376717,335.5105446238201,1.0000016270766157,0.29767464363976615,6.207810656633228e-05,0.0001861530399764888,0.0013030214904574677,1.835171363932186,2.97215516328429,0.0018599717906599977,0.0006206076782586667,0.018444810268692824,0.006188773509928525,0.1698678455226843,0.06019233230810084,0.8445923611242115,0.4624859258819053,0.9999998097486653,0.09263776789703115,1.8739727238425985e-05,5.624956975225359e-05,0.0003937902729376219,11.393886962477206,68.42378088389157,0.0005623533382429491,0.00018738147019203844,0.005609323844696257,0.0018722354594857826,0.05469830816466681,0.018565402589599822,0.43022373809600434,0.17088716910821533,127.15597207538423,-6.3745245933532715,-6.337644577026367,-6.435851573944092,38,-6.435851573944092,-6.435851573944092,50,50,2.8450397427097829 0.24261512621431053 0.85630314278475539 1.9536009066557216,1.86523878550591 -1.9869688640641121 1.5370461702786473 1.8780799999515236,31.366706983186305,0.07160593196749687,0.34070562943816185,31.4383129151538,0.01841962616890669
e1-v2,N20_i07_Amargin_s42,20,4,7,7e46eb92c5e6,Amargin,0.79326025152121,0.36106365019394215,2.1970094499823434,0.79326025152121,20.999999999962064,42,lightning_gpu,single,2,50,adam_0.1,0.1,0.4894553755729123,2.3409301563602782,4845,2020-08-05,2023-08-05,ok,,1000,87,797,8738,4,True,-12.026970273887617,0.6651937504517431,-12.026970273887617,True,0.087,8738,0.6651937504517431,0.07507202827104936,0.014401587380076956,55,1,False,False,False,1.7098553295861916,0.28883104121273573,0.16833648802463,0,0,1.6974345325538758,5.212760669348396,12.202708648766448,1.0000014644705577,0.08106761887120228,1.0049548109236639e-05,3.262353675381746e-05,0.00022472633463621605,1.396319170063082,4.08940071040257,0.00032618747842272366,0.00010049093651043339,0.003257091024346126,0.0010044550575840638,0.03209764421164907,0.009999270124985249,0.2783685223247718,0.09561125743493026,0.999997915111786,0.019867961843345938,5.063189746579155e-06,1.6300150946335634e-05,0.00011374275845810189,7.609351161817446,39.29226109647774,0.00016298955371163437,5.0630743866353356e-05,0.0016287006047998043,0.0005061920979864132,0.016168153066264734,0.005050406160500676,0.15041122268133822,0.049371586943162904,5.915533584739095,-6.238786697387695,-6.255335807800293,-6.238786697387695,49,-6.238786697387695,-6.238786697387695,50,50,2.4314546363447995 1.3787772821439981 2.6973649175810768 2.1908462769412909,0.85034827758278642 1.2678985365270976 2.6466229744652274 1.6700612250103413,31.447099552489817,0.07118118181824684,0.33704491797834635,31.518280734308064,0.019796257838606834
e1-v2,N20_i07_Amargin_s43,20,4,7,7e46eb92c5e6,Amargin,0.79326025152121,0.36106365019394215,2.1970094499823434,0.79326025152121,20.999999999962064,43,lightning_gpu,single,2,50,adam_0.1,0.1,0.4894553755729123,2.3409301563602782,4845,2020-08-05,2023-08-05,ok,,1000,12,998,327745,4,True,-12.068527236981863,0.6236367873574975,-12.068527236981861,True,0.012,327745,0.6236367873574975,0.05731969893250167,0.010996035031791846,29,1,False,False,False,1.4829635514268213,0.2315632557363199,0.15547466120423886,0,0,1.6974345325538758,5.212760669348396,12.202708648766448,1.0000006192154767,0.011223431634107328,2.3253414838109165e-06,6.9602058374584885e-06,4.861617685492092e-05,7.005700436337969,28.436239884932924,6.95998784141505e-05,2.3253171515080773e-05,0.0006957808381560238,0.00023250738470970145,0.006936063758737787,0.0023226426690190483,0.06723529388375604,0.02298516407871809,1.000000482196389,0.1551467767712893,4.690755667979829e-05,0.00014368018673849292,0.0009814242039283272,7.1019330672482335,36.19480416724393,0.0014358732434086585,0.0004689765648330235,0.014266308850559462,0.00467988075990089,0.13384422663035034,0.04582544910354536,0.7623378370781433,0.37442657428881665,5.915533584739095,-2.0411250591278076,-2.0422396659851074,-2.041361093521118,45,-2.041361093521118,-2.041361093521118,50,50,2.0492585716432195 0.13752423515278736 0.062924802978478217 2.6364640840167701,2.1088414637737367 -0.046577065113213599 0.022906808840528356 2.858540049687281,31.407927281223238,0.07124784216284752,0.3343525715172291,31.479175123386085,0.017442415468394756
e1-v2,N20_i07_Amargin_s44,20,4,7,7e46eb92c5e6,Amargin,0.79326025152121,0.36106365019394215,2.1970094499823434,0.79326025152121,20.999999999962064,44,lightning_gpu,single,2,50,adam_0.1,0.1,0.4894553755729123,2.3409301563602782,4845,2020-08-05,2023-08-05,ok,,1000,302,869,131266,4,True,-12.186401256077115,0.5057627682622461,-12.186401256077115,True,0.302,131266,0.5057627682622461,0.006966202150468609,0.0013363748294508593,3,1,False,True,True,1.7797082547797427,0.28561504995198983,0.15992230703408963,1,0,1.6974345325538758,5.212760669348396,12.202708648766448,0.9999992563940703,0.32073502625280526,4.3996504246024415e-05,0.00014061841648072004,0.0009630498243495822,1.3657987360410044,2.9941053730468656,0.0014052946891305318,0.0004398779465217828,0.013964410711406527,0.004390082503582304,0.1311878144513018,0.043043623459705804,0.7549475578551312,0.35594729824710447,1.0000028565454784,0.08841010178639408,2.08860856218962e-05,6.1016018662485294e-05,0.00043484364687174093,5.089879649045795,22.46235346130746,0.0006099926809270961,0.00020884122702646835,0.00608320991877187,0.0020864507032754,0.059193582195851024,0.020669695566440383,0.45674627454667516,0.1884936259384249,5.915533584739095,-6.398592472076416,-6.407358169555664,-6.398592472076416,49,-6.398592472076416,-6.398592472076416,50,50,0.38505090477492371 0.8108861395016167 1.274766337564649 3.0447811714676671,1.094652122988399 -0.27752522789498957 0.50858023715776191 3.7464404790679859,31.38827008754015,0.07058998756110668,0.33691519405692816,31.458860075101256,0.01982046850025654
e1-v2,N20_i07_Amargin_s45,20,4,7,7e46eb92c5e6,Amargin,0.79326025152121,0.36106365019394215,2.1970094499823434,0.79326025152121,20.999999999962064,45,lightning_gpu,single,2,50,adam_0.1,0.1,0.4894553755729123,2.3409301563602782,4845,2020-08-05,2023-08-05,ok,,1000,228,978,73794,4,True,-12.201410473427401,0.49075355091196027,-12.201410473427401,True,0.228,73794,0.49075355091196027,0.0005545553486595243,0.00010638419521547778,2,1,False,True,True,1.5908256304339088,0.23982737343567517,0.15012793914474043,1,0,1.6974345325538758,5.212760669348396,12.202708648766448,0.9999986747430994,0.2474600638015545,8.391070878133178e-05,0.00025512459251331165,0.0017499100213171914,3.1787992695871354,10.444715159397527,0.0025483189318300514,0.0008387903133836305,0.02519293949974566,0.008356313234089363,0.2252052646544852,0.08048988042756478,0.9220409369910691,0.5679190373767826,1.0000025148427811,0.029570760741989943,1.4467787877947558e-05,3.8445278732979205e-05,0.00029270057575558894,10.611095873144745,64.22984524727354,0.0003843862823725841,0.000144668459883035,0.0038372207578089013,0.0014457431587214797,0.03771635044653521,0.01436373549615333,0.319181942216908,0.1346999255881397,5.915533584739095,-5.040582656860352,-5.101766586303711,-5.104889869689941,46,-5.104889869689941,-5.104889869689941,50,50,1.8005430614133757 1.660303899153966 2.3990779832738145 2.5500080338093531,1.5185805880144498 2.2889598720399285 2.9236705171432127 3.4972040470545696,31.15389866195619,0.07129726186394691,0.37326952535659075,31.225195923820138,0.018465465866029263
e1-v2,N20_i07_Amargin_s46,20,4,7,7e46eb92c5e6,Amargin,0.79326025152121,0.36106365019394215,2.1970094499823434,0.79326025152121,20.999999999962064,46,lightning_gpu,single,2,50,adam_0.1,0.1,0.4894553755729123,2.3409301563602782,4845,2020-08-05,2023-08-05,ok,,1000,235,784,73794,4,True,-12.201410473427401,0.49075355091196027,-12.201410473427401,True,0.235,73794,0.49075355091196027,0.0005545553486595243,0.00010638419521547778,2,1,False,True,True,1.5908256304339088,0.23982737343567517,0.15012793914474043,1,0,1.6974345325538758,5.212760669348396,12.202708648766448,1.0000001957120872,0.23908987669165072,0.00010656219819793478,0.00031101502827368677,0.002189606624597218,0.8236162914783547,2.3286957805247956,0.003105801025272137,0.0010651111295665316,0.030627515812259865,0.010600205247751293,0.2673325792661475,0.10108596891507338,0.9554273142537903,0.6555060545326516,0.9999996510283975,0.04826148857387125,1.1399886716390029e-05,3.56747177647776e-05,0.00023845288433221867,11.003130964696597,63.68463306364856,0.00035668991224879765,0.00011399301925785199,0.0035611793185830187,0.001139345621916421,0.03504648918287068,0.011335218465002628,0.3000550159393994,0.10774161311756802,5.915533584739095,-6.596459865570068,-6.588245391845703,-6.662383556365967,47,-6.662383556365967,-6.662383556365967,50,50,2.8450397427097829 0.24261512621431053 0.85630314278475539 1.9536009066557216,0.8442084553548781 -1.3412095865460332 1.6047886204649802 0.485800203863958,31.45632234495133,0.07098111882805824,0.33700676169246435,31.52730346377939,0.01991875935345888
e1-v2,N20_i08_Aheur_s42,20,4,8,eeddddb9f28e,Aheur,20.999999999962064,0.3508099333799465,59.861474838051144,0.915146320882585,20.999999999962064,42,lightning_gpu,single,2,50,adam_0.1,0.1,0.39534559463552177,3.067198407548471,4845,2020-08-05,2023-08-05,ok,,1000,60,974,589844,4,True,-335.5843494050031,0.4156505943899429,-335.5843494050031,True,0.06,589844,0.4156505943899429,0.006620047697093834,6.0502735846840164e-05,3,1,False,True,True,1.6480910149412813,0.24267940999952287,0.14664202875235838,1,0,1.8393253197712025,109.41732806681955,335.6046544047575,1.000001097916102,0.05197393428625219,1.1098891263827682e-05,5.533608782570809e-05,0.0001986158777071978,8.293284681750492,35.63003072590651,0.0005532231048706038,0.00011098336945991605,0.00551847883593648,0.0011092795797358335,0.05383434940606435,0.011037586722823511,0.4249947968303287,0.10505187973323449,0.9999974359440856,0.000317529404889493,3.932251146920862e-08,1.6830362881137262e-07,4.970632818679377e-07,9.742931256455567,45.5910150112596,1.6830350134666716e-06,3.9322504508110256e-07,1.683022266762979e-05,3.932243492932308e-06,0.00016828948071079264,3.9321739122466504e-05,0.0016816209181629294,0.0003931478195577931,127.36839822995593,-0.8987818956375122,-0.9001271724700928,-0.9064494967460632,42,-0.9064494967460632,-0.9064494967460632,50,50,2.4314546363447995 1.3787772821439981 2.6973649175810768 2.1908462769412909,2.5485299059888522 1.6820936154217518 2.8700358200271756 2.0103951704167771,31.361412091180682,0.07050164509564638,0.34398782532662153,31.43191373627633,0.018715746700763702
e1-v2,N20_i08_Aheur_s43,20,4,8,eeddddb9f28e,Aheur,20.999999999962064,0.3508099333799465,59.861474838051144,0.915146320882585,20.999999999962064,43,lightning_gpu,single,2,50,adam_0.1,0.1,0.39534559463552177,3.067198407548471,4845,2020-08-05,2023-08-05,ok,,1000,4,999,213504,4,True,-334.8503461956658,1.1496538037272197,-334.8503461956658,True,0.004,213504,1.1496538037272197,0.24592742589958377,0.0022476094988300166,1031,1,False,False,False,1.3680890321175683,0.2530818290219462,0.18425835095817306,0,0,1.8393253197712025,109.41732806681955,335.6046544047575,0.9999989269713083,0.004376992342372432,8.965620281742304e-07,4.482228519009368e-06,1.614103388192234e-05,8.291507182254705,30.29583658591003,4.482138113415246e-05,8.965584109787983e-06,0.00044812341911648623,8.965222400780792e-05,0.004472208324523885,0.0008961606380768483,0.043832704207907525,0.008925552935664771,0.9999998269424806,0.11027439427562058,2.319327359145973e-05,0.00011598831042647362,0.0004171730706730159,8.862681887558729,43.137801904236035,0.0011592778935106685,0.00023190853065435668,0.011532488878735703,0.0023166666321287055,0.10952035778906755,0.022926639806901017,0.6864982622641255,0.20700267101663838,127.36839822995593,-1.7755026817321777,-1.7796058654785156,-1.7755026817321777,49,-1.7755026817321777,-1.7755026817321777,50,50,2.0492585716432195 0.13752423515278736 0.062924802978478217 2.6364640840167701,1.9028159301436434 0.046183177266539498 -0.085981681284753531 2.998459976644511,31.160287386737764,0.07085283286869526,0.33763996977359056,31.23114021960646,0.016202676109969616
e1-v2,N20_i08_Aheur_s44,20,4,8,eeddddb9f28e,Aheur,20.999999999962064,0.3508099333799465,59.861474838051144,0.915146320882585,20.999999999962064,44,lightning_gpu,single,2,50,adam_0.1,0.1,0.39534559463552177,3.067198407548471,4845,2020-08-05,2023-08-05,ok,,1000,535,950,802820,4,True,-335.484652401774,0.5153475976190569,-335.484652401774,True,0.535,802820,0.5153475976190569,0.03912430401900525,0.00035756954323644803,11,1,False,False,True,1.8763843035184615,0.3108632829399539,0.1651384966069693,0,0,1.8393253197712025,109.41732806681955,335.6046544047575,1.000001186176608,0.5381058081402443,0.0001078657151083462,0.000540224697033409,0.0019480640039546415,2.0904882114910057,3.197487982675411,0.005389132949189301,0.0010781337260949986,0.05260301140512169,0.01072918060581085,0.4174677154569514,0.102257080667294,0.9955001297218494,0.6599679259328673,1.000002315897973,0.08715768371075683,1.8228491171612404e-05,9.104658238356933e-05,0.0003275079307059059,5.495762237249492,22.114311838731567,0.0009100928877813219,0.0001822699599378641,0.00906374708222113,0.001821205320575725,0.08702860291806092,0.018063520270097166,0.5976799141585893,0.1666375130998965,127.36839822995593,-6.287384986877441,-6.29616117477417,-6.287384986877441,49,-6.287384986877441,-6.287384986877441,50,50,0.38505090477492371 0.8108861395016167 1.274766337564649 3.0447811714676671,1.0705633262213938 -0.20574986045687507 0.51181757522102334 3.7790823916420568,31.35565541125834,0.07045653183013201,0.33769091591238976,31.426111943088472,0.0186455138027668
e1-v2,N20_i08_Aheur_s45,20,4,8,eeddddb9f28e,Aheur,20.999999999962064,0.3508099333799465,59.861474838051144,0.915146320882585,20.999999999962064,45,lightning_gpu,single,2,50,adam_0.1,0.1,0.39534559463552177,3.067198407548471,4845,2020-08-05,2023-08-05,ok,,1000,173,994,589956,4,True,-335.48416068578905,0.5158393136039718,-335.4841606857891,True,0.173,589956,0.5158393136039718,0.039284618390486664,0.00035903470761501437,12,1,False,False,True,1.5454887429435953,0.2329324102465014,0.15007059178234733,0,0,1.8393253197712025,109.41732806681955,335.6046544047575,1.0000007657159697,0.16335485580566456,3.4393076930427924e-05,0.000171966508787591,0.0006184605663293041,4.716542360588127,14.242245624772789,0.0017183349363428801,0.000343877544417559,0.017051086005596128,0.0034334589914860603,0.15800507891456195,0.03380892911925737,0.8209003577187478,0.2910261838851813,1.0000009811217332,0.03197631649572941,5.578960553975776e-06,2.8110827315686038e-05,0.00010214477879344486,11.235276027770084,57.54859425684732,0.0002810727159847648,5.578820494456238e-05,0.002807174738945206,0.0005577420157077961,0.027719778583935373,0.00556344252977492,0.24505639230997067,0.054262054164550655,127.36839822995593,-4.390957355499268,-4.454532146453857,-4.553977012634277,41,-4.553977012634277,-4.553977012634277,50,50,1.8005430614133757 1.660303899153966 2.3990779832738145 2.5500080338093531,1.6865344479344477 2.2427078599086401 2.9337565370961016 3.4063947667184826,31.162221843376756,0.0719210971146822,0.3710993332788348,31.234142940491438,0.018593707121908665
e1-v2,N20_i08_Aheur_s46,20,4,8,eeddddb9f28e,Aheur,20.999999999962064,0.3508099333799465,59.861474838051144,0.915146320882585,20.999999999962064,46,lightning_gpu,single,2,50,adam_0.1,0.1,0.39534559463552177,3.067198407548471,4845,2020-08-05,2023-08-05,ok,,1000,286,963,851972,4,True,-335.5317132596948,0.4682867396982304,-335.5317132596948,True,0.286,851972,0.4682867396982304,0.02378103251592666,0.00021734247158186805,7,1,False,False,True,1.7294449938497178,0.26852722777789784,0.1546896424744833,0,0,1.8393253197712025,109.41732806681955,335.6046544047575,1.0000007633426744,0.3022203089640243,6.346315785776824e-05,0.00031712509371573105,0.0011405569675844163,2.04212383417334,2.9412628188303183,0.0031667291875350223,0.000634450368488304,0.031219813799531315,0.0063264205697589615,0.2717969745199854,0.06149319469935233,0.958070007015626,0.4698799121708236,1.0000007082824247,0.09171521835196472,1.833886926760897e-05,9.17689631023677e-05,0.0003308681698399596,12.69109987449727,68.37437308604572,0.0009173107543326564,0.000183373559280553,0.009135334364427039,0.0018322231686980217,0.08768793794634333,0.018171900549195152,0.600575988673278,0.16755687207614323,127.36839822995593,-6.375456809997559,-6.338786602020264,-6.428238391876221,38,-6.428238391876221,-6.428238391876221,50,50,2.8450397427097829 0.24261512621431053 0.85630314278475539 1.9536009066557216,1.8670166897560747 -1.9858133607671831 1.5361423934187668 1.8799165222578629,31.163991225883365,0.0707896426320076,0.3411604203283787,31.234780868515372,0.018533147871494293
e1-v2,N20_i08_Amargin_s42,20,4,8,eeddddb9f28e,Amargin,0.915146320882585,0.3508099333799465,2.608667069559376,0.915146320882585,20.999999999962064,42,lightning_gpu,single,2,50,adam_0.1,0.1,0.39534559463552177,3.067198407548471,4845,2020-08-05,2023-08-05,ok,,1000,435,903,786452,4,True,-14.17901288022078,0.4633282539005792,-14.179012880220782,True,0.435,786452,0.4633282539005792,0.022164415284563914,0.004771718996938133,6,1,False,False,True,1.7819641122829286,0.2803108335248586,0.1567432428069637,0,0,1.8393253197712025,4.6449540089821175,14.246995539485837,0.9999989581707576,0.43090457793005044,7.049865962471813e-05,0.0003582960562198423,0.0013074786329525523,1.6203045921577455,3.5000775882230695,0.0035771891554599033,0.0007047629855425619,0.035201517580577324,0.007025320720621453,0.30117872741170604,0.06807332731839266,0.9722245459423883,0.505897082128203,0.9999983556446462,0.014761203774452447,8.528585340172867e-07,7.106655289135233e-06,3.604738583362632e-05,8.365969754393387,38.5462409272274,7.106428022973788e-05,8.528552608688678e-06,0.0007104155894210873,8.528225303205961e-05,0.00708148780161455,0.0008524953169199989,0.06860033249244968,0.008492323732396834,6.859276155479052,-6.243730068206787,-6.249741077423096,-6.243730068206787,49,-6.243730068206787,-6.243730068206787,50,50,2.4314546363447995 1.3787772821439981 2.6973649175810768 2.1908462769412909,0.77940772758314891 1.427083706202716 2.6220470946860988 1.7542993935988254,31.42712618969381,0.07066036760807037,0.3361024521291256,31.49778655730188,0.018543295562267303
e1-v2,N20_i08_Amargin_s43,20,4,8,eeddddb9f28e,Amargin,0.915146320882585,0.3508099333799465,2.608667069559376,0.915146320882585,20.999999999962064,43,lightning_gpu,single,2,50,adam_0.1,0.1,0.39534559463552177,3.067198407548471,4845,2020-08-05,2023-08-05,ok,,1000,5,996,327697,4,True,-13.668662982884609,0.9736781512367507,-13.668662982884612,True,0.005,327697,0.9736781512367507,0.18855400914982692,0.040593299478361496,513,1,False,False,False,0.9935743722849821,0.1593385798345095,0.15936258447404278,0,0,1.8393253197712025,4.6449540089821175,14.246995539485837,1.000000572441687,0.007526406085275994,1.542260179121513e-06,7.685392347411835e-06,2.761570510756428e-05,7.873389094853368,28.481480371799833,7.685126559209277e-05,1.5422494756167637e-05,0.0007682469351146803,0.00015421424460138056,0.0076559645377936025,0.0015410726945022102,0.07397515922228903,0.015304294223693615,1.0000001127120095,0.16028680188537692,5.548158151214011e-05,0.00027729690191335976,0.0009669377577665728,7.903980852467608,35.87717317472534,0.0027695113658428028,0.0005546773163485064,0.02735249177292398,0.005532948610686761,0.2421996782460516,0.0539720081475733,0.9375477839643609,0.4258308310852639,6.859276155479052,-2.0057618618011475,-2.0051867961883545,-2.008655071258545,48,-2.008655071258545,-2.008655071258545,50,50,2.0492585716432195 0.13752423515278736 0.062924802978478217 2.6364640840167701,2.1163789896152285 -0.037195206038389265 0.07482754956697571 2.8185181035450722,31.272810460068285,0.07097532600164413,0.333616292104125,31.34378578606993,0.017414718866348267
e1-v2,N20_i08_Amargin_s44,20,4,8,eeddddb9f28e,Amargin,0.915146320882585,0.3508099333799465,2.608667069559376,0.915146320882585,20.999999999962064,44,lightning_gpu,single,2,50,adam_0.1,0.1,0.39534559463552177,3.067198407548471,4845,2020-08-05,2023-08-05,ok,,1000,333,876,589829,4,True,-14.06217396624442,0.5801671678769401,-14.062173966244423,True,0.333,589829,0.5801671678769401,0.06025745605063132,0.012972670113441224,25,1,False,False,False,1.5373950701406927,0.23872549169367066,0.15462875893827052,0,0,1.8393253197712025,4.6449540089821175,14.246995539485837,0.9999997377918804,0.3312630708423967,3.644683238235302e-05,0.00019022308697458357,0.000710994780092733,1.5682202385001207,2.982825277229148,0.0019006033784267906,0.0003644085529114216,0.018844301720594148,0.0036381156206420906,0.17324028940085046,0.035791283181532685,0.8507916782266584,0.3054387764703733,1.0000017337198415,0.08829090293147601,2.3359056285698898e-05,0.00011464170893304981,0.00040687569526198786,5.7132041122990564,22.6307180336305,0.0011458258476344518,0.00023356601033841518,0.011399357380455388,0.0023332067431157677,0.10832029036228585,0.023088612004650066,0.6822475974983682,0.20831626477287368,6.859276155479052,-6.317657947540283,-6.32634973526001,-6.317657947540283,49,-6.317657947540283,-6.317657947540283,50,50,0.38505090477492371 0.8108861395016167 1.274766337564649 3.0447811714676671,1.104512051411771 -0.27558668176999263 0.50546293351220528 3.7518938833891675,31.28939680662006,0.07042794767767191,0.3367533339187503,31.359824754297733,0.018543829210102558
e1-v2,N20_i08_Amargin_s45,20,4,8,eeddddb9f28e,Amargin,0.915146320882585,0.3508099333799465,2.608667069559376,0.915146320882585,20.999999999962064,45,lightning_gpu,single,2,50,adam_0.1,0.1,0.39534559463552177,3.067198407548471,4845,2020-08-05,2023-08-05,ok,,1000,249,983,589844,4,True,-14.226690539731417,0.4156505943899429,-14.226690539731418,True,0.249,589844,0.4156505943899429,0.006620047697093834,0.0014252127543765566,3,1,False,True,True,1.6480910149412813,0.24267940999952287,0.14664202875235838,1,0,1.8393253197712025,4.6449540089821175,14.246995539485837,0.99999909169729,0.2264570862880646,9.40541285672225e-05,0.0004664067892008461,0.0016072028593043797,3.6580244793088252,10.513173514483231,0.00465429096908343,0.0009401433074386345,0.04558010138240365,0.009361758501452933,0.372816169467449,0.08977053501522558,0.9905822201867898,0.6096008178473704,1.0000012303423484,0.036600096262873194,2.761174073384609e-05,0.00012717074241663795,0.000419429522480641,11.905610153714447,65.39030537080238,0.0012709799130125043,0.0002760831014942955,0.012637352411079772,0.0027574035544004616,0.11942381430792903,0.02723439193323629,0.719670138667099,0.24127904654986831,6.859276155479052,-4.982564449310303,-5.017004489898682,-5.008964538574219,46,-5.008964538574219,-5.008964538574219,50,50,1.8005430614133757 1.660303899153966 2.3990779832738145 2.5500080338093531,1.5413810134451329 2.327660616657345 2.9196258090226408 3.4878330541164027,31.35925822239369,0.07118760421872139,0.34270604234188795,31.430445826612413,0.018943147733807564
e1-v2,N20_i08_Amargin_s46,20,4,8,eeddddb9f28e,Amargin,0.915146320882585,0.3508099333799465,2.608667069559376,0.915146320882585,20.999999999962064,46,lightning_gpu,single,2,50,adam_0.1,0.1,0.39534559463552177,3.067198407548471,4845,2020-08-05,2023-08-05,ok,,1000,340,906,851972,4,True,-14.174054394423129,0.4682867396982304,-14.17405439442313,True,0.34,851972,0.4682867396982304,0.02378103251592666,0.005119756292514502,7,1,False,False,True,1.7294449938497178,0.26852722777789784,0.1546896424744833,0,0,1.8393253197712025,4.6449540089821175,14.246995539485837,0.9999994516230994,0.3521608420596749,0.0001807752560125664,0.0008794996974756941,0.0030092971137491986,1.263591967249622,1.5857586988649275,0.00876027009917879,0.0018062826826296119,0.08422874620522935,0.01791671221859703,0.5851700842204306,0.16539072504197583,0.999849096023786,0.8360044487887477,1.0000004854745594,0.04754779690460964,1.4212192581908312e-05,7.135897521948209e-05,0.0002410417473583948,12.183233418496366,62.33511486761239,0.0007133606511429136,0.00014211283677478814,0.0071107502653458,0.0014202198894491813,0.06887479040987177,0.014111775691740602,0.5101299925162672,0.13248539863728936,6.859276155479052,-6.560268402099609,-6.557150840759277,-6.5851969718933105,46,-6.5851969718933105,-6.5851969718933105,50,50,2.8450397427097829 0.24261512621431053 0.85630314278475539 1.9536009066557216,0.80934645968104568 -1.365327202414172 1.5939689661026373 0.46163848775400063,31.347192444838583,0.07086674030870199,0.3362724669277668,31.418059185147285,0.018623231910169125
e1-v2,N20_i09_Aheur_s42,20,4,9,86b8495c91a6,Aheur,20.99999999995961,0.496922480963387,42.26011260196312,1.0627047783959083,20.99999999995961,42,lightning_gpu,single,2,50,adam_0.1,0.1,0.6056648016118218,2.7863880162245467,4845,2020-08-05,2023-08-05,ok,,1000,63,972,720898,4,True,-334.97443810411283,1.0255618952409067,-334.9744381041129,True,0.063,720898,1.0255618952409067,0.15069584393275923,0.0012519504641648816,226,1,False,False,False,1.4102238282201702,0.24850552231307427,0.1755079706924599,0,0,1.9179206940306357,120.36885503555565,335.39433519774195,1.0000005899675122,0.05446740218667401,1.1550258022907656e-05,4.615490888681961e-05,0.00023038160452415468,9.827835447086132,35.66190967461765,0.00046145323826329854,0.00011549657703324723,0.004604961905388727,0.0011543656795058865,0.04510698796263568,0.011483875808584232,0.36970022571729066,0.10908232082367542,0.999997300877249,0.00018147351396366804,4.4738648341535736e-08,1.651354430975971e-07,7.982878269530147e-07,11.566347451996835,45.521360755060456,1.6513532038464618e-06,4.4738639337627006e-07,1.6513409325402684e-05,4.473854926523302e-06,0.00016512182262340414,4.473764858381468e-05,0.0016499918315941997,0.00044728643100855336,127.4230270517174,-0.8964164853096008,-0.8972209095954895,-0.9040170907974243,42,-0.9040170907974243,-0.9040170907974243,50,50,2.4314546363447995 1.3787772821439981 2.6973649175810768 2.1908462769412909,2.5441584498736129 1.6786825689007667 2.8695626828484908 2.0108716733953069,31.32888597343117,0.07058518659323454,0.3413256946951151,31.399471160024405,0.018412239849567413
e1-v2,N20_i09_Aheur_s43,20,4,9,86b8495c91a6,Aheur,20.99999999995961,0.496922480963387,42.26011260196312,1.0627047783959083,20.99999999995961,43,lightning_gpu,single,2,50,adam_0.1,0.1,0.6056648016118218,2.7863880162245467,4845,2020-08-05,2023-08-05,ok,,1000,3,999,526466,4,True,-334.9577732192713,1.042226780082468,-334.9577732192713,True,0.003,526466,1.042226780082468,0.1566766638130219,0.0013016379009897644,248,1,False,False,False,1.3391066491723842,0.23345448306524252,0.17358922323991724,0,0,1.9179206940306357,120.36885503555565,335.39433519774195,1.000001104862747,0.004382592134845709,8.982534041024337e-07,3.5930307831222308e-06,1.7962694357720466e-05,9.802921068974236,30.27776491922961,3.5929726892591773e-05,8.982497732401562e-06,0.0003592391819545737,8.982134657453678e-05,0.0035865900038047904,0.0008978504983478963,0.03529253857144299,0.008942315603575723,1.0000001229496975,0.10955568720055453,2.302245411556214e-05,9.208298797602765e-05,0.00046039025983191095,10.525883052150789,43.181573336323396,0.0009204484059904816,0.00023020069111712171,0.009166452351528798,0.0022996237183289248,0.08797440797869316,0.022759718534108964,0.601828427038533,0.2056468881652419,127.4230270517174,-1.7805113792419434,-1.784754753112793,-1.7805113792419434,49,-1.7805113792419434,-1.7805113792419434,50,50,2.0492585716432195 0.13752423515278736 0.062924802978478217 2.6364640840167701,1.9001781007024334 0.046483046719384614 -0.086188907756026806 2.9984226557595637,31.357683565467596,0.07043300196528435,0.33333142194896936,31.42811656743288,0.016939393244683743
e1-v2,N20_i09_Aheur_s44,20,4,9,86b8495c91a6,Aheur,20.99999999995961,0.496922480963387,42.26011260196312,1.0627047783959083,20.99999999995961,44,lightning_gpu,single,2,50,adam_0.1,0.1,0.6056648016118218,2.7863880162245467,4845,2020-08-05,2023-08-05,ok,,1000,539,948,524436,4,True,-335.37236994233143,0.627630057022321,-335.37236994233143,True,0.539,524436,0.627630057022321,0.007883056947776183,6.549083602604356e-05,4,1,False,True,True,1.7749069396886983,0.2963991257169143,0.1664307683470574,1,0,1.9179206940306357,120.36885503555565,335.39433519774195,0.9999997194774326,0.5374247020445182,0.00010822813055710867,0.0004332348835305311,0.0021679134952137247,2.4128373016240934,3.193903319860886,0.0043239124248081184,0.0010817543578967026,0.04240742228025918,0.010765036532988215,0.35165269187179127,0.102582412765159,0.9868756706475311,0.661198157002306,1.0000020506909095,0.08716920844744891,1.8181670384365134e-05,7.269413254107349e-05,0.00036332810486783274,6.482453100258539,22.09416788704749,0.0007267035718417914,0.00018180182877369777,0.0072433172987345085,0.0018165316728523395,0.07011724891740745,0.018017543317745077,0.5166275231244633,0.1662472277575252,127.4230270517174,-6.29758358001709,-6.3062968254089355,-6.29758358001709,49,-6.29758358001709,-6.29758358001709,50,50,0.38505090477492371 0.8108861395016167 1.274766337564649 3.0447811714676671,1.0692365712502487 -0.20496999096706647 0.51244090563937583 3.7782145520788899,31.168597023002803,0.06644086539745331,0.3636370087042451,31.235037888400257,0.029889779165387154
e1-v2,N20_i09_Aheur_s45,20,4,9,86b8495c91a6,Aheur,20.99999999995961,0.496922480963387,42.26011260196312,1.0627047783959083,20.99999999995961,45,lightning_gpu,single,2,50,adam_0.1,0.1,0.6056648016118218,2.7863880162245467,4845,2020-08-05,2023-08-05,ok,,1000,175,994,655384,4,True,-335.2567598715254,0.7432401278283556,-335.2567598715254,True,0.175,655384,0.7432401278283556,0.049374073321971614,0.0004101897729889268,20,1,False,False,True,1.8482659214143182,0.328689837195371,0.17729582815908776,0,0,1.9179206940306357,120.36885503555565,335.39433519774195,1.0000022826633588,0.1596960696078895,3.36030607286375e-05,0.0001343955700576771,0.0006717433025187347,5.574923860199636,14.28943812841802,0.0013431431941890448,0.00033597979938326805,0.013350540514794229,0.0033547228331517465,0.12576372466686347,0.03304529495518682,0.739211623749733,0.285402801118234,1.0000023278550252,0.03239587231564656,5.812405106553342e-06,2.3334339402936166e-05,0.00011696724277499015,13.349195580835941,57.40425801393829,0.00023331889344113677,5.812253080672569e-05,0.0023307407611791175,0.0005810733113403854,0.023064464938230222,0.005795562554450573,0.20812055647754502,0.05646726546664571,127.4230270517174,-4.396995544433594,-4.4529008865356445,-4.572144508361816,41,-4.572144508361816,-4.572144508361816,50,50,1.8005430614133757 1.660303899153966 2.3990779832738145 2.5500080338093531,1.6864478073515474 2.2365932051179169 2.9330811426280432 3.4056607194830453,29.437756339088082,0.06558017153292894,0.32134497445076704,29.50333651062101,0.020794134587049484
e1-v2,N20_i09_Aheur_s46,20,4,9,86b8495c91a6,Aheur,20.99999999995961,0.496922480963387,42.26011260196312,1.0627047783959083,20.99999999995961,46,lightning_gpu,single,2,50,adam_0.1,0.1,0.6056648016118218,2.7863880162245467,4845,2020-08-05,2023-08-05,ok,,1000,280,959,524824,4,True,-335.2104458102751,0.7895541890786857,-335.2104458102751,True,0.28,524824,0.7895541890786857,0.0659956138183609,0.0005482781554985009,35,1,False,False,False,1.673099822655335,0.28950301492452823,0.1724362234804689,0,0,1.9179206940306357,120.36885503555565,335.39433519774195,0.9999990080211036,0.29742302167142043,6.233174644876271e-05,0.0002492355779395439,0.0012457042466849089,2.3824434235124405,2.979079415608325,0.0024895623096393704,0.0006231426574476728,0.024618560244358267,0.006213981774578881,0.22062786789211009,0.06043068961170284,0.9173108119812684,0.4638476330061925,0.9999993775207869,0.0925508609489043,1.8575869034975767e-05,7.433720202243421e-05,0.00037183363565418404,15.118002418949132,68.43861752070185,0.0007431233986303631,0.0001857431632878992,0.007406432710184485,0.0018558798780959895,0.07164396852807076,0.018404570302402945,0.5245053515773788,0.1695274606570898,127.4230270517174,-6.3794264793396,-6.341940402984619,-6.445302486419678,38,-6.445302486419678,-6.445302486419678,50,50,2.8450397427097829 0.24261512621431053 0.85630314278475539 1.9536009066557216,1.8648124651124067 -1.9879378695973424 1.536830615817278 1.8777916106796393,29.451502616517246,0.06510642357170582,0.32419974729418755,29.51660904008895,0.019438394345343113
e1-v2,N20_i09_Amargin_s42,20,4,9,86b8495c91a6,Amargin,1.0627047783959083,0.496922480963387,2.138572552273416,1.0627047783959083,20.99999999995961,42,lightning_gpu,single,2,50,adam_0.1,0.1,0.6056648016118218,2.7863880162245467,4845,2020-08-05,2023-08-05,ok,,1000,448,952,655370,4,True,-16.286351850621323,0.7169246037132102,-16.286351850621323,True,0.448,655370,0.7169246037132102,0.03992975904775149,0.006785122398170376,14,1,False,False,True,1.8182396453743355,0.3178694860316984,0.17427267458270715,0,0,1.9179206940306357,5.884898857317392,16.39761165272271,1.0000011172532282,0.4684234862579615,8.180264558177441e-05,0.00032933122565736994,0.0016512735455762595,1.9553050217783923,1.3691400736321386,0.003288435882850105,0.0008177253962188269,0.03240198015577367,0.008147229116407195,0.28063432849866277,0.07854928946647255,0.9628894755220603,0.5587130416785753,0.9999987750328553,0.024578697680624373,1.128917392634321e-05,4.26781643909635e-05,0.00020779828719241777,10.282820530747061,40.01963407413593,0.0004266996890799346,0.0001128860043909663,0.0042588129385715545,0.0011282867702497867,0.04178114301013347,0.01122575332730369,0.34739990633520135,0.10675321070708077,7.799255722335189,-6.6165547370910645,-6.694850444793701,-6.6165547370910645,49,-6.6165547370910645,-6.6165547370910645,50,50,2.4314546363447995 1.3787772821439981 2.6973649175810768 2.1908462769412909,0.749996444746031 0.65332043824858033 2.6143215156260466 1.3588851176048684,29.28628820180893,0.06476024352014065,0.3212323458865285,29.35104844532907,0.02063626889139414
e1-v2,N20_i09_Amargin_s43,20,4,9,86b8495c91a6,Amargin,1.0627047783959083,0.496922480963387,2.138572552273416,1.0627047783959083,20.99999999995961,43,lightning_gpu,single,2,50,adam_0.1,0.1,0.6056648016118218,2.7863880162245467,4845,2020-08-05,2023-08-05,ok,,1000,14,998,533632,4,True,-15.78974531944913,1.2135311348854017,-15.789745319449134,True,0.014,533632,1.2135311348854017,0.2181556659496463,0.0370704189211999,536,1,False,False,False,1.1850659515746058,0.21081075757968984,0.1770456380937388,0,0,1.9179206940306357,5.884898857317392,16.39761165272271,1.0000003436361566,0.010358308529248461,2.1637747522618156e-06,8.642002740089083e-06,4.297766440686246e-05,9.250856386763806,28.364101714627246,8.641666668884884e-05,2.163753683737113e-05,0.0008638306915054184,0.00021635430135436007,0.008604804993596171,0.0021614378151008085,0.0827914450758459,0.021405353715269304,0.999999408434268,0.14696301035110082,4.7743451432324946e-05,0.0001894721826829482,0.0009457245832891203,9.49210399250063,37.012206133151295,0.0018931071559379342,0.00047733195270960316,0.01877060956109855,0.004763079506481027,0.1726191208687684,0.04662274306262848,0.8496668350246483,0.3796341608842142,7.799255722335189,-2.0784080028533936,-2.0811853408813477,-2.0784080028533936,49,-2.0784080028533936,-2.0784080028533936,50,50,2.0492585716432195 0.13752423515278736 0.062924802978478217 2.6364640840167701,1.9896720631119738 0.053306970843302097 -0.079514676564373804 2.9630345614943301,29.24758726451546,0.06462781690061092,0.323691769503057,29.31221508141607,0.019324648194015026
e1-v2,N20_i09_Amargin_s44,20,4,9,86b8495c91a6,Amargin,1.0627047783959083,0.496922480963387,2.138572552273416,1.0627047783959083,20.99999999995961,44,lightning_gpu,single,2,50,adam_0.1,0.1,0.6056648016118218,2.7863880162245467,4845,2020-08-05,2023-08-05,ok,,1000,310,864,524936,4,True,-16.084755543636568,0.9185209106979653,-16.08475554363657,True,0.31,524936,0.9185209106979653,0.11228016603016115,0.019079370563956238,99,1,False,False,False,1.5737456192069084,0.2780365905333899,0.17603644906284344,0,0,1.9179206940306357,5.884898857317392,16.39761165272271,1.000001377301161,0.31626893889915664,4.078280471730977e-05,0.00016556606351514347,0.000852340213896241,1.7517753703177394,3.020597066997756,0.0016544276341532438,0.00040775320964003825,0.016421647291686048,0.004070058405296617,0.1525977376925105,0.039963175458459954,0.8090603197242549,0.33491229751431106,1.0000021970944317,0.08848554707765288,2.1714367903769016e-05,8.623556641396135e-05,0.00042897330240521114,6.6291590559724,22.243455577008632,0.0008620210953025342,0.00021712246214644626,0.008586849086710147,0.002169104451912318,0.08262530896936016,0.021480538926899273,0.57784927021826,0.19518757138087162,7.799255722335189,-6.486599445343018,-6.4959282875061035,-6.486599445343018,49,-6.486599445343018,-6.486599445343018,50,50,0.38505090477492371 0.8108861395016167 1.274766337564649 3.0447811714676671,1.0780681797262506 -0.27659113169108007 0.51402929032613232 3.7386602219980438,29.210902118124068,0.06466691102832556,0.32168710231781006,29.275569029152393,0.020556118339300156
e1-v2,N20_i09_Amargin_s45,20,4,9,86b8495c91a6,Amargin,1.0627047783959083,0.496922480963387,2.138572552273416,1.0627047783959083,20.99999999995961,45,lightning_gpu,single,2,50,adam_0.1,0.1,0.6056648016118218,2.7863880162245467,4845,2020-08-05,2023-08-05,ok,,1000,319,974,524316,4,True,-16.393998247128955,0.6092782072055765,-16.39399824712896,True,0.319,524316,0.6092782072055765,0.0012968063215584391,0.00022036170085505653,2,1,False,True,True,2.0019290155626672,0.3527771616462889,0.1757190983854228,2,0,1.9179206940306357,5.884898857317392,16.39761165272271,0.999999564198977,0.29498599202997866,0.0001155928912339732,0.000455023800896015,0.0022582627498195507,3.918686723790631,10.584146721733141,0.004540932205629455,0.0011553278204019524,0.04449256643162158,0.01149339767697033,0.36563282743388636,0.10916813463056674,0.9894462449808559,0.6852560179666904,1.000001120917284,0.01971165924555862,1.483428422943689e-05,5.621541822620202e-05,0.00027775571925303666,13.781401834022443,62.084459072025965,0.0005620119957818748,0.0001483329401665845,0.005605927652012399,0.001482339673459454,0.05466602230249429,0.014724906694515871,0.43002910662995564,0.1378654608397346,7.799255722335189,-5.124653339385986,-5.18749475479126,-5.139624118804932,46,-5.139624118804932,-5.139624118804932,50,50,1.8005430614133757 1.660303899153966 2.3990779832738145 2.5500080338093531,1.5051796739083898 2.2731838492179177 2.9307666857017809 3.5145595121391233,29.319216991774738,0.06495701428502798,0.32406829483807087,29.384174006059766,0.01934901438653469
e1-v2,N20_i09_Amargin_s46,20,4,9,86b8495c91a6,Amargin,1.0627047783959083,0.496922480963387,2.138572552273416,1.0627047783959083,20.99999999995961,46,lightning_gpu,single,2,50,adam_0.1,0.1,0.6056648016118218,2.7863880162245467,4845,2020-08-05,2023-08-05,ok,,1000,367,925,524316,4,True,-16.393998247128955,0.6092782072055765,-16.39399824712896,True,0.367,524316,0.6092782072055765,0.0012968063215584391,0.00022036170085505653,2,1,False,True,True,2.0019290155626672,0.3527771616462889,0.1757190983854228,3,0,1.9179206940306357,5.884898857317392,16.39761165272271,0.9999989588459641,0.3572534035447461,0.0001497350458521396,0.0005888140294700861,0.002914021912147291,1.4595376890693061,1.4782364450232124,0.005872563178375145,0.001496341934995482,0.05719777209750321,0.01486306357984879,0.44511114609675617,0.13907359746665082,0.9972326759849962,0.7763029443528782,1.0000013035156652,0.05007428930230162,1.0015748557634652e-05,4.031333628518041e-05,0.00020062189469172154,14.816220342772997,65.39289228507306,0.00040306023828440285,0.00010015297151200198,0.004023299644920542,0.001001078457854243,0.039512344378125897,0.009965807643007252,0.3317824527281047,0.09530552336241982,7.799255722335189,-6.737762928009033,-6.743537902832031,-6.742673873901367,46,-6.742673873901367,-6.742673873901367,50,50,2.8450397427097829 0.24261512621431053 0.85630314278475539 1.9536009066557216,0.79135625835061696 -1.3034824764119783 1.6037629718258073 0.46113742340561165,29.227984009310603,0.06468976102769375,0.32112901844084263,29.292673770338297,0.020597247406840324
