n_assets,rank,assets,energy_no_offset,reported_gap_pct,gap_of_objective_range_pct,sharpe_ratio
8,1,0 6,-36.252611680776944,0.0,0.0,1.3218756853432454
8,2,5 6,-36.150768603026215,0.2809261816707448,16.01296963827924,1.337964475552203
8,3,1 6,-36.118003136796844,0.3713071630959949,21.164742615910274,1.1118460645968369
8,4,2 6,-36.1171094764984,0.3737722552838736,21.305254426255978,1.1121478218618994
8,5,0 5,-36.11061687330323,0.3916815944849792,22.32609806269947,1.0888691884859187
8,6,3 6,-36.07953997420161,0.4774047952719145,27.212374604578155,1.1172922135622942
8,7,4 6,-36.067987638252646,0.509271012389421,29.028769089971835,1.037554879084376
8,8,6 7,-36.03778715635013,0.592576684732284,33.77724498491767,1.2855448664189342
8,9,0 7,-36.033814756646635,0.6035342392899298,34.40183250964692,1.0580675479084825
8,10,0 3,-36.0078013024518,0.6752903224761394,38.49197453410697,0.7603219566008433
8,11,0 2,-36.00483312874509,0.6834777979961061,38.95866580558498,0.6810925232406679
8,12,0 1,-35.999175530039906,0.6990838424791972,39.848220189569965,0.6713328291879233
8,13,0 4,-35.95619243891592,0.8176493447455567,46.60652864144561,0.5934165427383538
8,14,1 5,-35.92240269757999,0.9108557091130849,51.91935022979045,0.9467353641018368
8,15,4 5,-35.86522107384438,1.0685867554694763,60.910119410853014,0.888981817435773
8,16,1 2,-35.844953938460534,1.124492066684871,64.09675743008854,0.5892674116254147
8,17,1 3,-35.83202207131214,1.1601636129510202,66.13005807836987,0.658986986241615
8,18,1 4,-35.82180673838525,1.1883418115780362,67.7362331824214,0.5446521073046068
8,19,2 5,-35.802824559157784,1.2407026715199687,70.72083524228584,0.8734055665677963
8,20,1 7,-35.80147432717702,1.2444271810605645,70.93313463651226,0.928999459474406
8,21,2 4,-35.800618902645795,1.2467868028686606,71.06763456865156,0.5351220985938991
8,22,4 7,-35.797154586030324,1.2563428498811515,71.6123352788628,0.9079779045700574
8,23,3 4,-35.779546320684375,1.3049138756075152,74.38091439680315,0.6037437100831509
8,24,3 5,-35.775042520193665,1.3173372577637255,75.08905501968496,0.915359767109849
8,25,2 7,-35.73398037316289,1.4306039856683113,81.54532998906156,0.8958882965647265
8,26,2 3,-35.72405506290989,1.4579821793841194,83.1059043083181,0.6034333832287663
8,27,3 7,-35.67410456292973,1.5957667352114433,90.95971094166578,0.9224946094482054
8,28,5 7,-35.61660799094747,1.7543665417261929,100.0,1.0721169624337465
12,1,1 9,-52.25261168074922,0.0,0.0,1.3218756853432454
12,2,9 10,-52.19909386988678,0.10242131281287668,8.24600855108944,1.1763543666609393
12,3,8 9,-52.15076860299848,0.19490523913517033,15.691951454450468,1.337964475552203
12,4,2 9,-52.11800313676912,0.25761113110006,20.740444850457425,1.1118460645968369
12,5,3 9,-52.117109476470674,0.25932140025159045,20.878139766299313,1.1121478218618994
12,6,1 8,-52.110616873275504,0.2717468139990184,21.878518156286457,1.0888691884859187
12,7,0 9,-52.080384291783304,0.3296053219658809,26.536745417244216,1.0725490001906428
12,8,5 9,-52.07953997417389,0.33122116006900165,26.666837626078266,1.1172922135622942
12,9,7 9,-52.068703425967044,0.35195992863631287,28.336529785341558,1.0233829646568626
12,10,6 9,-52.06798763822492,0.3533297888578399,28.446818150041064,1.037554879084376
12,11,8 10,-52.05378558211028,0.38050939894395786,30.635066777500843,0.9457624618428806
12,12,9 11,-52.03778715632241,0.41112686527390324,33.100099515664304,1.2855448664189342
12,13,1 11,-52.03381475661891,0.41872916413653255,33.71216569317671,1.0580675479084825
12,14,1 10,-52.01413041077542,0.456400670326029,36.7451239089979,0.5035007349313614
12,15,1 5,-52.007801302424085,0.4685131909211851,37.72031106155261,0.7603219566008433
12,16,1 3,-52.00483312871737,0.4741936222168437,38.17764639295433,0.6810925232406679
12,17,1 2,-51.99917553001218,0.48502102112229556,39.049367536809726,0.6713328291879233
12,18,0 1,-51.989440230410324,0.5036522422014207,40.54937963503767,0.6668564718763512
12,19,4 9,-51.98463887674747,0.5128409765219003,41.289170794703786,0.8208844298269428
12,20,10 11,-51.96619247371139,0.5481433326008329,44.131387147000765,0.9197179912538448
12,21,5 10,-51.958194293134326,0.5634500901384818,45.36374445700233,0.5886307884020818
12,22,1 6,-51.9561924388882,0.5672811986357092,45.672189570237755,0.5934165427383538
12,23,1 7,-51.94427048711486,0.5900971907743963,47.50912039166684,0.5548425684986256
12,24,3 10,-51.941829350531954,0.5947689889953623,47.885249998103674,0.4733718937695975
12,25,2 10,-51.93879581327627,0.6005745117397874,48.35265652589869,0.4670091576374813
12,26,0 10,-51.93278316164868,0.6120814038054487,49.27908411957015,0.47103215944231547
12,27,2 8,-51.922402697552265,0.6319473277516743,50.87850297329211,0.9467353641018368
12,28,6 10,-51.9050006725961,0.6652509740124283,53.559801858323674,0.3992052847491358
12,29,7 10,-51.89150454075963,0.6910796003764731,55.63928188070852,0.3545290739891447
12,30,6 8,-51.865221073816656,0.7413803721418278,59.68903073387267,0.888981817435773
12,31,7 8,-51.859724540486866,0.7518995273629535,60.535934972076646,0.8683198961176023
12,32,1 4,-51.85060297838221,0.7693561899320582,61.94138257731592,0.2652854265493746
12,33,2 3,-51.84495393843281,0.7801672092623801,62.81178499059781,0.5892674116254147
12,34,0 2,-51.842289102645715,0.7852671185327061,63.22238210459614,0.592564163043248
12,35,2 5,-51.83202207128443,0.8049159571860094,64.8043232758652,0.658986986241615
12,36,2 6,-51.82180673835752,0.8244658564127076,66.37829876757577,0.5446521073046068
12,37,2 7,-51.81994052747166,0.8280373733681987,66.66584399177289,0.5187001017264274
12,38,3 8,-51.80282455913006,0.8607935702185567,69.3030673577993,0.8734055665677963
12,39,2 11,-51.80147432714929,0.8633776170964721,69.51111070411568,0.928999459474406
12,40,7 11,-51.80068862436551,0.8648812793221624,69.63217155786246,0.893507666963634
12,41,3 6,-51.800618902618076,0.8650147114037258,69.64291426419324,0.5351220985938991
12,42,6 11,-51.797154586002605,0.8716446510450915,70.1766951489959,0.9079779045700574
12,43,3 7,-51.79287123173549,0.8798420485135402,70.83667311417786,0.5062418368720234
12,44,4 10,-51.79018223084725,0.8849882044696639,71.2509935798505,0.029981830824332346
12,45,0 7,-51.7897512639378,0.88581298029538,71.3173968344545,0.5098732924267461
12,46,0 6,-51.787231783129556,0.8906347121231392,71.70559769607988,0.532996518006505
12,47,0 8,-51.783304092577175,0.8981514475092628,72.31077510074266,0.8663478196187516
12,48,5 6,-51.77954632065666,0.9053429960264506,72.8897714926035,0.6037437100831509
12,49,0 3,-51.77756703348051,0.9091309161178732,73.19473947833691,0.5577652864223988
12,50,5 8,-51.77504252016594,0.9139622790552762,73.58371574705579,0.915359767109849
12,51,5 7,-51.773370541580796,0.9171620781301224,73.84133371550689,0.5781599738432388
12,52,4 8,-51.768169644243685,0.9271154511191853,74.64268644694421,0.6901872229664253
12,53,0 5,-51.74834513099644,0.9650552068741065,77.69724161509465,0.6196364702228
12,54,3 11,-51.73398037313518,0.9925461922989572,79.91055927980139,0.8958882965647265
12,55,0 11,-51.72613695633939,1.007556766016717,81.1190706319215,0.8955013919143022
12,56,3 5,-51.72405506288217,1.011541051950473,81.43984816325195,0.6034333832287663
12,57,2 4,-51.72355280628841,1.012502260543894,81.51723571143941,0.2860759506694785
12,58,4 11,-51.71608154488385,1.026800610739686,82.668405470378,0.7322934040733183
12,59,4 5,-51.69243902090095,1.072047198847761,86.31123860930158,0.3768330209065083
12,60,3 4,-51.69171338709953,1.0734359022600406,86.42304405191985,0.27896753144666014
12,61,0 4,-51.68969252729504,1.077303383213611,86.73441753599714,0.2846661888590014
12,62,6 7,-51.68671982880828,1.0829924739425498,87.19245004417698,0.4263897239508747
12,63,5 11,-51.674104562902016,1.107135316760319,89.13620650321256,0.9224946094482054
12,64,8 11,-51.616607990919746,1.2171711027867862,97.99526139697116,1.0721169624337465
12,65,4 6,-51.61084159555469,1.2282067145573303,98.88374589816739,0.22043839899158557
12,66,4 7,-51.60359694191091,1.2420713873664981,100.0,0.18904669066793697
16,1,1 12 14,-153.26711059662722,0.0,0.0,1.3851408274006345
16,2,1 11 14,-153.2608488673824,0.004085500940441283,0.49285138579724175,1.3767808907629735
16,3,11 12 14,-153.25712549949506,0.00651483354340628,0.7859121285037155,1.5106713958663527
16,4,3 12 14,-153.24068946238307,0.017238619649900953,2.079568138042717,1.4919848850262936
16,5,2 12 14,-153.23187921152646,0.022986918043676658,2.7730098654217863,1.4578597337788783
16,6,3 11 14,-153.2265368799627,0.0264725527261319,3.193496828630132,1.4809607020921545
16,7,2 11 14,-153.22574116732136,0.02699171997489859,3.2561261858975334,1.4547087673515529
16,8,12 13 14,-153.20173150091648,0.0426569636866226,5.145891280735766,1.236091263851482
16,9,1 3 14,-153.2000271022216,0.04376900833092659,5.280041964336985,1.283647374185967
16,10,11 13 14,-153.193972441436,0.04771940627478636,5.756595300014731,1.2268098002868673
16,11,10 12 14,-153.1930687829476,0.04830900340679958,5.827720914183213,1.4587373256270877
16,12,10 11 14,-153.18810094770805,0.05155029582772533,6.218731829298754,1.4577015575052377
16,13,1 3 12,-153.17751893410872,0.05845459092283069,7.051626364187354,1.4113219417668939
16,14,1 11 12,-153.1733440503374,0.061178517638141916,7.380225249861887,1.4092241364804265
16,15,1 2 12,-153.17329687078933,0.0612093002032196,7.383938681844428,1.3793575383199133
16,16,1 2 11,-153.17162161350106,0.062302331370668464,7.515795688720692,1.3814045166470734
16,17,1 3 11,-153.1678291386052,0.06477675323527003,7.814295741173048,1.405999739203187
16,18,1 12 13,-153.15911700421194,0.07046103498323533,8.500014867808245,1.1497686245116003
16,19,1 10 14,-153.15773097899705,0.07136535503565174,8.60910684882478,1.2447658829521673
16,20,1 11 13,-153.15582073164825,0.07261170680764459,8.759459573489965,1.1488135639294699
16,21,5 12 14,-153.15434867454798,0.07357215885410277,8.875322996112892,1.2501689550565789
16,22,11 12 13,-153.1399787676223,0.08294788654267314,10.006356974940068,1.3232592416726023
16,23,5 11 14,-153.13458600784037,0.08646642340353926,10.430813068118507,1.2325894556482764
16,24,2 12 13,-153.13055733638515,0.08909495305972848,10.747903800086881,1.2818409313719394
16,25,1 2 14,-153.12808191422408,0.09071005635973399,10.94274059273915,1.1625429676848913
16,26,2 11 13,-153.12738474886123,0.09116492587488129,10.997613440442631,1.2828299902406997
16,27,4 12 14,-153.1234714925833,0.09371815224073811,11.305620015648724,1.2154289586257225
16,28,3 12 13,-153.11626364901724,0.09842095086334665,11.872938651005013,1.2996024461263593
16,29,0 12 14,-153.11588996555884,0.09866476276594689,11.902350719640447,1.2116028543737922
16,30,1 10 12,-153.1138594350653,0.09998959396138303,12.062170751537833,1.3702435533522233
16,31,1 10 11,-153.11335438674263,0.10031911561851717,12.101922353051652,1.373669534616275
16,32,4 11 14,-153.11321773597697,0.10040827418953885,12.112677931357553,1.2091692323467305
16,33,7 12 14,-153.11251288823541,0.10086815611646738,12.168155447650902,1.2485282517462202
16,34,3 13 14,-153.10526067389875,0.10559990470129349,12.738966440298427,1.1048676274904554
16,35,3 11 13,-153.10507652327806,0.10572005482350846,12.753460661472433,1.293781114165675
16,36,7 11 14,-153.10188409050278,0.10780297578603705,13.004732292015115,1.2428000711498504
16,37,0 11 14,-153.09710086860747,0.11092381617814023,13.381212565676224,1.197342088628886
16,38,1 3 13,-153.08771988499439,0.11704449241230871,14.11957581855565,1.0582619518050105
16,39,12 14 15,-153.08771580046707,0.11704715738544166,14.119897305619498,1.4107480097817375
16,40,10 13 14,-153.08754107274785,0.11716115948186807,14.133649864247344,1.1031052558761452
16,41,1 14 15,-153.0848751154448,0.11890057852140484,14.343483394239193,1.2139611502962662
16,42,1 5 12,-153.08428073152214,0.11928838769999009,14.390266467814982,1.1529927667145554
16,43,11 14 15,-153.0790657541363,0.1226909294230856,14.800729573296348,1.4082679698519949
16,44,9 12 14,-153.07758879671792,0.12365457871003357,14.91697869266224,1.1413680737650613
16,45,10 12 13,-153.07718067204752,0.12392086197772988,14.949101577814378,1.2820242472508998
16,46,2 11 12,-153.07663618919761,0.12427611291694587,14.991957012252108,1.4828759834185743
16,47,10 11 13,-153.07517829348913,0.12522732528260505,15.10670581281216,1.284541639612539
16,48,8 12 14,-153.0725323181295,0.1269537069892393,15.314966593786988,1.1500871509680826
16,49,1 5 11,-153.06898085173134,0.12927088148567203,15.59449722622335,1.142975154044889
16,50,2 3 14,-153.06771649499,0.1300958182489534,15.69401286283813,1.3120216431519784
16,51,1 4 12,-153.05758987529163,0.13670298899743472,16.49106402181701,1.1263088939882782
16,52,9 11 14,-153.05462000438632,0.13864069819919544,16.72481813894535,1.124523868063652
16,53,1 10 13,-153.05396146423556,0.13907036647453702,16.77665085371455,1.0410851649329056
16,54,8 11 14,-153.05229415471587,0.1401582120750699,16.90788230355927,1.1362632997703999
16,55,2 13 14,-153.05183123658855,0.14046024564607526,16.94431790012315,1.0077276754184077
16,56,1 4 11,-153.0517989056022,0.1404813401824253,16.94686262392188,1.1257806338569394
16,57,5 12 13,-153.04142948148407,0.14724693005866107,17.763024557268153,1.0407406379075301
16,58,1 7 14,-153.03992717976496,0.1482271153790902,17.881268488809003,0.9436011112471715
16,59,1 2 13,-153.03887863522138,0.14891124424372224,17.963797868660613,0.9643558807635791
16,60,0 1 12,-153.03840836157383,0.14921807696583736,18.000812407270914,1.1136479805006205
16,61,1 2 3,-153.03420786205305,0.1519587168228988,18.33142747044551,1.2638633305631466
16,62,1 5 14,-153.03209142109904,0.15333960078800604,18.498009386775895,0.8753667176637757
16,63,1 7 12,-153.03209007368736,0.15334047991443922,18.498115439543284,1.1533084504643725
16,64,1 7 11,-153.02592406287158,0.1573635288202173,18.983432970305774,1.1529476303179806
16,65,5 11 13,-153.02463227145762,0.15820636549204695,19.085107949156008,1.0302068626790108
16,66,0 1 11,-153.02408205153927,0.1585653596142762,19.128414939709444,1.1062362478901917
16,67,1 13 14,-153.01879074333664,0.16201770381391023,19.544885930132207,0.7156979525285636
16,68,2 10 14,-153.01844144298033,0.16224560682255007,19.57237884110517,1.2918249586756307
16,69,4 12 13,-153.0173626867031,0.16294944750501897,19.657286141529827,1.0167689495703227
16,70,0 1 14,-153.01593856824644,0.1638786217101859,19.769376384890318,0.8612063212683889
16,71,4 11 13,-153.010074386778,0.16770474033773203,20.23093737711642,1.0155588601960321
16,72,3 11 12,-153.00970877716085,0.16794328441657913,20.25971396572756,1.468576769255379
16,73,1 9 12,-153.00603560253927,0.17033986813717217,20.548824071218277,1.0500582895362105
16,74,1 12 15,-153.00564257421885,0.17059630170526582,20.579758745140108,1.3324266381603196
16,75,1 4 14,-153.004171890232,0.17155585785605487,20.69551409205127,0.8428737247879112
16,76,13 14 15,-153.0038942174533,0.1717370270433636,20.71736930303532,1.0763575971127453
16,77,7 12 13,-153.00263559254495,0.17255822403954904,20.816433795611054,1.0582132605077594
16,78,0 12 13,-153.00190382095954,0.173035672581874,20.874030447566867,1.008126858559361
16,79,1 11 15,-153.00145531480496,0.1733283029791182,20.90933169921524,1.3337086216867777
16,80,1 8 12,-152.99635480027,0.17665616276266213,21.31078560412644,1.0570422665230657
16,81,7 11 13,-152.99497225149355,0.17755821459301252,21.4196039598508,1.057052655058925
16,82,6 12 14,-152.99291830712104,0.17889832230725738,21.581266863301707,0.9631814507842176
16,83,5 11 12,-152.99245538357445,0.1792003594141035,21.61770288640913,1.2950343916209515
16,84,1 9 11,-152.98752959712454,0.18241421686254244,22.005404203899666,1.0400699974208982
16,85,0 11 13,-152.98608018068933,0.18335989687801676,22.119485613484883,1.0001548729752285
16,86,3 5 14,-152.98443957553167,0.18443031906531743,22.248615202754358,1.0962296969206013
16,87,2 3 12,-152.98360816579844,0.18497277708516702,22.314054224973955,1.4226540961761178
16,88,1 8 11,-152.98057942377324,0.1869488970847011,22.552442000297003,1.0496544831366665
16,89,3 10 14,-152.97879701802637,0.18811183787475544,22.692732502816504,1.2973070628440144
16,90,7 13 14,-152.97696155539126,0.18930939593399532,22.837199034013846,0.7881778462611917
16,91,3 4 14,-152.97542352920723,0.1903128898851992,22.958254784997607,1.0879636855835055
16,92,6 11 14,-152.97536570013068,0.19035062079584797,22.96280642551164,0.9538689333245641
16,93,3 7 14,-152.97518793486836,0.1904666047545915,22.97679806463505,1.1381557388203267
16,94,2 3 11,-152.97404205533462,0.19121424038840557,23.06698853664039,1.4207997393529632
16,95,9 12 13,-152.97342218433144,0.19161867875797362,23.115777660377482,0.9442106812690565
16,96,4 11 12,-152.9723157863476,0.1923405544294989,23.20286059837483,1.280694367396867
16,97,1 2 10,-152.9688939904355,0.19457312467811216,23.472185059918065,1.2349476262871808
16,98,1 13 15,-152.96745073057508,0.1955147878012733,23.585781894668518,1.0194087432938075
16,99,8 12 13,-152.9653155621253,0.19690789062774217,23.753837824306633,0.9541334536274846
16,100,2 3 13,-152.96208099503679,0.19901830236313342,24.00842578391141,1.147352809185259
16,101,0 3 14,-152.96080880307127,0.19984835126309625,24.108558119355678,1.0819306950754162
16,102,12 13 15,-152.9581728194587,0.20156821379741074,24.316032464796926,1.2407273904007938
16,103,4 10 14,-152.95649421584847,0.20266342829169853,24.448152855692403,1.0931395524907839
16,104,5 13 14,-152.95572902782965,0.20316267957649087,24.508379665368377,0.695020307631082
16,105,2 7 14,-152.95436029451383,0.20405571743078746,24.616110626754946,1.086382143224804
16,106,9 11 13,-152.953418848681,0.20466996913108487,24.690210426542826,0.9337762153729016
16,107,11 13 15,-152.95248822980915,0.20527715671896704,24.763458052351545,1.241426691835229
16,108,1 8 14,-152.95028071639112,0.2067174614323756,24.93720814672725,0.7689176307350906
16,109,10 11 12,-152.94990946908734,0.20695968385199978,24.96642846925887,1.448307351359967
16,110,8 11 13,-152.94804285539288,0.2081775665974851,25.113346853956674,0.9462347531470398
16,111,0 13 14,-152.94592288440086,0.20956075375601788,25.28020661432334,0.6906320863270998
16,112,1 7 13,-152.94216848021318,0.21201033617005266,25.575710178018817,0.7171310100670147
16,113,3 8 14,-152.94212702833758,0.21203738168258424,25.578972793430015,1.0469848254883607
16,114,3 9 14,-152.94192078365748,0.21217194719980295,25.59520600512391,1.031804477140544
16,115,0 2 14,-152.9404904005408,0.21310520881810843,25.707789330546802,1.028531893945267
16,116,1 9 14,-152.9399688265461,0.2134455127441489,25.74884164309949,0.7394768053310047
16,117,1 3 5,-152.939445340306,0.2137870643256072,25.790044465641195,1.0358050670033057
16,118,2 5 14,-152.9386942312043,0.21427712974067883,25.849163144713938,1.0240317253809936
16,119,2 9 12,-152.93561083658335,0.21628890813784524,26.09185254447536,1.1946903474849258
16,120,1 3 4,-152.9346156197158,0.21693824305626122,26.170184582346163,1.0308251251468017
16,121,1 5 13,-152.93129082417377,0.21910752486048218,26.43187428918529,0.629064885969361
16,122,2 9 14,-152.93114422166886,0.21920317650051244,26.443413154071116,0.9835413711661232
16,123,4 13 14,-152.93043355841212,0.2196668527934715,26.49934840090563,0.6697549326483023
16,124,2 5 12,-152.9292833805487,0.220417292896991,26.589877188040717,1.2201036825139202
16,125,9 11 12,-152.9263668456905,0.22232020269078037,26.819433304313435,1.2251053735845314
16,126,2 4 14,-152.9252928312216,0.22302094955336757,26.903967384063726,1.0130723812048055
16,127,0 11 12,-152.9252507272458,0.2230484205323904,26.90728132531059,1.2556594737036941
16,128,1 3 10,-152.9246613779443,0.22343294484372284,26.95366813135363,1.240531148382924
16,129,2 8 14,-152.92360607606972,0.22412148256748138,27.036729370666773,0.9939865136829864
16,130,2 10 13,-152.92134364549284,0.2255976182942333,27.214801912849556,1.1384770058314664
16,131,1 6 12,-152.91998004414694,0.2264873077655051,27.32212894452517,0.8726278350042812
16,132,1 3 7,-152.91983882812053,0.22657944496692878,27.333243847707706,1.0737081168447347
16,133,2 14 15,-152.9193984242067,0.2268667890110148,27.36790738405071,1.2722363419705258
16,134,2 9 11,-152.9172285162083,0.2282825578540147,27.538697611837488,1.1877856794544999
16,135,2 4 12,-152.91711065520252,0.22835945693909404,27.547974276119398,1.211358944674062
16,136,2 5 11,-152.91410718579763,0.23031908767343506,27.784372881125353,1.2153107258714455
16,137,0 1 13,-152.91407101978578,0.23034268439403094,27.787219454070872,0.6194997490904532
16,138,2 10 12,-152.91296973796992,0.23106122199259096,27.87389970610368,1.3973619025763706
16,139,2 10 11,-152.91258837468692,0.2313100446405243,27.903916242298244,1.4009647992722523
16,140,2 4 11,-152.9114433705528,0.2320571091148653,27.99403781290277,1.2123570501804817
16,141,1 4 13,-152.91018168049047,0.2328803059882351,28.093343559184262,0.608630043044802
16,142,0 1 3,-152.9084009068864,0.23404218187740777,28.233505598173124,1.0179322941037308
16,143,2 8 12,-152.90807999886994,0.23425156014207743,28.258763790351416,1.1909210117060993
16,144,3 5 12,-152.9073056001979,0.23475682097006662,28.319715556828466,1.2403499462306498
16,145,1 6 11,-152.90689022407338,0.23502783549034112,28.352409193137856,0.8691644628828155
16,146,8 11 12,-152.90404830390577,0.23688206250391808,28.576092498207757,1.2245955990292532
16,147,1 2 7,-152.90359937530317,0.23717496852977502,28.61142700011008,1.0242666159011982
16,148,0 2 12,-152.90136003278946,0.23863604031810653,28.787682315217328,1.2061312870282157
16,149,7 11 12,-152.89972704973616,0.2397014894199663,28.916211980000927,1.280950627009766
16,150,1 4 10,-152.89964748674913,0.23975340074439572,28.922474264248706,1.0272312485165427
16,151,3 4 12,-152.89951822851003,0.23983773601932565,28.932647987796134,1.2345077101395732
16,152,1 2 5,-152.89828818351586,0.24064028588758182,29.029462997878774,0.9670771387665119
16,153,1 3 9,-152.8954412972791,0.24249775304128837,29.253537174857975,0.9709535377305014
16,154,0 1 2,-152.89267069189313,0.2443054503190517,29.471607399644494,0.9667738429163709
16,155,2 8 11,-152.89242830741284,0.2444635954549156,29.49068512120272,1.186144000767625
16,156,1 3 8,-152.89102321827832,0.2453803538703724,29.60127759494974,0.9838420648451931
16,157,1 2 9,-152.88925292282764,0.2465353932286482,29.740614914087665,0.9243335844533793
16,158,1 2 4,-152.88907310926737,0.24665271361106134,29.754767771692524,0.9593446019055801
16,159,8 10 14,-152.88840450939597,0.24708894540847737,29.807392272095186,1.031011295688731
16,160,0 2 11,-152.8871574077946,0.247902623957326,29.90554978233436,1.2023053769706704
16,161,3 4 11,-152.88583640564505,0.24876451934010588,30.009523894691174,1.2310205889587646
16,162,8 13 14,-152.88573033501507,0.24883372572728807,30.017872556048985,0.6072315965275085
16,163,2 7 12,-152.8849230273575,0.24936045821048317,30.08141453977916,1.2381022077451442
16,164,9 10 14,-152.8845180379945,0.24962469582899693,30.11329064955438,1.0135004461107513
16,165,3 5 11,-152.8841148672316,0.24988774689150114,30.14502362002254,1.2313964468479675
16,166,6 12 13,-152.87971182475934,0.25276053705184426,30.491580537343143,0.7502770726082517
16,167,2 7 11,-152.87888070158147,0.2533028081070233,30.556997005217916,1.2390060313734628
16,168,3 9 12,-152.87866427389383,0.25344401758555424,30.574031706273242,1.1949927560320068
16,169,1 2 8,-152.87709045354768,0.25447086564188276,30.6979047624645,0.9329071755000673
16,170,9 13 14,-152.8738442651069,0.2565888597948013,30.953407421402478,0.5744258693597344
16,171,3 14 15,-152.87023227342343,0.25894552435865337,31.23770190892946,1.2768463453651662
16,172,3 5 13,-152.86720675765585,0.260919539368004,31.475835750317806,0.9084191091406566
16,173,1 2 15,-152.8669870932959,0.26106286063183615,31.493125205031834,1.2190341394300273
16,174,6 11 13,-152.86512467445016,0.2622780064243657,31.63971341943308,0.7471412820127309
16,175,3 4 13,-152.86500109851517,0.26235863424758976,31.649439897284655,0.9052514711797173
16,176,2 7 13,-152.86327331223603,0.26348593825456645,31.78543138282161,0.9198458128395778
16,177,3 7 13,-152.86099701436603,0.2649711217757643,31.964595398998917,0.960870057990953
16,178,3 6 14,-152.8608453816084,0.265070055432849,31.976530187585915,0.8683774263880448
16,179,4 10 12,-152.85922553933244,0.2661269307596336,32.10402556135138,1.2285663277009466
16,180,4 5 14,-152.85918964338916,0.2661503512724525,32.106850877601985,0.7684944431072409
16,181,5 10 14,-152.8591780095881,0.2661579418122664,32.10776655676122,1.0321009477781222
16,182,3 8 12,-152.85887782645966,0.2663537980055987,32.13139352385975,1.196927464060216
16,183,3 10 13,-152.85859528231435,0.26653814554383254,32.153632152858094,1.136914447929025
16,184,4 5 12,-152.8579818212279,0.26693840172669603,32.2019167615937,1.0135833767237445
16,185,0 4 14,-152.85576485305654,0.26838487524780796,32.376411025526494,0.7703677116385695
16,186,1 8 13,-152.85518255652556,0.2687647979387964,32.422242718501025,0.5396090872129335
16,187,4 10 11,-152.85472846364829,0.26906107342510865,32.45798369277455,1.230430545553893
16,188,4 10 13,-152.85460948762216,0.2691387000115737,32.467348118648324,0.9205270775084019
16,189,0 3 12,-152.8539553106418,0.2695655215115128,32.51883741477129,1.2131794435849486
16,190,3 9 11,-152.85226741530357,0.2706667984466956,32.651689143742566,1.1847598778256088
16,191,4 7 14,-152.8511253612,0.27141193815679787,32.741578521836004,0.8278110761112121
16,192,1 6 14,-152.8511115627774,0.27142094101628045,32.74266457513445,0.5149750130698538
16,193,6 11 12,-152.8499142468112,0.2722021366436528,32.8369035321539,1.0901377435338002
16,194,1 9 13,-152.84792081029826,0.27350276566000686,32.99380395206886,0.50908822606125
16,195,2 9 13,-152.84576792269502,0.2749074294491683,33.163254529895106,0.8095630871629323
16,196,0 2 13,-152.8452945693541,0.2752162715347699,33.2005114665842,0.8535724708601513
16,197,2 5 13,-152.84456535155303,0.27569205384595297,33.25790711397794,0.8494030952088207
16,198,0 3 13,-152.84250903366006,0.2770337101771516,33.41975683369028,0.8967958375270406
16,199,4 14 15,-152.83951209854985,0.2789890775736869,33.65564113409166,1.0707405102421048
16,200,0 10 14,-152.83889758848971,0.27939001816540254,33.70400830598321,1.0235243448974969
16,201,4 5 11,-152.83868991407564,0.27952551652070035,33.720354049909176,1.007493732083953
16,202,3 7 12,-152.8380275430339,0.27995768428270573,33.772488288404354,1.2455733601711738
16,203,2 4 13,-152.83797433875407,0.27999239771836426,33.77667591805357,0.8435333239888179
16,204,7 10 14,-152.83626355558323,0.281108607950407,33.911329114252304,1.0693535564527856
16,205,3 8 11,-152.83521159678736,0.2817949644634089,33.99412722481825,1.1885880018881854
16,206,2 8 13,-152.83517963347816,0.28181581910670006,33.996643009295155,0.8212526859468128
16,207,2 6 12,-152.83490158758616,0.28199723173392355,34.018527587473365,1.0416527695921576
16,208,3 9 13,-152.83344054645912,0.2829504963458527,34.133523959245096,0.8490313128108166
16,209,0 3 11,-152.83173814743174,0.28406123629570423,34.26751725199552,1.2057213195006202
16,210,3 8 13,-152.8305966475215,0.2848060144191968,34.3573630103556,0.8646881910065098
16,211,9 14 15,-152.82942837497748,0.28556826050022044,34.44931600285949,1.033899963238112
16,212,2 6 14,-152.82763326729528,0.2867394887403894,34.590606255797184,0.8012396019375514
16,213,0 4 12,-152.82483751379954,0.28856359404573734,34.810655850861956,0.9977348030322054
16,214,8 14 15,-152.82428427468625,0.2889245580589126,34.85420047775345,1.045661011283437
16,215,3 7 11,-152.82397067904262,0.2891291653242363,34.87888312395255,1.24256092763444
16,216,1 9 10,-152.82199973200815,0.29041512095215466,35.034013430500664,0.9470947476882127
16,217,2 6 11,-152.8219354525523,0.2904570604495402,35.039072770764555,1.0394377225581717
16,218,1 8 10,-152.82126187972875,0.2908965368779379,35.092088684827125,0.9624077508557245
16,219,4 9 12,-152.81528592288646,0.29479558398532385,35.562447350307295,0.9542434003264215
16,220,0 5 14,-152.81330471605315,0.2960882336774818,35.71838519034647,0.7464944781977937
16,221,1 3 15,-152.81323275497542,0.2961351850928615,35.72404913963258,1.2238773177693911
16,222,1 3 6,-152.8129808264345,0.29629955730548063,35.743878059991886,0.8061809056039261
16,223,1 4 5,-152.81148431914622,0.29727596201649065,35.86166592051023,0.7020554384111498
16,224,5 9 12,-152.80924988467558,0.29873383152413574,36.03753493085411,0.9525741705348194
16,225,2 13 15,-152.80864575661099,0.2991279983236812,36.08508495133465,1.1222916007819579
16,226,0 4 11,-152.80651917640355,0.30051549770248,36.25246491320536,0.9928145038427941
16,227,3 10 12,-152.80560218833784,0.30111379179319625,36.324639678557865,1.3727070666248735
16,228,11 12 15,-152.80551327822138,0.3011718017055083,36.331637661446564,1.4137774165405859
16,229,5 8 14,-152.8039465248575,0.30219403886896484,36.45495448598475,0.7122673978145125
16,230,4 8 14,-152.8028724284351,0.30289483920259064,36.539495016174264,0.7095415283931464
16,231,4 9 14,-152.80261627947758,0.3030619650500968,36.55965611924258,0.6892654736056439
16,232,0 1 4,-152.80064586785437,0.3043475713458863,36.71474428436758,0.7001329575279241
16,233,3 6 12,-152.80039057722112,0.3045141371748202,36.73483783000942,1.0608106522646241
16,234,9 10 12,-152.79989815241203,0.3048354225485569,36.77359585356416,1.169913492524049
16,235,1 5 10,-152.79814495475455,0.3059793063541914,36.9115874308558,0.9693095808252331
16,236,5 9 14,-152.79780891590326,0.30619855681828595,36.93803654851383,0.6887171886592153
16,237,6 10 14,-152.79777338671528,0.3062217380395176,36.94083299800069,0.8538078798596404
16,238,3 10 11,-152.79720628683958,0.3065917455861386,36.985468584864094,1.3725835987973292
16,239,4 8 12,-152.79554937972972,0.30767280407508096,37.11588127651938,0.9590881956082329
16,240,5 8 12,-152.79539480151556,0.30777365951207786,37.12804789760544,0.9606560732151938
16,241,5 14 15,-152.79428007669756,0.30850096807401,37.21578622832082,1.0478592735762224
16,242,0 9 14,-152.79392899356003,0.3087300342684232,37.24341945934969,0.6908553552292228
16,243,1 4 7,-152.79306516543485,0.30929364385290203,37.31141008493231,0.7590007825734627
16,244,4 9 11,-152.79278789011022,0.3094745537190536,37.33323401290026,0.9473176895718837
16,245,4 7 12,-152.78989112253805,0.3113645662343878,37.56123427552069,1.0272104336646386
16,246,0 8 14,-152.78979945082347,0.311424377967139,37.56844961968609,0.7085674309554022
16,247,0 7 14,-152.7889503985283,0.3119783469770988,37.63527726168828,0.7972826499490706
16,248,7 8 14,-152.7877415278553,0.31276708153880034,37.73042567247748,0.7696360549617285
16,249,0 14 15,-152.78567670535625,0.3141142867487199,37.89294477707237,1.04645677778026
16,250,8 10 13,-152.7854118310456,0.3142871055026117,37.913792639694115,0.8616250248432501
16,251,9 10 13,-152.78457550326186,0.3148327723325498,37.979618754346674,0.8441133077384647
16,252,1 2 6,-152.78435689965858,0.31497540149965275,37.996824718483396,0.7414617310542067
16,253,8 10 12,-152.78379193169917,0.3153440180653377,38.04129250538984,1.1748639525947309
16,254,7 9 14,-152.78317581070777,0.3157460097183395,38.08978647128267,0.7484308824967714
16,255,9 10 11,-152.78268604100253,0.31606556275443015,38.12833551556608,1.165752516837754
16,256,0 5 12,-152.7811487021596,0.31706860824601546,38.24933716695527,0.9758106302503726
16,257,1 4 15,-152.77980149108456,0.31794760379164333,38.35537414481619,1.0113986175505958
16,258,4 7 11,-152.7797330843608,0.3179922361485068,38.360758336192525,1.0269303699333234
16,259,3 6 11,-152.77940990397204,0.3182030970354273,38.38619538341004,1.0548292904424135
16,260,2 12 15,-152.77856572190205,0.3187538884392039,38.45263969723932,1.3703874475046414
16,261,6 13 14,-152.77733220015847,0.31955870673243353,38.54972835709173,0.33319757856307763
16,262,5 9 11,-152.77724294179802,0.31961694385851974,38.55675374974611,0.9407886112394614
16,263,4 8 11,-152.77578197587144,0.3205701594054794,38.67174420260152,0.9539604315218818
16,264,0 9 12,-152.7756504452366,0.320655977317959,38.68209678303373,0.9379532847315947
16,265,2 11 15,-152.77450214752787,0.3214051907038369,38.77247758599296,1.372345669382084
16,266,0 1 10,-152.77045087269693,0.3240484680613678,39.09134739601064,0.9580624411257991
16,267,8 10 11,-152.7693104492077,0.32479254386784256,39.18110843087646,1.1721961303284683
16,268,5 8 11,-152.76611848755596,0.3268751574431306,39.432342979986615,0.9506463759919579
16,269,5 7 14,-152.76542028495956,0.32733070370721723,39.48729746679811,0.7809019148983953
16,270,1 7 10,-152.76487562922745,0.32768606744441653,39.53016650853717,1.0042512971007385
16,271,1 9 15,-152.7640461906252,0.32822723938861886,39.59545038597177,0.9710651873215865
16,272,5 10 12,-152.76068065843555,0.3304231000508057,39.860346413693534,1.1799323054979194
16,273,4 5 13,-152.76027383299902,0.3306885356259557,39.89236703808199,0.5676687863469392
16,274,0 4 13,-152.755782091131,0.33361919821267993,40.24590535277766,0.5702241730751715
16,275,4 7 13,-152.75525144818334,0.33396541922878736,40.28767146911644,0.6402638266398596
16,276,1 8 15,-152.75427776665313,0.33460070329359526,40.36430849264915,0.9812838906118212
16,277,0 1 5,-152.75399940511682,0.33478232186475093,40.38621791472137,0.6773355875881005
16,278,1 4 9,-152.75342570408188,0.33515663637534915,40.4313730690003,0.6239027112898716
16,279,0 5 11,-152.75332145466228,0.335224654503431,40.43957838559994,0.9668452030073273
16,280,0 8 12,-152.75152821038577,0.336394666953938,40.58072197265052,0.9413155065963655
16,281,5 10 13,-152.75048289417805,0.3370766894724376,40.66299725499354,0.8646861271746793
16,282,1 6 13,-152.75002367655432,0.33737630862878526,40.69914159043002,0.2627697644061146
16,283,6 14 15,-152.74963154045975,0.33763216005904245,40.730006038584285,0.887651482326818
16,284,1 4 8,-152.74905752935854,0.33800667687414576,40.77518559771764,0.6426577400345109
16,285,5 10 11,-152.74667467265004,0.33956138531695357,40.96273670141797,1.1776777715040574
16,286,1 5 8,-152.74594530004674,0.34003726862972916,41.02014453306417,0.6433119756386276
16,287,0 9 11,-152.74461707211532,0.3409038785150813,41.12468737595365,0.9275925089392092
16,288,1 5 9,-152.74443201477334,0.34102462023276603,41.13925296380982,0.6216928763858975
16,289,3 6 13,-152.7433252744348,0.3417467192755641,41.226362848035535,0.6740564383280516
16,290,7 14 15,-152.7392718514236,0.34439139822554043,41.54540173812176,1.0694001991474313
16,291,3 13 15,-152.73637566760317,0.3462810298687322,41.77335605451283,1.1219298192149365
16,292,7 9 12,-152.73459036297936,0.34744586204757283,41.91387472332039,0.9674567550975283
16,293,1 6 10,-152.7338700119334,0.34791585919384,41.97057248162112,0.78775238086478
16,294,2 6 13,-152.73321709834622,0.3483418563856921,42.021962337947365,0.6152943417182293
16,295,0 1 9,-152.73313843147093,0.34839318303690653,42.02815409057406,0.6206906169030042
16,296,7 10 13,-152.73061033754664,0.350042652329083,42.22713659928728,0.9110524334884076
16,297,1 5 15,-152.73038314349807,0.35019088638117574,42.2450187045814,0.9884928550467802
16,298,0 10 13,-152.72913552154424,0.3510049044369611,42.343217170988915,0.8576888353035771
16,299,2 3 9,-152.72793730919227,0.3517866849163487,42.43752668119889,1.0846689799029288
16,300,4 6 12,-152.7265101520435,0.35271784173350723,42.54985609549137,0.7963818155950027
16,301,0 1 8,-152.72438456505347,0.35410469308194364,42.71715788269835,0.6372679622187043
16,302,4 13 15,-152.72397250021527,0.35437354713458236,42.749590892591605,0.907393604084496
16,303,0 8 11,-152.72322546618244,0.354860953747729,42.808388829059616,0.9328187108511573
16,304,1 7 9,-152.71944403805566,0.3573281680848856,43.10601940676672,0.6799718516192841
16,305,1 7 8,-152.7193854315223,0.3573664062516492,43.11063223974718,0.6993271731163242
16,306,0 1 7,-152.71929021606974,0.3574285301164524,43.11812650625347,0.7272153469508559
16,307,7 8 12,-152.71916338801265,0.35751127980527836,43.128108953793365,0.9751245411833533
16,308,6 10 12,-152.7159552065091,0.3596044761153345,43.380620143289114,1.037809357594073
16,309,9 13 15,-152.7158309701366,0.359685534844775,43.390398603193574,0.8688208276231343
16,310,5 6 12,-152.7157039903799,0.359768383510885,43.40039299078497,0.7930796342176014
16,311,0 1 15,-152.71436611119756,0.3606412904099073,43.505695469263564,0.9840797462903084
16,312,4 9 13,-152.71245304976492,0.3618894782469447,43.6562696862781,0.4929275149748487
16,313,7 9 11,-152.71171728907686,0.3623695295020344,43.714180314564274,0.9617468307249593
16,314,4 6 14,-152.71103880325825,0.36281221144206033,43.767582923152496,0.49578984756389083
16,315,0 10 12,-152.71068072024138,0.3630458447476463,43.79576710426151,1.1595370597282675
16,316,4 8 13,-152.7096590551047,0.3637124359900199,43.876180846016425,0.5151475789381625
16,317,9 12 15,-152.70944749210076,0.36385047147794713,43.89283265506161,1.172596956983352
16,318,4 6 11,-152.70942830460848,0.36386299046666565,43.89434287401117,0.794212240044347
16,319,8 13 15,-152.7076367262277,0.3650319159940115,44.0353553408897,0.8812001205394411
16,320,6 7 14,-152.70705453499184,0.3654117699845928,44.0811787462414,0.5746885096478767
16,321,4 12 15,-152.7068824247396,0.36552406429977025,44.09472528794073,1.198676330148201
16,322,0 5 13,-152.7065115669439,0.36576603258263124,44.12391495287179,0.5496176359564177
16,323,2 3 8,-152.70566919474737,0.36631564312415643,44.19021681425631,1.088067559903504
16,324,6 10 11,-152.70415928044088,0.36730079532061793,44.309059921215635,1.0372015777798824
16,325,5 8 13,-152.70392276434336,0.36745511159669,44.32767575110331,0.5151309291875037
16,326,1 5 7,-152.7031737634602,0.3679438014925491,44.38662849543269,0.7157148813577109
16,327,5 7 12,-152.70295737166106,0.3680849875554299,44.40366037175836,0.9863159840540859
16,328,5 6 14,-152.70146131623122,0.3690610974488154,44.52141266717051,0.49423223666605026
16,329,5 9 13,-152.70083529900683,0.36946954595544823,44.570685550827974,0.4905207185976701
16,330,7 8 11,-152.69902094302807,0.3706533328564272,44.713490808528654,0.9708616283311442
16,331,4 11 15,-152.69870313796423,0.3708606865819635,44.73850477192521,1.1993216502889177
16,332,0 6 14,-152.6986805018812,0.37087545562337293,44.74028642431782,0.49804500955133707
16,333,0 10 11,-152.69764830421212,0.37154891887655106,44.8215291660161,1.1581108892638856
16,334,2 3 4,-152.69705717749582,0.37193460287228924,44.86805586973014,1.0998091034742057
16,335,0 7 12,-152.69676796813405,0.3721232991689974,44.89081910799227,0.9866130071659468
16,336,10 14 15,-152.69676350782203,0.37212620932500534,44.891170172511,1.2090417326151697
16,337,0 9 13,-152.6958884251282,0.3726971620169544,44.960046628435,0.49345631270379764
16,338,7 8 13,-152.69075966471462,0.37604345098503034,45.36372372439869,0.5858144909477783
16,339,7 9 13,-152.68924409118483,0.37703229557398815,45.483012260397246,0.5637617143373629
16,340,5 6 11,-152.68911323284357,0.37711767484469777,45.4933119256038,0.7867194501256273
16,341,6 10 13,-152.6887909820074,0.3773279292397359,45.51867580912142,0.6742432087144086
16,342,0 8 13,-152.68870873877393,0.377381589306233,45.5251490515758,0.5135973227910393
16,343,9 11 15,-152.6885531696001,0.3774830913005015,45.53739366962037,1.1677102154062715
16,344,2 3 5,-152.68736876720172,0.37825586139695827,45.63061621894629,1.0969362977077728
16,345,0 7 13,-152.6851991467925,0.37967144260075303,45.80138381101626,0.6141393318783106
16,346,8 12 15,-152.68431069969526,0.3802511149739026,45.87131215923597,1.1742424974613856
16,347,5 7 11,-152.68329042338252,0.3809168000701846,45.95161658872699,0.9824228787479474
16,348,0 6 12,-152.68320365893413,0.38097341002912855,45.958445689276026,0.781834600677742
16,349,1 6 15,-152.682864287312,0.3811948349785685,45.98515712436623,0.8248881618671031
16,350,0 7 11,-152.67807458961175,0.384319900546509,46.362147098991066,0.9832177464213262
16,351,7 10 12,-152.6777397879299,0.3845383438123484,46.38849884088429,1.186350335368983
16,352,2 3 7,-152.67559255965983,0.3859393151373228,46.55750398102293,1.137471176932141
16,353,0 2 3,-152.67427335597122,0.3868000371040085,46.661336539196654,1.0940535100392514
16,354,7 10 11,-152.67286767111943,0.38771718419859236,46.77197590096284,1.1885259344991306
16,355,5 13 15,-152.67193009117926,0.38832891357518284,46.84577142209493,0.885186271462893
16,356,8 11 15,-152.66614700611257,0.39210212039312575,47.300949437283904,1.1707600670721736
16,357,1 7 15,-152.66502004670193,0.3928374114847722,47.389650734570395,1.009108326796509
16,358,8 9 12,-152.66381324032542,0.3936247991844578,47.484636667655955,0.8612260642947386
16,359,5 7 13,-152.6627359847592,0.3943276607194841,47.569425849352704,0.600301986596093
16,360,0 13 15,-152.66225976830253,0.39463837086128006,47.606908137619875,0.8843113751819633
16,361,3 12 15,-152.66167644644065,0.395018962535261,47.65282053286316,1.3493680739594667
16,362,6 7 12,-152.6612707926398,0.3952836336700275,47.684748939551056,0.827403027440097
16,363,1 4 6,-152.66046315906706,0.39581057879844034,47.74831657557988,0.4305396546206187
16,364,5 12 15,-152.66042172825075,0.39583761057071604,47.751577533445484,1.1799560441269423
16,365,8 9 14,-152.6584874980973,0.3970996100603241,47.903817908957805,0.5961932013298951
16,366,0 6 11,-152.65758647115405,0.3976874902256981,47.97473639812501,0.7765298480995831
16,367,2 4 10,-152.6551101157441,0.39930320242925815,48.16964664540746,1.0990441790843288
16,368,3 11 15,-152.64959833385123,0.4028993959448844,48.60347079172623,1.3482845111544963
16,369,2 9 10,-152.64751681513627,0.4042574946960494,48.76730403061635,1.0668604998062774
16,370,1 5 6,-152.6466993463058,0.4047908568944231,48.831645785136175,0.4282146565043763
16,371,6 7 11,-152.6438139040785,0.4066734801239363,49.058754646724,0.8255659511409809
16,372,5 11 15,-152.64273353137406,0.40737837545356365,49.14378917372898,1.1768488767879923
16,373,1 6 7,-152.6419376935442,0.40789762438228516,49.206428384397356,0.5067426409834793
16,374,2 4 9,-152.63935326421628,0.40958385002969533,49.40984496885253,0.8296958946105049
16,375,0 1 6,-152.6365048709966,0.4114423004230024,49.63403775821409,0.42978710907609075
16,376,6 12 15,-152.63245236295938,0.414086382392989,49.953004632060576,1.0505355041263884
16,377,3 4 5,-152.63218196104137,0.4142628076658106,49.974287564427335,0.9042734420427545
16,378,8 9 11,-152.63133080074186,0.4148181520552173,50.04128112431238,0.8528818909912397
16,379,2 3 6,-152.63082314774286,0.4151493731482677,50.08123773602168,0.945807825968833
16,380,2 8 10,-152.62892892741274,0.4163852680005563,50.23032899790847,1.0726396170143322
16,381,6 13 15,-152.62699426564365,0.41764754910024393,50.38260334524457,0.7142351812038323
16,382,2 3 10,-152.62669245871805,0.41784446474928083,50.40635811899884,1.2667396473137331
16,383,3 4 9,-152.6237271486558,0.41977919820299314,50.63975325896113,0.8654847949949714
16,384,1 10 15,-152.6237251697661,0.4197804893408672,50.63990901442411,1.1547413002470084
16,385,0 2 9,-152.62249688291007,0.42058189210186253,50.73658564407032,0.8279311462401319
16,386,0 12 15,-152.6220988398137,0.4208415975891119,50.76791502354078,1.1668216667530829
16,387,7 13 15,-152.6199637632788,0.42223464044519965,50.935963718696286,0.9167121677566383
16,388,0 2 4,-152.61994986516038,0.42224370835179154,50.93705761890467,0.8615745109691533
16,389,2 4 8,-152.61713505404884,0.42408024790719706,51.15860721053329,0.8368105303308494
16,390,6 11 15,-152.61697422579994,0.42418518121499066,51.1712657625484,1.0488341424722307
16,391,2 5 9,-152.6158414440234,0.4249242711424538,51.26042532958539,0.8217509018067902
16,392,0 3 4,-152.61386559014176,0.42621342827078657,51.41594184676935,0.8999955194265284
16,393,2 4 5,-152.61283929426315,0.4268830408671276,51.49672006732663,0.855310562240786
16,394,4 6 13,-152.61183570357034,0.4275378393355736,51.57571119651645,0.2862363944928364
16,395,6 9 12,-152.60990505781095,0.4287975001668319,51.72766944970757,0.7071948858670064
16,396,3 4 8,-152.60925332876758,0.4292227244963258,51.77896607235457,0.8753075075687977
16,397,0 11 15,-152.60538421269325,0.4317471513347163,52.08349843785444,1.164395159735564
16,398,6 7 13,-152.60408294549364,0.43259617053690685,52.18591924168441,0.3769085058328781
16,399,2 4 7,-152.60225044519535,0.4337917958026005,52.33015261176109,0.904840235536935
16,400,2 5 8,-152.59950469385268,0.43558327691814064,52.54626661180539,0.8314538304895607
16,401,1 8 9,-152.59900102213373,0.43591190040232114,52.585909862888926,0.534412538410757
16,402,2 7 9,-152.5986837719493,0.43611889209361643,52.61088015255244,0.8701861192271868
16,403,3 4 7,-152.59667540800078,0.4374292606004119,52.768955488697,0.9418972477653306
16,404,0 2 8,-152.5958929810485,0.43793975952560477,52.83053914915803,0.8334469225772301
16,405,3 5 9,-152.59582997480464,0.4379808683085771,52.835498276802774,0.8559174826553189
16,406,6 8 12,-152.59554695741213,0.43816552461965214,52.85777415438455,0.7194950171947743
16,407,5 6 13,-152.59544782935956,0.4382302012826246,52.86557637581086,0.2849661338058645
16,408,0 6 13,-152.59160006347412,0.4407406980685695,53.16842829973156,0.2897320993179803
16,409,3 4 10,-152.589063013241,0.4423960109554894,53.368115746176834,1.1066193496978598
16,410,6 8 14,-152.58741950980766,0.44346832413928,53.49747345440999,0.42335129356228374
16,411,3 5 8,-152.58723761491314,0.4435870025000948,53.51179013073546,0.8682185513157923
16,412,6 9 14,-152.58178491809218,0.44714464562374157,53.94096377901565,0.39807163645002286
16,413,2 7 8,-152.58077512997187,0.4478034876390851,54.02044269849632,0.8786632594072211
16,414,6 9 11,-152.58010817465066,0.44823864644035144,54.07293775880165,0.7018966698058482
16,415,0 3 9,-152.57705847189445,0.4502284423883165,54.312975322053916,0.8519352168829543
16,416,4 9 10,-152.5736523932507,0.45245075781559646,54.58106270080635,0.8660925244094922
16,417,10 13 15,-152.5714446044675,0.45389124219258736,54.75483446876549,1.0693415450116424
16,418,6 8 11,-152.56848070316977,0.45582505648985894,54.988118726970036,0.7152942011308049
16,419,8 9 13,-152.5672163182606,0.45665001163141244,55.08763658063409,0.41380548458210675
16,420,2 9 15,-152.56337611853192,0.4591555718352438,55.389892983620825,1.0804188792974623
16,421,4 8 10,-152.56285880008386,0.4594930992056283,55.43061034843449,0.8773991443293947
16,422,0 2 5,-152.55878527153845,0.46215089612601623,55.75123171518403,0.8392831854635644
16,423,0 3 8,-152.5581989603121,0.4625334382278896,55.79737939885431,0.8603699459476035
16,424,3 7 9,-152.55375459875773,0.4654331872588866,56.14718847960726,0.8931116374639108
16,425,0 3 5,-152.54831564286155,0.46898186503783684,56.5752806001575,0.8761055843758517
16,426,7 12 15,-152.54538708647613,0.470892618345593,56.805782912939385,1.1773439498392186
16,427,2 6 10,-152.54473340445665,0.4713191169054802,56.85723325142792,0.9311761042279424
16,428,3 7 8,-152.5435903470595,0.4720649112201862,56.94720159726383,0.9043153753715413
16,429,3 9 10,-152.5421155766362,0.47302713358972087,57.063278581502395,1.0603127307794473
16,430,2 5 10,-152.53908945286517,0.4750015452943955,57.3014602779379,1.0543761940552305
16,431,3 4 6,-152.5385464653606,0.4753558205870173,57.34419801596998,0.7216609247559927
16,432,2 8 9,-152.53713300095717,0.47627804349442326,57.45544969466374,0.7708972082456185
16,433,7 11 15,-152.53683275857443,0.47647393834855517,57.47908132557924,1.1783310011594077
16,434,2 8 15,-152.5357576591157,0.47717539311896245,57.563700803266094,1.0831182783450675
16,435,0 2 7,-152.531906387135,0.47968817747674225,57.86682868672405,0.8827532343841962
16,436,2 4 6,-152.5317370285966,0.47979867642053187,57.88015864512322,0.6731314660302943
16,437,3 8 10,-152.5312720791919,0.4801020353100587,57.91675412050721,1.0694961703706607
16,438,0 2 10,-152.52934439299662,0.4813597651568401,58.068479430813426,1.0535907087148122
16,439,1 6 8,-152.52654796504856,0.4831843105124418,58.28858211101525,0.3617966669766508
16,440,0 4 9,-152.5258541406721,0.4836370001819792,58.343191994654994,0.5831422709291872
16,441,1 6 9,-152.525537697014,0.483843465650582,58.36809880383302,0.33751008888201134
16,442,4 5 9,-152.52441966145454,0.4845729343246447,58.45609771807844,0.5785634978301348
16,443,4 5 8,-152.51587720584047,0.49014650818587496,59.128461680636704,0.5950110113318424
16,444,4 5 10,-152.51424838535573,0.4912092413961504,59.25666371584671,0.8786700223253956
16,445,2 7 10,-152.51365043198166,0.4915993794836636,59.30372773562942,1.090393776740733
16,446,0 2 6,-152.51120963183087,0.4931918934557038,59.49583948140146,0.6718378361267224
16,447,0 4 5,-152.51116588367663,0.4932204371883222,59.4992828334853,0.6212096820822183
16,448,2 4 15,-152.50907696485814,0.49458336417921744,59.66369852350607,1.0883559019573121
16,449,0 4 8,-152.5070445333672,0.4959094356912464,59.82366818007874,0.5962023634878096
16,450,2 6 7,-152.50652373683306,0.4962492323587242,59.86465929986971,0.7266428156794641
16,451,3 5 6,-152.50587916805674,0.4966697849311672,59.915392348558406,0.7121558919571469
16,452,2 5 6,-152.503455084951,0.4982513917718563,60.10618832060286,0.6654737388116562
16,453,0 4 10,-152.4992823658181,0.5009739061565022,60.43461683081163,0.8765518692327603
16,454,2 5 7,-152.49784091233641,0.5019143906975522,60.54807148818034,0.8673385464876459
16,455,0 3 7,-152.4965190544853,0.5027768443876912,60.65211295153271,0.9090701808157792
16,456,3 8 9,-152.48989713967893,0.5070973504509922,61.1733140066017,0.796922757755502
16,457,2 3 15,-152.48907668052777,0.5076326637011497,61.23789112481115,1.2563143067334157
16,458,0 3 6,-152.48820677313972,0.5082002397353454,61.306360240123226,0.7098688581049053
16,459,3 5 7,-152.48788052148353,0.5084131044882075,61.33203902222727,0.9029275795539337
16,460,6 8 13,-152.48710845999568,0.5089168404070523,61.39280683241696,0.22852748761376046
16,461,6 9 13,-152.48452401189795,0.5106030783009324,61.59622489421598,0.20145055180680912
16,462,3 6 7,-152.48403011596596,0.510925323517182,61.635098707662706,0.7626766461043479
16,463,4 7 9,-152.48353164388178,0.5112505544700254,61.67433270323626,0.630439573516953
16,464,4 6 10,-152.48280246072534,0.5117263141771138,61.73172562380175,0.7248441640241805
16,465,4 7 8,-152.47341729646098,0.5178497181010376,62.470417929518405,0.6452785770240284
16,466,4 9 15,-152.47157259812138,0.5190533020483146,62.61561138926452,0.8827929616865515
16,467,3 5 10,-152.4686569967038,0.5209556028134521,62.84509403581606,1.0635966269412696
16,468,2 6 15,-152.46754052461384,0.5216840513929388,62.93296989170639,0.9542019629372297
16,469,2 6 9,-152.46686602067672,0.5221241353316873,62.98605909233105,0.6129388272252447
16,470,10 12 15,-152.46684430502043,0.5221383038354216,62.98776829930516,1.2912345717459695
16,471,4 7 10,-152.46507901897354,0.5232900747796367,63.126711335729,0.9125709346374241
16,472,10 11 15,-152.4639509396118,0.5240260965897584,63.215500782698584,1.2940458233981755
16,473,3 6 10,-152.46176771828107,0.5254505517923393,63.38733888305214,0.9393448093968053
16,474,0 4 7,-152.46055665377446,0.526240717733285,63.48265996721831,0.6673039957163854
16,475,4 8 15,-152.4517484332618,0.5319876914175766,64.17594188924807,0.8908122425303604
16,476,2 6 8,-152.45002625326714,0.5331113375722893,64.31149211248118,0.6259645382056166
16,477,3 9 15,-152.44845315420255,0.5341377150243485,64.43530839767429,1.0731297481604471
16,478,0 2 15,-152.44707247627585,0.5350385462081098,64.54397950159971,1.0707429850260934
16,479,0 5 9,-152.44648078349314,0.5354245995371003,64.59055075955763,0.5609127719336321
16,480,2 5 15,-152.4451404863873,0.5362990840241099,64.69604354919687,1.0673515901144786
16,481,5 9 10,-152.43942296681476,0.5400295122616301,65.14606100196005,0.8203129284538877
16,482,5 8 10,-152.4345108336446,0.5432344615498655,65.53268769012968,0.8339890066785366
16,483,3 6 9,-152.43432132144372,0.5433581098656316,65.54760391329674,0.6500565578398182
16,484,0 5 8,-152.43355263618497,0.5438596429445525,65.60810598552061,0.5759871005872794
16,485,3 4 15,-152.43350813652575,0.5438886770008818,65.61160848744287,1.0955258959761578
16,486,0 3 10,-152.4334849950384,0.5439037757962089,65.61342991945554,1.0543576631863811
16,487,4 5 7,-152.43171213864497,0.5450604860561875,65.75296880658522,0.6547443937167126
16,488,3 8 15,-152.42857908506554,0.5471046647238981,65.99956678903224,1.0792175740160392
16,489,0 4 6,-152.42650036774714,0.548460935687907,66.16317953416998,0.41876217596022014
16,490,3 6 8,-152.4252259443134,0.5492924405220274,66.26348750515507,0.6647040321994848
16,491,0 9 10,-152.4240018152665,0.550091130496764,66.35983687983634,0.8186022389058604
16,492,4 5 6,-152.4239667805364,0.5501139891061337,66.36259441127974,0.4136463361208956
16,493,3 7 10,-152.41830027184747,0.5538111350018672,66.80859687334501,1.0908254073970889
16,494,0 8 10,-152.40882253040553,0.5599949414330362,67.55457579087143,0.8289913483516014
16,495,8 9 10,-152.40502917869094,0.5624699353830266,67.85314485642176,0.789884156969409
16,496,4 8 9,-152.40448215856884,0.5628268417799498,67.89619999577623,0.5191695014388075
16,497,4 6 7,-152.40330508691972,0.5635948288872569,67.98884555274184,0.4797319713797038
16,498,4 5 15,-152.40236032035284,0.5642112472194071,68.06320672256162,0.8930173050812568
16,499,0 4 15,-152.39907135057234,0.5663571543012956,68.32207663705164,0.8950248816797717
16,500,5 9 15,-152.3894273560935,0.5726494334741034,69.08114108357859,0.857572322944839
16,501,0 7 9,-152.3893027305847,0.5727307460977527,69.09095017182324,0.6082710800244141
16,502,4 6 15,-152.38767048235752,0.5737957157581147,69.21942199953618,0.752692342041139
16,503,2 7 15,-152.38760769423473,0.5738366822267493,69.224363959196,1.092259431010324
16,504,0 9 15,-152.38568325430236,0.5750922940307923,69.3758337609822,0.8595274017867308
16,505,7 9 10,-152.38368477742625,0.5763962116608247,69.53313090037716,0.8546609111819626
16,506,7 8 10,-152.37720075244937,0.5806267507188421,70.04347885227067,0.8672861907278754
16,507,5 8 15,-152.37548465123066,0.581746430741532,70.17855062409913,0.8678726509158792
16,508,3 6 15,-152.37505311260892,0.5820279905752498,70.21251638650027,0.9601128544108677
16,509,0 7 8,-152.37480269146977,0.5821913792750053,70.23222666151233,0.6218882377662145
16,510,5 8 9,-152.36864303481568,0.5862102823717711,70.71704406566937,0.5120464881759358
16,511,3 5 15,-152.36518630439662,0.5884656458385998,70.98911817024243,1.0746058679957742
16,512,0 8 15,-152.3614733977487,0.5908881529462578,71.28135552436821,0.8666682055636954
16,513,5 7 9,-152.36091334746578,0.591253560945892,71.32543624828101,0.5967868572282954
16,514,0 8 9,-152.3593552303318,0.5922701633519245,71.44807332802276,0.5137754978933032
16,515,5 7 8,-152.35668046004167,0.5940153324751077,71.65860051510464,0.6132518291395423
16,516,8 9 15,-152.3558112661505,0.5945824429841915,71.72701347213895,0.8286480275326407
16,517,5 6 10,-152.34380291083667,0.6024173628617134,72.67217323970223,0.6845624076095206
16,518,0 5 6,-152.34235688711547,0.6033608292815941,72.78598761381939,0.4021212202287031
16,519,0 3 15,-152.3416913524883,0.6037950611429304,72.83837085341148,1.0699269194549026
16,520,6 9 10,-152.3401038845042,0.6048308136784414,72.96331809486641,0.6457904653200338
16,521,4 6 9,-152.338354361886,0.6059722996837569,73.10102041528911,0.34701186145447926
16,522,6 8 10,-152.33468873409527,0.6083639594315363,73.38953652095944,0.6611370139863517
16,523,0 6 10,-152.32948086728166,0.6117618618212489,73.79943996388772,0.6841138870964061
16,524,4 6 8,-152.3293088890331,0.6118740700098838,73.81297611577526,0.36655832042496445
16,525,0 5 10,-152.32740016595307,0.6131194272640207,73.96320886751407,0.82325609441653
16,526,4 7 15,-152.32109718270164,0.6172318446162461,74.4593072947493,0.9168809503289117
16,527,7 8 9,-152.31961430242984,0.6181993583026606,74.57602259308813,0.5636995419479928
16,528,6 7 10,-152.30829104540427,0.6255872818966317,75.46725929442138,0.730417956075939
16,529,6 9 15,-152.306864360418,0.6265181306486773,75.57955154550669,0.6952550604014044
16,530,0 6 7,-152.30540515816315,0.6274701954779517,75.69440318238479,0.4630320757187754
16,531,7 9 15,-152.30159539543598,0.6299558968866507,75.99426393430109,0.8810724564310308
16,532,5 6 15,-152.30075511687696,0.6305041414224509,76.06040100859478,0.7295674583798096
16,533,0 5 7,-152.30028558392942,0.6308104908706177,76.09735724780957,0.6239088841616229
16,534,0 6 15,-152.29811012307903,0.6322298827035601,76.26858453230983,0.7321752799276309
16,535,0 6 9,-152.29394210988352,0.6349493266725144,76.5966426451914,0.3456226283818965
16,536,2 10 15,-152.29259016653333,0.635831409818027,76.70305209338193,1.2074807949784205
16,537,6 8 15,-152.29241863831635,0.6359433243809841,76.7165528239529,0.7073939535658493
16,538,5 6 9,-152.29186365468334,0.6363054266159962,76.76023475939427,0.34077668706822845
16,539,5 6 8,-152.28869964182718,0.6383698048402897,77.00926950041742,0.36112133058447876
16,540,7 8 15,-152.2860807987664,0.6400784839238798,77.21539473854774,0.8906378867183413
16,541,3 7 15,-152.28273580827124,0.6422609420403862,77.47867396007902,1.0923064353299594
16,542,0 6 8,-152.28051094533652,0.6437125665448633,77.65378960908225,0.36401282881339697
16,543,0 5 15,-152.27927333511542,0.6445200523885507,77.75120006691219,0.8607697794014904
16,544,5 6 7,-152.27591666705104,0.6467101296016708,78.01539841253114,0.45265457531767883
16,545,4 10 15,-152.26736736118224,0.6522881729506432,78.68830154843916,1.0599732566664337
16,546,6 7 9,-152.2646331380604,0.6540721324127905,78.9035081793867,0.40638136553488474
16,547,0 7 10,-152.2619407642352,0.6558287870627786,79.11542091450416,0.854851573027462
16,548,6 7 8,-152.25989723339748,0.6571621004068844,79.27626418413598,0.4250477236519861
16,549,5 7 10,-152.2499518798715,0.6636510030078819,80.05904815257134,0.8485457500684792
16,550,9 10 15,-152.2438389465548,0.6676394211968231,80.5401880324085,1.0262012806500502
16,551,6 7 15,-152.23314948017554,0.674613824470722,81.38154001561931,0.7646310841691031
16,552,8 10 15,-152.22764510413913,0.6782051859930903,81.81478125800339,1.0341881718818455
16,553,0 7 15,-152.1817201621285,0.7081691762006799,85.42946506620989,0.882513507106687
16,554,6 10 15,-152.16476965573105,0.7192286307251804,86.76361418721655,0.9176214788080783
16,555,5 7 15,-152.15805422800767,0.7236101498242467,87.29217550475198,0.8735128572360378
16,556,3 10 15,-152.12724621526138,0.7437110133600465,89.71702831809392,1.1901942078462415
16,557,6 8 9,-152.1142015603281,0.7522220728316464,90.74375368576149,0.28784665264512055
16,558,5 10 15,-152.09271327646832,0.7662422261288108,92.43506451455079,1.0138140620581124
16,559,0 10 15,-152.072568675922,0.7793856855884986,94.02061603034052,1.011344531885647
16,560,7 10 15,-151.99659996700134,0.8289519027794823,100.0,1.0320314551195628
20,1,1 5 15 18,-336.15232144200877,0.0,0.0,1.4732051545372367
20,2,1 14 15 18,-336.1428670908589,0.0028125199639637615,0.489952392944054,1.4675160119077235
20,3,1 4 15 18,-336.1404648963906,0.0035271348320044726,0.6144412033759993,1.4360383792399114
20,4,1 5 14 18,-336.1358449771381,0.004901487754118071,0.8538590605172569,1.4638807071588888
20,5,1 4 14 18,-336.13200296973514,0.006044424202239172,1.0529632286351283,1.432938341920896
20,6,1 15 17 18,-336.1250631906614,0.008108898736863402,1.4126030716838074,1.2035613075431264
20,7,1 13 15 18,-336.1222593946752,0.008942983705898515,1.5579040586042636,1.4638129909258695
20,8,1 14 17 18,-336.11498024873066,0.011108414518134302,1.9351308949657995,1.1972622147545158
20,9,1 13 14 18,-336.11496767698543,0.011112154413541445,1.9357823999248995,1.4620239244949482
20,10,14 15 17 18,-336.09614319305985,0.016712140706907543,2.9113227409868045,1.3770110054553404
20,11,1 2 15 18,-336.0926602541601,0.01774825995333253,3.091818919028459,1.3139748467270016
20,12,1 2 14 18,-336.09256932465445,0.017775310043375535,3.096531154502601,1.31791972028434
20,13,2 14 15 18,-336.0911555682004,0.018195880232502088,3.1697961884236703,1.498506609477795
20,14,4 15 17 18,-336.08436674690245,0.02021544721595689,3.52161295379161,1.3358285036798891
20,15,1 15 16 18,-336.07853556721267,0.021950130964313593,3.823801903345135,1.1836913736499022
20,16,5 15 17 18,-336.07770754183326,0.022196455420992488,3.8667126234597684,1.3611358083987704
20,17,4 14 17 18,-336.07440749001137,0.02317816865377313,4.037731053105986,1.3321363460628044
20,18,2 15 17 18,-336.0730960350896,0.023568305754764873,4.10569451955469,1.2368737986572809
20,19,1 7 15 18,-336.0728248777922,0.023648970762886072,4.119746691365813,1.2458423085081447
20,20,13 15 17 18,-336.0722220165734,0.023828312442339183,4.150988739823603,1.3720641006120384
20,21,2 14 17 18,-336.07150777534827,0.024040787912406332,4.188002829087025,1.239827756602683
20,22,13 14 17 18,-336.06343296864793,0.026442915217580566,4.606463155202432,1.369599205952877
20,23,1 14 16 18,-336.06167908120733,0.02696466899666389,4.697354781169491,1.173115982837503
20,24,5 14 17 18,-336.0597337467269,0.027543375242709008,4.798167758035218,1.351865355287319
20,25,14 15 16 18,-336.05223367511553,0.02977452794729712,5.186843614791067,1.3679414394732625
20,26,1 5 17 18,-336.0521588694553,0.02979678144830298,5.190720264986943,1.134988635287753
20,27,1 13 17 18,-336.0519979004064,0.02984466719492816,5.199062156403725,1.15274580798761
20,28,1 7 14 18,-336.0507383286342,0.030219369879338955,5.264336884840104,1.232185118277804
20,29,1 12 15 18,-336.04799173847107,0.03103643702061992,5.406673297095248,1.2124555832002073
20,30,2 5 15 18,-336.0431625469991,0.03247304511877429,5.656936258578926,1.4653236501242324
20,31,1 4 15 17,-336.04230557590586,0.032727980467596465,5.701347031054089,1.2813565349461458
20,32,5 15 16 18,-336.03707040271075,0.034285361708530894,5.97264916419402,1.355500396197065
20,33,1 4 14 17,-336.03680910593164,0.034363093368390996,5.98619033483243,1.2814854607446697
20,34,4 15 16 18,-336.0354748054856,0.03476002665158917,6.055337723805272,1.323605340279845
20,35,2 5 14 18,-336.0351807643179,0.03484749924926292,6.070575805346526,1.4639452304109715
20,36,4 14 15 18,-336.0340224537869,0.0351920783156812,6.130602877265381,1.539044658265469
20,37,1 5 15 17,-336.0310581832995,0.036073901911223574,6.2842201266809585,1.305111061959913
20,38,15 16 17 18,-336.03044124359025,0.036257431718956463,6.316191764083512,1.0712328004555864
20,39,1 14 15 17,-336.0288829136427,0.03672101023624045,6.396949023328223,1.305603174831943
20,40,1 12 14 18,-336.02749210353824,0.037134754249218645,6.4690249096587324,1.200771740466987
20,41,0 1 15 18,-336.02619255329824,0.037521349895625895,6.536371440345058,1.211497964078774
20,42,1 9 15 18,-336.0255018049166,0.03772683661625733,6.572168061091424,1.2524423788553842
20,43,2 4 14 18,-336.02421027567556,0.03811104614231072,6.6390989199275205,1.4285156269736583
20,44,2 4 15 18,-336.02417752014156,0.03812079039570546,6.640796408418048,1.4247434936855883
20,45,1 6 15 18,-336.0238720893998,0.038211651211559824,6.656624731318182,1.2055912121341616
20,46,13 15 16 18,-336.02309436369774,0.03844301230962229,6.696928773629803,1.361227315531238
20,47,2 15 16 18,-336.02038017412417,0.03925044078785607,6.837586091661524,1.2211530828482227
20,48,4 14 16 18,-336.01874200451994,0.039737770340484806,6.922480877662012,1.3160909138630728
20,49,1 15 18 19,-336.0179887869331,0.039961840661829236,6.961514837078152,1.431158879403228
20,50,1 5 14 17,-336.01754717511,0.040093213195918395,6.984400465720372,1.299799575462819
20,51,7 15 17 18,-336.0166150126701,0.04037051678135314,7.0327078757997805,1.134335392148339
20,52,1 9 14 18,-336.0125491247336,0.04158005414794873,7.243414194230165,1.2473943240141503
20,53,5 14 16 18,-336.0123230635299,0.0416473037813099,7.255129353308886,1.342846559798353
20,54,14 16 17 18,-336.0120874273493,0.041717401818888306,7.267340715963115,1.0604108260134408
20,55,2 14 16 18,-336.0120183703084,0.04173794519654311,7.270919455730331,1.2194018624758514
20,56,1 6 14 18,-336.01129445034326,0.04195329993871297,7.3084351258801945,1.20063451422048
20,57,1 13 15 17,-336.0095338384317,0.042477054141568764,7.399675233787571,1.3060336108765715
20,58,13 14 16 18,-336.0075317716977,0.04307263733594307,7.503428243550994,1.3549836414837018
20,59,1 14 18 19,-336.00701485815205,0.04322641094174035,7.530216229804373,1.428129741077509
20,60,1 13 14 17,-336.00520757742305,0.04376404837980535,7.62387485363331,1.3072311241344534
20,61,0 1 14 18,-336.0050795738965,0.043802127404807364,7.630508374340633,1.2002624461531781
20,62,1 2 14 17,-336.00221809973027,0.04465337072033089,7.778798414860237,1.1604726413950164
20,63,1 5 16 18,-336.0021300807538,0.044679554973981406,7.783359818120622,1.1219008235147996
20,64,1 2 5 18,-336.0001905754043,0.04525652714574838,7.8838707122089815,1.2466463223696183
20,65,1 4 5 18,-335.9998686856657,0.045352284252885275,7.900551988923193,1.3367018398297514
20,66,1 2 15 17,-335.9993435725547,0.04550849709971114,7.927764900863939,1.1537023463428484
20,67,2 13 14 18,-335.9984286429606,0.04578067418603263,7.9751792539908095,1.4556753101683104
20,68,2 13 15 18,-335.99722567846095,0.046138537102019136,8.03752042641983,1.451279520933199
20,69,1 4 17 18,-335.9956831373835,0.046597418680124125,8.117459459796015,1.0493862626862653
20,70,1 13 16 18,-335.99347859795165,0.047253234300368194,8.2317052026123,1.1335907116256405
20,71,7 14 17 18,-335.99303113327653,0.04738634796538756,8.25489414332932,1.1208380278945238
20,72,12 15 17 18,-335.98920846786353,0.04852353047735084,8.452995952414904,1.0985652299529889
20,73,2 14 15 17,-335.98868574713765,0.04867903162743671,8.480084883894966,1.3563019577238251
20,74,2 7 15 18,-335.9838040437256,0.050131261197377944,8.733069169167045,1.2619941196821491
20,75,9 15 17 18,-335.98268870869026,0.05046305573343252,8.790869124007756,1.156364750678565
20,76,12 14 15 18,-335.9801384880263,0.051221706053929304,8.92302908898497,1.3693622071547191
20,77,0 15 17 18,-335.9763293976,0.052354850222005554,9.12042740217494,1.1066464451996612
20,78,1 2 14 15,-335.9762361532124,0.052382588952824195,9.125259601667194,1.4055734804218698
20,79,1 15 16 17,-335.97543209602736,0.05262178325069936,9.166928219178924,0.9963951630234821
20,80,5 14 15 18,-335.9747295240489,0.05283078730441684,9.20333757362474,1.5323130382754206
20,81,7 14 15 18,-335.97121776883245,0.053875478949374694,9.385327098283756,1.3757528806490484
20,82,6 15 17 18,-335.9702862857273,0.05415258044346896,9.433599303231421,1.097710822849333
20,83,2 7 14 18,-335.9702121767573,0.05417462669015066,9.43743984888284,1.257372769922641
20,84,1 17 18 19,-335.9694334198502,0.05440629455540738,9.47779733128478,1.1371014406682134
20,85,9 14 17 18,-335.96823869827165,0.05476170533270547,9.539711331201742,1.1508462313509225
20,86,1 4 13 18,-335.96815226575796,0.0547874176387554,9.544190519274604,1.3322164758490231
20,87,12 14 17 18,-335.9672115026951,0.055067279773531104,9.592943639033635,1.0871445462194254
20,88,1 4 15 16,-335.9644978138901,0.05587455928103149,9.733575005758967,1.253060878983772
20,89,7 15 16 18,-335.96363601908695,0.05613092960727108,9.778235757124413,1.1231617570338006
20,90,1 7 15 17,-335.9630682393848,0.056299835090264,9.807659777801273,1.0667124145813156
20,91,1 11 15 18,-335.9630197958589,0.056314246273186395,9.810170264357263,1.1324411165443184
20,92,1 14 16 17,-335.96154106670326,0.05675414481360949,9.88680237552249,0.9909181364722017
20,93,1 5 15 16,-335.96150522357806,0.05676480757656473,9.888659872106425,1.283674162083635
20,94,1 2 13 18,-335.9595782630771,0.05733804785427171,9.988520655102834,1.2361958895550276
20,95,2 12 15 18,-335.95926240075283,0.05743201190096227,10.004889573409768,1.2330841880314398
20,96,15 17 18 19,-335.95716041708897,0.05805731880196654,10.113820573508233,1.3373650007539015
20,97,6 14 17 18,-335.95621131643503,0.05833966123823745,10.16300577185457,1.0925568506055165
20,98,1 14 15 16,-335.9560575750995,0.05838539685441586,10.170973101820755,1.2823538871813907
20,99,0 14 17 18,-335.95371908796267,0.05908105979876857,10.292160410225762,1.0953824076288716
20,100,1 4 14 16,-335.95222779984135,0.059524694432888506,10.369443364076725,1.2495698803549091
20,101,1 10 15 18,-335.9517289316613,0.059673099827771844,10.395296186200847,1.1385458037418896
20,102,2 5 17 18,-335.9512390237217,0.05981883969281097,10.420684662207478,1.1478586707267324
20,103,1 4 14 15,-335.9507943303372,0.059951128942696615,10.443729986462136,1.472113868716239
20,104,1 2 5 15,-335.9488540528945,0.06052833079999458,10.544280892702224,1.3877866137393189
20,105,13 14 15 18,-335.9485276676853,0.060625425238544826,10.561195137976489,1.531733563690419
20,106,2 12 14 18,-335.9472574480095,0.06100329550591464,10.62702167222065,1.2298035306450286
20,107,4 5 15 18,-335.9462738977663,0.061295886150243575,10.677992150005265,1.4878676390789802
20,108,1 2 5 14,-335.94533505713014,0.06157517639346151,10.726645643933788,1.3896307345297338
20,109,14 17 18 19,-335.94468915807226,0.061767321149476105,10.760118040292648,1.3339893937447493
20,110,1 7 14 17,-335.94394714690804,0.06198805773729362,10.79857124979772,1.0581135427069166
20,111,1 5 14 16,-335.9412206713141,0.06279914111230513,10.939865265682311,1.2754138651086462
20,112,13 16 17 18,-335.9405734637908,0.06299167511608948,10.973405470582511,1.0224525500612371
20,113,2 4 14 17,-335.9405307680254,0.06300437643115431,10.975618091217841,1.2979493903915946
20,114,12 15 16 18,-335.94032917665385,0.06306434667639034,10.98606515134019,1.0926186197727126
20,115,14 15 16 17,-335.9399770644728,0.0631690944822389,11.004312644260672,1.2095492121789198
20,116,1 12 15 17,-335.9394892627257,0.06331420778831999,11.029591971153788,1.0345784085328038
20,117,4 15 16 17,-335.9390430515743,0.06344694854986316,11.052715950571745,1.1722360502836238
20,118,1 2 4 14,-335.93895275602506,0.06347381004790088,11.057395332553126,1.3559932917684046
20,119,1 11 14 18,-335.93772712107705,0.06383841706377877,11.120911354555615,1.12006826519204
20,120,2 4 15 17,-335.9375325558102,0.0638962971539723,11.130994301186211,1.292048933741812
20,121,2 6 15 18,-335.937433514424,0.0639257604002078,11.136126918263402,1.2310894613900065
20,122,1 4 16 18,-335.9373995463876,0.06393586535389642,11.137887242209105,1.0362379797896242
20,123,2 9 15 18,-335.93587488815024,0.06438942706985651,11.216899534007833,1.274754408537104
20,124,2 13 17 18,-335.9352032334682,0.06458923371678248,11.2517066628609,1.1551539254453478
20,125,1 2 4 15,-335.93445721357415,0.06481116283833424,11.290367616582635,1.3494776016058059
20,126,2 5 15 17,-335.93341364444325,0.0651216081526558,11.344448450347013,1.3211184693640832
20,127,2 6 14 18,-335.9333505575569,0.06514037550374839,11.347717799078701,1.232912577201564
20,128,7 14 16 18,-335.9332785956189,0.06516178304235108,11.351447079190425,1.1073428031462618
20,129,1 5 13 18,-335.93155413556565,0.0656747826390387,11.440813691053403,1.3414355710704846
20,130,1 13 15 16,-335.9314903649571,0.06569375338667152,11.444118472287931,1.2814733000948404
20,131,2 9 14 18,-335.93141689015675,0.06571561097790155,11.44792615339397,1.2762801891370796
20,132,4 5 14 18,-335.92992111793524,0.06616057956092389,11.525441486557852,1.4827725409224743
20,133,1 10 14 18,-335.9291668857974,0.06638495169514852,11.564528023002698,1.1283864424807812
20,134,6 14 15 18,-335.92881623944385,0.06648926344049669,11.582699552414164,1.3498954038162636
20,135,2 15 16 17,-335.9287910590923,0.06649675419689977,11.58400447258244,1.0618318136502876
20,136,2 5 14 17,-335.9283973184432,0.06661388581372117,11.604409275636769,1.3222597923664825
20,137,6 15 16 18,-335.926767301625,0.06709879004143776,11.688881560193852,1.0967405929447716
20,138,4 14 15 17,-335.9267099938447,0.06711583819984611,11.691851418582234,1.4045248877870338
20,139,1 5 7 18,-335.9264822845874,0.0671835781031001,11.70365198466615,1.141732535532053
20,140,0 2 15 18,-335.92633138905575,0.06722846713763046,11.71147183667321,1.2283776459583788
20,141,4 14 16 17,-335.92527570728987,0.06754251576931863,11.766180382947695,1.1680766185163107
20,142,1 9 17 18,-335.9252166880033,0.06756007307379969,11.769238936648419,0.8596469317048949
20,143,5 16 17 18,-335.92464842451926,0.06772912247425453,11.798688028331265,0.9910380313332625
20,144,2 14 16 17,-335.9233947119577,0.06810208213616356,11.863659115173403,1.0632256118777172
20,145,9 15 16 18,-335.92277395180076,0.06828674846667873,11.895828739457457,1.1438705335125232
20,146,0 15 16 18,-335.9223456217842,0.06841416987336064,11.918026065668826,1.0983943050421798
20,147,1 12 14 17,-335.92195508447406,0.06853034854749546,11.938264862239429,1.0276716799551178
20,148,1 6 15 17,-335.92092583817623,0.06883653304546875,11.99160344450249,1.0357296418165725
20,149,1 13 14 16,-335.92039055987397,0.0689957698759537,12.019343146670142,1.2791320510002948
20,150,1 9 15 17,-335.91878706388275,0.06947278457700957,12.10244104366158,1.0866463738901877
20,151,1 2 4 18,-335.9180706114058,0.0696859178595194,12.139569726522389,1.1586094294528833
20,152,2 15 18 19,-335.9180030979356,0.06970600204931535,12.143068473900879,1.4453717225227543
20,153,1 2 15 16,-335.91771189099046,0.06979263151058816,12.158159677659041,1.1257377089155358
20,154,5 15 16 17,-335.91753471057496,0.06984533988241957,12.167341689960416,1.1935251377821758
20,155,11 15 17 18,-335.9170477625671,0.06999019921456935,12.19257677356389,1.0290174343239433
20,156,2 14 18 19,-335.915523851344,0.07044353870559701,12.271550352877442,1.447751126671596
20,157,0 1 15 17,-335.91536896335555,0.07048961543289542,12.279577105785206,1.0368169832547884
20,158,4 5 17 18,-335.9143832035654,0.07078286338248485,12.330662088814014,1.2225410653337963
20,159,1 2 14 16,-335.91381287409155,0.0709525273822535,12.360218246191812,1.1279959226434138
20,160,0 2 14 18,-335.91371309184353,0.07098221102316557,12.365389256916181,1.22517030768841
20,161,1 2 18 19,-335.91285280148,0.07123813380240288,12.409972043777362,1.2522395138773195
20,162,13 15 16 17,-335.9120963740276,0.07146315900799145,12.449172347904437,1.2072723742141611
20,163,1 5 9 18,-335.91174335736116,0.07156817588395337,12.467466713930744,1.1791404815040458
20,164,12 14 16 18,-335.9115586674109,0.0716231182236331,12.477037892498341,1.078594799710009
20,165,1 6 14 17,-335.9113136558008,0.07169600530321553,12.489735117589603,1.0344715396455035
20,166,1 12 13 18,-335.91112145993736,0.07175318053337251,12.49969527474101,1.1359524888618273
20,167,1 16 18 19,-335.9107857126918,0.07185306002970668,12.517094688384992,1.126456973869063
20,168,2 14 15 16,-335.9096721710779,0.07218432105123622,12.574801702830058,1.3335789932026547
20,169,1 7 17 18,-335.90947144700465,0.07224403328894358,12.585203816993731,0.7831880021987703
20,170,4 13 15 18,-335.9092329216477,0.0723149908108014,12.597564905297837,1.4822707826404544
20,171,1 9 14 17,-335.908799840381,0.07244382563926081,12.620008455319532,1.0851303681545383
20,172,15 16 18 19,-335.9079043595096,0.07271021703812582,12.666414918209018,1.3328959647886638
20,173,10 15 17 18,-335.9073310784326,0.07288075909314486,12.696124036375208,1.0376544552559976
20,174,4 13 17 18,-335.9072433057314,0.07290687008378624,12.70067267692205,1.2349708081094244
20,175,6 14 16 18,-335.9059187882582,0.07330089308726874,12.76931308335642,1.0882244327910775
20,176,4 7 15 18,-335.9056907508865,0.07336873059935858,12.78113065329571,1.3052288486065942
20,177,0 14 15 18,-335.9032531579583,0.07409387594945402,12.90745391644183,1.3393896110395758
20,178,12 13 15 18,-335.90282901626335,0.07422005139668714,12.929434191460226,1.3380026844349933
20,179,1 2 5 17,-335.9025602689871,0.07429999946163372,12.943361468860465,1.0901729835885239
20,180,4 13 14 18,-335.9020648889974,0.0744473671750404,12.969033522659695,1.4822112735196842
20,181,2 11 15 18,-335.9019230894405,0.07448955030091965,12.976381994397219,1.1817037011920455
20,182,9 14 16 18,-335.90155039730763,0.07460042031701417,12.995696001190863,1.1353892738153082
20,183,2 13 14 17,-335.9001828995517,0.07500722927495446,13.066563772786347,1.321900098143435
20,184,1 5 12 18,-335.9000191785617,0.07505593368052625,13.07504827791433,1.1109982601820383
20,185,13 14 16 17,-335.8994992387088,0.07521060756487206,13.101993096344842,1.2042456836480313
20,186,1 5 6 18,-335.8993906318354,0.07524291639229869,13.107621425214935,1.1234121892725075
20,187,1 6 13 18,-335.8980199505786,0.07565067239139686,13.178654175223892,1.140541871255693
20,188,1 4 5 17,-335.89739574036906,0.0758363650580009,13.211002591420232,1.1881731897237962
20,189,0 1 14 17,-335.897221440635,0.07588821647265363,13.220035318302937,1.030155248403249
20,190,5 12 15 18,-335.89705129109853,0.07593883326915317,13.22885296969239,1.3194599503977307
20,191,2 13 15 17,-335.89601447837083,0.07624726866036424,13.28258366669321,1.3155855674402555
20,192,5 14 16 17,-335.8957528280753,0.07632510548577531,13.29614315759744,1.1850074070272845
20,193,1 3 15 18,-335.8952079350849,0.07648720253393461,13.324381121292776,0.8795941610543996
20,194,2 5 16 18,-335.8950219975036,0.0765425160241135,13.334016955783717,1.1400259259401273
20,195,1 5 16 17,-335.89471298475655,0.0766344424298908,13.350030908773359,0.9405994096781207
20,196,0 1 5 18,-335.8946778966223,0.07664488059498151,13.351849279497713,1.1249603903230403
20,197,1 13 16 17,-335.89459920442016,0.07666829028074118,13.355927341770329,0.9616779603551397
20,198,0 14 16 18,-335.89296176807227,0.07715540170120305,13.440784128262012,1.0847309895502255
20,199,1 2 13 14,-335.8925441161649,0.07727964653924661,13.462428083323793,1.3755555535306496
20,200,1 15 17 19,-335.89160836058136,0.07755801902810548,13.51092170071806,1.277087442963563
20,201,0 1 17 18,-335.89149168807114,0.07759272725493437,13.516968014702508,0.7742354929481962
20,202,5 7 15 18,-335.8913474528345,0.07763563495701828,13.524442710555732,1.3284648979762055
20,203,11 14 17 18,-335.89025775754953,0.07795980207277708,13.58091393782338,1.016800286808896
20,204,4 12 15 18,-335.8900976200014,0.07800744046105902,13.589212738412812,1.2841957751614883
20,205,1 12 14 15,-335.8892523304353,0.0782589007402912,13.633018139661074,1.294727220528727
20,206,14 16 18 19,-335.88865955641836,0.07843524163669788,13.663737439532847,1.3263936874014763
20,207,1 4 9 18,-335.887869422245,0.07867029405876115,13.704684525467448,1.1294778314309637
20,208,1 2 17 18,-335.88784566607643,0.07867736114324758,13.705915640268277,0.8472068560633778
20,209,2 4 17 18,-335.8876348104106,0.07874008736954191,13.716842803476728,1.0703217526522109
20,210,1 5 14 15,-335.88691321306203,0.07895475117000686,13.754238108777262,1.466723080328941
20,211,1 2 13 15,-335.88687836474844,0.07896511799223792,13.756044051285905,1.3686960179713628
20,212,2 7 15 17,-335.88556176147176,0.0793567866473969,13.824274320686685,1.1094986022200146
20,213,2 11 14 18,-335.88512509684807,0.07948668746789951,13.846903570848859,1.1763646521748032
20,214,4 7 14 18,-335.88372788676827,0.0799023353723399,13.91931112279944,1.2972174633844573
20,215,1 4 5 15,-335.8836566951999,0.07992351373817408,13.92300048008474,1.435003126745108
20,216,12 13 14 18,-335.8836232753358,0.07993345561925634,13.924732396120548,1.3316105661586695
20,217,1 14 17 19,-335.88359988848146,0.07994041283861025,13.925944371969381,1.2768245490517909
20,218,9 14 15 18,-335.88335701995345,0.08001266238517393,13.938530536221212,1.366236174072726
20,219,10 14 17 18,-335.883271702333,0.08003804302811998,13.942951947235253,1.0275146708660219
20,220,1 2 7 15,-335.88259813486957,0.0802384186972611,13.977858202067697,1.175435922965268
20,221,2 10 15 18,-335.88202206469185,0.08040979046564387,14.007711859669422,1.1832598467095294
20,222,1 8 15 18,-335.8817744824305,0.08048344227333921,14.020542303501768,0.9794372855341287
20,223,1 7 15 16,-335.8811734252028,0.08066224729396777,14.051690863814176,1.0421276446105225
20,224,4 11 15 18,-335.88045825397074,0.08087499942639134,14.088753148782981,1.263791488072835
20,225,4 16 17 18,-335.87843364084046,0.08147728981712947,14.193674579375589,0.9177487001451152
20,226,1 4 7 18,-335.8776906454985,0.08169831918226332,14.232178791877468,1.0748484849013902
20,227,2 17 18 19,-335.8776867801288,0.08169946906862718,14.232379106749118,1.1677697175654604
20,228,0 4 15 18,-335.8770074485817,0.08190155946150675,14.267584073416376,1.2920490048598654
20,229,3 14 15 18,-335.8769581404009,0.08191622786557434,14.270139368939846,1.1251155692084063
20,230,1 7 14 15,-335.87650404309403,0.0820513146336614,14.293672032219524,1.3001503646617711
20,231,2 7 14 17,-335.87493535118455,0.08251797567076326,14.374966278927584,1.1079613513713473
20,232,1 4 13 17,-335.87421702292704,0.0827316669683346,14.412192170276935,1.1919481706274757
20,233,11 14 15 18,-335.8735692779982,0.08292436084178188,14.445760225121282,1.2940196658549197
20,234,1 2 7 14,-335.873469054818,0.08295417565304593,14.450954086253349,1.1747181023960873
20,235,1 4 5 14,-335.87176670228575,0.08346059861181578,14.539175021098345,1.432719798432048
20,236,0 1 4 18,-335.8713131993302,0.08359550856978366,14.562676883337641,1.0741050907509302
20,237,4 6 15 18,-335.8712560933785,0.08361249668737981,14.565636282372843,1.2851147078634204
20,238,1 3 14 18,-335.8708070072432,0.08374609271117668,14.588909251946665,0.8693168234578894
20,239,2 13 16 18,-335.87049569349693,0.0838387036278297,14.60504244950909,1.1434440901961176
20,240,1 2 13 17,-335.8704856591256,0.08384168869462062,14.605562460259607,1.089368187991922
20,241,1 4 18 19,-335.87019162172277,0.08392916017231006,14.620800346695049,1.3185417945926037
20,242,4 12 14 18,-335.86972167010833,0.08406896334618617,14.645154627005736,1.2772538738827433
20,243,5 12 14 18,-335.86866080299023,0.0843845545381637,14.70013189354344,1.3082401900783636
20,244,2 10 14 18,-335.8679547010173,0.084594608709408,14.736724182724558,1.1797660596360997
20,245,4 9 15 18,-335.8661979826545,0.08511720464307969,14.827762515438975,1.3249393640446254
20,246,1 6 17 18,-335.8661003711595,0.0851462425192945,14.832821031332108,0.7505701146449828
20,247,3 5 15 18,-335.86427397834893,0.08568956549940973,14.927470099662198,1.1154731167819236
20,248,11 15 16 18,-335.8630986891205,0.0860391954598439,14.98837705781877,1.0255832694764193
20,249,12 14 15 17,-335.86248287282353,0.08622239107018538,15.020290476679326,1.2184105148539093
20,250,2 12 15 17,-335.8622742811609,0.08628444379132028,15.031100312555438,1.0813419639181558
20,251,1 11 15 17,-335.862015738129,0.08636135625493485,15.044498775882989,0.9648972055227036
20,252,4 5 16 18,-335.8619900968958,0.08636898411634536,15.045827580300028,1.218635151099569
20,253,1 8 14 18,-335.8618979929898,0.08639638357193086,15.050600676669648,0.9724827387289334
20,254,1 2 12 15,-335.8618840600442,0.08640052840292062,15.051322723050758,1.150003025887584
20,255,1 12 15 16,-335.8616941509172,0.08645702336514531,15.061164374767344,1.0150434803748207
20,256,5 7 14 18,-335.861370050501,0.08655343811389987,15.077960215320536,1.316583097467716
20,257,5 6 15 18,-335.8612981489848,0.08657482767798177,15.08168636419778,1.3112651026696718
20,258,1 2 9 18,-335.8609795682465,0.08666960040987035,15.098196158748433,1.006570252365985
20,259,1 2 7 18,-335.85923717884344,0.08718793370459817,15.188491922457983,0.9516343212390985
20,260,4 6 14 18,-335.8588021393616,0.08731735107109519,15.211036952970186,1.2826207649819803
20,261,2 5 15 16,-335.85767244720523,0.08765341662362106,15.269580936215037,1.3036768635246667
20,262,0 4 14 18,-335.85601815421967,0.08814554262723355,15.355311283444333,1.285010876835114
20,263,1 9 16 18,-335.85591028153476,0.0881776330451859,15.360901564497548,0.8483112400396361
20,264,7 15 16 17,-335.8556069472531,0.0882678701973141,15.376621242645308,0.9499355688291959
20,265,4 11 14 18,-335.85528926422853,0.08836237587354596,15.393084515016664,1.2544162228183817
20,266,1 7 14 16,-335.8552787886515,0.08836549219205989,15.39362739035004,1.0316986819894607
20,267,6 13 15 18,-335.8546029115171,0.08856655495180145,15.428653339153788,1.323226156061456
20,268,1 2 12 14,-335.8543418942177,0.08864420347085128,15.442180026325605,1.1503604990782748
20,269,2 4 15 16,-335.85353655627785,0.08888377877303143,15.483915016333649,1.2698899684830918
20,270,4 9 14 18,-335.8533689875113,0.08893362783128261,15.49259892460421,1.322297166884392
20,271,2 12 14 17,-335.8532347850987,0.0889735509268663,15.499553689891421,1.0809853010393815
20,272,1 16 17 18,-335.85322252421486,0.0889771983459325,15.500189085096594,0.6342504955361136
20,273,1 4 16 17,-335.85308638861494,0.08901769653417423,15.507244033858973,0.8698718125733442
20,274,7 12 15 18,-335.85248890550827,0.08919543831031629,15.53820737266642,1.112405814958074
20,275,7 14 15 17,-335.8523079909677,0.08924925752530863,15.547582898355033,1.225923487952237
20,276,5 13 17 18,-335.8521294248517,0.08930237812112651,15.556836721747954,1.2373345932754398
20,277,4 14 15 16,-335.85152033733345,0.0894835720262036,15.588401435427098,1.3880295111781553
20,278,4 10 15 18,-335.851317354329,0.08954395626022328,15.598920614075823,1.2604436299229915
20,279,1 5 11 18,-335.85091828861005,0.08966267200112735,15.619601377974861,1.0644020223640105
20,280,1 12 17 18,-335.8498979579083,0.08996620425024945,15.672477927723321,0.7216472887283824
20,281,2 4 14 16,-335.84976122441856,0.090006880301259,15.679563860901752,1.2720606486417778
20,282,10 14 15 18,-335.84964067428507,0.09004274205969365,15.685811124773782,1.2934397709351215
20,283,1 6 15 16,-335.848491033475,0.09038474202124026,15.745388906156139,1.0211105386171984
20,284,1 10 15 17,-335.84767473031366,0.09062757930341098,15.787692146317992,0.9720189166998571
20,285,12 13 17 18,-335.8475273787915,0.09067141405116497,15.795328337289554,1.026728465488426
20,286,1 7 16 18,-335.84710080384247,0.09079831335300152,15.817434710717793,0.779557064589073
20,287,16 17 18 19,-335.8470895867887,0.0908016502491246,15.818016011565946,1.0164082056936488
20,288,4 13 16 18,-335.84635968530864,0.09101878439739146,15.855841661480014,1.2267966519791147
20,289,10 15 16 18,-335.8463342100106,0.0910263628957193,15.857161866647704,1.030663371244206
20,290,2 4 14 15,-335.84627694315486,0.09104339887972622,15.86012960420594,1.4882499139551189
20,291,1 4 6 18,-335.8462136390882,0.09106223083851965,15.863410207861339,1.0549681416441319
20,292,2 6 15 17,-335.84600161935384,0.09112530335679155,15.874397696537782,1.0851101728140073
20,293,2 5 14 16,-335.84588257713074,0.091160716535732,15.88056681604127,1.3016409210484272
20,294,1 5 10 18,-335.844890147681,0.09145594860359191,15.93199744052577,1.0752938428195953
20,295,2 6 14 17,-335.8448841191679,0.09145774199090889,15.932309855875237,1.0892780810148428
20,296,1 13 14 15,-335.84467253709045,0.09152068431316716,15.943274663877677,1.459994822061448
20,297,5 14 15 17,-335.84431312588214,0.09162760346421334,15.961900413944461,1.3911323372517914
20,298,2 9 17 18,-335.843828820513,0.09177167665313256,15.986998548206435,0.9176330380435619
20,299,1 2 4 17,-335.8435442432131,0.09185633389979005,16.00174618417395,1.016507293351422
20,300,6 13 14 18,-335.8433191664658,0.09192329067294198,16.013410325815585,1.3214647411339528
20,301,9 12 15 18,-335.8416270882446,0.09242665718665168,16.101098815525855,1.1533721510658979
20,302,5 7 17 18,-335.8408850868533,0.09264739086718049,16.139551518569437,1.018727874344447
20,303,5 6 14 18,-335.84082965675265,0.09266388044559744,16.142424070056194,1.3047675650122723
20,304,1 2 6 14,-335.84079376135185,0.09267455875971567,16.144284275715844,1.1552374553128943
20,305,2 9 15 17,-335.84067450326984,0.09271003615326667,16.150464581665116,1.1315113877031673
20,306,1 2 6 15,-335.8404139313021,0.09278755219319677,16.163968190436577,1.1504966229932196
20,307,1 11 14 17,-335.8396885200283,0.09300335057612089,16.201561144606448,0.9569877123542376
20,308,6 13 17 18,-335.8396233363676,0.09302274168441824,16.204939154374856,1.0358232780997798
20,309,5 9 17 18,-335.8395429285227,0.0930466617467757,16.209106126322283,1.0685211231992522
20,310,2 9 14 17,-335.8391819619575,0.09315404359190539,16.227812479576357,1.1353055287406426
20,311,1 6 14 15,-335.83828883943966,0.09341973341787231,16.27409672561951,1.2788635939367403
20,312,3 15 17 18,-335.83750725040096,0.09365224379749494,16.314600977443515,0.7504242810767306
20,313,0 12 15 18,-335.83743290232167,0.0936743611754074,16.318453914444035,1.106992436896523
20,314,1 12 14 16,-335.837386428591,0.09368818637538327,16.320862320392404,1.0060268299927095
20,315,2 3 15 18,-335.83735398552585,0.09369783767423866,16.322543615824898,0.9516634302270333
20,316,0 5 15 18,-335.8372372087328,0.09373257692356132,16.328595334053677,1.3026914899950632
20,317,1 4 11 18,-335.83709543185984,0.09377475330132873,16.335942630242723,1.0180886732259777
20,318,1 4 7 15,-335.83617613356864,0.09404823000595196,16.38358338215254,1.2449016580728602
20,319,2 4 5 18,-335.83462861925494,0.09450859104319279,16.463780143314896,1.3201659363784326
20,320,4 9 17 18,-335.83418474409393,0.09464063688452652,16.48678306481188,1.0273688941876002
20,321,12 15 16 17,-335.833554267482,0.09482819370675549,16.519456224484166,0.9202881402063975
20,322,6 7 15 18,-335.8335033800726,0.0948433319063533,16.522093360295766,1.1146076887576675
20,323,0 1 15 16,-335.83246936694076,0.09515093446207015,16.57567897397325,1.0167356494877342
20,324,1 6 14 16,-335.83210530702513,0.09525923653003264,16.594545633779724,1.0168517708070355
20,325,3 5 14 18,-335.83198219733174,0.09529585971706363,16.600925541603658,1.102167606388755
20,326,4 5 15 17,-335.831682356331,0.09538505767335537,16.61646418761891,1.3533542971644241
20,327,5 11 15 18,-335.83114617358,0.0955445635630298,16.644250760989404,1.2698650375643195
20,328,1 4 13 15,-335.83057689947333,0.0957139136077473,16.673752226123035,1.4231553419234126
20,329,1 9 15 16,-335.8299564863944,0.0958984766880416,16.705903863799552,1.0628267640337974
20,330,1 4 12 18,-335.82993057032365,0.09590618630927193,16.70724691110904,1.0323756378473596
20,331,11 14 16 18,-335.8295351400284,0.09602382056911413,16.72773927661768,1.0113173943054419
20,332,4 10 14 18,-335.8288789935047,0.0962190137841622,16.761742726913003,1.2530082754343068
20,333,2 7 17 18,-335.8286896622143,0.09627533684913532,16.77155443343068,0.850161001153739
20,334,7 14 16 17,-335.8282149804662,0.09641654716297084,16.796153843233476,0.9392825680415995
20,335,8 15 17 18,-335.82814764795893,0.09643657751914879,16.799643212577216,0.8649826835576842
20,336,0 1 16 18,-335.82811626267625,0.09644591414444637,16.80126969059877,0.7719671793773093
20,337,1 10 14 17,-335.82807814113096,0.09645725470134749,16.803245261639052,0.9660088933239535
20,338,1 4 13 14,-335.82787165374003,0.09651868143493078,16.813946047942967,1.4255749566676634
20,339,0 2 15 17,-335.82702215526643,0.09677139379757484,16.85796956720343,1.0791239276452644
20,340,5 9 15 18,-335.8269369806297,0.09679673190512864,16.862383568379503,1.3356474846068065
20,341,1 5 12 15,-335.82677605439096,0.09684460491639633,16.870723241245322,1.259757394845062
20,342,13 14 15 17,-335.8266489719843,0.0968824099228049,16.877309026801505,1.397115447445392
20,343,1 2 16 18,-335.825738155532,0.0971533634144788,16.92451022477454,0.8440515420090996
20,344,6 15 16 17,-335.82554861697486,0.09720974813802867,16.934332672466542,0.9305927325622236
20,345,1 4 12 15,-335.824410570831,0.09754829886972759,16.99330958400998,1.226037709055463
20,346,1 2 9 14,-335.82431889669533,0.09757557047542918,16.99806040841092,1.1931805421970283
20,347,1 2 9 15,-335.8243141077719,0.09757699510442276,16.998308584563766,1.1887925843821505
20,348,1 5 18 19,-335.824071765701,0.09764908803832832,17.010867466254904,1.3258544248419855
20,349,0 1 2 18,-335.8240703803101,0.09764950017020595,17.010939261300713,0.9343714092704327
20,350,2 8 15 18,-335.8238428835165,0.09771717686886784,17.02272881688816,1.0440310538354387
20,351,3 4 15 18,-335.8235525105108,0.09780355824634075,17.03777680344147,1.0557055552410497
20,352,1 4 10 18,-335.82332290065153,0.09787186354861864,17.049675864330148,1.0252409721525555
20,353,2 4 16 18,-335.82316298189807,0.09791943684895521,17.057963326335322,1.062350526367071
20,354,2 3 14 18,-335.82144773987363,0.09842969422783439,17.14685223272619,0.9479599906007856
20,355,3 13 15 18,-335.8198583829447,0.09890250278144727,17.229217401761492,1.109015058000341
20,356,1 7 13 18,-335.8187793507458,0.09922349779771646,17.2851360364234,1.097136703851833
20,357,1 4 7 14,-335.8186760563673,0.09925422624191156,17.290489056120233,1.2401717412765607
20,358,7 12 14 18,-335.81848833311267,0.09931007094166162,17.300217429474507,1.0985281284166784
20,359,4 5 14 17,-335.81829503318113,0.09936757461461243,17.310234802693653,1.3507185063567966
20,360,9 15 16 17,-335.81778677734036,0.09951877269011299,17.336574121115994,0.9822410682692521
20,361,0 1 2 15,-335.81771181924046,0.09954107153950953,17.340458671185583,1.1426723347853946
20,362,1 2 5 16,-335.8174274221701,0.09962567517072209,17.35519696712497,1.0698195276567726
20,363,0 2 14 17,-335.8173693147354,0.09964296121368668,17.358208265968557,1.0787132675600881
20,364,1 5 7 15,-335.8172446479794,0.09968004760222007,17.364668865374217,1.2674815090071303
20,365,9 12 14 18,-335.816760384824,0.09982410823321862,17.389764811995445,1.1446835319567417
20,366,6 14 15 17,-335.8167168487628,0.09983705952299543,17.39202097924018,1.2059874229195986
20,367,1 12 13 15,-335.81651495994777,0.09989711825296262,17.40248345376183,1.2705330649531485
20,368,5 6 17 18,-335.81641749555075,0.09992611236985499,17.407534346603384,1.0034520513143725
20,369,1 4 5 16,-335.8160868131006,0.10002448516964724,17.424671287594514,1.1700098223117212
20,370,1 2 6 18,-335.81582430063946,0.10010257847568,17.438275458464027,0.9245886870734608
20,371,10 14 16 18,-335.81550128983645,0.10019866908175692,17.455014832047162,1.0184697253872008
20,372,0 5 17 18,-335.81542740831196,0.10022064766699142,17.458843590799862,1.0076901850848365
20,373,1 5 13 17,-335.8145149545102,0.10049208824424948,17.506129641058603,1.1938758807771574
20,374,1 3 5 18,-335.81373711714235,0.10072348256111273,17.546439470220143,0.8317436309331505
20,375,1 15 16 19,-335.81343648240306,0.1008129166420675,17.562019250110055,1.2607977401252772
20,376,0 15 16 17,-335.8132495984149,0.10086851167331216,17.571704130197357,0.928783972320871
20,377,1 9 14 16,-335.81319571881806,0.10088454000137226,17.574496329999864,1.0586042235979132
20,378,1 6 16 18,-335.8131897374782,0.1008863193554033,17.574806300693968,0.7571547554131408
20,379,2 16 18 19,-335.8128508354538,0.10098713734855058,17.592369204291888,1.1593834905019516
20,380,1 9 12 18,-335.8126716273988,0.1010404489110645,17.60165629485834,0.8947516627642107
20,381,2 8 14 18,-335.8124610762653,0.10110308454379623,17.612567676300493,1.0427952303194468
20,382,2 11 15 17,-335.812433387864,0.10111132140534296,17.614002571013017,1.035699682212489
20,383,1 5 7 17,-335.8124120213682,0.10111767759998475,17.615109845917612,0.9742356011276933
20,384,2 12 14 15,-335.81229298178386,0.10115308999392833,17.621278828671457,1.332359991179886
20,385,5 12 17 18,-335.8118485753421,0.10128529388288743,17.644309282706253,0.987028738727092
20,386,2 13 15 16,-335.81178276737967,0.10130487071107418,17.647719645633185,1.2960744978303393
20,387,3 14 17 18,-335.8116089923236,0.10135656604231855,17.656725182152655,0.7416061280484716
20,388,1 11 13 18,-335.81107417504904,0.10151566572435425,17.6844409925038,1.0611832331634328
20,389,4 7 17 18,-335.8106091984517,0.10165398890932056,17.70853745273954,0.9617623830519421
20,390,0 4 17 18,-335.8105784617072,0.10166313260475349,17.710130321595628,0.9650467786563638
20,391,9 16 17 18,-335.81022942924943,0.10176696424164172,17.728218214164755,0.7280054988509034
20,392,1 2 17 19,-335.81010532742033,0.10180388257335779,17.734649537390734,1.105306255637472
20,393,5 10 15 18,-335.8097496642175,0.10190968675203639,17.753081054745728,1.2712752808445824
20,394,0 1 2 14,-335.8095563089451,0.10196720688802294,17.76310129589252,1.1429746725614514
20,395,5 13 15 18,-335.80949985431437,0.10198400124794144,17.766026941553868,1.4617648289038285
20,396,1 4 11 15,-335.8094583855001,0.10199633756443936,17.76817597795742,1.2028056285618136
20,397,2 13 14 16,-335.809177644486,0.10207985357672691,17.782724806265737,1.2988396470903263
20,398,1 10 13 18,-335.80872626084135,0.10221413307320891,17.80611683955533,1.0741279219624271
20,399,1 4 12 14,-335.80849740785476,0.10228221321783301,17.817976677066866,1.2222393739110813
20,400,0 5 14 18,-335.8082333761556,0.1023607584731546,17.83165957933682,1.2923215676482849
20,401,1 3 5 15,-335.80812623017425,0.10239263270829319,17.837212200466446,1.0580441905774534
20,402,14 15 18 19,-335.80807772992364,0.10240706076590878,17.839725626662485,1.4999282957350653
20,403,12 14 16 17,-335.8077492149202,0.10250478878457502,17.856750244164473,0.9111866651514802
20,404,6 14 16 17,-335.80766556028925,0.10252967471443639,17.861085474151267,0.9260335286741518
20,405,0 1 14 16,-335.80754830014575,0.10256455775287394,17.867162241027458,1.008102408134599
20,406,6 7 14 18,-335.8074248035533,0.10260129603625306,17.87356219910238,1.105403075456169
20,407,1 12 13 17,-335.8068430618459,0.1027743549950429,17.903709772120845,0.9755233581614888
20,408,1 2 14 19,-335.8067754461824,0.10279446958570346,17.90721381545334,1.3727119358291993
20,409,8 14 17 18,-335.80677382828253,0.1027949508853389,17.90729765980329,0.8585918463355772
20,410,5 9 14 18,-335.8060934472713,0.10299735347721493,17.94255701280286,1.3294551317424128
20,411,1 4 6 15,-335.80592780179484,0.103046630387079,17.951141250502197,1.2282155219126716
20,412,1 2 15 19,-335.8047919058571,0.1033845414664604,18.010006732015757,1.3679398650638528
20,413,0 12 14 18,-335.8044058996823,0.10349937219948133,18.030010711773407,1.0940518466221674
20,414,2 14 17 19,-335.80362323782686,0.10373220172512486,18.07057056012958,1.313937912482769
20,415,2 16 17 18,-335.8033061804025,0.10382652129519176,18.087001412051645,0.7395221318442368
20,416,4 13 15 17,-335.80317908267807,0.10386433085839367,18.09358799141972,1.3545312495762618
20,417,2 15 17 19,-335.8031370277372,0.10387684153828335,18.095767402633804,1.3097106708826083
20,418,1 5 12 14,-335.80284835319947,0.10396271764840208,18.110727369563286,1.2519669897849603
20,419,4 7 15 17,-335.80260582975313,0.10403486453862472,18.123295650663852,1.164130319702706
20,420,1 2 12 18,-335.8025285915808,0.10405784167350757,18.127298360818127,0.9022356419886838
20,421,8 14 15 18,-335.80192692408275,0.10423682823992282,18.158478547143417,1.1726125740365596
20,422,1 3 15 17,-335.801915533796,0.10424021667012125,18.159068825436663,0.6920766950563525
20,423,1 12 13 14,-335.8017720059371,0.10428291393851012,18.166506862886113,1.2673815747741741
20,424,0 1 14 15,-335.8011257712607,0.10447515853573663,18.199996651989316,1.2641388494853034
20,425,1 12 18 19,-335.8008755335952,0.10454960028416224,18.212964706703023,1.122182427342427
20,426,1 5 9 17,-335.8007149915154,0.10459735901422924,18.221284471319844,1.0200557062668996
20,427,1 3 14 15,-335.8001994713429,0.10475071811354268,18.248000248861374,1.0562653484829072
20,428,1 10 17 18,-335.8001931644777,0.104752594306209,18.24832708923878,0.6870716773376155
20,429,0 1 4 15,-335.8000791703046,0.10478650577009602,18.25423460388492,1.2292862466790895
20,430,1 4 9 17,-335.7999449946238,0.10482642091340544,18.26118798385368,0.9802984975668578
20,431,6 12 15 18,-335.79987768732855,0.10484644376939846,18.26467604663476,1.08252025984493
20,432,0 2 17 18,-335.7998695731047,0.10484885762268951,18.265096549675214,0.8374208395670325
20,433,0 6 15 18,-335.79959911809874,0.10492931371020718,18.27911232666925,1.0995800278559544
20,434,9 14 16 17,-335.7995286795284,0.10495026807102516,18.282762661371553,0.9775088467112932
20,435,5 13 16 18,-335.7995006067233,0.10495861928662095,18.28421747702356,1.2356604484044276
20,436,1 6 13 17,-335.79929777700886,0.105018957919293,18.29472871173244,0.9855141371880395
20,437,3 4 14 18,-335.7992752677088,0.10502565408011125,18.2958952101248,1.0476148769145122
20,438,2 7 14 15,-335.79925319809433,0.10503221944143115,18.29703892271367,1.3379702687872448
20,439,1 2 11 15,-335.79923192943164,0.10503854653225746,18.29814112761548,1.0994623141397148
20,440,2 5 16 17,-335.79911925765987,0.10507206460266393,18.303980111520637,0.9868477214877492
20,441,4 13 14 17,-335.7989765067091,0.1051145307531756,18.311377887297844,1.3564154178467847
20,442,1 14 16 19,-335.7986544662287,0.10521033270361785,18.32806697589785,1.2576584965473607
20,443,2 11 14 17,-335.79860085195276,0.10522628210289957,18.330845425986816,1.0332945402244182
20,444,4 17 18 19,-335.7984916699539,0.10525876202105444,18.336503559556185,1.2212692248886767
20,445,1 16 17 19,-335.79825144905215,0.10533022394066872,18.348952515996675,0.9604679554078531
20,446,5 11 14 18,-335.79796264562253,0.1054161383940847,18.36391916248416,1.2574789983088803
20,447,1 4 6 14,-335.7979366346948,0.1054238762337727,18.365267125563502,1.2284960720531284
20,448,2 7 15 16,-335.7974787097731,0.10556010165674169,18.38899814714509,1.0889018576469076
20,449,3 13 14 18,-335.79675134910826,0.10577647995265982,18.426692124512222,1.1016153495662178
20,450,11 12 15 18,-335.79494261002776,0.10631455122723651,18.520426324422314,1.0494113359278856
20,451,1 11 17 18,-335.79454148017874,0.10643388101419242,18.541214057635823,0.6633232883678865
20,452,5 13 14 18,-335.79431728344895,0.10650057599604688,18.552832594170905,1.4584662653381235
20,453,1 5 6 17,-335.79213075579986,0.10715103339574816,18.666144913221135,0.961642935473978
20,454,1 5 7 14,-335.7917300325628,0.10727024222207995,18.686911574602984,1.2590808180970574
20,455,1 12 16 18,-335.7916270171196,0.10730088768742896,18.69225013904804,0.7272954470517546
20,456,1 5 6 15,-335.7913816698639,0.10737387461628939,18.70496475828879,1.2534675259502246
20,457,1 9 13 18,-335.7903776101779,0.10767256649550855,18.756998095954465,1.1296502125461905
20,458,0 1 13 18,-335.79032531414265,0.10768812373903847,18.759708230919824,1.0852333218310646
20,459,1 6 7 18,-335.7900009696358,0.10778461110091633,18.776516720973806,0.8391885570800445
20,460,2 5 14 15,-335.7895243071191,0.10792641066209285,18.80121878005499,1.4896221945338837
20,461,2 10 15 17,-335.7894822194977,0.10793893106392403,18.803399884870746,1.0381092767013873
20,462,10 12 15 18,-335.78940309622226,0.10796246898717902,18.807500286635527,1.0608158194470472
20,463,1 4 11 14,-335.7887521826747,0.10815610547457229,18.841232548655064,1.1968077557278445
20,464,2 5 7 18,-335.78850876035926,0.10822851976414777,18.853847411808196,1.1522053800307568
20,465,4 12 15 17,-335.7882668615301,0.1083004808406473,18.866383323404037,1.1433594547557504
20,466,7 16 17 18,-335.7880231826615,0.10837297145071541,18.879011481896743,0.6450962862184083
20,467,2 6 17 18,-335.78790084545983,0.10840936483367616,18.885351356918935,0.8252931467893708
20,468,12 14 15 16,-335.78730586651943,0.10858636165995009,18.916184922435818,1.2053324672393573
20,469,1 5 12 17,-335.7872030780045,0.10861693961773304,18.92151172678887,0.9446944788709286
20,470,2 4 13 18,-335.7870373781426,0.10866623270640924,18.930098782902945,1.3123671147862455
20,471,1 2 11 14,-335.78689672375606,0.1087080751622156,18.937387908531086,1.0978404251156708
20,472,0 14 16 17,-335.7868312013842,0.10872756703173131,18.9407834713127,0.9198746493127133
20,473,1 4 7 17,-335.78672432050377,0.10875936240353329,18.946322354129006,0.9191063748430067
20,474,12 13 16 18,-335.7866564085759,0.10877956512817738,18.949841750759145,1.0234328953122966
20,475,12 13 15 17,-335.7864320220332,0.10884631657637059,18.961470123959614,1.193623919413674
20,476,1 4 9 15,-335.7863284938145,0.10887711458432232,18.966835261945192,1.262506895795202
20,477,4 11 15 17,-335.78612591351487,0.10893737902002802,18.97733357124139,1.1257739054824325
20,478,11 13 15 18,-335.78597750380806,0.10898152856097822,18.98502460046539,1.263449512407727
20,479,4 8 15 18,-335.78455924993744,0.10940343666041567,19.05852270379282,1.1269577810895712
20,480,1 4 13 16,-335.7844175819054,0.10944558065972565,19.065864359523168,1.1710668575884053
20,481,5 7 16 18,-335.78440492801735,0.10944934499132668,19.06652012136642,1.0181413546560252
20,482,6 13 16 18,-335.7841126732594,0.10953628616034304,19.081665625878642,1.0355202539415234
20,483,4 7 14 17,-335.7836084223161,0.10968629284218279,19.10779739868974,1.1590673917171503
20,484,0 1 4 14,-335.7835526628595,0.10970288039878422,19.110687018373902,1.2254394524749508
20,485,0 14 15 17,-335.7832764285581,0.10978505573531337,19.125002295523686,1.1933397698530552
20,486,15 16 17 19,-335.7832514997313,0.10979247166708406,19.126294180937307,1.1834227408825295
20,487,2 13 16 17,-335.7831306561189,0.10982842073086062,19.132556653754246,0.998133961151233
20,488,1 6 18 19,-335.78212020801834,0.11012901306239939,19.184921057927397,1.125110196807136
20,489,4 6 17 18,-335.78175625349087,0.11023728377905279,19.203782256208573,0.9446331735004214
20,490,8 15 16 18,-335.7811406749297,0.11042040866676027,19.235683354899248,0.8731787049578449
20,491,0 1 12 18,-335.7811117526338,0.11042901259243261,19.237182193672265,0.8220580120895331
20,492,1 3 14 17,-335.78048006263543,0.11061693037794007,19.26991823461271,0.6871444303482627
20,493,1 3 5 14,-335.7802972360738,0.11067131838895918,19.27939284687776,1.0484515068532128
20,494,4 11 17 18,-335.7802518166433,0.11068482995131876,19.2817466158804,0.9095672114773022
20,495,2 7 14 16,-335.7800787554114,0.11073631293115362,19.290715159922463,1.084756794111563
20,496,0 1 5 17,-335.7795406818676,0.11089638130179157,19.318599719759753,0.9599554669826533
20,497,5 10 14 18,-335.779296765178,0.11096894265985868,19.331240202841034,1.2606437864111997
20,498,0 1 4 17,-335.77927992280013,0.11097395300094523,19.332113024593866,0.9185837307255933
20,499,1 11 15 16,-335.77915084408346,0.11101235187801214,19.338802264829084,0.9501592847356641
20,500,4 15 18 19,-335.778775158684,0.11112411234357182,19.35827139153364,1.4575826767125768
20,501,0 1 6 18,-335.7784025637984,0.11123495343014242,19.3775803586868,0.8366407587173638
20,502,2 10 14 17,-335.7783803125043,0.11124157283828183,19.378733486450987,1.0373281634688294
20,503,7 13 15 18,-335.778319962782,0.11125952592633923,19.381860987257085,1.2869711518809128
20,504,2 12 15 16,-335.7782909318357,0.11126816217378661,19.3833654566145,1.0647254596328795
20,505,1 9 14 15,-335.77828842269275,0.11126890860414372,19.383495487812258,1.2921546073772106
20,506,0 7 15 18,-335.77817223862064,0.11130347152836036,19.38951648949191,1.0901482768797583
20,507,1 4 9 14,-335.7779622855881,0.11136592923552047,19.400396875577336,1.2626365200786844
20,508,1 2 9 17,-335.77789777950466,0.11138511877530127,19.403739771292056,0.8490856458898595
20,509,5 14 15 16,-335.77737827166527,0.11153966414246005,19.43066220150697,1.3820855703385868
20,510,1 11 14 15,-335.777370301107,0.1115420352575063,19.431075259371713,1.2221697010063914
20,511,1 2 13 16,-335.7768622985555,0.11169315798345368,19.457401451596066,1.0672279858681906
20,512,1 6 9 18,-335.7764494008836,0.1118159885116225,19.47879902813738,0.8902925999088018
20,513,5 9 16 18,-335.7761270063805,0.11191189577823325,19.495506463241394,1.0637363543031464
20,514,1 4 10 15,-335.7756931621775,0.11204095756817191,19.517989550873942,1.198824712170435
20,515,5 11 17 18,-335.7755589227062,0.11208089168814053,19.524946236653754,0.948710424674003
20,516,7 11 15 18,-335.77547342273175,0.11210632657850965,19.529377097789062,1.054107601848927
20,517,6 12 14 18,-335.77538602503427,0.11213232601147786,19.53390630453646,1.0747808803024932
20,518,0 16 17 18,-335.77538535091895,0.11213252655012357,19.53394123918247,0.6427980330460956
20,519,1 5 6 14,-335.77537596454863,0.11213531884686645,19.534427668608224,1.2499450144065773
20,520,1 7 12 15,-335.77531625404913,0.11215308177625612,19.5375220430026,1.04479732740354
20,521,4 6 15 17,-335.7749815594289,0.11225264813319386,19.554866906492784,1.1489529755310375
20,522,1 2 10 15,-335.7747065810021,0.11233444986689921,19.569117100514312,1.1007762584599718
20,523,1 3 13 18,-335.774646077949,0.11235244856844565,19.572252547375328,0.8331705153413594
20,524,3 14 15 17,-335.7745125996546,0.11239215625031698,19.57916978671955,0.9692395120496675
20,525,0 6 14 18,-335.77449411133557,0.11239765623286935,19.58012790600304,1.0915384292496713
20,526,1 7 12 18,-335.77386189968394,0.1125857292019693,19.61289098055514,0.8144777933875523
20,527,1 5 8 18,-335.7732680627294,0.11276238630550336,19.6436653649919,0.9201742741597954
20,528,2 5 9 18,-335.773163750433,0.11279341756417595,19.64907113619975,1.1895600205347225
20,529,1 2 7 17,-335.77311349272816,0.11280836843663784,19.651675638863967,0.785732455551248
20,530,7 14 15 16,-335.77303128229016,0.1128328247419349,19.655936026507923,1.2113590249000925
20,531,0 4 15 17,-335.77285557591296,0.1128850946106814,19.665041649792155,1.1521063999769612
20,532,5 12 15 17,-335.77211659440263,0.11310492992437306,19.70333785368648,1.1698124004292823
20,533,1 3 4 15,-335.77199294987327,0.11314171221664956,19.709745478289953,1.001028671642587
20,534,1 8 15 17,-335.77173055472537,0.11321977062385433,19.72334356964198,0.8007330776839896
20,535,5 10 17 18,-335.7711049618402,0.11340587461459516,19.755763640172393,0.9618767474856084
20,536,4 12 14 17,-335.77085636831816,0.11347982725635121,19.768646490519114,1.139263787868207
20,537,6 9 15 18,-335.770280266342,0.11365120848426583,19.79850179600968,1.1289309518741495
20,538,12 13 14 17,-335.77019173778683,0.11367754432951656,19.80308960714209,1.1900732525955637
20,539,1 2 4 5,-335.76998202048776,0.11373993190969806,19.81395777682322,1.2664516081926982
20,540,2 12 17 18,-335.7694076694662,0.1139107922563086,19.843722342676507,0.7991651886247805
20,541,5 6 16 18,-335.76939734619566,0.11391386326605202,19.844257325038168,1.0089136573697821
20,542,3 15 16 18,-335.7693047517494,0.11394140864959915,19.849055842650984,0.750471544337261
20,543,1 6 13 15,-335.7686476127883,0.11413689709909067,19.88311072398463,1.2585443897243036
20,544,2 9 16 18,-335.7683341765279,0.11423013943014289,19.89935391649813,0.9088661229970451
20,545,10 13 15 18,-335.7682612211669,0.11425184249639181,19.90313467872529,1.2671353493269053
20,546,4 10 17 18,-335.7680534654981,0.11431364652258183,19.913901190932613,0.9192677526735679
20,547,4 14 18 19,-335.76792491494274,0.11435188828001136,19.920563060289297,1.4563945924963282
20,548,9 14 15 17,-335.7674891394621,0.11448152459451601,19.943146232433072,1.226596322285603
20,549,2 6 15 16,-335.767378577136,0.11451441513818718,19.94887589863399,1.0721942189429436
20,550,14 16 17 19,-335.76697215332126,0.11463531979623286,19.969937980783296,1.1798933593362677
20,551,4 9 15 17,-335.7661549588947,0.11487842221572016,20.012287408941816,1.1908758999346487
20,552,4 6 14 17,-335.7654930620932,0.11507532604748598,20.046588855612278,1.1488115616871208
20,553,5 7 15 17,-335.76515859347666,0.11517482517189911,20.0639220069238,1.1797025299633084
20,554,1 2 10 14,-335.7651020042445,0.11519165957360782,20.06685462802752,1.1006880295047052
20,555,4 8 14 18,-335.76480644553646,0.11527958361553575,20.082171352990137,1.121778519485086
20,556,2 5 6 18,-335.7639993666978,0.11551967680757007,20.12399656151275,1.1387520107053526
20,557,4 11 14 17,-335.7639223804538,0.11554257899777631,20.127986216000178,1.119380532857063
20,558,11 15 16 17,-335.76382219796403,0.11557238170427436,20.13317796843288,0.861685568638511
20,559,2 6 14 15,-335.7636202535306,0.11563245697984888,20.14364332526648,1.3201347314182126
20,560,11 14 15 17,-335.7634120808108,0.11569438507212017,20.15443145028872,1.1516885950022109
20,561,1 9 16 17,-335.763041703213,0.11580456655062399,20.173625511039482,0.6646475787334494
20,562,1 4 17 19,-335.76260150878363,0.11593551743249524,20.196437686153978,1.1799577241841541
20,563,4 9 16 18,-335.7625140196573,0.11596154406409484,20.20097163101335,1.0192855760136854
20,564,2 12 14 16,-335.76247789169906,0.11597229156037822,20.202843888486957,1.061631970565009
20,565,2 5 12 18,-335.76233715068173,0.11601415978747512,20.21013750357851,1.1256944927163937
20,566,1 4 6 17,-335.76205770127723,0.11609729156633751,20.224619396864668,0.9045682730469387
20,567,1 2 11 18,-335.7619935078354,0.11611638810017251,20.227946090566146,0.8602228599192281
20,568,11 13 14 18,-335.76197872303146,0.11612078634555799,20.228712282763528,1.256230508636191
20,569,1 6 13 14,-335.7618266546538,0.1161660242832264,20.236592915113334,1.2594748039781236
20,570,4 5 16 17,-335.76124471817263,0.11633914118412607,20.266750581882505,1.0750554977624884
20,571,11 13 17 18,-335.76029133121875,0.11662275872684943,20.316157908948153,0.9611234749521314
20,572,4 12 17 18,-335.7602757177914,0.11662740347459305,20.316967042856803,0.9190544667416788
20,573,2 7 16 18,-335.76013078153557,0.11667051971880048,20.324478067594352,0.8475009949619842
20,574,12 15 18 19,-335.7600859709928,0.11668385014667573,20.326800282234654,1.3081002137523663
20,575,7 10 15 18,-335.76000827764335,0.11670696268956111,20.330826581012552,1.0605604205584271
20,576,4 5 15 16,-335.75976507864146,0.11677931054687861,20.343429871396708,1.3426346503998259
20,577,10 13 17 18,-335.7595175970742,0.11685293239967726,20.356255096964475,0.9759462708006492
20,578,2 6 14 16,-335.7594875328756,0.11686187602335012,20.357813112507916,1.0730579186091946
20,579,5 12 16 18,-335.7594681188796,0.11686765138015515,20.35881920310389,0.9902743092655348
20,580,6 11 15 18,-335.75924752878075,0.11693327344634548,20.370250833375618,1.0445073004161864
20,581,0 5 16 18,-335.7579424672433,0.11732150861659164,20.437882975769046,1.0078745088705854
20,582,1 10 15 16,-335.7577620412928,0.11737518248377127,20.447233181278754,0.9547101937536511
20,583,7 13 17 18,-335.75775867508537,0.11737618387724504,20.447407628086257,0.9940008886788473
20,584,11 12 14 18,-335.75773591200823,0.11738295553273825,20.448587277957408,1.0354556141827145
20,585,1 4 10 14,-335.7577175882701,0.11738840655507222,20.44953686817214,1.194554012537477
20,586,5 8 15 18,-335.75768272187116,0.1173987787574116,20.451343747917488,1.1486548359339424
20,587,2 5 13 18,-335.75756772918965,0.11743298726176582,20.457303008218624,1.329189252933501
20,588,2 12 13 18,-335.7575646108529,0.1174339149176339,20.45746460963593,1.140782101316542
20,589,7 13 14 18,-335.75752730762935,0.11744501203676261,20.459397772828215,1.2813433098159261
20,590,1 2 10 18,-335.7574608515202,0.11746478167835468,20.46284172463293,0.8745613415437913
20,591,1 11 18 19,-335.7570668867704,0.11758197996158709,20.483258141246637,1.0833802742519723
20,592,6 16 17 18,-335.75673617774663,0.11768036066660999,20.500396459361024,0.6264484551272758
20,593,1 6 7 15,-335.75668948620023,0.11769425066332379,20.502816153164133,1.0486614918736186
20,594,9 12 17 18,-335.75630182812836,0.1178095728096084,20.522905739106825,0.778096808089363
20,595,4 9 14 17,-335.7562914204326,0.11781266893451674,20.52344509663215,1.190519896442241
20,596,0 1 5 15,-335.7557207429185,0.11798243647074212,20.553019290480936,1.2404492454501852
20,597,2 3 15 17,-335.7555759403904,0.11802551293308323,20.560523385055916,0.7913611786815342
20,598,1 5 11 15,-335.75555811757215,0.11803081493966933,20.561447016122553,1.209717209513559
20,599,1 7 18 19,-335.7549637925936,0.11820761722262617,20.592246691404,1.1132385519554682
20,600,10 12 14 18,-335.75492702712063,0.11821855436946506,20.594151986774115,1.0483591254443907
20,601,1 4 11 17,-335.7548816875426,0.11823204217696923,20.596501617584533,0.8656194778673383
20,602,0 4 14 17,-335.7548317382321,0.11824690130698495,20.59909013834227,1.1478802195422626
20,603,1 8 14 17,-335.7548195219658,0.11825053545302272,20.599723221332017,0.7980460798910609
20,604,3 5 15 17,-335.7545493561095,0.11833090552309927,20.613724013738693,0.9565643329544719
20,605,4 13 16 17,-335.75415200905115,0.11844910998965266,20.63431571157073,1.0896925762131018
20,606,2 3 14 15,-335.7541155108506,0.11845996762715845,20.636207156092308,1.1234805155071677
20,607,1 2 3 15,-335.7541031333501,0.11846364973783728,20.636848594717204,0.8761397636254918
20,608,1 9 12 15,-335.75409956526323,0.11846471118725772,20.637033503514367,1.0829713855444232
20,609,0 1 7 18,-335.7540180332226,0.11848896568006047,20.641258734602722,0.8258387429277809
20,610,4 10 15 17,-335.7539348702554,0.11851370534773373,20.645568485122702,1.1234038798326196
20,611,6 9 14 18,-335.7533355587976,0.1186919910294379,20.676626574486633,1.125273857634877
20,612,8 14 16 18,-335.7529933111789,0.11879380428397902,20.694362856658845,0.864307182256679
20,613,0 1 12 15,-335.75284658990336,0.11883745154332623,20.70196638638899,1.036676304938228
20,614,1 3 4 14,-335.75217849398814,0.11903619951339837,20.736589089437246,0.9961653173308133
20,615,13 14 15 16,-335.7512236040142,0.11932026418081322,20.786074307438906,1.3848809413123422
20,616,1 7 16 17,-335.75119032814723,0.11933016322504836,20.787798761122083,0.5853310083986762
20,617,2 4 16 17,-335.75036418027884,0.11957592915189097,20.83061218307232,0.9210604805658499
20,618,1 2 4 16,-335.7501565941018,0.11963768275697227,20.84136991171787,0.997209807109491
20,619,1 11 14 16,-335.7500500819083,0.11966936845024376,20.846889688089014,0.9406679376881215
20,620,1 10 14 15,-335.748817373713,0.12003607964533561,20.91077226665084,1.2211355377524475
20,621,1 3 13 15,-335.74767181516205,0.1203768651993461,20.970138493311463,1.0460659177304281
20,622,10 13 14 18,-335.74699306930825,0.12057878135773897,21.005313107623973,1.2614000923433526
20,623,6 14 15 16,-335.74690014956605,0.12060642351168945,21.010128483033817,1.1976806054716473
20,624,2 6 13 18,-335.74675386423644,0.12064994108401457,21.017709420758347,1.1477501218243147
20,625,5 12 14 17,-335.74669156297557,0.12066847472394342,21.020938056056746,1.1620875865423534
20,626,1 2 16 17,-335.7462676366388,0.12079458610552633,21.04290717057885,0.6722442665756392
20,627,4 7 16 18,-335.7458742373214,0.12091161618156061,21.06329428481594,0.9594374343908899
20,628,0 2 5 18,-335.74586404221805,0.12091464906359259,21.06382262517552,1.1343002609759187
20,629,1 7 12 14,-335.7457784685704,0.12094010587057975,21.06825730427465,1.0350710796377633
20,630,1 10 18 19,-335.74568840087,0.12096689958719369,21.0729248784569,1.0916429703355357
20,631,2 9 15 16,-335.74565568826483,0.12097663106993974,21.074620142248595,1.1106094387548318
20,632,1 5 11 17,-335.74560060606825,0.12099301715239943,21.07747466431954,0.9038221688048301
20,633,0 4 16 18,-335.7448387183442,0.12121966670244758,21.116957935844223,0.9621662510538814
20,634,10 15 16 17,-335.7440075752364,0.12146691863402354,21.16003022585028,0.8683320264249824
20,635,6 13 15 17,-335.7437621418087,0.12153993119769375,21.17274931077894,1.1849725587374937
20,636,2 4 5 17,-335.74367003011173,0.12156733297096635,21.17752281089906,1.1925755835393357
20,637,0 7 14 18,-335.74355832175615,0.12160056444028844,21.183311867732087,1.0779203747478634
20,638,9 13 17 18,-335.7427537034132,0.12183992567376219,21.22500956610263,1.037093632026569
20,639,1 2 3 14,-335.74265967461474,0.12186789775441131,21.229882416082457,0.8760235718638264
20,640,2 3 14 17,-335.74263515141934,0.12187519301725572,21.231153280479358,0.7909135001166521
20,641,1 5 9 15,-335.7424793042524,0.12192155508497973,21.239229740847378,1.2736396572351032
20,642,2 4 9 18,-335.74216133407754,0.12201614618389353,21.255707894196632,1.1407926989513713
20,643,5 6 15 17,-335.74191967681065,0.12208803539942742,21.268231287320585,1.167355607453479
20,644,2 11 17 18,-335.74168382303645,0.12215819816765938,21.280453926317392,0.7627492758241553
20,645,0 11 15 18,-335.7411140287472,0.12232770295847335,21.3099823488491,1.0402339811297516
20,646,2 5 11 18,-335.7408688920299,0.12240062725548403,21.322686057367417,1.0987515989050238
20,647,1 4 12 17,-335.74021840799094,0.12259413597086403,21.356396060983656,0.8786953776641773
20,648,4 5 14 16,-335.73960421141715,0.12277684973918127,21.388225541007927,1.3374972963235696
20,649,7 12 15 17,-335.73906082911435,0.12293849738167359,21.416385216412067,0.9529471900066716
20,650,2 10 17 18,-335.73872534678435,0.12303829806981471,21.433770901348964,0.7793659297089961
20,651,0 1 18 19,-335.7381868057476,0.12319850551221356,21.461679688051458,1.1081189232302846
20,652,5 7 14 17,-335.73814664782435,0.12321045185935744,21.463760790210756,1.1713493577958645
20,653,1 4 10 17,-335.7380590127165,0.12323652191814981,21.468302300263367,0.8737715100523414
20,654,0 2 15 16,-335.73793432133505,0.12327361563237366,21.47476417583404,1.0623627250215375
20,655,6 10 15 18,-335.7379009236957,0.12328355090196008,21.476494940120435,1.048360416602187
20,656,4 16 18 19,-335.7374796448274,0.12340887470353581,21.498326855008727,1.217559234837956
20,657,2 9 14 16,-335.737389602878,0.12343566075962403,21.502993094696304,1.1112842617717638
20,658,12 14 18 19,-335.7371980189741,0.12349265394149621,21.512921538297615,1.3017377392375524
20,659,1 4 8 18,-335.73700965365475,0.12354868964534729,21.522683185341513,0.8591614341438478
20,660,3 7 15 18,-335.73696279941873,0.12356262803964935,21.525111310200927,0.8277489408038077
20,661,3 4 15 17,-335.73693182649595,0.12357184199439869,21.526716418515097,0.9068605555518087
20,662,3 12 15 18,-335.73689208607584,0.12358366414095899,21.52877588442864,0.809998342268711
20,663,0 1 2 17,-335.7368797426594,0.12358733611215415,21.529415556714326,0.7711299489521116
20,664,7 11 14 18,-335.736679810487,0.12364681277189937,21.539776632240855,1.0399329517020222
20,665,3 14 16 18,-335.7366329495976,0.12366075314546833,21.542205101896595,0.74025828415838
20,666,1 5 10 17,-335.7365223215215,0.12369366324873776,21.547938175458913,0.9152772888137103
20,667,1 2 6 17,-335.7365110017079,0.12369703071426759,21.5485248016218,0.7651790723388961
20,668,10 14 15 17,-335.73643333348,0.1237201357838888,21.55254979852674,1.1519960611821651
20,669,0 13 17 18,-335.735651347906,0.12395276412649657,21.59307459998154,0.9863498415939326
20,670,6 13 14 17,-335.73544385343854,0.12401449044942794,21.603827575965838,1.1854525630076385
20,671,1 6 7 14,-335.73507369659774,0.12412460625621875,21.623010196437654,1.0430570808244097
20,672,4 10 14 17,-335.73446196611224,0.12430658640226631,21.654711876484985,1.1187399335757477
20,673,5 17 18 19,-335.7338560632448,0.12448683292409586,21.686111552157254,1.223285660659665
20,674,1 9 12 14,-335.7336956487595,0.12453455369680297,21.694424704447922,1.077922545954161
20,675,11 14 16 17,-335.7332241055531,0.12467483034412133,21.718861465753942,0.8520718808663558
20,676,1 5 13 16,-335.7329703157829,0.12475032878754666,21.732013601025425,1.1803431497319101
20,677,2 4 7 18,-335.7325886400309,0.12486387128827152,21.75179316548853,1.089927230408305
20,678,2 13 14 15,-335.73140880994293,0.12521485208259947,21.81293544439205,1.4781259994299187
20,679,1 10 14 16,-335.73139190803556,0.12521988013277027,21.813811351139233,0.9469977437893111
20,680,9 12 15 17,-335.73124090922414,0.1252647998914002,21.821636555409142,1.001026076261216
20,681,1 11 16 18,-335.73120075715315,0.12527674449759008,21.823717354287187,0.671893080341489
20,682,0 1 5 14,-335.73117969725814,0.1252830094833306,21.82480874023099,1.2333774143491703
20,683,0 1 16 17,-335.73113883544556,0.12529516522641862,21.826926320013637,0.5803601148228178
20,684,0 2 16 18,-335.7303059101932,0.12554294731782564,21.870090966014036,0.8362486983375934
20,685,12 16 17 18,-335.72997599045306,0.12564109322344053,21.88718838111857,0.5937669633412548
20,686,6 11 14 18,-335.72996282663735,0.12564500925045236,21.887870568918075,1.0352304512120822
20,687,5 8 14 18,-335.729915379255,0.12565912409641503,21.890329432372933,1.1400705418036965
20,688,1 10 16 18,-335.7298046464767,0.12569206534692345,21.896067931910704,0.6908778905462031
20,689,1 5 10 15,-335.72953728452876,0.12577160129859344,21.909923417505507,1.2102114358730065
20,690,1 3 13 14,-335.7290275682425,0.12592323383353696,21.936338420526155,1.0419892033632885
20,691,2 6 16 18,-335.72880197426184,0.12599034447542598,21.948029366726303,0.8301109742701448
20,692,2 11 14 15,-335.7280435837553,0.1262159536585682,21.987331402113423,1.2788185504929936
20,693,1 8 13 18,-335.72775469993826,0.12630189202597977,22.002302214516,0.9182112858857093
20,694,0 13 15 18,-335.7275600700423,0.12635979134232292,22.012388510419893,1.266254384878657
20,695,1 5 7 16,-335.7270160419334,0.12652163110191675,22.040581653402867,0.9615888912216721
20,696,1 6 12 15,-335.72689136160363,0.12655872152842723,22.04704295624052,1.019630180418888
20,697,1 5 11 14,-335.72683737653153,0.12657478123370253,22.049840622081273,1.2007462610896604
20,698,3 5 17 18,-335.7266490998463,0.1266307905703033,22.05959767584315,0.6937359480446125
20,699,12 17 18 19,-335.72649046070694,0.12667798320568513,22.0678188244682,1.015683983451997
20,700,4 6 16 18,-335.72648130184143,0.12668070782334367,22.06829346392277,0.948428300825475
20,701,1 5 13 15,-335.7262556446028,0.12674783728347885,22.079987688337773,1.404676731698502
20,702,2 5 10 18,-335.7262305905498,0.12675529046807044,22.081286063343995,1.105422803911862
20,703,1 5 9 14,-335.7260985578108,0.1267945681200612,22.088128389737648,1.2703518535516116
20,704,6 7 15 17,-335.72563152820044,0.12693350204393636,22.11233124317013,0.9605076519104113
20,705,6 7 17 18,-335.7254318684046,0.1269928976759472,22.122678203336456,0.715793101880593
20,706,2 8 15 17,-335.7253133119648,0.12702816634204092,22.1288221481155,0.8881339915206922
20,707,6 9 17 18,-335.7252770685481,0.1270389481853784,22.130700388985336,0.7792636742840984
20,708,3 5 14 17,-335.72522303177345,0.12705502327134682,22.133500734205256,0.9474987240282057
20,709,5 6 14 17,-335.7244166412597,0.1272949116976029,22.175290271698213,1.163673002897997
20,710,0 1 12 14,-335.72428237418086,0.12733485403037847,22.182248388182323,1.02787064488318
20,711,1 6 12 18,-335.7242083326019,0.12735688022928657,22.18608544143022,0.7876305909489669
20,712,0 1 9 18,-335.7241764291348,0.12736637100625967,22.1877387732993,0.8693395656179476
20,713,1 6 16 17,-335.7240896489667,0.12739218673399805,22.192235977850054,0.5700969583607048
20,714,7 10 14 18,-335.72394529431665,0.1274351299596844,22.199716862059002,1.0480743134894324
20,715,2 11 15 16,-335.7233802563019,0.12760321983404435,22.228998800401676,1.0203820532814216
20,716,0 12 15 17,-335.7229378743923,0.12773482145669013,22.25192433720026,0.9484551821584213
20,717,4 13 15 16,-335.7227712912354,0.12778437731166162,22.26055716826947,1.341135109128603
20,718,2 4 5 15,-335.7216919356664,0.12810546852542273,22.316492560924907,1.430813825624412
20,719,0 3 15 18,-335.7216766321858,0.1281100210689076,22.31728563247745,0.8239740020820594
20,720,0 2 14 16,-335.72150793672955,0.1281602052995311,22.326027929135638,1.059393161377092
20,721,3 9 15 18,-335.721142259072,0.12826898862013608,22.3449784251057,0.8777755985004891
20,722,0 6 17 18,-335.72018017199105,0.12855519431308587,22.39483661844536,0.7173056160392078
20,723,2 4 11 18,-335.7199175540403,0.12863331900061212,22.4084462560984,1.0527208783285462
20,724,1 2 8 15,-335.7197666547122,0.12867820916452877,22.416266304849138,0.9632335901036386
20,725,3 6 15 18,-335.71969146094807,0.12870057812030752,22.420163067735047,0.8175764498581718
20,726,2 15 16 19,-335.71877691204236,0.12897264195785255,22.467557692465416,1.2947726383236036
20,727,3 13 15 17,-335.71867146317095,0.12900401132961728,22.473022364346225,0.9591308522353217
20,728,4 7 15 16,-335.718346697603,0.1291006239505106,22.48985267502909,1.1501801684199275
20,729,2 4 5 14,-335.7182966249418,0.12911551977541808,22.49244758818591,1.4330184500042578
20,730,5 11 16 18,-335.7181086840068,0.12917142923164332,22.502187242380987,0.9516025697768498
20,731,0 12 17 18,-335.7176918938915,0.12929541770016403,22.523786536831352,0.6986194988019286
20,732,1 2 12 17,-335.71765906812755,0.1293051828458694,22.525487664847184,0.7392531923639104
20,733,1 12 13 16,-335.7170562710314,0.12948450544984116,22.556726390278705,0.9611351411016437
20,734,2 8 14 17,-335.71689696139475,0.12953189754756295,22.564982286052935,0.8896020409894012
20,735,3 15 18 19,-335.7167111842588,0.12958716330777803,22.57460980579046,1.1063090854264392
20,736,1 2 16 19,-335.7163535621465,0.129693550231067,22.593142839621777,1.08715047799691
20,737,1 11 12 15,-335.71628470741587,0.1297140334246141,22.596711095073157,0.9831359735124267
20,738,1 5 6 16,-335.7161947858459,0.12974078366973102,22.601371096344188,0.9548630093845123
20,739,10 14 16 17,-335.71614011174347,0.1297570483506379,22.6042044697719,0.8604570104136652
20,740,1 3 5 17,-335.7161310910416,0.12975973186680612,22.604671949180034,0.6516340381274086
20,741,3 4 14 17,-335.71562004037503,0.12991176135877977,22.631156103726475,0.9020560019937695
20,742,1 5 13 14,-335.71553586065426,0.12993680349456263,22.63551854541878,1.4038205226772018
20,743,0 10 15 18,-335.715381731968,0.12998265434145614,22.643505949043227,1.0422928290052824
20,744,0 1 6 15,-335.7153715632671,0.1299856793691736,22.644032921149336,1.03199899933498
20,745,0 2 4 18,-335.7153708636866,0.12998588748332143,22.644069175478567,1.0848441086290674
20,746,1 6 13 16,-335.71487129330177,0.13013450177302052,22.66995838792744,0.9739255669002217
20,747,4 11 16 18,-335.7145467756496,0.1302310406428985,22.6867758508841,0.9092904800843024
20,748,1 9 12 17,-335.714404044517,0.1302735008978169,22.694172599625027,0.7229445958179169
20,749,1 11 13 17,-335.714294194973,0.13030617940008993,22.69986532735377,0.9095173483429887
20,750,2 4 18 19,-335.7141247613241,0.1303565832313463,22.708645879333496,1.3204696666376379
20,751,5 11 15 17,-335.7137098948996,0.13047999943229807,22.730145482450684,1.1262465804074466
20,752,1 7 11 18,-335.7136506444742,0.13049762549690402,22.733216014444242,0.7624767123191986
20,753,1 7 10 18,-335.7135538678193,0.13052641502139659,22.73823126645937,0.7802768203680639
20,754,1 7 13 17,-335.71324678999235,0.13061776581904777,22.754144946177206,0.9441431164394641
20,755,0 2 14 15,-335.7130345960849,0.1306808901510529,22.765141461016277,1.3012975276578402
20,756,6 17 18 19,-335.71293260206505,0.1307112317591174,22.770427092289104,1.022606219295779
20,757,1 2 8 14,-335.7128476343778,0.13073650830246927,22.774830368731326,0.9651130208258856
20,758,2 14 16 19,-335.7124895780575,0.13084302439575654,22.79338590450061,1.2960092334505704
20,759,1 2 5 7,-335.7123765593033,0.13087664568794122,22.799242870058478,1.0906770239181656
20,760,1 4 8 15,-335.7121743126713,0.13093681086280373,22.80972388771292,1.0666257613825165
20,761,3 13 17 18,-335.71213458272666,0.1309486298930844,22.811782810757908,0.7119018234358208
20,762,2 16 17 19,-335.7118309279676,0.13103896238217058,22.8275190969907,1.0152018716298443
20,763,4 13 14 16,-335.7117951711919,0.13104959945750605,22.82937211868701,1.340258439836414
20,764,6 10 14 18,-335.71134685047025,0.13118296778283436,22.852605422263444,1.0407366120810317
20,765,1 10 12 18,-335.71078174210845,0.13135107858432266,22.88189100619681,0.7606448039382273
20,766,0 5 15 17,-335.70998139783956,0.13158916834835066,22.92336720942938,1.156870945661017
20,767,1 3 4 18,-335.7098807121633,0.13161912074488358,22.9285850384737,0.7305934162782123
20,768,9 12 14 17,-335.70933966248475,0.13178007446854392,22.956623830400886,0.9957394966217408
20,769,1 10 13 17,-335.7088961371476,0.13191201624281834,22.97960862299377,0.9226442691864882
20,770,1 7 9 18,-335.7088199310708,0.1319346863455946,22.983557846908916,0.858589888712076
20,771,1 5 9 16,-335.7083832487743,0.13206459242348953,23.00618801293017,1.0041629941509538
20,772,4 12 15 16,-335.70810743175343,0.13214664362565473,23.02048166536993,1.132143222862693
20,773,7 12 14 17,-335.70802571339993,0.13217095354359568,23.02471655174231,0.9434162276451364
20,774,0 13 14 18,-335.70774098464585,0.13225565584547486,23.039472036512304,1.2615874641527773
20,775,2 3 5 18,-335.70693047742157,0.1324967689280233,23.081474914101925,0.8867047985708372
20,776,1 6 12 14,-335.7068624862262,0.13251699523348492,23.08499841860618,1.0152153763392078
20,777,8 13 15 18,-335.7068448028691,0.1325222557525926,23.085914822385696,1.142240110387868
20,778,5 10 16 18,-335.70660692816546,0.13259301971538096,23.098242191914295,0.9613672922844757
20,779,1 2 4 13,-335.7063519597675,0.132668868781913,23.111455407154047,1.2534238086046026
20,780,6 15 18 19,-335.7062060500285,0.13271227462196902,23.11901688066381,1.2949203017778128
20,781,1 10 12 15,-335.70612086992946,0.13273761435447412,23.123431164912997,0.9931529031799045
20,782,12 13 15 16,-335.70603688079774,0.13276259979302885,23.127783729718043,1.1818990374221015
20,783,1 5 12 16,-335.7059068009432,0.1328012964927866,23.134524851874783,0.9360226650676985
20,784,9 11 15 18,-335.7056814859948,0.13286832412699795,23.14620133780057,1.0691991014369002
20,785,7 9 15 18,-335.70560844762684,0.13289005188648995,23.149986401690896,1.099965596904695
20,786,2 12 16 18,-335.70494849116085,0.13308637849912913,23.18418729444673,0.8030309421250785
20,787,1 3 15 16,-335.70479721454564,0.13313138089999435,23.19202689532945,0.682995089930357
20,788,2 4 13 17,-335.7046164914651,0.13318514315864638,23.20139249899241,1.191395034641679
20,789,2 3 5 15,-335.70459489733076,0.1331915670721449,23.20251157079669,1.0982120229151666
20,790,1 8 14 15,-335.70434287839606,0.1332665387200042,23.215571936142457,1.1011245994955015
20,791,7 12 17 18,-335.7040953315178,0.13334018000178813,23.228400546318312,0.6882305021876941
20,792,1 3 18 19,-335.70399599819143,0.13336973009561134,23.233548292597774,0.8579370139100357
20,793,5 9 15 17,-335.70379001864524,0.1334310057534176,23.244222760888157,1.1953918911243107
20,794,2 4 6 18,-335.7036938927112,0.13345960169873466,23.249204290625226,1.075169790560345
20,795,1 5 10 14,-335.70354717240616,0.13350324866937713,23.25680777006183,1.2028392197687758
20,796,0 11 14 18,-335.7032939862588,0.13357856754454095,23.26992862381334,1.0273993208273746
20,797,0 14 15 16,-335.7029949376479,0.13366752977739366,23.28542620584878,1.1818033824351792
20,798,2 11 14 16,-335.70277417631615,0.13373320278264655,23.296866709911946,1.015744043991595
20,799,6 7 14 17,-335.70251840836227,0.13380928970442976,23.310121360501842,0.954852513790915
20,800,8 12 15 18,-335.7021050151513,0.13393226764764413,23.331544617342402,0.9025465002046866
20,801,0 1 11 18,-335.7015971066263,0.1340833624021892,23.35786593683495,0.7606841476609392
20,802,1 8 17 18,-335.7014545913988,0.1341257584287661,23.365251496738104,0.46708556494048215
20,803,1 14 15 19,-335.70135872096284,0.13415427836744048,23.370219785809528,1.4340855167112725
20,804,1 11 12 18,-335.7009528874805,0.1342750074109222,23.39125127518902,0.7379372874833874
20,805,4 11 15 16,-335.7008967015012,0.1342917218512874,23.394162998539823,1.1125739427574213
20,806,3 12 14 18,-335.70057713499637,0.13438678783312732,23.410723878422218,0.798631092309358
20,807,2 9 14 15,-335.70043149499315,0.1344301134310546,23.418271373427473,1.3332402263357832
20,808,1 6 11 18,-335.700382401621,0.13444471793294116,23.420815536931645,0.7543967418960411
20,809,9 13 15 18,-335.70024667723567,0.13448509379135462,23.42784917534144,1.2927031790019023
20,810,5 12 15 16,-335.7002119669204,0.13449541956126967,23.42964796637002,1.1626616374868075
20,811,4 6 15 16,-335.7001824367596,0.13450420431714746,23.43117830649876,1.140641088421659
20,812,4 12 16 18,-335.6996404590346,0.13466543411995463,23.459265192533856,0.9216905864833634
20,813,11 15 18 19,-335.6994730966012,0.13471522179735923,23.467938408011808,1.2666110959199322
20,814,1 4 9 16,-335.6993584495883,0.13474932747075957,23.473879754743415,0.9612947082237788
20,815,3 7 14 18,-335.6990609341143,0.13483783361962115,23.489297885096473,0.8155541601720515
20,816,0 9 15 18,-335.6986590895543,0.13495737602178284,23.51012265674178,1.0996996670220345
20,817,3 13 14 17,-335.69852988601576,0.1349958120313897,23.516818365616167,0.954934731563466
20,818,2 4 10 18,-335.697534862281,0.13529181585802388,23.568383433611494,1.0564414896997565
20,819,1 4 15 19,-335.69725525814385,0.13537499366739328,23.582873345598802,1.4023853588684525
20,820,1 12 16 17,-335.6969707040863,0.13545964399981486,23.597619777078357,0.537672065311387
20,821,1 4 8 14,-335.6968842951872,0.13548534928090208,23.602097741374205,1.0643935558891573
20,822,1 8 15 16,-335.6958077610973,0.1358056011492516,23.65788691665228,0.7991607893934537
20,823,2 4 11 15,-335.6955558145579,0.135880551260647,23.670943530258615,1.2310122515639024
20,824,11 17 18 19,-335.69549305119784,0.13589922236777893,23.674196112901733,0.9833199103580078
20,825,4 10 16 18,-335.69530062952896,0.13595646477147838,23.684167971956875,0.9160419477550183
20,826,0 1 6 14,-335.6947293434208,0.136126413354814,23.713773704947087,1.027412853459934
20,827,2 9 12 18,-335.69452157776215,0.13618822035283829,23.72454073486,0.9391864050867502
20,828,1 9 18 19,-335.6944682807567,0.13620407536915757,23.72730274305384,1.13134818190534
20,829,1 6 10 18,-335.6944041649694,0.13622314880201372,23.730625412471042,0.7695326940038367
20,830,1 11 13 15,-335.6943506281923,0.13623907514661626,23.733399846341317,1.1984168472212324
20,831,11 13 16 18,-335.69435057876626,0.13623908985008001,23.733402407744386,0.9603897219823293
20,832,2 4 7 15,-335.69434943497834,0.1362394301089013,23.733461682212067,1.2577929313792153
20,833,1 6 7 17,-335.69424771390226,0.13626969052050322,23.73873316873156,0.6651076132276489
20,834,1 9 11 18,-335.69353025271585,0.13648312387813522,23.775914125896573,0.8136965009764788
20,835,2 10 15 16,-335.69338129296017,0.13652743704992532,23.783633660277015,1.020932729417622
20,836,1 5 17 19,-335.69337771453735,0.13652850157412819,23.783819104713757,1.1817555247724887
20,837,6 12 15 17,-335.6932599981184,0.13656352034730365,23.7899195171322,0.9297985475380156
20,838,0 7 17 18,-335.6931715799658,0.13658982334952804,23.79450160687612,0.7068361379053312
20,839,0 1 5 16,-335.6931399202001,0.13659924162917764,23.79614230941721,0.9490632169924642
20,840,1 4 7 16,-335.6930735387746,0.13661898905355918,23.799582390893672,0.9053436153860502
20,841,1 7 11 15,-335.6929879519723,0.13664444977384585,23.804017751705462,0.9875675153098167
20,842,0 12 14 17,-335.6928763284342,0.1366776560113239,23.809802413048846,0.9397103648553935
20,843,7 13 16 18,-335.6927880024963,0.13670393158113592,23.814379723955188,0.9931312836963704
20,844,4 7 14 16,-335.6925757460915,0.13676707450511424,23.82537947759145,1.1430848494047106
20,845,3 9 14 18,-335.69237426274253,0.13682701261534638,23.835820939665695,0.8699044720345046
20,846,2 5 12 15,-335.69236933338834,0.13682847902026946,23.836076393355015,1.2759107934774088
20,847,1 2 5 6,-335.69205349137616,0.13692243702443554,23.852444259029664,1.0800793522587395
20,848,1 9 10 18,-335.6918615842542,0.13697952635856536,23.86238945274451,0.8298170262729255
20,849,3 6 14 18,-335.69129850574484,0.1371470333110472,23.8915698437301,0.8101975262889632
20,850,6 14 18 19,-335.691240093886,0.13716440991537773,23.894596918731192,1.2924842868107598
20,851,0 1 10 18,-335.6912331782805,0.13716646719864686,23.894955305826603,0.7737270278954591
20,852,2 10 14 15,-335.6908804958103,0.13727138465651934,23.91323235281822,1.2744753109655065
20,853,1 4 14 19,-335.69086780131937,0.13727516106682802,23.913890218821372,1.4034309846711268
20,854,0 6 15 17,-335.6906603146912,0.13733688505769878,23.924642788551246,0.9475193833002681
20,855,11 12 15 17,-335.69026711431127,0.13745385595298126,23.945019593261176,0.8948231583485644
20,856,5 8 17 18,-335.6902538956457,0.1374577882969601,23.945704623542557,0.797094872698678
20,857,1 2 5 12,-335.6900325177734,0.13752364471329304,23.95717707856029,1.0665899208479304
20,858,3 14 18 19,-335.68992193933116,0.13755654005125875,23.962907579946773,1.0988311944164413
20,859,0 1 7 15,-335.68975835805486,0.13760520289422093,23.97138484469947,1.0218577104963391
20,860,5 10 15 17,-335.6892632419194,0.13775249211517843,23.997043224795476,1.128495085291811
20,861,5 7 15 16,-335.6891542636209,0.1377849114356911,24.002690802009624,1.1709101241479987
20,862,9 10 15 18,-335.6886444490997,0.1379365731939701,24.029110895853925,1.0752711686607137
20,863,9 13 14 18,-335.688587891058,0.1379533983170165,24.032041900577017,1.2917053954774085
20,864,8 13 14 18,-335.6882622074337,0.13805028404515474,24.048919787650412,1.138440278084452
20,865,1 7 13 15,-335.68817833831895,0.13807523378055644,24.053266132821292,1.2236787523482449
20,866,1 9 13 17,-335.6878869467979,0.138161918150248,24.06836690184886,0.9843490717108485
20,867,0 4 15 16,-335.68759166153006,0.13824976084803822,24.083669456332537,1.1392378499507994
20,868,6 13 16 17,-335.6871180662631,0.13839064795092118,24.108212561475572,0.8842668567468165
20,869,2 9 16 17,-335.6869799543596,0.1384317340582389,24.115369928127187,0.7529055291434611
20,870,7 8 15 18,-335.68673777339995,0.13850377906407976,24.12792046055493,0.9116437138718617
20,871,1 2 5 9,-335.6866766778549,0.1385219540226187,24.13108661209942,1.125386036299973
20,872,10 13 16 18,-335.6865290496463,0.13856587108020774,24.138737141778325,0.9717611477062683
20,873,2 5 7 17,-335.68595285329343,0.13873728038370725,24.16859733814973,1.0091169471865233
20,874,5 9 14 17,-335.6859119419681,0.13874945085606374,24.170717483830728,1.191846106741238
20,875,10 17 18 19,-335.68568874536055,0.13881584831735866,24.182284191076786,0.9935379938281486
20,876,1 3 13 17,-335.68557775431395,0.13884886639860258,24.188036074840515,0.6637402216798342
20,877,2 4 7 14,-335.6853440399665,0.13891839272121453,24.200147842427157,1.258005097391979
20,878,2 3 5 14,-335.6852605854198,0.13894321912916455,24.2044727034554,1.0941824898147239
20,879,2 11 13 18,-335.68514995726434,0.13897612925604036,24.21020578113005,1.0910353524344663
20,880,2 4 12 18,-335.6851200612043,0.1389850228611475,24.211755083236337,1.0541748352818037
20,881,0 3 14 18,-335.68474833663754,0.13909560504162488,24.231018947897226,0.812662301547634
20,882,9 12 16 18,-335.6846437538989,0.13912671675258392,24.236438734219913,0.7799559585519251
20,883,0 1 4 16,-335.6846243588383,0.13913248647642515,24.23744384353073,0.9048553055694333
20,884,1 2 11 17,-335.6846224023975,0.13913306848661655,24.237545232068285,0.701120239263936
20,885,5 13 16 17,-335.6841889922413,0.13926200115451376,24.260005826117144,1.0931344084832757
20,886,12 13 16 17,-335.68410557705784,0.13928681585252978,24.264328647227362,0.8681417173011442
20,887,0 5 14 17,-335.6839430219435,0.1393351734285376,24.27275273323762,1.1497647772971342
20,888,4 12 14 16,-335.683923394467,0.13934101229242113,24.273769887024425,1.1258949362815693
20,889,4 6 14 16,-335.6839203953494,0.13934190448248518,24.273925310154734,1.1379145088407827
20,890,1 6 9 17,-335.6837380425235,0.13939615156461752,24.28337537203572,0.7260108259345802
20,891,0 1 13 17,-335.68372580185377,0.13939979297029523,24.28400971968421,0.9338879068704428
20,892,1 11 12 14,-335.68354079631314,0.13945482919311106,24.293597253075163,0.9732255992162935
20,893,5 11 14 17,-335.6834918236233,0.13946939779392972,24.296135162467596,1.1172886008685199
20,894,2 4 11 14,-335.68334429392206,0.13951328554713355,24.30378058720366,1.2299012535108036
20,895,11 14 15 16,-335.6831652922698,0.139566535708103,24.313056981371854,1.1414238535947665
20,896,7 17 18 19,-335.6831521251909,0.1395704527058683,24.313739338280545,1.0106436959606322
20,897,1 6 9 15,-335.6831115009474,0.1395825377759025,24.31584460653038,1.0628753599432954
20,898,12 13 14 16,-335.68302305247687,0.13960884979723728,24.32042826743994,1.1761285796290972
20,899,1 12 17 19,-335.68294226539547,0.13963288267645554,24.324614892542403,0.9681227665443948
20,900,2 4 12 15,-335.682875368589,0.13965278341852738,24.328081682582795,1.2405502352715645
20,901,8 14 15 17,-335.68272985692016,0.13969607083901087,24.33562252692239,1.022585022234714
20,902,2 5 7 15,-335.6825464306285,0.1397506372602258,24.345128218967673,1.2838148190886927
20,903,10 16 17 18,-335.682539037189,0.13975283669157712,24.34551136883594,0.5676004655974118
20,904,11 16 17 18,-335.6823609678023,0.13980580951827057,24.354739450247635,0.5458396428915085
20,905,7 15 18 19,-335.6820072857015,0.13991102435043093,24.373068301047155,1.2858486639987072
20,906,10 12 15 17,-335.68167745688805,0.14000914320679753,24.390161004062858,0.9066701088971442
20,907,0 1 6 17,-335.6815823565294,0.14003743405965474,24.395089385455133,0.6636654865321354
20,908,9 14 15 16,-335.6812766674783,0.14012837171845363,24.41093109470809,1.2128706885224447
20,909,4 8 15 17,-335.6811870395063,0.14015503462281903,24.415575880865717,0.9816112383387532
20,910,5 16 18 19,-335.6810988404127,0.14018127245846648,24.42014661832744,1.2249598122196785
20,911,1 6 11 15,-335.68094838375566,0.1402260309347368,24.4279437265557,0.9806182708759347
20,912,1 5 8 15,-335.6807095970679,0.14029706619837426,24.440318357793352,1.0883722794493504
20,913,1 8 18 19,-335.6806952284211,0.14030134064358846,24.441062983498433,0.9508512989212381
20,914,5 13 15 17,-335.68034207712026,0.1404063975711484,24.459364326675672,1.329876197901323
20,915,0 10 14 18,-335.6802923183975,0.14042120000432493,24.461942970613908,1.0312507739346344
20,916,3 14 15 16,-335.68001238590875,0.1405044754931126,24.47644989875233,0.9548227140448432
20,917,1 2 8 18,-335.6797265277396,0.14058951377811493,24.49126391314604,0.7017134213840608
20,918,7 9 14 18,-335.67915482998114,0.14075958482091105,24.520890979071293,1.0928019005339804
20,919,0 1 12 17,-335.6787353208432,0.14088438215568536,24.542631181305993,0.6443538362830563
20,920,1 4 6 16,-335.67786692902894,0.14114271498841424,24.587633809267135,0.8968380027554097
20,921,3 15 16 17,-335.677739917034,0.14118049904845087,24.594215945880308,0.5698366130574073
20,922,1 3 12 15,-335.677674491297,0.14119996217061428,24.597606500756473,0.7491767859552958
20,923,11 13 15 17,-335.67707892759336,0.14137713295471005,24.628470370431966,1.1272223666215537
20,924,1 2 10 17,-335.6770396024646,0.1413888315586556,24.630508314720593,0.7164156408310879
20,925,2 5 12 14,-335.6769363143863,0.14141955812864573,24.635861007923317,1.273387452061323
20,926,0 9 17 18,-335.6767267447736,0.14148190177446918,24.646721524060958,0.7625715945582787
20,927,1 3 14 16,-335.6765881993106,0.14152311685887567,24.653901359044916,0.6769833699919939
20,928,4 9 16 17,-335.67631715860955,0.14160374718142113,24.667947488487965,0.8735958718808171
20,929,1 10 12 14,-335.67610758774475,0.14166609119972154,24.678808069512602,0.9846204271810187
20,930,9 11 14 18,-335.6760217427251,0.14169162873559235,24.68325681191092,1.0606789238393135
20,931,2 7 16 17,-335.6757346619937,0.14177703071352216,24.69813418308872,0.6840298461121784
20,932,1 2 7 16,-335.6756387914505,0.14180555068410572,24.703102477718858,0.7749080661546127
20,933,2 10 14 16,-335.67550584189235,0.14184510107531179,24.70999231639078,1.0178374944333075
20,934,2 4 12 14,-335.6754568878022,0.14185966414300338,24.712529261890026,1.2415059010982192
20,935,5 6 15 16,-335.6753753564357,0.14188391843527023,24.71675445804421,1.163600867927918
20,936,6 8 15 18,-335.6752820029017,0.14191168963542075,24.72159231382586,0.904872859170589
20,937,2 5 18 19,-335.6751333865418,0.14195590065240404,24.72929405242434,1.3339019003311736
20,938,4 9 15 16,-335.6749600634382,0.1420074615349343,24.738276167432122,1.1753759941660644
20,939,1 11 13 14,-335.6748146343325,0.14205072439419122,24.745812733106366,1.1942373937720339
20,940,2 6 7 18,-335.67474776544145,0.1420706168318715,24.74927807648804,0.890905969597876
20,941,2 10 13 18,-335.67419188250557,0.14223598321503378,24.778085571610198,1.0996582796580734
20,942,1 3 7 15,-335.67391763649255,0.14231756706721255,24.792297809785477,0.7657649574252818
20,943,2 5 9 17,-335.67364974074064,0.1423972618171267,24.80618095867893,1.0524734017327448
20,944,1 2 9 16,-335.6734873149207,0.1424455809300974,24.814598344272014,0.8328656484811934
20,945,0 9 14 18,-335.67317904166487,0.1425372873489325,24.830573974643457,1.0930539345652257
20,946,1 7 10 15,-335.6728984832031,0.14262074905479794,24.84511334255263,0.9932001332073362
20,947,8 15 16 17,-335.67282431379806,0.14264281327994047,24.848957020124896,0.6992903962303267
20,948,10 15 18 19,-335.67272624226723,0.14267198800954164,24.854039376433377,1.2671021910271894
20,949,0 17 18 19,-335.6727218477686,0.1426732953033852,24.854267112326863,1.0090877970984307
20,950,1 4 16 19,-335.6726736630583,0.14268762949276245,24.856764186294793,1.165261360199691
20,951,1 7 12 17,-335.67255241942865,0.14272369755533043,24.86304738918418,0.6374926276611671
20,952,14 15 17 19,-335.6725441641144,0.14272615338077485,24.8634752039441,1.368155134274595
20,953,4 8 17 18,-335.6725112372584,0.14273594859976396,24.865181570848016,0.7430096768905007
20,954,2 12 18 19,-335.6723667117274,0.14277894265982294,24.872671310611,1.148306675920428
20,955,1 2 5 13,-335.6722941232773,0.14280053657587802,24.87643305843138,1.270127258525588
20,956,2 11 16 18,-335.67215486249427,0.14284196445668113,24.883649963411315,0.7667127442894848
20,957,1 8 14 16,-335.6721231842632,0.1428513882294825,24.885291622881738,0.7944056291500861
20,958,5 7 16 17,-335.67206223137157,0.14286952075089332,24.888450381706264,0.8582310613174409
20,959,1 10 13 15,-335.6720100218703,0.14288505225193046,24.8911560322249,1.2012349406103264
20,960,4 11 14 16,-335.67191962436567,0.14291194408008126,24.895840697835077,1.1043669569417933
20,961,1 7 13 14,-335.67184847008315,0.1429331113539581,24.89952812285639,1.2208748888141914
20,962,11 14 18 19,-335.6717921047333,0.14294987915422408,24.90244914171847,1.2588892206568658
20,963,6 12 14 17,-335.6717337925053,0.14296722611995982,24.905471053556056,0.9253977467735552
20,964,4 5 11 18,-335.671277524591,0.14310295860942068,24.92911620411985,1.164829866965781
20,965,1 12 15 19,-335.6709080363114,0.14321287552982676,24.94826417777622,1.2467347099196235
20,966,9 13 16 18,-335.67084726751784,0.1432309532849644,24.951413396093688,1.0329127301098127
20,967,1 6 9 14,-335.6706295803199,0.14329571178403597,24.96269458946835,1.0620928515588548
20,968,8 12 14 18,-335.67031450247293,0.14338944246112822,24.97902285384408,0.8935961591449455
20,969,4 12 14 15,-335.6698817359267,0.14351818366522556,25.001450094121903,1.3534127118948935
20,970,1 6 17 19,-335.6697431643403,0.14355940652093532,25.00863128289843,0.9758808901225652
20,971,0 13 16 18,-335.6696758930842,0.1435794186558415,25.01211747802267,0.985968458085753
20,972,7 11 15 17,-335.66954376435325,0.14361872486393223,25.018964779004843,0.9017183868828592
20,973,5 15 18 19,-335.6695203655214,0.1436256856463961,25.020177375561893,1.4393075431436686
20,974,8 13 17 18,-335.6693170549282,0.1436861673329016,25.030713530829175,0.8101055679809521
20,975,1 2 12 13,-335.66922115833654,0.14371469505248413,25.03568317536638,1.0753426895035756
20,976,6 13 15 16,-335.66872730768057,0.1438616078132982,25.061275974577462,1.1773251647258802
20,977,0 6 14 17,-335.6685207646092,0.14392305111093767,25.07197964640719,0.9428165673239051
20,978,2 5 6 17,-335.6682538468158,0.14400245493366057,25.085812114603133,0.9997891337773568
20,979,1 13 18 19,-335.6681616322016,0.14402988732318067,25.090590948197832,1.270681162173603
20,980,5 13 14 17,-335.668124962936,0.1440407958498306,25.09249125781487,1.3286849238915863
20,981,5 12 14 16,-335.66801339141875,0.14407398661191945,25.09827322328264,1.1530429140483878
20,982,2 4 6 14,-335.66718687738467,0.14431986146726558,25.141105621020305,1.2490796538798963
20,983,3 4 14 15,-335.6670675707298,0.1443553533104779,25.147288444159226,1.180298938722427
20,984,5 9 16 17,-335.66682620710816,0.14442715517119112,25.159796619718875,0.9107317993363613
20,985,2 4 6 15,-335.6666833622952,0.14446964924421823,25.1671992597116,1.2447941855877875
20,986,2 5 8 18,-335.66638377365376,0.1445587721276047,25.18272482772205,0.9696999563691894
20,987,2 12 13 15,-335.66623341774056,0.14460350063418206,25.190516715108163,1.2802911579857061
20,988,6 7 16 18,-335.66606986458885,0.14465215511052376,25.198992522361618,0.7265093604809711
20,989,2 4 9 17,-335.6657512626097,0.14474693416121268,25.21550341767294,1.0122046933391484
20,990,2 5 7 14,-335.6655264974014,0.14481379825643934,25.22715141444384,1.2806856442440153
20,991,12 16 18 19,-335.66549108578766,0.14482433265155684,25.22898654882943,1.0171779909398373
20,992,6 9 15 17,-335.6654503118433,0.1448364622552401,25.23109957502168,0.984557257007038
20,993,2 7 13 18,-335.66493100531306,0.14499094773611046,25.258011572802086,1.1124245570693794
20,994,2 12 13 17,-335.6648005689148,0.14502975050197914,25.26477117210584,1.003860614666625
20,995,4 8 14 17,-335.6643996917865,0.14514900510851583,25.28554580858519,0.979222723015513
20,996,5 6 16 17,-335.6638650367336,0.14530805653216655,25.313253212129805,0.852916506172384
20,997,3 5 15 16,-335.6633215211854,0.14546974381306063,25.341419792704407,0.9449680483726218
20,998,1 2 5 11,-335.6632514398213,0.14549059191068142,25.345051615926472,1.0377533479256074
20,999,0 4 14 16,-335.66279427977474,0.14562658979538737,25.368742999419126,1.13296591164239
20,1000,0 7 15 17,-335.6624230480293,0.14573702536930405,25.38798132462211,0.9366281084386162
20,1001,0 1 2 5,-335.66231818020293,0.14576822188936506,25.39341588503457,1.0714329369656526
20,1002,4 5 7 18,-335.66226893555086,0.14578287139464408,25.39596788831237,1.1894816366935916
20,1003,2 10 16 18,-335.6621485912667,0.14581867191615328,25.402204484463446,0.7798027167726346
20,1004,5 10 14 17,-335.66177579956104,0.14592957155357747,25.42152365141294,1.121072427812376
20,1005,9 10 14 18,-335.66171533474795,0.1459475588793319,25.424657116564823,1.0681773883402907
20,1006,4 10 15 16,-335.6616578632664,0.145964655736293,25.427635458438747,1.108707789047755
20,1007,2 3 4 15,-335.6613331357904,0.146061257025428,25.444463795083323,1.0432861744515665
20,1008,2 7 12 15,-335.66104759398974,0.146146201195813,25.459261414328704,1.082624763981533
20,1009,1 2 4 7,-335.6610446265122,0.14614708397345655,25.45941519777715,1.0317498863329864
20,1010,2 5 12 17,-335.66103540627796,0.14614982684733985,25.459893017540175,0.9833338471214956
20,1011,1 3 6 15,-335.66083262375605,0.14621015144097654,25.47040180659212,0.7582099480248184
20,1012,7 13 15 17,-335.6606688058898,0.14625888466570056,25.47889133213339,1.1495024937842377
20,1013,2 6 9 18,-335.6605901139894,0.14628229426171876,25.48296937877268,0.938107964601906
20,1014,1 2 4 9,-335.6602624490366,0.14637976940374475,25.49994994413759,1.0790107912074254
20,1015,1 4 11 16,-335.66026082595,0.14638025224635173,25.500034057279443,0.8547222144527281
20,1016,6 11 15 17,-335.66012825758605,0.14641968923829907,25.506904141340247,0.8959528230589822
20,1017,2 12 13 14,-335.6599851459194,0.1464622626960832,25.514320610479846,1.2816877415445544
20,1018,0 6 16 18,-335.6598133859426,0.14651335857311648,25.523221719642724,0.7276854424584304
20,1019,0 1 7 14,-335.65960722810723,0.14657468726912729,25.533905427403614,1.0134736445593095
20,1020,2 6 13 17,-335.65954604682014,0.14659288773456863,25.53707602235402,1.0147212256810232
20,1021,2 5 6 15,-335.65926571160367,0.146676283028485,25.551603821032128,1.2728629022470412
20,1022,1 5 11 16,-335.65923454677,0.14668555407368805,25.55321887473504,0.896002092743887
20,1023,4 15 17 19,-335.6590664496063,0.1467355603217363,25.56193016610623,1.331465454617355
20,1024,6 9 16 18,-335.6589793014261,0.1467614855272663,25.566446442132623,0.7846606478912929
20,1025,1 5 8 17,-335.65891051021237,0.14678194982554213,25.57001140595106,0.7503771966182885
20,1026,1 2 6 13,-335.6587691693069,0.14682399650987854,25.577336109018038,1.0833005127402855
20,1027,1 7 11 14,-335.65865712664447,0.14685732743019694,25.583142490618272,0.9774107790347617
20,1028,2 4 13 14,-335.6585267551915,0.1468961108758794,25.58989872426717,1.4225300895857194
20,1029,3 11 15 18,-335.65843077967145,0.1469246620754112,25.59487245910683,0.7523448800299769
20,1030,4 9 14 16,-335.65832298090163,0.14695673050479335,25.60045890966187,1.17261468596142
20,1031,2 8 14 15,-335.6581812685489,0.14699888768881073,25.607802862221764,1.1662356856119893
20,1032,7 10 17 18,-335.658172717032,0.1470014316298575,25.608246027077247,0.6636125129328445
20,1033,7 14 18 19,-335.65753241945765,0.14719191003310556,25.64142813802092,1.279647247456053
20,1034,1 5 8 14,-335.6574050413685,0.14722980300037292,25.64802924671571,1.0829007447907526
20,1035,6 16 18 19,-335.65729353425314,0.14726297460391838,25.653807874687473,1.0266438757961212
20,1036,6 12 17 18,-335.65706582588524,0.1473307142425813,25.66560839467855,0.665636269888839
20,1037,7 11 17 18,-335.6566953136238,0.14744093578139178,25.684809434097332,0.643597905701352
20,1038,4 7 16 17,-335.65663547890017,0.14745873566549567,25.68791024615291,0.8081800484487651
20,1039,2 7 12 18,-335.65631793274724,0.14755320062458502,25.704366425432777,0.8682471346693214
20,1040,10 13 15 17,-335.65631250133447,0.14755481638399745,25.70464789728033,1.131377488816708
20,1041,2 11 18 19,-335.6561906962025,0.14759105148463872,25.710960198880045,1.1254234289918232
20,1042,2 4 5 16,-335.65617286532665,0.1475963558882368,25.711884247515904,1.1795992878205728
20,1043,1 6 11 14,-335.6561264685291,0.14761015820182197,25.714288666562123,0.9747672804898628
20,1044,11 13 14 17,-335.6560456034979,0.1476342142698835,25.718479331255207,1.1226780800711205
20,1045,11 12 14 17,-335.6560258729729,0.14764008378905977,25.719501825318424,0.8850780341389443
20,1046,2 6 18 19,-335.65590214889295,0.1476768897463826,25.72591357246901,1.15311838842002
20,1047,5 7 14 16,-335.6553687738941,0.14783556037419504,25.753554639833055,1.1607934924361676
20,1048,4 5 9 18,-335.65536031296824,0.1478380773658472,25.753993109994617,1.2290812069634183
20,1049,1 10 13 14,-335.65520465692845,0.14788438257627282,25.762059665590492,1.198380178668469
20,1050,7 9 17 18,-335.65502353728584,0.1479382628058746,25.77144582027171,0.7494200403016484
20,1051,1 6 10 15,-335.65497745498965,0.14795197156028583,25.77383394093009,0.9838891851537365
20,1052,3 5 16 18,-335.6549454359421,0.1479614967206019,25.77549326251708,0.7000678172495897
20,1053,7 12 15 16,-335.6548143471714,0.14800049355696668,25.78228666968893,0.9452153627559201
20,1054,0 4 16 17,-335.6545330083876,0.14808418739629117,25.796866476188836,0.8108479374685793
20,1055,6 13 14 16,-335.65363547523594,0.148351189316078,25.843379294300828,1.1752493973878992
20,1056,0 8 15 18,-335.6534774874087,0.1483981881964032,25.851566690008625,0.9003357118116653
20,1057,7 8 14 18,-335.65336034649647,0.14843303576541803,25.85763727796741,0.9022700062194791
20,1058,2 4 10 15,-335.65318043068424,0.1484865578745183,25.866961046603755,1.2252356774674846
20,1059,2 4 7 17,-335.6531366711896,0.14849957563219943,25.869228792827194,0.956469823388806
20,1060,10 12 17 18,-335.65282718583563,0.14859164263106436,25.885267237703324,0.6414735916805848
20,1061,2 4 13 15,-335.65273731873526,0.1486183766723423,25.88992441619984,1.41660288078603
20,1062,0 2 12 18,-335.6527274555211,0.14862131082259483,25.890435557082718,0.87009399490495
20,1063,1 12 14 19,-335.6524828712095,0.14869407078764244,25.903110638306092,1.2431519616046807
20,1064,0 2 6 18,-335.652309029428,0.14874578596864407,25.912119632733845,0.8844885621558989
20,1065,2 3 15 16,-335.65226938362343,0.14875757996858047,25.914174195391265,0.7790022487495628
20,1066,2 5 13 17,-335.6520429042876,0.14882495398963455,25.92591102331095,1.2015444541186233
20,1067,0 12 16 18,-335.6519648007357,0.14884818856126533,25.929958579991574,0.7075661964819006
20,1068,2 3 13 18,-335.6519646170237,0.14884824321268564,25.929968100490804,0.8829891806374394
20,1069,2 8 17 18,-335.6517620417609,0.14890850615001153,25.940466148763157,0.5921110791371342
20,1070,2 5 6 14,-335.65175468847787,0.14891069363543263,25.940847217601902,1.2737725027059155
20,1071,6 9 14 17,-335.65147106098004,0.14899506833098894,25.955545632020794,0.9834854823267528
20,1072,6 8 14 18,-335.6514134860996,0.14901219594747617,25.958529332329007,0.8997857093602273
20,1073,3 10 15 18,-335.6512330479874,0.1490658734325711,25.967880168094247,0.7668422216160634
20,1074,0 1 3 15,-335.6512178083004,0.1490704069984667,25.968669933673716,0.7597177020852269
20,1075,2 6 16 17,-335.65121624190374,0.14907087297669555,25.96875110897246,0.6716168147912741
20,1076,0 1 11 15,-335.6512148970287,0.14907127305575477,25.96882080436838,0.9723509407054873
20,1077,4 14 17 19,-335.65118166254615,0.14908115978876949,25.97054311338699,1.332110341230829
20,1078,5 6 14 16,-335.6510987768103,0.14910581698450825,25.974838496961254,1.1576553639234013
20,1079,7 10 15 17,-335.6510284756472,0.1491267304688406,25.978481710813856,0.9092048932326601
20,1080,0 11 17 18,-335.6509884851996,0.14913862699462338,25.98055413388985,0.6453949072251407
20,1081,1 4 12 16,-335.6506673286353,0.1492341659940115,25.997197415348978,0.8704305986820828
20,1082,5 14 18 19,-335.6506555835648,0.14923765996675284,25.99780607958157,1.4354101801638521
20,1083,0 1 7 17,-335.65038743876994,0.14931742880300797,26.011702134616314,0.6525294590872543
20,1084,10 12 14 17,-335.65016684446755,0.14938305211967723,26.02313398272655,0.8982108227028306
20,1085,2 3 4 14,-335.65001336209474,0.14942871069854735,26.031087892480958,1.0431750859683888
20,1086,9 11 17 18,-335.64997169076105,0.14944110726136497,26.03324742403792,0.7064482258036616
20,1087,9 10 17 18,-335.6498772023625,0.14946921606576824,26.03814409185064,0.7246429676345985
20,1088,4 5 6 18,-335.64969541368316,0.14952329532322398,26.04756491799181,1.1829022831221543
20,1089,2 4 11 17,-335.6492181658765,0.14966526899891056,26.072297308527336,0.9207655573110618
20,1090,4 12 13 18,-335.6491691905518,0.1496798383835593,26.074835354466153,1.1875171877745767
20,1091,10 14 15 16,-335.64913874996364,0.14968889397717156,26.07641287562749,1.1398396184334754
20,1092,2 5 11 15,-335.64878402786934,0.14979441819095027,26.094795621960625,1.242988682152545
20,1093,1 2 3 5,-335.64875333304605,0.1498035494154984,26.096386318337967,0.8302532091868878
20,1094,1 2 6 16,-335.64849630991114,0.14988000973378632,26.109706016114487,0.7613556205820436
20,1095,0 4 5 18,-335.64841356977485,0.14990462361595072,26.113993854288296,1.1863440943034629
20,1096,5 12 16 17,-335.64837958489585,0.14991473358004395,26.11575505106682,0.8312221668219393
20,1097,3 14 16 17,-335.64803357156336,0.1500176670748968,26.133686483648074,0.5650186164901497
20,1098,4 7 14 15,-335.6478934401494,0.15005935395462916,26.140948507292684,1.3559400342548524
20,1099,10 14 18 19,-335.6477758793174,0.15009432644314008,26.147040856734705,1.2608097114020325
20,1100,1 3 9 15,-335.6477422246236,0.15010433818236546,26.14878494234258,0.8137865666154489
20,1101,8 14 16 17,-335.6476424067284,0.1501340324277529,26.1539578004096,0.6949678332394821
20,1102,0 2 4 15,-335.64741214153827,0.15020253268059186,26.165890822477262,1.2406412301971737
20,1103,4 5 10 18,-335.6473993482178,0.15020633849113174,26.166553810120014,1.1674390389839
20,1104,2 5 11 17,-335.6470655656415,0.15030563352941406,26.18385140879922,0.959232868809625
20,1105,1 2 4 11,-335.6468882893689,0.15035837041721797,26.193038388698742,0.9936028683290902
20,1106,6 7 15 16,-335.64674535336485,0.15040089161815876,26.200445754484132,0.9554839632770182
20,1107,1 11 17 19,-335.6466320365861,0.1504346015679457,26.20631816455615,0.9338400114516664
20,1108,6 11 17 18,-335.64605113222,0.15060741143092174,26.236422344072842,0.6371539779912051
20,1109,1 3 12 14,-335.6458223271345,0.15067547732572711,26.248279699208123,0.7415812933052848
20,1110,1 4 8 17,-335.64575603936225,0.15069519688975444,26.251714927297808,0.6973018968220979
20,1111,1 8 16 18,-335.64505596879053,0.15090345681451756,26.287994651459563,0.4924990672655043
20,1112,4 5 12 18,-335.6450458379612,0.15090647057603682,26.28851966094822,1.1694357389738264
20,1113,3 4 5 18,-335.6450024704375,0.15091937172857342,26.290767094082216,0.9725279930444936
20,1114,0 2 16 17,-335.644842839116,0.1509668595224389,26.299039660513085,0.675030898371938
20,1115,2 6 7 15,-335.6447115888832,0.15100590439122008,26.305841435126826,1.0880663204785492
20,1116,1 3 17 18,-335.64469199177597,0.15101173422072345,26.306857015087935,0.274030504588593
20,1117,0 5 16 17,-335.64453281906214,0.1510590855860668,26.315105815116524,0.8497890867490148
20,1118,4 6 16 17,-335.64405293060395,0.15120184481382662,26.33997505201154,0.8010445406034581
20,1119,1 11 16 17,-335.6440428621353,0.15120484002404128,26.340496829787636,0.48880871089935807
20,1120,2 4 9 14,-335.6440241864874,0.15121039573396455,26.341464657005325,1.2816442790144984
20,1121,1 2 5 10,-335.64398881466025,0.15122091829320228,26.343297729532622,1.0434385715576233
20,1122,2 4 9 15,-335.6438957125242,0.1512486147064297,26.348122557128733,1.2776251745327116
20,1123,2 4 10 14,-335.6436995389663,0.1513069732377892,26.358288850152295,1.2254569029580569
20,1124,2 8 15 16,-335.6432022808201,0.1514548996730623,26.384058235568357,0.883490468916803
20,1125,1 5 10 16,-335.6431084672479,0.15148280772730938,26.38891993188908,0.9046297669812988
20,1126,0 15 18 19,-335.6429244427189,0.15153755211467998,26.398456626360993,1.27219059165831
20,1127,7 13 14 17,-335.6428416074184,0.15156219430668375,26.40274939622373,1.14639927666095
20,1128,0 2 5 17,-335.6422411836168,0.1517408108930606,26.433865130524687,0.9932332532238185
20,1129,0 10 17 18,-335.642198736917,0.1517534381150373,26.436064843843344,0.661101087827766
20,1130,1 3 15 19,-335.6416607381102,0.1519134842526031,26.46394553058923,1.0478628519007387
20,1131,6 10 17 18,-335.64164707563157,0.15191754862395054,26.464653560574085,0.654768958000997
20,1132,11 12 17 18,-335.64142415114463,0.15198386513367382,26.4762061657278,0.6171113194439121
20,1133,4 6 13 18,-335.64134580364134,0.15200717227698143,26.480266364689076,1.1956992936066655
20,1134,3 4 17 18,-335.64130844555456,0.15201828571705098,26.482202371055497,0.6045856489419666
20,1135,1 7 10 14,-335.64129828679324,0.15202130778789955,26.482728828063046,0.9845512125867962
20,1136,1 3 7 14,-335.64047855810486,0.15226516411019644,26.525209589150876,0.7574552897306562
20,1137,9 12 15 16,-335.64005866397486,0.15239007597402157,26.54696974281108,0.9897418746268689
20,1138,2 7 12 14,-335.64000449070045,0.15240619166650718,26.549777161851097,1.0783244786067632
20,1139,3 12 15 17,-335.6399282468003,0.15242887302114191,26.55372834588566,0.6401105079679549
20,1140,5 8 16 18,-335.6397457573638,0.15248316074276597,26.563185487331047,0.8095393887382734
20,1141,1 10 16 17,-335.63959660784116,0.15252753036723152,26.57091485599668,0.5095503201422449
20,1142,0 2 4 14,-335.63938031628265,0.1525918736856337,26.582123723213634,1.241437332404117
20,1143,7 12 16 18,-335.6393730205948,0.1525940440374016,26.582501807300446,0.6984444990371772
20,1144,2 9 12 15,-335.63922482250393,0.15263813062595571,26.590181869961544,1.119302897772546
20,1145,3 7 15 17,-335.6387447974813,0.15278093047947633,26.615058184028978,0.6594377524511147
20,1146,1 3 9 18,-335.63868204955645,0.15279959699487883,26.61830996677419,0.5365709176220261
20,1147,0 1 2 16,-335.6384002591491,0.15288342518507608,26.63291317774142,0.7626947119237132
20,1148,10 13 14 17,-335.638009806157,0.15299957877592135,26.65314760470118,1.1281480960075465
20,1149,0 12 15 16,-335.63768661021663,0.15309572445743727,26.669896572649325,0.9411260477195097
20,1150,3 4 15 16,-335.63744918927745,0.15316635343247081,26.68220042676317,0.8938433877520647
20,1151,8 9 15 18,-335.6371721606191,0.15324876507762708,26.696556869834904,0.9428656782011503
20,1152,1 3 6 14,-335.6369024554697,0.15332899809469452,26.710533787051133,0.7541136562998458
20,1153,5 11 15 16,-335.63673548518034,0.15337866911544668,26.719186680466755,1.1195637619319763
20,1154,0 1 2 4,-335.6364131892087,0.15347454707048547,26.735889009375967,1.0242935766543895
20,1155,1 4 10 16,-335.6363903561486,0.1534813395448153,26.73707228597295,0.8606415270453615
20,1156,1 2 4 6,-335.63633620492675,0.1534974486770086,26.739878562183428,1.0197944770575798
20,1157,2 10 18 19,-335.636202049751,0.15353735772038404,26.746830879518928,1.130063979364417
20,1158,9 17 18 19,-335.63605338224966,0.15358158395112476,26.754535268415697,1.0391295946488224
20,1159,2 9 13 18,-335.6359231820453,0.15362031645304366,26.761282627454225,1.1451943496757013
20,1160,1 7 17 19,-335.6357763617319,0.15366399317458038,26.768891289617354,0.9629185096133982
20,1161,6 10 15 17,-335.6357315088832,0.15367733618780435,26.77121569667648,0.9010980769867146
20,1162,4 10 14 16,-335.6354114150488,0.15377255904185427,26.787803904334556,1.1021876168799147
20,1163,1 3 4 17,-335.635378624287,0.15378231377496224,26.789503218433662,0.5636289825043489
20,1164,0 2 4 17,-335.6348519433099,0.15393899303715786,26.81679738182487,0.9518855698921612
20,1165,0 11 15 17,-335.6341174188333,0.1541575024538045,26.854862609072516,0.8898700747649567
20,1166,4 11 16 17,-335.6340605979058,0.15417440578122102,26.85780723731429,0.7599809094887283
20,1167,6 11 14 17,-335.63380901212383,0.15424924857298272,26.87084515540486,0.8900757923696342
20,1168,7 11 14 17,-335.63371560878966,0.15427703458789874,26.875685591978794,0.8916904991804955
20,1169,4 11 14 15,-335.63333228317975,0.15439106789525728,26.89555065694953,1.3248115008813035
20,1170,0 5 15 16,-335.632972285751,0.15449816143761363,26.914206786690347,1.1498875622648075
20,1171,1 6 10 14,-335.6328861686811,0.15452377990412147,26.918669627534115,0.9794927780893773
20,1172,2 3 14 16,-335.6325550505778,0.15462228230383235,26.935829145357076,0.776604697931886
20,1173,1 10 17 19,-335.632203407068,0.1547268906874091,26.954052350351937,0.9427581670903701
20,1174,3 5 14 15,-335.63205137567456,0.15477211762286164,26.961931066071077,1.1983864052932653
20,1175,3 13 16 18,-335.63194040506926,0.15480512962314463,26.96768189050673,0.7145365459387004
20,1176,4 16 17 19,-335.6316170984617,0.15490130822640302,26.984436593556044,1.0830107572737118
20,1177,2 6 7 14,-335.63159048147014,0.1549092263604856,26.98581596465069,1.0871565481368648
20,1178,5 8 15 17,-335.63120657321554,0.15502343299542962,27.005711223990307,0.9981033596681134
20,1179,2 4 6 17,-335.6310523110537,0.15506932354921044,27.013705544715684,0.9455756728527929
20,1180,0 7 14 17,-335.630774587846,0.15515194181180886,27.02809798138444,0.928324686815811
20,1181,3 17 18 19,-335.63069351122675,0.15517606082396365,27.032299611194038,0.7410103955818346
20,1182,1 2 4 19,-335.6305754645831,0.1552111778337594,27.03841713683045,1.263805916283353
20,1183,12 15 17 19,-335.6300341066544,0.1553722232569652,27.066471903190642,1.1686426670378403
20,1184,0 1 13 15,-335.6300047846201,0.1553809460985022,27.06799145758993,1.2020051991160825
20,1185,2 11 12 15,-335.62994017500455,0.1554001664374462,27.071339718643884,1.0386861480651233
20,1186,1 6 12 17,-335.62970923953037,0.15546886608919563,27.083307476811054,0.6179198916818768
20,1187,11 16 18 19,-335.6294238940416,0.15555375185988568,27.09809492259255,0.9842311981818966
20,1188,2 5 10 17,-335.6293771205437,0.15556766623587426,27.100518863364265,0.9664991502302466
20,1189,2 5 11 14,-335.62855796901823,0.1558113508613371,27.142969714166743,1.2388480317690582
20,1190,3 6 15 17,-335.62828384619434,0.1558928980666993,27.157175568317832,0.6532244990599057
20,1191,2 3 13 15,-335.62826566111397,0.15589830784054415,27.158117972878348,1.0829380072563277
20,1192,2 8 14 16,-335.62801238617556,0.15597365312964684,27.171243428045212,0.8824694069523336
20,1193,0 2 12 15,-335.62773759966785,0.15605539777044652,27.185483676250854,1.0715288906499865
20,1194,2 9 12 14,-335.6273155881897,0.1561809395118715,27.207353557145435,1.1188341801691497
20,1195,8 15 18 19,-335.6272882124237,0.15618908336934945,27.2087722501717,1.1537831057347272
20,1196,3 5 14 16,-335.6272216527749,0.15620888381235376,27.212221567707438,0.9347712669231042
20,1197,1 2 3 18,-335.6271154276841,0.15624048409711389,27.217726465569257,0.5491644270809305
20,1198,2 7 18 19,-335.6261634743776,0.15652367515240256,27.267059496792793,1.1421838905212365
20,1199,3 9 15 17,-335.625966154508,0.1565823746933712,27.277285195074334,0.7184041090182678
20,1200,0 2 13 18,-335.6256366385338,0.1566804004849959,27.294361685834268,1.0988024278597497
20,1201,7 12 14 15,-335.6256227527889,0.15668453127453216,27.29508128613719,1.198996883471411
20,1202,1 4 5 11,-335.6253513639206,0.15676526517134518,27.309145458638024,1.1215009015700688
20,1203,0 2 7 18,-335.62534223976155,0.15676797946437224,27.30961829949989,0.8748386843834955
20,1204,4 11 13 18,-335.6244544822449,0.15703207328732377,27.35562451534004,1.1619221430962723
20,1205,1 2 12 16,-335.6242840692234,0.15708276846645883,27.36445582130273,0.7351845715412678
20,1206,4 6 14 15,-335.6241963673793,0.1571088583782383,27.36900078982627,1.3453750170252363
20,1207,2 4 10 17,-335.6237853304994,0.157231135350213,27.390301934631843,0.9252696128059157
20,1208,2 7 11 18,-335.6237393088374,0.15724482606691068,27.39268691304732,0.8346634197245035
20,1209,0 1 9 17,-335.6235877320556,0.1572899177625815,27.400542069447592,0.7065017085838601
20,1210,1 3 9 14,-335.6234370152109,0.15733475364057098,27.408352661369484,0.8093420327750773
20,1211,5 9 12 18,-335.6234130693739,0.1573418771484278,27.409593605350445,1.053059111076764
20,1212,0 7 16 18,-335.6233447844365,0.15736219083750783,27.41313233243569,0.714542521737788
20,1213,2 4 8 18,-335.6229968833397,0.15746568591239224,27.43116159453774,0.9120211805608294
20,1214,0 3 15 17,-335.6223916787129,0.15764572471865998,27.462525085316074,0.6569744968019104
20,1215,2 6 13 14,-335.6223305573784,0.15766390734915584,27.465692573346594,1.277205402229014
20,1216,1 8 12 15,-335.62206204374394,0.15774378590936172,27.47960774273891,0.8376800145859534
20,1217,1 8 13 17,-335.62193484988694,0.15778162407048213,27.486199303980452,0.7579613882714872
20,1218,2 12 16 17,-335.62180653428106,0.15781979593415604,27.492848997561232,0.6421921743065007
20,1219,4 5 13 18,-335.6214484404071,0.15792632319906377,27.51140647947214,1.3556373614783155
20,1220,0 8 14 18,-335.6210736302614,0.158037823290487,27.53083024794534,0.8920263288207394
20,1221,0 1 10 15,-335.62085827656864,0.15810188760865507,27.54199051218913,0.9742132127662447
20,1222,5 9 15 16,-335.6208499254832,0.15810437192452098,27.542423290096107,1.1857430217037106
20,1223,2 3 5 17,-335.62083880747423,0.1581076793563746,27.542999458148937,0.7336104272234562
20,1224,1 8 9 18,-335.62083415316835,0.15810906393877552,27.543240658022803,0.6623052142435923
20,1225,1 7 8 18,-335.62072822097065,0.15814057709246837,27.548730377299062,0.5948555176843376
20,1226,2 6 13 15,-335.62065683332344,0.15816181378864952,27.55242989596755,1.2725795800199244
20,1227,1 2 4 10,-335.6198812739286,0.15839253044456417,27.59262167384141,0.9966570610914468
20,1228,1 7 11 17,-335.61983958223436,0.15840493306433048,27.594782260543422,0.5915688424694913
20,1229,1 11 13 16,-335.6194376219216,0.15852450990112324,27.615613030841217,0.8995371895080819
20,1230,0 14 18 19,-335.6194231462313,0.15852881619006629,27.6163632038531,1.2667606396358009
20,1231,4 5 14 15,-335.61938919278043,0.15853891680479643,27.61812277193463,1.4961509032782003
20,1232,1 7 13 16,-335.6193602968044,0.15854751290072447,27.61962024673441,0.9337778115098206
20,1233,1 3 14 19,-335.61933428009945,0.15855525245904525,27.620968509206563,1.0433117674034467
20,1234,3 13 15 16,-335.6189531144937,0.15866864319932333,27.640721636383887,0.9457774790866005
20,1235,0 1 3 14,-335.6187522996689,0.15872838243417917,27.651128453560403,0.7522872923067919
20,1236,1 3 4 5,-335.6185166176001,0.15879849412277564,27.663342194277384,0.933704051784178
20,1237,6 12 15 16,-335.6184735256562,0.15881131329466452,27.66557534604981,0.9283982529746039
20,1238,2 3 13 14,-335.6181160963839,0.15891764285108867,27.684098386340438,1.0833316218801934
20,1239,7 16 18 19,-335.6180530478982,0.15893639877860152,27.68736574503817,1.0117404157561098
20,1240,2 4 17 19,-335.6180490045384,0.15893760161418943,27.687575283879557,1.1989259927950604
20,1241,0 1 17 19,-335.61793242335045,0.15897228267409322,27.693616865275388,0.9586573057455485
20,1242,7 10 14 17,-335.61793094900156,0.15897272126957446,27.69369327038835,0.9006129987440544
20,1243,0 1 11 14,-335.617857641457,0.15899452910485135,27.69749228380542,0.9633995117806518
20,1244,1 4 5 7,-335.6178280260332,0.15900333922513082,27.699027042515883,1.1475015181872599
20,1245,1 2 4 12,-335.6174036158331,0.15912959454839082,27.721021232262355,0.9989949443874641
20,1246,1 6 15 19,-335.61738687293376,0.1591345752961845,27.721888898743458,1.2358992494882872
20,1247,3 11 14 18,-335.6173227887429,0.15915363932959012,27.725209930738227,0.7413635048233096
20,1248,7 12 14 16,-335.6170056873825,0.15924797196993432,27.741643059555642,0.934480069409733
20,1249,6 7 14 16,-335.6168586894522,0.15929170152969774,27.74926092635232,0.9480802177576027
20,1250,1 7 10 17,-335.61669266196174,0.15934109208269678,27.75786496114701,0.6103376232121969
20,1251,1 3 5 16,-335.61551160653846,0.15969243739490746,27.819070740545175,0.6487603543424502
20,1252,2 6 12 15,-335.61520496063486,0.1597836597021909,27.834962036719453,1.0621153617232255
20,1253,1 10 12 17,-335.6151746989129,0.159792662085945,27.83653028850754,0.5892634731275093
20,1254,2 7 10 18,-335.6150323716314,0.15983500220154198,27.843906108491062,0.8472356471623579
20,1255,0 1 13 14,-335.6146484861405,0.15994920206464935,27.863800188149252,1.2000058615462765
20,1256,5 11 16 17,-335.6145185680384,0.15998785064559742,27.87053292781404,0.7967478686746634
20,1257,1 7 9 15,-335.61425335649807,0.1600667468850208,27.88427697293907,1.0352338276786839
20,1258,2 5 10 15,-335.6141530342749,0.16009659115999622,27.88947596676925,1.240971129095924
20,1259,1 8 13 15,-335.61383285845784,0.16019183840258758,27.906068423010232,1.0778199454459299
20,1260,1 9 12 16,-335.61383014968874,0.16019264421856136,27.90620879942344,0.7168475684080656
20,1261,4 8 16 18,-335.61374829668205,0.16021699419369753,27.91045066392181,0.7542975666303013
20,1262,1 6 11 17,-335.6133817265649,0.16032604300691547,27.929447409782615,0.5869908061982418
20,1263,2 14 15 19,-335.61314302103216,0.16039705412822136,27.94181783532812,1.4676224504465927
20,1264,2 6 11 18,-335.6130533250748,0.16042373725715459,27.946466144687548,0.8285933814613903
20,1265,8 9 14 18,-335.61292860269066,0.16046084019418697,27.95292962690889,0.9379330681530764
20,1266,3 10 14 18,-335.6128556859768,0.1604825317635174,27.95670838632619,0.756991228825444
20,1267,1 9 11 15,-335.61284114371324,0.16048685785696654,27.95746200936341,1.003091427584022
20,1268,10 16 18 19,-335.612571793229,0.1605669853667484,27.971420546782273,0.9916461496561054
20,1269,2 10 12 18,-335.6125517422687,0.16057295021036927,27.972459646750636,0.8296800218765467
20,1270,1 6 8 18,-335.61223010157016,0.16066863323202757,27.98912801747378,0.589510691323869
20,1271,6 10 14 17,-335.61214289233897,0.16069457659925537,27.99364745734164,0.8966271892823794
20,1272,0 1 3 18,-335.6118507338283,0.1607814891362289,28.008787974035787,0.454754536077893
20,1273,4 10 16 17,-335.61176430816744,0.16080719940367466,28.01326680697553,0.7681955660998705
20,1274,1 5 16 19,-335.6117046711064,0.16082494048628462,28.016357375572216,1.1731220976864143
20,1275,4 12 16 17,-335.61165586327536,0.16083946004421185,28.01888674149391,0.7721782847210692
20,1276,8 17 18 19,-335.6114665916688,0.16089576535419003,28.028695355019405,0.844016568258667
20,1277,9 12 14 16,-335.611383873161,0.16092037280221086,28.03298207233929,0.9828041177464211
20,1278,3 12 14 15,-335.6113383043124,0.16093392881407528,28.035343584626087,0.987333932246406
20,1279,2 11 12 18,-335.61133304819197,0.1609354924267962,28.03561597230833,0.8128490844168053
20,1280,2 10 12 15,-335.611166176967,0.1609851339774619,28.04426373191528,1.0447605424028985
20,1281,0 6 15 16,-335.6107693576228,0.1611031814573921,28.0648280820404,0.9437170513868794
20,1282,8 13 16 18,-335.6103184028931,0.1612373333584691,28.088197887692562,0.819111189875619
20,1283,0 2 5 15,-335.6101821953916,0.16127785293629435,28.095256562607208,1.2568557347077385
20,1284,12 14 17 19,-335.61011161131694,0.1612988505823455,28.09891443777281,1.1648873267788389
20,1285,0 1 8 18,-335.60977379111597,0.1613993467501302,28.116421278086374,0.5949841223520396
20,1286,1 4 5 6,-335.6094408298997,0.1614983974467996,28.1336763114649,1.1427857489992264
20,1287,8 14 15 16,-335.6094251687966,0.16150305637733064,28.134487916072683,1.0201310465403939
20,1288,3 4 14 16,-335.6093638590821,0.16152129504788057,28.137665166508075,0.8875676844318094
20,1289,1 7 9 17,-335.609298185527,0.16154083189202484,28.141068564052517,0.6970017754442447
20,1290,2 6 12 18,-335.60924662475577,0.16155617040612602,28.14374059546363,0.8469720501882787
20,1291,0 13 15 17,-335.60884196161476,0.16167655129157582,28.164711434300887,1.1309285256848052
20,1292,2 4 13 16,-335.6086288129269,0.16173995965566154,28.175757428681198,1.1765466173231132
20,1293,1 11 12 17,-335.60839598790267,0.16180922141867077,28.187823108911275,0.566413089915223
20,1294,5 13 15 16,-335.60818908797194,0.16187077087632246,28.198545274246012,1.3238312914112962
20,1295,2 9 12 17,-335.60776835103377,0.16199593346224858,28.22034910471381,0.7923923450095604
20,1296,5 12 13 18,-335.60766818583835,0.16202573102395815,28.225539960903472,1.2030406202905801
20,1297,0 2 12 14,-335.60766806613486,0.1620257666338524,28.225546164291583,1.0679538189884386
20,1298,2 5 9 15,-335.6071750042016,0.16217244476212656,28.251098089561903,1.2934110192299868
20,1299,1 10 13 16,-335.6069917691208,0.16222695430115158,28.260593872498834,0.9097485542633744
20,1300,2 4 12 17,-335.60692225502504,0.16224763364539757,28.26419629819808,0.9219519930046093
20,1301,1 6 14 19,-335.60688370370815,0.1622591020525546,28.26619414127185,1.2358093876561234
20,1302,0 1 11 17,-335.60671909285105,0.16230807117952414,28.274724761941762,0.5909174156539211
20,1303,0 16 18 19,-335.60661798824316,0.1623381482015894,28.279964301259636,1.0100892056567625
20,1304,3 12 14 17,-335.6065787524021,0.16234982024387012,28.281997618398446,0.6336924264730905
20,1305,5 8 14 17,-335.6064046872805,0.16240160186502672,28.291018186970856,0.9928104963197365
20,1306,2 3 18 19,-335.6063625644829,0.16241413273121685,28.293201114720407,0.9185470322911649
20,1307,2 7 11 15,-335.60635192321274,0.16241729834081056,28.293752576759946,1.0431915539242198
20,1308,5 6 7 18,-335.60619631789746,0.16246358846149686,28.301816503661986,1.0109618716569404
20,1309,1 6 7 16,-335.60596988948765,0.16253094733286563,28.313550692444995,0.6673696251508324
20,1310,2 11 12 14,-335.6056909460913,0.1626139285823137,28.328006362896225,1.0335033845140014
20,1311,6 12 13 18,-335.6054097496903,0.16269758006500176,28.34257879069815,1.0145837375257993
20,1312,0 10 15 17,-335.6053349784364,0.16271982333066104,28.346453657855115,0.8935527322471486
20,1313,5 10 15 16,-335.60524103722474,0.16274776935562693,28.35132196882917,1.119763425076864
20,1314,11 12 15 16,-335.60505055250485,0.16280443554763097,28.361193449468285,0.8901922670233992
20,1315,8 14 18 19,-335.6050234058971,0.16281251123416285,28.36260026683906,1.1491470938163901
20,1316,2 8 13 18,-335.60499558965796,0.16282078612544437,28.36404178648574,0.9631752776969132
20,1317,1 11 15 19,-335.6049823426194,0.16282472690994043,28.364728287139478,1.2049891981522571
20,1318,1 2 9 12,-335.60496465858,0.16282998763201906,28.36564472627736,0.8718734473739529
20,1319,1 3 7 18,-335.6048310449247,0.16286973558161538,28.372568980422702,0.4475326659908299
20,1320,4 9 12 18,-335.6044420087788,0.16298546768313696,28.392729982231568,1.009080679797541
20,1321,1 4 5 12,-335.604432496591,0.16298829740858187,28.393222931889124,1.1290253545883056
20,1322,1 6 10 17,-335.60435334629557,0.16301184336986183,28.397324733910484,0.6035910973475137
20,1323,4 10 13 18,-335.604256532593,0.16304064391544187,28.402341905843777,1.1663833284029985
20,1324,1 8 12 18,-335.60392851843227,0.16313822294132402,28.41934056819806,0.5677807714792749
20,1325,3 7 14 17,-335.60380838885794,0.16317395959005868,28.425566037452572,0.6522189654720044
20,1326,2 6 12 14,-335.6036707674469,0.16321489978361917,28.43269798533545,1.0620648438098186
20,1327,2 9 11 18,-335.603012834379,0.1634106244673168,28.46679401962661,0.881159108544332
20,1328,4 8 15 16,-335.60289992791013,0.16344421235639842,28.47264516622835,0.9780324833034495
20,1329,1 7 8 15,-335.60286723384513,0.1634539383237391,28.474339469214044,0.8464309547921794
20,1330,3 6 14 17,-335.6028563476723,0.16345717678801572,28.47490362283504,0.649846537492045
20,1331,9 11 15 17,-335.60279372498974,0.16347580604581177,28.478148915153994,0.9265938871633541
20,1332,1 9 11 17,-335.60276108784944,0.1634855150789529,28.479840268133387,0.6525677095220823
20,1333,13 17 18 19,-335.602522451819,0.1635565055244133,28.4922070918627,1.1839033604381288
20,1334,3 15 17 19,-335.6018693943769,0.16375077978655403,28.526050456831793,0.9610023474334969
20,1335,6 12 16 18,-335.60180352444297,0.16377037505027942,28.529464031304375,0.6816113750520033
20,1336,5 7 12 18,-335.60169074098826,0.16380392634459348,28.53530880294908,0.996193600793831
20,1337,0 5 12 18,-335.6014626743304,0.16387177256885999,28.547127890584907,0.9991042553708186
20,1338,2 4 8 15,-335.60143684923355,0.16387945512678984,28.54846622335761,1.1071810820310337
20,1339,1 3 17 19,-335.6012728044482,0.1639282558563743,28.556967508519556,0.6956531696215981
20,1340,5 12 14 15,-335.60109774413047,0.16398033353263444,28.566039651092602,1.3552830725270846
20,1341,0 12 14 16,-335.600851520184,0.16405358126313352,28.578799703037323,0.9311216710407161
20,1342,0 2 11 18,-335.6008454408134,0.16405538977975925,28.57911475397379,0.8288800051958579
20,1343,1 4 5 9,-335.60056453192834,0.16413895573100012,28.593672281850463,1.183957613236542
20,1344,3 9 14 17,-335.60016361485964,0.16425822221917516,28.61444898815943,0.7143214076514964
20,1345,0 5 14 16,-335.60016036578054,0.16425918876882922,28.614617365032117,1.1410159060420477
20,1346,5 10 16 17,-335.59996666857944,0.1643168106231919,28.624655325932878,0.807527491579555
20,1347,0 9 16 18,-335.599964185938,0.1643175491697603,28.624783983742645,0.7659240796952518
20,1348,0 1 9 15,-335.5998903374663,0.16433951792230958,28.628611029601668,1.032384219569341
20,1349,2 11 13 17,-335.59988433334166,0.16434130405445088,28.628922181070088,0.9589980020600157
20,1350,1 9 13 15,-335.5997501812504,0.16438121218023802,28.635874338557983,1.2293058902286047
20,1351,5 11 14 16,-335.5997438698296,0.1643830897281239,28.63620141502014,1.109026346198012
20,1352,1 8 13 14,-335.5997130499393,0.164392258158128,28.63779859273891,1.076698736751828
20,1353,11 13 16 17,-335.5992981652636,0.1645156797885146,28.659299141685686,0.8123292077716325
20,1354,2 5 9 14,-335.5992889399495,0.16451842417357862,28.659777224702516,1.294251713926095
20,1355,0 11 14 17,-335.59926283302605,0.16452619057046572,28.661130162561854,0.8809550697232013
20,1356,3 4 13 18,-335.598932502459,0.16462445869059947,28.678248867931604,0.972582159199366
20,1357,0 2 18 19,-335.59854615735554,0.16473939024953646,28.698270411973066,1.1338288243435877
20,1358,2 6 10 18,-335.59846492787204,0.16476355473638285,28.702479963658504,0.8388998209028061
20,1359,1 9 10 17,-335.59804227577007,0.1648892870532568,28.724383043569794,0.6694828816429969
20,1360,14 15 16 19,-335.59699039144067,0.16520220600764246,28.778894795473136,1.3606785454195953
20,1361,2 6 11 15,-335.5968946140867,0.1652306982559083,28.78385826076301,1.0379594911728294
20,1362,10 11 15 18,-335.5968667635028,0.16523898336420592,28.785301560255366,0.9559169673081983
20,1363,1 4 5 10,-335.5968488638665,0.16524430822295683,28.78622917226187,1.122990022767943
20,1364,2 5 10 14,-335.5966576043418,0.16530120490715047,28.796140805575916,1.2381534807460124
20,1365,0 1 4 5,-335.59655899929794,0.1653305383484334,28.80125081010353,1.141729807738655
20,1366,2 11 16 17,-335.5965113236299,0.16534472110577336,28.803721503995945,0.6086134953358894
20,1367,5 9 14 16,-335.5961983047315,0.16543783927822958,28.819943067578098,1.180168524676398
20,1368,2 3 4 18,-335.5959455912031,0.16551301755673775,28.83303942882155,0.7964595616508615
20,1369,1 2 6 7,-335.59590447536823,0.16552524886743364,28.835170172788192,0.8279202797563723
20,1370,1 6 8 15,-335.5955977890811,0.165616483188169,28.851063561754547,0.8418532132097887
20,1371,2 3 17 18,-335.59507709149307,0.16577138248674428,28.878047648258725,0.42742095799985824
20,1372,0 2 9 18,-335.59489455297387,0.16582568480969562,28.887507333314588,0.9157061638638347
20,1373,1 8 12 14,-335.5947343179824,0.16587335218584104,28.895811183707494,0.8322140010086195
20,1374,12 13 14 15,-335.5946968406572,0.1658845010974471,28.897753369359542,1.367186821744507
20,1375,2 4 8 14,-335.59464151393894,0.16590095992124185,28.900620563266287,1.1089184854242808
20,1376,2 3 12 15,-335.594572715745,0.16592142629601717,28.904185888819367,0.8257442290628142
20,1377,2 5 7 16,-335.59436863634204,0.16598213669126335,28.914761886077546,0.9994972470202388
20,1378,0 2 5 14,-335.5941358319207,0.16605139232523647,28.926826498604658,1.254596719340711
20,1379,7 9 15 17,-335.59396810594444,0.16610128815089945,28.935518553948157,0.9564458581679864
20,1380,1 3 11 15,-335.59390036559245,0.16612143983442904,28.93902905900899,0.6925861120005978
20,1381,1 2 8 17,-335.59331555232654,0.16629541253329183,28.969335809256773,0.5310780391964737
20,1382,0 1 10 17,-335.5933050208876,0.1662985454698387,28.969881579518937,0.6057925549473627
20,1383,1 12 16 19,-335.59302706987734,0.16638123150011305,28.9842858215919,0.9601385274287694
20,1384,2 9 10 18,-335.5927340053663,0.1664684135578688,28.99947328990022,0.8924766179563933
20,1385,1 9 13 14,-335.5925541819896,0.16652190816886128,29.00879226825458,1.2305690880837914
20,1386,0 2 6 15,-335.5925533357741,0.16652215990459948,29.008836121641895,1.0697115794814815
20,1387,1 4 12 13,-335.5925170295737,0.16653296042510285,29.010717616149833,1.1410188866330178
20,1388,0 1 6 16,-335.59229974988216,0.16659759769745425,29.021977691337824,0.666131425313502
20,1389,1 7 9 14,-335.59226252576923,0.16660867128242018,29.02390675478343,1.031114930110672
20,1390,3 13 14 16,-335.592037993264,0.16667546615215822,29.035542692193246,0.9399783355144048
20,1391,0 13 14 17,-335.5919883328995,0.16669023932530452,29.038116238915457,1.1286164510485903
20,1392,11 13 15 16,-335.59161400412097,0.16680159621760338,29.05751506151999,1.118356456176275
20,1393,1 2 11 13,-335.59149368544774,0.16683738912027005,29.06375033043777,1.0263145732129824
20,1394,3 5 13 18,-335.59119929448656,0.16692496577597313,29.079006539310075,1.006756979128597
20,1395,1 9 10 15,-335.59117978313725,0.1669307700938562,29.08001767504339,1.0084709388255824
20,1396,2 3 7 15,-335.5905243645923,0.16712574674674804,29.113983399332135,0.8406489318154785
20,1397,1 3 6 18,-335.5905173575517,0.16712783123052555,29.1143465248665,0.4404452607081302
20,1398,2 6 7 17,-335.5905088658613,0.16713035737413323,29.114786589335868,0.7424080939306059
20,1399,0 4 14 15,-335.59046419050503,0.16714364758616346,29.117101798212737,1.3358973435071233
20,1400,2 7 9 18,-335.59037838508596,0.16716917334148404,29.12154848839139,0.9107246850678336
20,1401,0 1 10 14,-335.5902316499149,0.16721282473451904,29.129152738226722,0.9668121867771573
20,1402,6 12 14 16,-335.59017377596865,0.16723004131836625,29.132151937010136,0.9221323913020462
20,1403,2 10 12 14,-335.5896475769718,0.16738657719906294,29.159421122762286,1.0408266515487794
20,1404,10 12 15 16,-335.5894131001063,0.16745633035873023,29.171572406284636,0.8992818178705301
20,1405,5 13 14 16,-335.58919842971324,0.16752019140605026,29.18269725992168,1.3203586531935585
20,1406,2 8 16 18,-335.5891751816361,0.1675271073413702,29.18390204392423,0.6087921792867801
20,1407,1 7 15 19,-335.58900178287263,0.16757869073152365,29.192888079851333,1.226046255081758
20,1408,7 13 16 17,-335.58898300831623,0.16758427586516614,29.193861032800328,0.844778642106029
20,1409,8 13 15 17,-335.58890635667916,0.16760707851509113,29.197833346966757,0.999527477309341
20,1410,0 1 13 16,-335.5888345264331,0.16762844687742598,29.201555802413615,0.9246965819653902
20,1411,8 16 17 18,-335.5885613782599,0.1677097041396247,29.215711147288832,0.3553870350424329
20,1412,1 6 9 16,-335.5885244548026,0.1677206882842913,29.21762462987128,0.7233772280573675
20,1413,0 3 14 17,-335.5884288398458,0.1677491322219709,29.222579679260956,0.6504454854323733
20,1414,10 13 16 17,-335.58842649252597,0.16774983051249917,29.222701324305145,0.8243338816109532
20,1415,8 12 15 17,-335.5883896494596,0.16776079074213865,29.224610640792804,0.7408106827670145
20,1416,9 12 16 17,-335.5881037375906,0.1678458450020014,29.239427438072035,0.6141152126963119
20,1417,1 9 11 14,-335.5876441873604,0.16798255392853925,29.263242687937723,0.9978257308578418
20,1418,1 2 5 8,-335.5873812526496,0.1680607728471759,29.276868741032658,0.9089523943761092
20,1419,0 5 6 18,-335.5871199924523,0.16813849362452615,29.290408015893682,1.0063508590645502
20,1420,1 9 13 16,-335.5870646903037,0.1681549451392361,29.293273936528188,0.9715008113287621
20,1421,1 2 5 19,-335.58699590226354,0.16817540849342558,29.29683873588295,1.2773136700995558
20,1422,4 10 14 15,-335.58692932034165,0.16819521556231612,29.300289207674968,1.3180498954539313
20,1423,7 11 16 18,-335.58690322046385,0.16820297986324032,29.301641780409053,0.6550684244778647
20,1424,1 2 11 16,-335.5861776212564,0.16841883415344105,29.339244473853427,0.6982908692990247
20,1425,2 5 6 16,-335.58612963934524,0.16843310801326752,29.34173103816875,0.9947471900749429
20,1426,0 9 15 17,-335.5859517963364,0.16848601349613465,29.350947388012568,0.9563717350067285
20,1427,2 10 13 17,-335.58587611496523,0.16850852750730116,29.354869420135763,0.967923194873812
20,1428,6 11 16 18,-335.5857190485409,0.16855525228482107,29.363009066022368,0.6526412806523176
20,1429,9 13 15 17,-335.58563741771695,0.16857953616410717,29.36723941635539,1.1628873439700105
20,1430,0 4 6 18,-335.58556978517214,0.16859965577670494,29.370744334529725,0.9685315440465492
20,1431,1 6 16 19,-335.58518827592957,0.16871314874350524,29.390515269982124,0.9703381070612711
20,1432,1 4 6 13,-335.5850524002499,0.16875356960958943,29.397556748910837,1.149741049011954
20,1433,0 1 12 16,-335.5840924070885,0.16903915239457248,29.447306429154484,0.6458873134406649
20,1434,6 12 14 15,-335.58374911934703,0.16914127506920223,29.465096613561986,1.1811542629683218
20,1435,2 10 16 17,-335.58345490878463,0.16922879805911928,29.48034347363655,0.6232289386547709
20,1436,1 5 15 19,-335.5834122774439,0.1692414802088429,29.482552755591655,1.3858891013635335
20,1437,3 9 17 18,-335.58339483620955,0.169246668700269,29.483456611856703,0.4051154262096705
20,1438,0 4 12 18,-335.5830008515594,0.16936387290354663,29.50387405976631,0.9542168353867054
20,1439,2 8 18 19,-335.5829841453576,0.16936884273440164,29.504739824472388,1.0048579952665055
20,1440,5 6 13 18,-335.58293318343704,0.16938400309990498,29.5073808216747,1.2045766017466586
20,1441,9 10 15 17,-335.58270654447693,0.1694514246066577,29.519125921795812,0.9335014859990666
20,1442,1 3 10 15,-335.58207831022753,0.16963831436148957,29.551682875620084,0.7060905167342633
20,1443,0 2 10 18,-335.58187135191656,0.16969988118633877,29.56240806639111,0.837502906312635
20,1444,0 6 14 16,-335.58185626346636,0.16970436976167658,29.563189994432815,0.9372438504259023
20,1445,0 12 14 15,-335.58182080226277,0.1697149189089925,29.565027698711248,1.184329727028926
20,1446,1 11 14 19,-335.5817641376685,0.16973177572974976,29.567964225304223,1.2000816291425849
20,1447,6 15 17 19,-335.5817104102118,0.16974775879850112,29.570748540751456,1.1609952021296357
20,1448,7 10 16 18,-335.5813328288967,0.1698600832690059,29.590315919406585,0.6715242851371105
20,1449,1 2 12 19,-335.5811593808452,0.16991168132156562,29.599304509584357,1.0865432973243028
20,1450,3 8 15 18,-335.58095260236905,0.16997319464839303,29.61002038078286,0.5964736205255571
20,1451,2 6 11 14,-335.5805673810496,0.17008779189936402,29.629983687019777,1.0361864679336912
20,1452,2 7 11 14,-335.5805157800744,0.17010314237351531,29.632657801920153,1.0376173013067536
20,1453,0 2 6 14,-335.5804057981172,0.1701358602666105,29.63835739168999,1.0694903515686498
20,1454,6 11 15 16,-335.58027200288694,0.17017566223189495,29.645291055587446,0.8945023306850174
20,1455,7 11 15 16,-335.58022750017335,0.1701889010854604,29.647597317611297,0.8961022817322853
20,1456,0 11 16 18,-335.58019160980695,0.17019957790192594,29.64945726237377,0.6565517686949849
20,1457,10 12 16 18,-335.58008700007383,0.17023069764331739,29.654878447630374,0.6520524958850941
20,1458,2 3 6 15,-335.58002161094646,0.17025014987470194,29.658267105288655,0.8348708858437043
20,1459,6 7 14 15,-335.57979338542873,0.17031804335726114,29.670094425510875,1.192221438844607
20,1460,6 9 15 16,-335.5796283737014,0.17036713173679077,29.67864582046076,0.9784848760749216
20,1461,1 5 8 16,-335.57948655133157,0.17040932164915076,29.685995474430765,0.7537383439168854
20,1462,2 6 9 17,-335.5793931117827,0.17043711843737175,29.690837787758152,0.7965944573924653
20,1463,4 8 14 16,-335.5793390361158,0.17045320509315773,29.693640148487244,0.9735987487042018
20,1464,7 9 16 18,-335.579265760683,0.17047500337571167,29.6974374977812,0.7543272962688228
20,1465,4 6 7 18,-335.57921916882043,0.17048886371805366,29.699852025672367,0.9629908652922805
20,1466,4 5 8 18,-335.5789736081055,0.17056191414765132,29.712577706999276,1.038674799659648
20,1467,1 7 12 16,-335.57891428790674,0.17057956096874663,29.715651854857526,0.6399933369341749
20,1468,0 1 9 14,-335.5788730764937,0.17059182071243756,29.717787551967312,1.0287807478625026
20,1469,0 4 11 18,-335.5788187821332,0.1706079724261198,29.72060124604599,0.9345034044369067
20,1470,11 12 14 15,-335.57874779725444,0.17062908930506465,29.72427989206561,1.1524168144222362
20,1471,4 15 16 19,-335.57853025346,0.17069380514386348,29.735553653847617,1.3227429229962595
20,1472,5 11 12 18,-335.5783855314636,0.17073685764927446,29.743053575028128,0.9545816145942548
20,1473,1 9 17 19,-335.57832274726843,0.17075553495451992,29.74630723740778,0.9895744181902181
20,1474,5 10 12 18,-335.57810874092655,0.170819198457113,29.75739767795161,0.9688986856232965
20,1475,3 14 17 19,-335.57804560613044,0.1708379800605946,29.760669509507316,0.9565421675931566
20,1476,3 4 5 15,-335.5777914223906,0.17091359570375453,29.773842061448235,1.1420884861675862
20,1477,10 12 13 18,-335.57778462658524,0.17091561734838234,29.77419424014769,0.9874108773469134
20,1478,1 2 3 13,-335.5777486530402,0.17092631890917612,29.77605849547257,0.8229041968380639
20,1479,2 7 10 15,-335.57765229389247,0.1709549842318845,29.781052111032785,1.0454671435999567
20,1480,1 2 7 12,-335.5771158850873,0.1711145573690996,29.808850399197805,0.8056796726947932
20,1481,2 5 8 15,-335.57710061486955,0.17111910001741673,29.80964174697197,1.1314442444204797
20,1482,9 13 14 17,-335.57694408822044,0.1711656642203458,29.817753420113117,1.1637667133514442
20,1483,11 15 17 19,-335.5769196502782,0.17117293412171397,29.819019866437923,1.1319693045042036
20,1484,1 3 13 16,-335.5764677560577,0.17130736550644865,29.842438359277608,0.6586758454295363
20,1485,1 6 8 14,-335.57619205919576,0.17138938096323653,29.85672578472755,0.8397201661449701
20,1486,7 13 15 16,-335.5761739622809,0.17139476450923724,29.857663620291163,1.1412351233171396
20,1487,9 11 14 17,-335.57609943840123,0.17141693418498294,29.8615256677865,0.9211549525359115
20,1488,1 2 10 13,-335.5759112870081,0.1714729062491641,29.8712762285416,1.0339377019247225
20,1489,11 12 16 18,-335.5757317603581,0.17152631258866077,29.88057982964312,0.6316491399823412
20,1490,5 6 9 18,-335.5755573498161,0.1715781969669252,29.889618298920773,1.0465043804124092
20,1491,3 13 14 15,-335.57545715163224,0.17160800434217782,29.89481086466947,1.1921011138572466
20,1492,2 5 9 16,-335.575129760483,0.17170539803199417,29.911777240728867,1.039831334717272
20,1493,2 3 13 17,-335.5744106495421,0.17191932216550052,29.949043693043116,0.7384889782715525
20,1494,11 12 13 18,-335.5743811904009,0.17192808579415372,29.950570352723588,0.9718707620032322
20,1495,6 10 16 18,-335.574267196977,0.1719619970351667,29.956477828544166,0.6669724018468327
20,1496,4 6 11 18,-335.57417318582316,0.1719899638668278,29.961349764128975,0.9279972527415542
20,1497,1 7 8 14,-335.57395259385845,0.17205558648807256,29.972781491093436,0.8405489252641961
20,1498,3 7 14 15,-335.57382759099306,0.17209277286383587,29.979259508680368,0.9870787002937936
20,1499,1 10 15 19,-335.5736111646047,0.17215715629198963,29.99047536317884,1.2049509241394663
20,1500,2 5 12 16,-335.57355089170005,0.17217508652801752,29.993598883068646,0.9767996966221553
20,1501,4 6 9 18,-335.5734979047119,0.17219084931909273,29.99634482525065,1.009738397461146
20,1502,8 13 14 17,-335.5732892179249,0.17225293033823,30.00715959075363,0.9982072000086557
20,1503,9 11 16 18,-335.5732438342948,0.17226643125054172,30.009511504474705,0.7128074714491812
20,1504,0 10 14 17,-335.5732110215471,0.17227619252410656,30.011211957947946,0.8861437945644872
20,1505,0 7 15 16,-335.5730720814802,0.17231752499692962,30.018412242470514,0.9303878136446183
20,1506,4 7 11 18,-335.57292329779216,0.17236178579137557,30.026122652505027,0.9290866237640294
20,1507,1 2 7 13,-335.5727599846492,0.17241036886890238,30.03458602179514,1.0498508448106014
20,1508,4 5 11 17,-335.5726315593232,0.172448573372581,30.041241401397205,1.034220311066497
20,1509,1 3 12 18,-335.57259338729193,0.17245992894826698,30.043219588770775,0.41362558400379723
20,1510,6 7 16 17,-335.5720441754288,0.17262331079277574,30.07168136920481,0.5580710688545149
20,1511,9 15 18 19,-335.571840228886,0.17268398166421942,30.082250481256175,1.2820871637840772
20,1512,7 8 15 17,-335.57176824504626,0.17270539571825214,30.085980896382246,0.7521674940011841
20,1513,2 11 13 15,-335.5717017172849,0.1727251866752435,30.08942856141603,1.2281834858260487
20,1514,1 2 10 16,-335.5715470263482,0.17277120478276306,30.0974451025204,0.7106438647374278
20,1515,1 2 6 9,-335.571391952394,0.17281733683193018,30.105481492722223,0.8730168918043617
20,1516,2 3 12 14,-335.57121523377197,0.17286990782750053,30.114639573521355,0.8222017725637293
20,1517,5 10 14 16,-335.57098005079195,0.17293987104507155,30.1268274499831,1.1107525986657178
20,1518,5 6 12 18,-335.5709406584487,0.17295158964426816,30.128868877525623,0.9826085879869834
20,1519,2 7 13 17,-335.570912800713,0.1729598768801166,30.130312547645964,0.9801485908031419
20,1520,2 6 9 15,-335.57052752093045,0.1730744915229399,30.15027888361414,1.1038735081198885
20,1521,7 9 14 17,-335.57047994497987,0.1730886446159142,30.152744409853653,0.9522112315263958
20,1522,4 13 14 15,-335.5701695880238,0.17318097090261603,30.168828023723353,1.4911566780038759
20,1523,9 13 16 17,-335.57008417071125,0.17320638120238588,30.173254601076465,0.8912292486322352
20,1524,6 14 17 19,-335.56970991075053,0.1733177176224697,30.192649857338044,1.1606236786584814
20,1525,8 9 17 18,-335.5696207900338,0.17334422962641496,30.197268356030026,0.5454903297695161
20,1526,4 11 12 18,-335.56946554923445,0.1733904113093772,30.205313392640416,0.9124988877037904
20,1527,3 5 9 18,-335.5694299821681,0.17340099194918399,30.207156583038575,0.8161582964889134
20,1528,1 5 14 19,-335.56901028240424,0.173525845992161,30.22890666407235,1.3841894781958552
20,1529,1 7 14 19,-335.5689897035456,0.1735319678771935,30.22997312129201,1.222448905623595
20,1530,3 11 15 17,-335.5689653584114,0.17353921016964252,30.23123475803104,0.5893703770908983
20,1531,2 6 13 16,-335.56893132559645,0.17354933439392028,30.232998438991586,1.0063847265848584
20,1532,2 12 13 16,-335.56882554058376,0.17358080376240148,30.23848053070626,0.99347912086102
20,1533,1 9 10 14,-335.5687134557024,0.1736141472421963,30.244289100218253,1.004460535522364
20,1534,6 9 16 17,-335.56799550963945,0.17382772484292644,30.281495185116402,0.6245716798661092
20,1535,1 4 5 13,-335.567866126033,0.17386621441988617,30.28820022564107,1.3141948262832832
20,1536,3 6 14 15,-335.5672938372602,0.1740364612800988,30.317857919673884,0.9830557746910926
20,1537,6 8 15 17,-335.5671228617317,0.17408732379615793,30.326718376407918,0.74861841546397
20,1538,1 3 16 18,-335.56709784354547,0.17409476631095078,30.32801489269189,0.3089652660951536
20,1539,0 2 6 17,-335.56700317831246,0.1741229277208143,30.3329207245893,0.7372084726747831
20,1540,2 6 9 14,-335.56654028249244,0.17426063190742702,30.356909352799512,1.1067479582829312
20,1541,2 7 12 17,-335.56652280864535,0.17426583010062102,30.357814899151897,0.7173475052816474
20,1542,5 6 11 18,-335.5661815525615,0.17436734838923287,30.375499797062044,0.963154495272397
20,1543,0 1 2 12,-335.566111746902,0.17438811446908845,30.379117332456516,0.8049667498799613
20,1544,9 10 16 18,-335.56610155092085,0.17439114761224492,30.37964571830505,0.7276628682551242
20,1545,0 1 2 6,-335.5660520783956,0.1744058649061852,30.382209530642772,0.8198329264637604
20,1546,2 12 17 19,-335.56594779968117,0.17443688617475725,30.38761356153456,1.0134030116010382
20,1547,2 3 7 14,-335.5655799683941,0.1745463101660856,30.40667566494493,0.8364584749628534
20,1548,2 9 18 19,-335.5650618798408,0.17470043331807508,30.4335245435637,1.1617806407291607
20,1549,1 2 6 19,-335.56505357559746,0.1747029036991559,30.43395489397456,1.0923941695114152
20,1550,0 13 16 17,-335.5648039473688,0.17477716414978023,30.446891365875445,0.8388488947533466
20,1551,0 6 16 17,-335.5647207452471,0.1748019154652939,30.451203145496496,0.5598618425645041
20,1552,2 3 6 14,-335.5645861248496,0.17484196290477355,30.458179571995064,0.8343948355078236
20,1553,0 2 7 15,-335.5643578714711,0.17490986467547381,30.4700083360451,1.0601802719331312
20,1554,0 10 16 18,-335.56435406654896,0.17491099657963974,30.470205518344883,0.6692113824137653
20,1555,2 5 13 16,-335.56431002804374,0.17492409733855582,30.47248772372033,1.191631812858295
20,1556,11 12 14 16,-335.56403576709204,0.17500568563475505,30.486700736062005,0.8794065818716986
20,1557,9 16 18 19,-335.5640185416506,0.17501080993118623,30.487593409298384,1.0381774333291567
20,1558,4 14 16 19,-335.5638719223253,0.17505442686195918,30.495191655667796,1.3210582360534795
20,1559,9 12 14 15,-335.5638683879995,0.17505547826799556,30.4953748148667,1.2168600222180788
20,1560,11 13 14 16,-335.56380713595104,0.1750736997838224,30.498549076879694,1.1119814193256887
20,1561,10 13 15 16,-335.5637997828867,0.17507588720419065,30.498930134385972,1.120439388403171
20,1562,2 3 9 15,-335.56374287002336,0.175092817881059,30.501879527013255,0.8842815601578623
20,1563,2 5 8 17,-335.56354057729015,0.1751529967703014,30.51236293376834,0.8222493624785366
20,1564,0 9 14 17,-335.56343720512814,0.17518374835386108,30.517719984436397,0.952585189220673
20,1565,1 4 11 13,-335.5624895019665,0.1754656750582637,30.56683276060394,1.113639445959259
20,1566,2 6 10 15,-335.5623135247697,0.17551802549156229,30.575952418560128,1.0381186364207398
20,1567,2 5 8 14,-335.56229074135956,0.17552480319580285,30.577133122147615,1.130096469757535
20,1568,0 1 8 15,-335.5621932868946,0.17555379435805846,30.58218350027946,0.8340547324861725
20,1569,0 2 12 17,-335.5618653798838,0.17565134150853934,30.599176609809465,0.7193517051244391
20,1570,4 10 12 18,-335.5614443684182,0.17577658576202418,30.620994667097463,0.9242898104470575
20,1571,3 4 16 18,-335.561349979356,0.17580466501544345,30.62588618700883,0.6146781710280952
20,1572,1 8 17 19,-335.5612205082616,0.1758431806186799,30.632595761416543,0.7939994213570438
20,1573,5 8 15 16,-335.5611742639137,0.17585693758091514,30.63499228007353,0.9988598250372487
20,1574,1 5 9 12,-335.56095925419277,0.1759208995729103,30.646134718682696,1.0024344133232288
20,1575,2 11 13 14,-335.5606604056146,0.17600980229917212,30.661621934428474,1.2280544494156547
20,1576,4 9 11 18,-335.56063321067734,0.17601789236297352,30.663031256377955,0.974503059308288
20,1577,5 7 11 18,-335.56054631087216,0.17604374368085526,30.66753466087613,0.9625275999486324
20,1578,1 2 11 19,-335.5596705460199,0.17630426987579464,30.71291938143657,1.0619159181680584
20,1579,8 12 14 17,-335.55956459346237,0.1763357890862164,30.71841015581958,0.7358859200867387
20,1580,3 5 16 17,-335.5590669764148,0.17648382228897727,30.74419814056535,0.5295327500818632
20,1581,2 4 9 16,-335.55897648005765,0.17651074352419094,30.74888792900523,0.9974832317319642
20,1582,6 9 14 16,-335.5588755787636,0.1765407600636021,30.754116931999288,0.9753358153907858
20,1583,9 10 14 17,-335.5587428868064,0.17658023382259624,30.76099342102887,0.9292904083025749
20,1584,3 10 15 17,-335.5587174831096,0.1765877910206762,30.762309915606924,0.6052644598554082
20,1585,1 4 8 16,-335.55807727818706,0.17677824186147387,30.79548722505987,0.7001630118213714
20,1586,5 7 14 15,-335.557812479204,0.1768570153716205,30.809209890246773,1.3503109801836446
20,1587,4 7 12 18,-335.55780197642036,0.17686013978367499,30.80975417550777,0.9414239030914501
20,1588,10 11 14 18,-335.5575976545521,0.1769209223085025,30.82034273803177,0.9456151974499791
20,1589,4 9 14 15,-335.55750812439175,0.17694755611546137,30.824982455303072,1.3593448300256366
20,1590,1 2 3 17,-335.55745597868724,0.17696306863796227,30.82768479968367,0.37173745682751574
20,1591,2 11 17 19,-335.5572702021716,0.17701833421365523,30.837312287276685,0.9928989131602469
20,1592,3 5 6 18,-335.55725617403516,0.17702250736241518,30.838039266728302,0.7526351415358995
20,1593,1 3 11 14,-335.55725516158077,0.17702280855158625,30.838091735104346,0.6851839197194174
20,1594,0 2 3 15,-335.55698420622406,0.1771034134855487,30.85213344175319,0.8311956552166839
20,1595,9 14 18 19,-335.55649923161724,0.17724768576209876,30.877266257888497,1.2802445801427818
20,1596,1 3 4 13,-335.5564078300137,0.17727487629380015,30.88200295886955,0.9286747561939959
20,1597,7 8 17 18,-335.5561180889405,0.17736106968136586,30.89701819681803,0.46792907242725185
20,1598,2 5 17 19,-335.55595369153156,0.17740997531087876,30.905537755973267,1.206748411163898
20,1599,10 12 14 15,-335.5559462202526,0.1774121978982172,30.905924939708473,1.156218783533122
20,1600,1 3 9 17,-335.55562454113107,0.17750789235011777,30.922595301626217,0.35195120298228827
20,1601,2 5 13 15,-335.5555445451041,0.17753168990314713,30.926740931951457,1.4075898745431115
20,1602,2 6 17 19,-335.55503946136844,0.17768194432754264,30.952915862521284,1.0219113731798612
20,1603,4 7 10 18,-335.5549764856931,0.1777006785951146,30.956179447969408,0.9369161606185787
20,1604,4 5 7 17,-335.55487038960564,0.17773224050341693,30.961677660496516,1.057946034339708
20,1605,7 10 15 16,-335.5546644164919,0.17779351424766862,30.972351795437923,0.9014218114068403
20,1606,2 7 10 14,-335.554546779672,0.17782850934137354,30.97844808279649,1.0412089426301296
20,1607,2 5 11 16,-335.5545112688267,0.17783907325632678,30.980288359657283,0.9518040330708853
20,1608,1 5 6 7,-335.5544561318253,0.17785547564234383,30.983145721874088,0.9641362711972203
20,1609,3 4 5 17,-335.55406816161064,0.17797089064617191,31.00325148397774,0.8317422653699336
20,1610,0 2 11 15,-335.553738538093,0.17806894843028287,31.02033354795862,1.0255910573894307
20,1611,2 5 13 14,-335.55331944334506,0.17819362249058454,31.042052275279858,1.4103757623800308
20,1612,2 4 7 16,-335.55329765194386,0.1782001050878494,31.043181570034424,0.9461192597696446
20,1613,1 10 14 19,-335.55312358857174,0.17825188618856636,31.05220204794413,1.2013164606935802
20,1614,3 5 7 18,-335.55266637686555,0.17838789944119834,31.07589610859187,0.7527532884325449
20,1615,8 16 18 19,-335.55233953492996,0.17848512974863368,31.092834022777378,0.8531390450577029
20,1616,0 3 5 18,-335.5522081461613,0.178524215829632,31.099642976726606,0.7561704007769254
20,1617,11 14 17 19,-335.55220411509157,0.17852541500913865,31.099851878663802,1.1268749878642388
20,1618,5 16 17 19,-335.5521323558225,0.17854676225694835,31.10357065587468,1.0863604689276543
20,1619,1 11 16 19,-335.551647058831,0.17869113043783824,31.128720178935236,0.926118091886527
20,1620,0 1 7 16,-335.5516448226418,0.17869179566877355,31.128836064864153,0.6533316831297927
20,1621,7 13 14 16,-335.55157321973496,0.17871309640128294,31.132546738920926,1.13616941129485
20,1622,4 12 13 17,-335.5515625097343,0.1787162824571179,31.13310176277867,1.0604462584626395
20,1623,0 8 17 18,-335.5515103685095,0.1787317936469741,31.135803875007145,0.4711336585043691
20,1624,2 3 9 18,-335.5514073880789,0.1787624286966312,31.141140624996392,0.635583095441884
20,1625,0 12 16 17,-335.55131593551846,0.178789634387217,31.145879966716635,0.536721657705809
20,1626,10 12 14 16,-335.5511289436113,0.1788452615226724,31.155570439487747,0.8897522136989947
20,1627,4 5 9 17,-335.5510036643965,0.17888253010801128,31.162062778316407,1.1019073986019432
20,1628,3 5 12 18,-335.550965696818,0.17889382486221717,31.16403037034128,0.7346508182551216
20,1629,7 15 17 19,-335.5507012587011,0.17897249102039822,31.17773433438006,1.1505116144804668
20,1630,0 4 10 18,-335.55060481834334,0.17900118050180708,31.182732158483955,0.9383651107299666
20,1631,3 16 18 19,-335.55037092886573,0.1790707589228662,31.19485300183155,0.7452545379853969
20,1632,4 6 10 18,-335.5503449137274,0.1790784980151469,31.196201183117626,0.9336177959955865
20,1633,5 7 10 18,-335.55034388905233,0.17907880283976896,31.19625428480399,0.9729244864041366
20,1634,6 8 17 18,-335.5502440309894,0.17910850903441786,31.201429224480858,0.4637991408835086
20,1635,5 6 10 18,-335.5500976707449,0.1791520488927435,31.20901404451713,0.971322242902971
20,1636,3 4 5 14,-335.5500861133298,0.17915548704096584,31.209612983891937,1.135840033694608
20,1637,6 11 13 18,-335.54970424886625,0.17926908568039784,31.22940232794567,0.9755477495143469
20,1638,0 2 5 16,-335.5496521844327,0.17928457402607076,31.2321004606247,0.9852120019993031
20,1639,1 5 7 12,-335.5495917973293,0.1793025382344267,31.235229898631943,0.9490775422007465
20,1640,0 3 17 18,-335.5495134610095,0.17932584205082353,31.239289518031853,0.31644442384617844
20,1641,12 15 16 19,-335.54951056071536,0.17932670484246577,31.23943981983776,1.1625116041719903
20,1642,8 11 15 18,-335.54937888788066,0.17936587542862537,31.246263494929067,0.8198388994432112
20,1643,4 6 13 17,-335.54929534734555,0.1793907274167827,31.250592812133256,1.0717862895227879
20,1644,12 16 17 19,-335.5492853841614,0.1793936913065152,31.251109133754245,0.8688469465690317
20,1645,4 5 6 17,-335.54910725492164,0.17944668193856164,31.260340316930694,1.0543512579580978
20,1646,1 8 16 17,-335.5488582037975,0.17952077070970163,31.273246881568607,0.2973810639221166
20,1647,6 10 15 16,-335.5488274592088,0.17952991673868324,31.27484015693835,0.8976356018963886
20,1648,2 6 10 14,-335.5487169206506,0.1795628002117854,31.280568591417442,1.0375720019222057
20,1649,1 2 4 8,-335.5485825498727,0.17960277339337194,31.287532081889637,0.8539627402204688
20,1650,2 4 11 16,-335.54840906676725,0.17965438187393404,31.296522488667755,0.9110864958846593
20,1651,1 3 10 14,-335.5481637351338,0.17972736415541418,31.30923629831599,0.6997191183405088
20,1652,2 3 9 14,-335.5479323428002,0.17979619971561814,31.321227732287554,0.8835075792794058
20,1653,3 12 13 18,-335.54771443012294,0.1798610252912194,31.33252061066593,0.7556973547924071
20,1654,4 7 13 18,-335.5475870729242,0.17989891204391975,31.33912063675793,1.1603092540974806
20,1655,2 3 15 19,-335.54730261127895,0.17998353488514973,31.353862279160328,1.0976903508693647
20,1656,6 11 14 16,-335.54717921335026,0.1800202438176242,31.360257124188536,0.8870765211871275
20,1657,10 15 17 19,-335.5471226523266,0.18003706982775325,31.36318828344502,1.1333188318176042
20,1658,0 4 7 18,-335.54666712371204,0.18017258238724174,31.386795121314993,0.9551463103658848
20,1659,6 16 17 19,-335.5466440571486,0.1801794443251025,31.387990498741004,0.8819255859781773
20,1660,1 4 9 12,-335.54657638113486,0.18019957686902796,31.391497669605105,0.9599699961975375
20,1661,2 4 14 19,-335.5465709299875,0.18020119849915905,31.39178016415568,1.417547012616737
20,1662,1 5 12 13,-335.546427837323,0.18024376630411007,31.39919564854881,1.156336557496659
20,1663,6 8 14 17,-335.54621980161073,0.180305653638807,31.40997667343617,0.7467382961971285
20,1664,1 13 17 19,-335.54600528350363,0.18036946938346105,31.421093635164926,1.1387539910230773
20,1665,4 5 10 17,-335.5457032393323,0.1804593227481658,31.43674645598584,1.0375427434565156
20,1666,2 12 15 19,-335.54567452132096,0.18046786590241168,31.438234708129713,1.274226681338429
20,1667,4 8 14 15,-335.5456511698641,0.18047481259157594,31.43944484957677,1.212981888869667
20,1668,1 6 12 16,-335.54553111748925,0.18051052627467956,31.44566631812514,0.6261925678514224
20,1669,3 8 14 18,-335.5452607967818,0.1805909424105205,31.459675135374944,0.5907540872276441
20,1670,2 9 13 17,-335.5449468748187,0.1806843292304411,31.475943498435743,1.018515415859503
20,1671,3 13 16 17,-335.54459964800765,0.1807876237159836,31.493937817060296,0.5514289748543076
20,1672,2 4 15 19,-335.54446370462256,0.18082806472335375,31.50098280468277,1.4132104542113402
20,1673,4 11 18 19,-335.5442600387448,0.18088865210137944,31.511537371841847,1.1747823859646178
20,1674,1 3 5 13,-335.5440864345041,0.18094029661776537,31.520534056206728,0.9620458167758437
20,1675,0 5 7 18,-335.5438319773339,0.18101599360212065,31.533720778114034,0.9912414897761304
20,1676,0 11 15 16,-335.5437963724207,0.18102658550078668,31.535565929851167,0.8854937657124321
20,1677,2 4 8 17,-335.54325762520057,0.18118685427947426,31.563485401584103,0.7719827470238397
20,1678,1 8 9 15,-335.54294674954207,0.1812793348719526,31.57959589614635,0.8773488130740696
20,1679,0 2 7 14,-335.54270142371297,0.18135231542673386,31.592309404996637,1.056529438794055
20,1680,0 1 15 19,-335.5425052789308,0.18141066539776862,31.602474206776886,1.2109993155292735
20,1681,1 2 3 4,-335.54235663436475,0.18145488480562133,31.610177407098877,0.7447831760335624
20,1682,0 1 5 12,-335.54195006971224,0.18157583136067224,31.63124678787654,0.9492817688510599
20,1683,1 7 16 19,-335.5417614638403,0.18163193862511634,31.64102090106619,0.955266792684554
20,1684,3 6 13 18,-335.5415319447076,0.18170021693768615,31.652915260238178,0.7688440983044234
20,1685,1 6 12 13,-335.54145831215766,0.18172212145692238,31.656731116393367,0.9632756505636368
20,1686,2 7 11 17,-335.541442602751,0.18172679475699505,31.657545224233623,0.6865040912585475
20,1687,7 8 14 17,-335.54135627482395,0.18175247595016714,31.662018992316888,0.7467864879796798
20,1688,13 16 18 19,-335.5412747152337,0.18177673863854552,31.666245651107776,1.1853529563308272
20,1689,4 9 10 18,-335.5411145067715,0.18182439812265014,31.674548126675145,0.9812804213835489
20,1690,0 5 11 18,-335.5410148534164,0.1818540434199606,31.679712457788483,0.9582158314329521
20,1691,2 10 13 15,-335.5407509504118,0.1819325503906965,31.693388690728224,1.2284555147033611
20,1692,2 4 6 16,-335.54067330128873,0.18195564977692819,31.697412697563653,0.9398506109964863
20,1693,3 12 15 16,-335.54045825978903,0.18201962122260434,31.708556783042415,0.6416799281267207
20,1694,0 4 5 17,-335.5399480722942,0.182171393934649,31.734996205483025,1.0551724612159938
20,1695,7 12 16 17,-335.53979110691296,0.18221808865344472,31.74313061501787,0.5286599814721488
20,1696,1 2 7 11,-335.53922444187725,0.1823866625408047,31.77249687038962,0.7712846660878809
20,1697,4 5 12 17,-335.538901454678,0.18248274612513185,31.789235020755445,1.038183418144201
20,1698,2 8 12 15,-335.538882618837,0.1824883494899723,31.790211149653125,0.9066465030859491
20,1699,10 13 14 16,-335.5387235436348,0.18253567184716013,31.79845489634328,1.1153522493729138
20,1700,5 6 14 15,-335.5385007600922,0.1826019464281719,31.81000019734527,1.342082785007213
20,1701,2 3 11 15,-335.53843122134026,0.18262263310723975,31.813603900800263,0.7844703978745312
20,1702,9 12 13 18,-335.5378870946889,0.18278450218165226,31.84180215054363,1.0374450403074122
20,1703,1 4 10 13,-335.53766722863384,0.18284990885626545,31.853196258728406,1.11710201895626
20,1704,7 11 14 16,-335.5376258005353,0.18286223306047245,31.855343185121715,0.8851466048264183
20,1705,2 7 13 15,-335.53760529976347,0.1828683317159085,31.856405595651395,1.242151615420485
20,1706,2 6 11 17,-335.5375670061721,0.1828797234538038,31.858390082628592,0.6832531975029703
20,1707,0 8 15 17,-335.53744100751953,0.18291720606050102,31.86491970484652,0.7432215895264113
20,1708,6 10 13 18,-335.5373005937711,0.18295897693028168,31.872196359898435,0.984989076443004
20,1709,0 4 13 18,-335.5370820585101,0.18302398771468392,31.883521502401663,1.1590342937657716
20,1710,8 12 17 18,-335.5367449809165,0.1831242629685192,31.900989858608607,0.439507653681165
20,1711,3 7 17 18,-335.5361470626822,0.1833021341882636,31.931975747016967,0.3078843913366921
20,1712,2 12 14 19,-335.5357440384085,0.1834220275365979,31.952861654909924,1.274486390819859
20,1713,3 7 15 16,-335.53517510809655,0.1835912753078172,31.982345303585074,0.6586830052267862
20,1714,1 2 10 19,-335.53505757588766,0.18362623928140678,31.98843616969324,1.065929681947483
20,1715,1 10 11 18,-335.53504963695593,0.1836286009880571,31.988847588577222,0.6676716492680115
20,1716,0 1 2 7,-335.534898962995,0.18367342410880755,31.996655958136294,0.8100190952188635
20,1717,0 7 14 16,-335.5346500772224,0.18374746369048,32.00955395376932,0.9209085835822929
20,1718,4 11 13 17,-335.53434621944285,0.1838378565749477,32.02530076112269,1.0374708007497386
20,1719,0 1 8 14,-335.5342522166642,0.1838658209151205,32.03017226268013,0.8291008076506698
20,1720,2 10 17 19,-335.5342314121024,0.18387200994327432,32.03125041650404,0.9981899753090977
20,1721,1 2 6 12,-335.53423090283013,0.18387216144371263,32.03127680849529,0.7880369372980774
20,1722,3 6 15 16,-335.5341741662904,0.18388903966709103,32.034217063511726,0.6564048293280619
20,1723,1 8 13 16,-335.53402037725294,0.18393478947385233,32.04218686553506,0.7591044925254105
20,1724,0 2 4 16,-335.53400814183146,0.1839384293182619,32.04282094120429,0.9419963977311662
20,1725,2 7 8 18,-335.5339819928382,0.18394620823025348,32.04417605924563,0.6864969541959801
20,1726,2 8 9 18,-335.53348184233596,0.18409499509571864,32.070095335093384,0.7461527483433295
20,1727,2 3 14 19,-335.53347083545765,0.18409826946796243,32.070665744028005,1.0969374591523566
20,1728,8 10 15 18,-335.53341072555344,0.18411615121393807,32.0737808167539,0.8298534169987378
20,1729,1 2 9 13,-335.5333972898592,0.18412014812051872,32.07447709410256,1.0808796361131512
20,1730,0 2 7 17,-335.5332260014623,0.1841711037099777,32.08335376460061,0.7268179877365759
20,1731,0 2 3 14,-335.5330133797821,0.1842343552976148,32.094372447887274,0.8277529083716159
20,1732,2 3 4 17,-335.53295785948023,0.18425087170947438,32.09724967386864,0.6538526828989276
20,1733,0 12 13 18,-335.532949864349,0.18425325013458624,32.097664005176476,0.9911216583043924
20,1734,1 2 6 11,-335.53272478384883,0.1843202080241545,32.109328341302366,0.7671900625784258
20,1735,2 10 13 14,-335.53244026765947,0.1844048470913925,32.12407281034122,1.2294193261620243
20,1736,1 4 6 7,-335.5320671702855,0.1845158376603091,32.14340781792576,0.9177438423092172
20,1737,1 4 5 8,-335.53166237863957,0.18463625677393275,32.164385316266056,0.9948626225352425
20,1738,1 8 15 19,-335.53141238964645,0.18471062454627066,32.17734048404504,1.0925165285942737
20,1739,1 2 7 19,-335.5311285753479,0.18479505481208697,32.192048579028764,1.081042345935605
20,1740,0 1 4 6,-335.531004125678,0.1848320766209394,32.19849792839189,0.9204732238915075
20,1741,3 11 14 17,-335.53082282416403,0.1848860109543982,32.20789350818459,0.5831232809869866
20,1742,1 2 11 12,-335.53064574937923,0.18493868790276544,32.21707004639097,0.7511034716144485
20,1743,0 2 13 17,-335.5305514823984,0.18496673083891058,32.221955239685784,0.9679534703453497
20,1744,2 11 12 17,-335.53029050476755,0.18504436755720272,32.23547987111772,0.6642343641439153
20,1745,1 10 16 19,-335.53017063433754,0.1850800271146016,32.241691910748635,0.932756112824196
20,1746,7 12 13 18,-335.529827579645,0.18518208046086218,32.25947001787285,0.9870100918509621
20,1747,0 3 14 15,-335.52979547642065,0.18519163066244643,32.26113370175038,0.9734630193102177
20,1748,2 5 10 16,-335.52977502875353,0.18519771352006995,32.262193360237,0.9569329508678976
20,1749,2 7 13 14,-335.5297701137172,0.1851991756656638,32.26244807193388,1.2432635723927379
20,1750,2 7 10 17,-335.52968552192726,0.18522434038550012,32.26683186826583,0.7000358908724305
20,1751,5 8 14 16,-335.5295988339042,0.1852501287015578,32.27132429759055,0.9917680512777132
20,1752,1 2 3 19,-335.5292827221334,0.18534416695463357,32.287706142950974,0.8604357032342599
20,1753,7 14 17 19,-335.5291918491385,0.1853712002336327,32.29241544987304,1.1467713614167432
20,1754,0 2 11 14,-335.5288759647109,0.1854651708557162,32.30878551364012,1.0209507273846885
20,1755,2 10 12 17,-335.52845905522656,0.18558919483464956,32.33039099414849,0.6815065291302008
20,1756,0 1 4 12,-335.52807643447846,0.18570301845676734,32.350219531099235,0.9058281323364096
20,1757,2 6 8 18,-335.5280661325283,0.1857060831240364,32.350753408576125,0.6825623850208568
20,1758,0 1 5 6,-335.5279661454209,0.18573582770736902,32.3559350357175,0.9573037761734576
20,1759,1 2 10 12,-335.52724011977523,0.1859518088562053,32.39355982845106,0.7665517683680498
20,1760,5 8 16 17,-335.5271157714202,0.18598880052548675,32.40000392737859,0.6467686034674882
20,1761,4 9 13 18,-335.527015637,0.1860185889320617,32.40519318870665,1.1949969141041203
20,1762,3 5 12 15,-335.52672351506624,0.18610549058797957,32.42033180987674,0.9523559165057749
20,1763,5 15 17 19,-335.5267077182191,0.18611018990020906,32.4211504491403,1.3103019621540855
20,1764,5 11 13 18,-335.52668772604363,0.1861161372562669,32.42218650270421,1.15705344373408
20,1765,1 3 4 16,-335.52650433748954,0.18617069245115747,32.43169023907822,0.5665108357201578
20,1766,4 8 13 18,-335.52648131652916,0.18617754082283774,32.432883253220524,1.0365405009308937
20,1767,2 6 12 17,-335.5262618878377,0.186242817388693,32.44425469593159,0.7011107855097138
20,1768,0 1 2 13,-335.5260519569108,0.18630526851976684,32.4551339364361,1.0351258167483566
20,1769,1 2 7 10,-335.52589318099035,0.18635250184535357,32.463362173459984,0.7829424941601565
20,1770,2 9 11 15,-335.5255990322537,0.18644000644308925,32.47860582954191,1.0587622270048203
20,1771,1 4 6 11,-335.52553593613544,0.18645877654052098,32.48187565669703,0.8816592165952603
20,1772,8 9 15 17,-335.5252445296388,0.1865454653652076,32.496977201802814,0.7926301570133575
20,1773,10 14 17 19,-335.52513774605796,0.18657723179192842,32.50251104226851,1.1294712471815165
20,1774,1 5 11 12,-335.52480133665193,0.18667730827052853,32.51994477102271,0.9068425879063238
20,1775,0 1 3 17,-335.52468437649406,0.1867121020679851,32.52600599175781,0.26245914505004475
20,1776,0 4 9 18,-335.5246558242678,0.18672059590379078,32.52748565242923,0.9957769788090272
20,1777,3 6 17 18,-335.52445743675855,0.1867796130506666,32.53776667894887,0.3025096450636636
20,1778,4 8 16 17,-335.52422224896304,0.1868495777007698,32.54995480496354,0.5967951494431927
20,1779,1 6 11 16,-335.5241338222869,0.18687588323861756,32.55453733642335,0.5956123397986942
20,1780,2 9 11 17,-335.5237580256661,0.18698767679077552,32.57401222694761,0.7402522348356945
20,1781,1 3 5 6,-335.5234710446433,0.18707304910697758,32.588884430932055,0.7083286814048753
20,1782,0 1 14 19,-335.52346676936,0.18707432093615012,32.58910598873591,1.2080810557522004
20,1783,0 13 15 16,-335.5233423357731,0.18711133796056656,32.59555450463086,1.1240917351689341
20,1784,5 9 11 18,-335.5233385197845,0.18711247315684248,32.59575226042956,0.997357055525919
20,1785,3 10 14 17,-335.5233055777802,0.18712227288219926,32.597459412361026,0.5998522621320922
20,1786,4 11 12 15,-335.52319720809106,0.1871545111510529,32.603075449641324,1.0960333918614844
20,1787,1 8 9 14,-335.5231659785304,0.18716380145150768,32.604693857687245,0.8752817330117088
20,1788,1 5 6 12,-335.5230280405241,0.18720483582715647,32.61184221247217,0.9377163299830356
20,1789,0 1 16 19,-335.52291274322613,0.18723913495008324,32.61781725889643,0.9513625311286161
20,1790,12 14 16 19,-335.5228145213033,0.18726835441892548,32.6229074089623,1.1568552616909524
20,1791,4 6 12 18,-335.5226665402226,0.18731237645039045,32.63057622551644,0.9268294693749749
20,1792,1 5 6 13,-335.5220515925084,0.1874953136711045,32.662444631855166,1.158740366123327
20,1793,2 4 16 19,-335.5219329212965,0.1875306164800638,32.66859452445999,1.1869903703643894
20,1794,6 7 13 18,-335.5218601939217,0.18755225172401746,32.67236347176804,0.9968716232580759
20,1795,7 11 14 15,-335.52169718329606,0.18760074480744182,32.68081116372024,1.1438587650130276
20,1796,0 7 16 17,-335.52144175655724,0.1876767302231373,32.69404813153767,0.5478383956103517
20,1797,1 7 11 16,-335.5211316684755,0.18776897652398172,32.710117811546354,0.5966609005969863
20,1798,1 3 5 9,-335.5211036555198,0.18777730993532368,32.71156952562508,0.7677809774043008
20,1799,1 8 9 17,-335.5210251183267,0.18780067350835986,32.7156395548741,0.49100263564671154
20,1800,11 16 17 19,-335.52071661043084,0.18789244972889244,32.73162734498455,0.8392997691182525
20,1801,0 5 10 18,-335.5205452799057,0.1879434178508394,32.740506198692884,0.9649032279923674
20,1802,1 4 11 12,-335.52046954196,0.18796594869203975,32.744431162676285,0.8658680001962913
20,1803,1 4 7 11,-335.5200997223702,0.18807596417197983,32.7635963058035,0.8812970994927567
20,1804,2 8 12 14,-335.520049575265,0.18809088214280525,32.7661950768691,0.9048066349701211
20,1805,2 6 10 17,-335.51992846535165,0.1881269104268889,32.77247135018507,0.6948074642707194
20,1806,1 5 10 12,-335.5199002224341,0.18813531224825075,32.773934981566924,0.9197724140174357
20,1807,6 13 14 15,-335.51962689398647,0.18821662313923643,32.78809966879449,1.3496078783589402
20,1808,2 7 8 15,-335.51939631258995,0.18828521745848226,32.80004907761202,0.91469005266375
20,1809,6 9 12 18,-335.51939486173524,0.1882856490648162,32.800124265187165,0.8003157057806594
20,1810,1 3 10 18,-335.5191069452039,0.18837129968002775,32.81504494998859,0.39311486372885523
20,1811,1 3 7 17,-335.5187316391259,0.1884829473034462,32.834494419134145,0.2556882746970953
20,1812,0 1 4 11,-335.5185815457521,0.18852759770870306,32.84227270095324,0.883945552746828
20,1813,2 7 17 19,-335.51849039966936,0.18855471222701473,32.84699616009327,1.009796174157191
20,1814,6 10 14 16,-335.51846529859006,0.18856217940117984,32.848296972139984,0.8915907126167715
20,1815,2 3 7 18,-335.51816246614715,0.18865226726420972,32.86399064352089,0.5581750047750648
20,1816,2 3 10 15,-335.51799900542426,0.18870089424443903,32.872461660839974,0.793418384354752
20,1817,0 1 9 16,-335.51790935262113,0.18872756453567535,32.8771077338205,0.7034436529834659
20,1818,1 7 8 17,-335.5178772887556,0.18873710302864458,32.87876937800978,0.41510310805861944
20,1819,0 3 15 16,-335.51781720709545,0.1887549763724549,32.88188298704438,0.6566321657947182
20,1820,0 2 11 17,-335.51748178319156,0.18885475967975215,32.89926564416773,0.681994492441959
20,1821,2 8 12 18,-335.5174737866481,0.1888571385249765,32.89968004866086,0.6625198321800743
20,1822,0 6 14 15,-335.5171431761153,0.18895548993048425,32.9168132626808,1.1714231954547192
20,1823,1 3 5 12,-335.51682180983937,0.1890510913157659,32.933467412015794,0.6899936745773032
20,1824,3 4 9 18,-335.516691124832,0.1890899680389183,32.940239894978546,0.7539513955943408
20,1825,3 4 13 17,-335.51653589609793,0.18913614613264462,32.94828430632947,0.8386125495757505
20,1826,0 6 12 18,-335.51646309034544,0.18915780469272325,32.95205731540113,0.746037730742072
20,1827,6 11 14 15,-335.51620887408296,0.18923343001084864,32.96523155276031,1.1405369475134288
20,1828,1 6 8 17,-335.5161895565388,0.18923917667476856,32.96623264493924,0.412255236834779
20,1829,1 4 6 9,-335.5159910346547,0.18929823379603125,32.97652063515932,0.961808083543164
20,1830,2 4 10 16,-335.5159284364148,0.1893168557825195,32.979764660786934,0.9139278894698688
20,1831,3 9 15 16,-335.51546070181695,0.18945599942902344,33.004004048752556,0.7130750826417088
20,1832,2 3 17 19,-335.515153726893,0.18954731961465462,33.01991239573226,0.7764106287949223
20,1833,1 3 8 15,-335.51503711949454,0.18958200847176782,33.02595533543363,0.5372048549940653
20,1834,4 10 18 19,-335.51503151740025,0.18958367500623252,33.02624565250136,1.1762780868691367
20,1835,7 10 14 16,-335.51479334577186,0.18965452729943116,33.03858840954595,0.891858287676794
20,1836,0 2 10 15,-335.5147717570819,0.18966094959330504,33.03970719920505,1.0247431882364224
20,1837,2 6 8 15,-335.5147091269166,0.18967958107710206,33.042952879302405,0.9114370539257859
20,1838,1 3 5 7,-335.5146949217395,0.18968380689267184,33.04368903352605,0.707151474241539
20,1839,0 2 3 18,-335.5143418248747,0.18978884762636972,33.061987555666796,0.5611399047059765
20,1840,4 5 11 15,-335.51431719247444,0.1897961753759295,33.06326407938137,1.2780285584403261
20,1841,5 10 13 18,-335.5142341666709,0.18982087423957655,33.06756672167437,1.1648325796275316
20,1842,2 3 5 16,-335.5140310854545,0.18988128769010004,33.07809098995664,0.7291194705104166
20,1843,1 11 12 16,-335.5137877765173,0.18995366825144355,33.09069997751487,0.5745800367645821
20,1844,1 8 14 19,-335.5136103700367,0.19000644387406235,33.09989370517636,1.0904028689522738
20,1845,1 10 12 16,-335.5135186925521,0.19003371647601772,33.10464470312874,0.5936813909894771
20,1846,1 2 6 10,-335.5135120629652,0.19003568867328335,33.10498826789701,0.7768415523646779
20,1847,1 5 6 9,-335.5134622922217,0.19005049468245527,33.10756753478815,0.9975428471949166
20,1848,1 5 6 11,-335.5129561153366,0.19020107430151756,33.133799115588815,0.9161068735297141
20,1849,4 9 12 17,-335.5128461431709,0.19023378928179446,33.13949819793388,0.8742929926104716
20,1850,8 11 14 18,-335.5127953353532,0.19024890380413692,33.1421312090715,0.8120509448270334
20,1851,4 12 18 19,-335.51273610898824,0.1902665227111549,33.14520049418419,1.1783167285195506
20,1852,0 2 8 18,-335.51218723280743,0.1904298046954787,33.173644878568695,0.6827874172315836
20,1853,5 9 10 18,-335.5115642061579,0.19061514527169376,33.20593195919024,1.0068269256212643
20,1854,2 3 16 18,-335.51129470574597,0.1906953173825957,33.219898266305236,0.4479995410657222
20,1855,1 3 6 17,-335.5112283389366,0.19071506045892117,33.22333759033268,0.2514205684338023
20,1856,2 4 12 16,-335.5111829381528,0.19072856647416908,33.22569039300596,0.9156783445271977
20,1857,4 10 13 17,-335.51109812617324,0.1907537966969395,33.2300856002149,1.042363554045574
20,1858,4 5 13 17,-335.5110809766257,0.19075889841614588,33.23097434040708,1.2362171388093324
20,1859,1 7 10 16,-335.51093695322754,0.19080174309963102,33.23843805816462,0.6122181355240288
20,1860,1 3 11 18,-335.51093630845446,0.19080193490942676,33.23847147220954,0.3678604186287308
20,1861,5 14 17 19,-335.51080839294366,0.19083998775114255,33.245100431682125,1.308407338549237
20,1862,2 8 13 17,-335.5106900957601,0.19087517929260464,33.25123094103732,0.8237541627246003
20,1863,0 15 17 19,-335.51055146418315,0.1909164199945389,33.25841523869859,1.138392561308439
20,1864,2 9 10 17,-335.51042905303564,0.19095283537521815,33.26475894581263,0.7523641822344553
20,1865,8 13 15 16,-335.5103835336242,0.19096637668032135,33.26711789612193,0.9981589015735245
20,1866,3 4 13 15,-335.5103580785933,0.19097394914948365,33.26843705098451,1.1333856703005505
20,1867,1 4 7 12,-335.51029122029865,0.1909938384348998,33.271901845228975,0.8962565147106805
20,1868,2 3 11 14,-335.5102806995181,0.1909969682007506,33.27244706314302,0.7800297150016785
20,1869,4 5 12 15,-335.51020255271175,0.19102021563989066,33.276496861395984,1.2905679732039035
20,1870,8 12 15 16,-335.5101151880706,0.19104620523912524,33.28102435506706,0.7468989650164756
20,1871,1 2 8 13,-335.5099542490459,0.19109408205401407,33.289364690539124,0.8995287097240109
20,1872,6 12 16 17,-335.5090319979449,0.19136843717287047,33.33715846577359,0.5169552111628151
20,1873,0 1 2 11,-335.50891691289405,0.1914026731556323,33.343122512924865,0.7640811854917181
20,1874,2 9 11 14,-335.5088967580904,0.1914086688910156,33.34416699436362,1.0571800874872213
20,1875,5 9 12 17,-335.50871326554153,0.19146325502269998,33.353676120052675,0.9118705411756842
20,1876,3 5 11 18,-335.5083754430741,0.1915637518647209,33.37118307782093,0.6984190907368405
20,1877,13 15 18 19,-335.508285675811,0.19159045620598686,33.37583508245481,1.3927337783454523
20,1878,5 11 14 15,-335.5082825398956,0.19159138909122733,33.37599759485002,1.3073570666656207
20,1879,1 10 11 15,-335.50827171790985,0.19159460846086357,33.37655842210716,0.8948446619509646
20,1880,1 2 9 11,-335.5081430958967,0.19163287147586014,33.3832239946183,0.8161536904158342
20,1881,1 6 10 16,-335.50805764704216,0.19165829115886385,33.38765220656883,0.6092965749027469
20,1882,0 8 14 17,-335.5080026070534,0.1916746646851615,33.3905045413054,0.7386617374806107
20,1883,0 10 15 16,-335.5079661370484,0.19168551393494312,33.39239452465138,0.8875112209366857
20,1884,1 4 10 12,-335.5078240374629,0.19172778631458734,33.39975854475701,0.8764991720207536
20,1885,2 11 15 19,-335.50738145892876,0.19185944642993316,33.42269427122135,1.2460672606666363
20,1886,3 9 14 15,-335.5071145031206,0.1919388615614506,33.4365287094552,1.0102290315189497
20,1887,0 1 11 16,-335.5070063968594,0.19197102146464637,33.44213109511984,0.5961370263467031
20,1888,0 1 3 5,-335.5068230300761,0.19202557018308447,33.45163370326956,0.7081370105572714
20,1889,6 15 16 19,-335.50654717138013,0.19210763378293105,33.46592951543572,1.158119833727245
20,1890,9 11 15 16,-335.50654169750356,0.1921092621746513,33.46621318788257,0.9201566267717481
20,1891,3 16 17 18,-335.5065294028026,0.1921129196537748,33.46685033559056,0.16178002910210101
20,1892,3 5 10 18,-335.50644043465854,0.19213938626975996,33.471460927515665,0.714998664627722
20,1893,2 3 6 18,-335.5064310378648,0.1921421816673098,33.47194789711458,0.5524153190275484
20,1894,8 13 16 17,-335.50622611941526,0.19220314166563654,33.48256737624245,0.6634215569713793
20,1895,0 6 13 18,-335.5061342198385,0.19223048033650428,33.487329883667535,0.9941104938095319
20,1896,3 11 14 15,-335.5059669111919,0.19228025201319304,33.49600031175585,0.9294987339203499
20,1897,0 1 8 17,-335.50585590736546,0.19231327389623182,33.501752857807666,0.41659305129361524
20,1898,0 2 9 17,-335.5058202120481,0.1923238926886923,33.50360269455295,0.7750460077301484
20,1899,1 11 12 13,-335.5047581759813,0.1926398316244232,33.558640539463894,0.9188389684196082
20,1900,1 7 9 16,-335.50462458832527,0.19267957183964773,33.56556344625027,0.6952480635486027
20,1901,2 8 16 17,-335.5044917727964,0.19271908235924598,33.572446339126294,0.44005310241551027
20,1902,8 9 14 17,-335.50396642839155,0.19287536401234423,33.59967123739895,0.790639642310358
20,1903,2 6 8 14,-335.5037980792207,0.19292544522854016,33.60839558852575,0.9125258607234286
20,1904,1 10 12 13,-335.5035372884847,0.19300302634856933,33.62191053451462,0.9328913822274564
20,1905,2 13 18 19,-335.5033484318378,0.19305920821460273,33.63169764360391,1.28300697841004
20,1906,1 5 7 11,-335.503134547913,0.19312283530005106,33.642781740133316,0.9141547365769132
20,1907,6 12 13 17,-335.50301613813394,0.19315806033689417,33.64891808451983,0.8763112017046178
20,1908,2 7 9 17,-335.5023709956955,0.19334998001058912,33.68235127062506,0.7703912215037818
20,1909,0 9 12 18,-335.5023566410812,0.1933542502813624,33.68309516912559,0.7994426821227006
20,1910,1 8 12 17,-335.5023317488792,0.19336165531782235,33.68438515653185,0.3877632881150481
20,1911,0 11 14 16,-335.50216824253897,0.19341029586849348,33.69285853787698,0.8755718567736575
20,1912,3 12 13 15,-335.5021088725523,0.19342795750070177,33.69593526589122,0.9620413603829067
20,1913,3 4 18 19,-335.50209526747994,0.19343200479458797,33.69664032091302,0.9860175138656406
20,1914,3 15 16 19,-335.50202264099596,0.19345361002511935,33.70040403976109,0.9524673356482476
20,1915,3 6 14 16,-335.5019731236939,0.193468340639453,33.70297017256541,0.6517659212091029
20,1916,1 2 8 16,-335.50181287160285,0.19351601310245323,33.711274909109065,0.5426544843166647
20,1917,3 12 17 18,-335.50133599956393,0.1936578749931791,33.73598782625072,0.2742630976116402
20,1918,0 9 16 17,-335.5011030554322,0.19372717218878102,33.748059678982266,0.608074316269761
20,1919,2 9 12 16,-335.5010062186889,0.19375597958863405,33.75307804495773,0.7861652847252653
20,1920,10 16 17 19,-335.50081436600044,0.19381305272964583,33.763020417765695,0.8477128421015496
20,1921,7 16 17 19,-335.5005931836099,0.19387885099323773,33.774482742339906,0.8668860467534517
20,1922,6 11 16 17,-335.5004459400582,0.1939226536214774,33.78211333796172,0.4890473999717511
20,1923,3 12 14 16,-335.50033522131633,0.1939555906963781,33.78785111009167,0.6345436504970914
20,1924,0 3 4 18,-335.4999785266493,0.19406170171936066,33.80633608096981,0.6930116642887555
20,1925,8 9 16 18,-335.4998350339849,0.19410438851794554,33.81377229453692,0.5633436263159958
20,1926,0 13 14 16,-335.49971516298336,0.19414004824535774,33.81998436378485,1.1198461127212695
20,1927,8 10 14 18,-335.499557801944,0.1941868606662001,33.82813927749394,0.8231674062410856
20,1928,4 6 18 19,-335.4992589058596,0.19427577752480676,33.843628955151544,1.1846288902162532
20,1929,2 7 9 15,-335.49908711739045,0.1943268818778683,33.85253154087295,1.0787897860545514
20,1930,2 7 8 14,-335.4989763547928,0.19435983199916937,33.858271585738805,0.9123726329828433
20,1931,2 11 13 16,-335.49883952277366,0.1944005373611083,33.8653626250001,0.9501536262279398
20,1932,7 9 15 16,-335.4986861583217,0.19444616086039923,33.87331042374944,0.9499055537931266
20,1933,13 14 18 19,-335.4986056410353,0.19447011347986848,33.87748306727787,1.3929490192117369
20,1934,3 5 6 15,-335.49824815448267,0.19457646007628127,33.89600907600368,0.9551897269413643
20,1935,0 6 7 18,-335.49816192435713,0.19460211217505677,33.90047777572497,0.7568025776863156
20,1936,4 7 12 15,-335.49765616970683,0.19475256618594555,33.926687475072,1.115666091380241
20,1937,1 3 12 13,-335.49753172353644,0.19478958695374965,33.933136643080275,0.7062003754125505
20,1938,1 4 7 10,-335.49752858659025,0.1947905201456364,33.93329920889451,0.8882298043960823
20,1939,1 4 9 11,-335.4974547637331,0.1948124812782609,33.937124927331716,0.9243096875539167
20,1940,1 9 11 16,-335.4971174107843,0.1949128384459155,33.95460755325845,0.65280252435103
20,1941,1 4 6 10,-335.4970833403588,0.1949229738587407,33.95637318330936,0.8864903366614217
20,1942,1 2 7 9,-335.4969938977563,0.19494958161862347,33.9610083630743,0.8474588350415599
20,1943,0 5 9 18,-335.4969029739169,0.19497663002304202,33.96572030490583,1.0216037026839087
20,1944,6 8 16 18,-335.49685404772765,0.194991184790671,33.96825580450047,0.49104002625796284
20,1945,10 11 15 17,-335.496639542184,0.19505499679788973,33.97937211515283,0.8145175092998846
20,1946,6 7 12 18,-335.4964851748756,0.1951009186311121,33.98737188488387,0.7356362479156962
20,1947,9 10 12 18,-335.49647561173805,0.1951037635133107,33.98786747490944,0.7736597840312803
20,1948,0 1 2 19,-335.49609759736666,0.19521621681119988,34.00745729581781,1.071111721523369
20,1949,2 6 7 16,-335.4960428039301,0.19523251699211974,34.01029685349186,0.7428480172625072
20,1950,0 7 12 18,-335.4957369895571,0.19532349193219908,34.02614505729519,0.7407134075781964
20,1951,8 15 17 19,-335.49569489612554,0.19533601406245396,34.02832646320936,1.0135161224906362
20,1952,0 11 12 18,-335.4955748494135,0.19537172606096465,34.03454763829481,0.7023172609717182
20,1953,3 4 12 15,-335.49549310928626,0.19539604245625425,34.038783653047616,0.9031001717046943
20,1954,0 2 10 17,-335.49545755067703,0.19540662058020541,34.04062640517352,0.6921213244705456
20,1955,0 4 6 17,-335.49542129517715,0.1954174060181055,34.04250527223074,0.8325240412710387
20,1956,2 9 10 15,-335.4953275111267,0.1954453052901008,34.04736543864757,1.060992179628694
20,1957,4 10 12 15,-335.49518333516056,0.1954881953601425,34.054837062927476,1.0987498279029544
20,1958,7 11 16 17,-335.4948197247975,0.19559636369333183,34.073680425593665,0.4896254898676987
20,1959,2 6 15 19,-335.4944441206858,0.19570809997707506,34.09314533972765,1.2663116912182264
20,1960,2 8 13 15,-335.49434905505484,0.1957363804989933,34.098071921428435,1.1173759964589551
20,1961,6 8 15 16,-335.49420870745007,0.19577813169207384,34.10534514871932,0.7567193943697194
20,1962,9 13 15 16,-335.4942068108017,0.19577869591497216,34.105443438638225,1.1540785926578891
20,1963,8 12 14 15,-335.4941280930956,0.19580211318776664,34.1095228226031,1.0339806818952288
20,1964,0 1 2 9,-335.494096404685,0.19581153998881404,34.111165009606275,0.8497039141451396
20,1965,5 6 7 17,-335.49401084121337,0.19583699376860358,34.11559916135529,0.8689119210785033
20,1966,4 6 11 17,-335.49384422804104,0.19588655855269035,34.124233547912624,0.7930036039672359
20,1967,3 7 14 16,-335.4934651553988,0.19599932666942824,34.143878211542194,0.6509067396739923
20,1968,7 8 16 18,-335.4932680961979,0.1960579486655682,34.15409040119985,0.4922009705992928
20,1969,1 2 9 10,-335.49323994320304,0.19606632373634653,34.15554937252148,0.8266388540045483
20,1970,4 6 11 15,-335.4931390068791,0.19609635069659023,34.16078019086685,1.09700946495966
20,1971,0 4 12 15,-335.49313552775016,0.19609738568244092,34.16096048960276,1.1167375489066793
20,1972,4 12 13 15,-335.4929625294835,0.19614884993111623,34.1699257706008,1.2991774146410806
20,1973,2 11 14 19,-335.4926579361673,0.19623946162611308,34.18571069563644,1.2447883621961722
20,1974,0 2 10 14,-335.4926398126177,0.19624485309552267,34.186649911490036,1.0213993582818712
20,1975,2 3 10 14,-335.49257911252005,0.19626291041471727,34.18979556978328,0.7900539652593899
20,1976,2 6 14 19,-335.49243563364956,0.19630559310983262,34.19723106850933,1.2694883985597045
20,1977,3 5 7 15,-335.4924296826765,0.1963073634302106,34.19753946550441,0.9546358039895494
20,1978,3 9 16 18,-335.4924135545384,0.1963121612962585,34.19837527324314,0.4255039728637498
20,1979,9 11 12 18,-335.4923929298077,0.1963182968275066,34.19944410768893,0.7559167819605995
20,1980,1 5 6 10,-335.49224790983914,0.19636143797492883,34.20695947066758,0.9232990054569551
20,1981,1 3 16 19,-335.49203440148824,0.1964249533330796,34.21802410384828,0.6927389474142107
20,1982,3 4 13 14,-335.4918375167134,0.19648352344021985,34.228227254231584,1.1310148577923698
20,1983,1 3 6 13,-335.4917079957078,0.19652205389124708,34.234939415184705,0.7199564646705361
20,1984,4 5 7 15,-335.4914311378642,0.19660441472173087,34.24928700613426,1.2954870218055716
20,1985,4 7 9 18,-335.49135030401476,0.19662846151370048,34.25347605489448,0.980859555337762
20,1986,11 15 16 19,-335.4913263221021,0.19663559575348344,34.25471886842053,1.1259324738419902
20,1987,0 10 12 18,-335.49096227145986,0.19674389506276246,34.27358504765314,0.7178680355434103
20,1988,4 7 11 15,-335.49066044421147,0.19683368389631803,34.289226626885956,1.0974888868717736
20,1989,0 4 11 17,-335.49061248563197,0.19684795081534298,34.29171198208548,0.7969831011052385
20,1990,4 11 12 14,-335.4905769820281,0.19685851257607825,34.29355188367276,1.0886668780370778
20,1991,4 6 7 17,-335.4901376303609,0.19698921274952877,34.31632038436281,0.8273997085631588
20,1992,0 14 17 19,-335.4900156243767,0.19702550760051885,34.3226430947158,1.1352937249244681
20,1993,10 11 17 18,-335.4899063179989,0.19705802451945084,34.328307673970706,0.5597737587079208
20,1994,0 2 17 19,-335.4898061311118,0.197087828534091,34.33349965428707,1.0024158749072312
20,1995,0 9 15 16,-335.489665066481,0.1971297930310716,34.3408100399831,0.9497339701288924
20,1996,7 8 15 16,-335.48939408128376,0.19721040684211721,34.354853293055854,0.7568404273000086
20,1997,5 8 12 18,-335.48914302413493,0.19728509237388836,34.367863815817806,0.8206278785487418
20,1998,5 7 9 18,-335.48902439546066,0.19732038252859066,34.37401150399968,1.0159445042623487
20,1999,7 10 14 15,-335.4889699750114,0.19733657175168645,34.376831732370434,1.144520019361954
20,2000,2 8 13 14,-335.4887239287258,0.19740976663088738,34.38958257740452,1.1196646024452965
24,1,2 8 18 22,-400.1523214418979,0.0,0.0,1.4732051545372367
24,2,2 17 18 22,-400.1428670907479,0.0023626880673665142,0.48995239294991677,1.4675160119077235
24,3,2 6 18 22,-400.1404648962797,0.0029630080803994896,0.6144412033789088,1.4360383792399114
24,4,2 8 17 22,-400.1358449770272,0.004117548240467449,0.8538590605201523,1.4638807071588888
24,5,2 6 17 22,-400.1320029696243,0.005077684467858282,1.0529632286350665,1.432938341920896
24,6,2 18 21 22,-400.1250631905506,0.006811968814557021,1.4126030716837241,1.2035613075431264
24,7,2 16 18 22,-400.12225939456437,0.00751265098881188,1.5579040586041717,1.4638129909258695
24,8,2 17 21 22,-400.1149802486197,0.009331744757513598,1.9351308949715773,1.1972622147545158
24,9,2 16 17 22,-400.11496767687447,0.009334886497435364,1.9357823999306771,1.4620239244949482
24,10,17 18 21 22,-400.096143192949,0.01403921605315033,2.911322740986633,1.3770110054553404
24,11,2 3 18 22,-400.0926602540492,0.014909619325402143,3.0918189190312226,1.3139748467270016
24,12,2 3 17 22,-400.09256932454355,0.014932343048534394,3.0965311545053646,1.31791972028434
24,13,3 17 18 22,-400.09115556808945,0.015285647622403793,3.1697961884293755,1.498506609477795
24,14,6 18 21 22,-400.08436674679166,0.016982206890965943,3.5216129537884564,1.3358285036798891
24,15,2 18 20 22,-400.07853556710177,0.018439446891193877,3.823801903347855,1.1836913736499022
24,16,8 18 21 22,-400.0777075417224,0.018646374437275577,3.866712623459541,1.3611358083987704
24,17,6 17 21 22,-400.0744074899004,0.01947107334446119,4.0377310531116395,1.3321363460628044
24,18,3 18 21 22,-400.0730960349787,0.019798812270730017,4.105694519557393,1.2368737986572809
24,19,2 10 18 22,-400.0728248776813,0.019866575790485123,4.119746691368516,1.2458423085081447
24,20,16 18 21 22,-400.07222201646255,0.02001723372408539,4.150988739823359,1.3720641006120384
24,21,3 17 21 22,-400.07150777523736,0.020195726059856107,4.188002829089724,1.239827756602683
24,22,16 17 21 22,-400.06343296853703,0.022213659298688515,4.606463155205106,1.369599205952877
24,23,2 18 19 22,-400.06261674408677,0.02241763773552983,4.64876231632627,1.3771861828307552
24,24,2 17 20 22,-400.06167908109643,0.022651964250732803,4.69735478117216,1.173115982837503
24,25,8 17 21 22,-400.0597337466161,0.023138112743722662,4.798167758034936,1.351865355287319
24,26,17 18 20 22,-400.0522336750047,0.02501241690478901,5.186843614790761,1.3679414394732625
24,27,2 8 21 22,-400.0521588693444,0.02503111120100617,5.190720264989582,1.134988635287753
24,28,2 16 21 22,-400.05199790029553,0.0250713381446569,5.199062156403419,1.15274580798761
24,29,2 10 17 22,-400.0507383285234,0.025386111220972868,5.2643368848397945,1.232185118277804
24,30,2 15 18 22,-400.0479917383602,0.02607249738343691,5.40667329709493,1.2124555832002073
24,31,3 8 18 22,-400.04316254688825,0.02727933568305452,5.656936258578593,1.4653236501242324
24,32,2 6 18 21,-400.042305575795,0.027493496903000472,5.7013470310537535,1.2813565349461458
24,33,2 17 19 22,-400.0412658718069,0.027753323956949894,5.755227561706088,1.3661878174243716
24,34,8 18 20 22,-400.03707040259985,0.02880179199830219,5.972649164196613,1.355500396197065
24,35,2 6 17 21,-400.03680910582074,0.028867091326861268,5.986190334835023,1.2814854607446697
24,36,6 18 20 22,-400.0354748053747,0.029200539460121792,6.055337723807861,1.323605340279845
24,37,3 8 17 22,-400.0351807642071,0.029274021769691478,6.070575805343223,1.4639452304109715
24,38,6 17 18 22,-400.034022453676,0.029563489172231623,6.1306028772679655,1.539044658265469
24,39,2 8 18 21,-400.03105818318863,0.030304274700277762,6.28422012668059,1.305111061959913
24,40,0 2 18 22,-400.03093399822035,0.03033530912432861,6.290655758424599,1.1554084268997162
24,41,18 20 21 22,-400.03044124347934,0.030458450916741014,6.316191764086086,1.0712328004555864
24,42,2 17 18 21,-400.0288829135318,0.030847885105687194,6.396949023330792,1.305603174831943
24,43,2 15 17 22,-400.0274921034274,0.03119545527581268,6.469024909658351,1.200771740466987
24,44,1 2 18 22,-400.02619255318734,0.031520219164565294,6.536371440347619,1.211497964078774
24,45,2 12 18 22,-400.0255018048058,0.031692840525114924,6.572168061088092,1.2524423788553842
24,46,3 6 17 22,-400.02421027556466,0.03201559992745692,6.639098919930076,1.4285156269736583
24,47,3 6 18 22,-400.02417752003066,0.03202378569378601,6.640796408420603,1.4247434936855883
24,48,2 9 18 22,-400.02387208928894,0.032100114313002345,6.656624731317791,1.2055912121341616
24,49,16 18 20 22,-400.0230943635868,0.032294471726539764,6.6969287736353,1.361227315531238
24,50,3 18 20 22,-400.02038017401327,0.03297276082498348,6.8375860916640665,1.2211530828482227
24,51,2 4 18 22,-400.01887109791926,0.03334988623776929,6.915790870783546,1.1395792155092999
24,52,6 17 20 22,-400.01874200440903,0.033382147330185186,6.922480877664549,1.3160909138630728
24,53,2 18 22 23,-400.01798878682223,0.03357038004718927,6.961514837077742,1.431158879403228
24,54,2 8 17 21,-400.0175471749991,0.03368074097713301,6.984400465722908,1.299799575462819
24,55,10 18 21 22,-400.01661501255927,0.033913692878165355,7.032707875799367,1.134335392148339
24,56,18 19 21 22,-400.0153151258521,0.034238540851675735,7.100071843207786,1.285091782091509
24,57,2 12 17 22,-400.0125491246228,0.03492977793342928,7.2434141942267924,1.2473943240141503
24,58,8 17 20 22,-400.0123230634191,0.034986271721317415,7.255129353305515,1.342846559798353
24,59,17 20 21 22,-400.0120874272384,0.03504515834225958,7.2673407159656325,1.0604108260134408
24,60,3 17 20 22,-400.01201837019744,0.035062416030706124,7.270919455735794,1.2194018624758514
24,61,0 2 17 22,-400.01151136562487,0.03518911892492947,7.297193929745223,1.1446565571526546
24,62,2 9 17 22,-400.01129445023236,0.03524332713037788,7.308435125882709,1.20063451422048
24,63,2 16 18 21,-400.00953383832086,0.03568331256021342,7.399675233787136,1.3060336108765715
24,64,16 17 20 22,-400.00753177158686,0.03618363871771103,7.503428243550553,1.3549836414837018
24,65,2 17 22 23,-400.0070148580411,0.03631281791224967,7.53021622980982,1.428129741077509
24,66,2 16 17 21,-400.00520757731215,0.0367644661052247,7.623874853635806,1.3072311241344534
24,67,1 2 17 22,-400.0050795737857,0.03679645480542983,7.630508374340184,1.2002624461531781
24,68,2 3 17 21,-400.0022180996194,0.03751155103577064,7.7787984148597795,1.1604726413950164
24,69,2 8 20 22,-400.0021300806428,0.03753354740362751,7.783359818126055,1.1219008235147996
24,70,2 3 8 22,-400.00019057529346,0.038018239168595064,7.883870712208518,1.2466463223696183
24,71,2 6 8 22,-399.9998686855548,0.03809868097072765,7.900551988925673,1.3367018398297514
24,72,2 3 18 21,-399.99934357244393,0.03822990927623639,7.927764900860526,1.1537023463428484
24,73,3 16 17 22,-399.9984286428497,0.03845855460582481,7.975179253993285,1.4556753101683104
24,74,3 16 18 22,-399.9972256783501,0.03875918125101762,8.037520426419356,1.451279520933199
24,75,2 4 17 22,-399.9964080247279,0.03896351684484212,8.07989365145145,1.126878998424318
24,76,2 6 21 22,-399.99568313727264,0.03914466972498455,8.117459459795535,1.0493862626862653
24,77,2 16 20 22,-399.99347859784075,0.03969559478870599,8.23170520261476,1.1335907116256405
24,78,10 17 21 22,-399.9930311331657,0.03980741837464694,8.254894143328832,1.1208380278945238
24,79,17 19 21 22,-399.99246692333656,0.03994841713908964,8.284133162645794,1.2737438552070408
24,80,15 18 21 22,-399.98920846775263,0.04076272094524793,8.452995952417352,1.0985652299529889
24,81,3 17 18 21,-399.9886857470267,0.04089335138219153,8.480084883900357,1.3563019577238251
24,82,0 17 18 22,-399.9854546061545,0.04170082910980558,8.647532144655026,1.3346788605115945
24,83,0 6 18 22,-399.9843119810711,0.041986376643137084,8.706746350368038,1.3006196742728695
24,84,3 10 18 22,-399.9838040436148,0.04211331266951344,8.73306916916653,1.2619941196821491
24,85,2 8 19 22,-399.98347905124604,0.04219452983391104,8.749911233336924,1.3262500099800816
24,86,12 18 21 22,-399.98268870857936,0.04239204028788713,8.790869124010182,1.156364750678565
24,87,2 7 18 22,-399.9805924185011,0.04291591331471774,8.8995050656915,1.067973671595629
24,88,15 17 18 22,-399.98013848791544,0.04302935276297934,8.923029088984444,1.3693622071547191
24,89,3 18 19 22,-399.97712518615094,0.04378239144425927,9.079187283954376,1.3958898580446186
24,90,1 18 21 22,-399.9763293974892,0.043981262878729936,9.120427402171456,1.1066464451996612
24,91,2 3 17 18,-399.9762361531016,0.04400456510206985,9.125259601666658,1.4055734804218698
24,92,2 18 20 21,-399.9754320959165,0.04420550288050556,9.166928219178383,0.9963951630234821
24,93,8 17 18 22,-399.97472952393804,0.044381079015100404,9.203337573624196,1.5323130382754206
24,94,0 8 18 22,-399.97388608507237,0.044591858465943816,9.247047066109385,1.3254689971970604
24,95,0 3 18 22,-399.9732647485603,0.04474713346467463,9.27924655881612,1.2001526809617877
24,96,0 18 21 22,-399.9723535111894,0.044974856089810236,9.326469570035874,1.0377028498861054
24,97,10 17 18 22,-399.9712177687216,0.04525868362421085,9.385327098283204,1.3757528806490484
24,98,9 18 21 22,-399.97028628561645,0.04549146575622295,9.433599303230865,1.097710822849333
24,99,3 10 17 22,-399.9702121766463,0.0455099859461991,9.437439848888177,1.257372769922641
24,100,2 21 22 23,-399.9694334197393,0.04570460106282085,9.477797331287167,1.1371014406682134
24,101,4 18 21 22,-399.96842315676713,0.045957070664526097,9.530152141560738,1.027900220519612
24,102,12 17 21 22,-399.9682386981608,0.046003167762166924,9.539711331201179,1.1508462313509225
24,103,2 6 16 22,-399.9681522656472,0.046024767665252535,9.544190519271096,1.3322164758490231
24,104,15 17 21 22,-399.9672115025842,0.04625986890360334,9.592943639036015,1.0871445462194254
24,105,2 16 19 22,-399.96596113195676,0.04657234256935938,9.657741536983522,1.3308835944200437
24,106,4 17 18 22,-399.9656484840614,0.04665047479017419,9.673943874094139,1.3170555934749864
24,107,0 6 17 22,-399.9650130335152,0.04680927695427663,9.706874797723993,1.2925293772306499
24,108,2 6 18 20,-399.9644978137792,0.046938032857572094,9.73357500576134,1.253060878983772
24,109,3 17 19 22,-399.9642689960606,0.04699521551186305,9.745433015581618,1.3921523191733862
24,110,10 18 20 22,-399.96363601897605,0.04715339954594653,9.778235757126783,1.1231617570338006
24,111,2 10 18 21,-399.963068239274,0.04729529043889968,9.807659777800696,1.0667124145813156
24,112,2 14 18 22,-399.96301979574804,0.047307396710273134,9.810170264356685,1.1324411165443184
24,113,0 3 17 22,-399.9623367981543,0.04747808111147341,9.845565216387113,1.1973084601883675
24,114,2 19 21 22,-399.96208376533,0.04754131523775908,9.858678124484326,1.0232459483797658
24,115,2 17 20 21,-399.9615410665923,0.047676938276446486,9.886802375527799,0.9909181364722017
24,116,2 8 18 20,-399.9615052234672,0.04768589564672015,9.888659872105842,1.283674162083635
24,117,0 16 18 22,-399.96074536004414,0.0478757891903418,9.928038238377813,1.3329121842341558
24,118,2 18 19 21,-399.95972449857834,0.04813090740685633,9.98094229388681,1.224281747190887
24,119,2 3 16 22,-399.95957826296626,0.04816745239341328,9.988520655102246,1.2361958895550276
24,120,3 15 18 22,-399.95926240064193,0.048246387915563904,10.004889573412125,1.2330841880314398
24,121,2 7 17 22,-399.9579244959683,0.048580736762722426,10.074223744100157,1.0561846321488533
24,122,18 21 22 23,-399.95716041697807,0.04877168379696444,10.113820573510585,1.3373650007539015
24,123,9 17 21 22,-399.95621131632413,0.049008868639606525,10.163005771856918,1.0925568506055165
24,124,2 17 18 20,-399.95605757498856,0.04904728934275585,10.170973101826046,1.2823538871813907
24,125,0 2 8 22,-399.9555571164939,0.04917235634046345,10.19690833875057,1.1011875501254527
24,126,2 6 19 22,-399.95372436438265,0.049630369955034725,10.291886964817348,1.2759909127026228
24,127,1 17 21 22,-399.95371908785177,0.049631688585616715,10.292160410228101,1.0953824076288716
24,128,18 19 20 22,-399.9531652729049,0.04977008961871459,10.32086073605174,1.2693761449314602
24,129,2 6 17 20,-399.95222779973045,0.050004368698015236,10.36944336407906,1.2495698803549091
24,130,2 13 18 22,-399.9517289315504,0.05012903826840481,10.395296186203181,1.1385458037418896
24,131,0 17 21 22,-399.9514335483582,0.05020285595641915,10.410603815417632,1.0273073327065196
24,132,3 8 21 22,-399.9512390236109,0.05025146863135171,10.42068466220392,1.1478586707267324
24,133,2 6 17 18,-399.9507943302263,0.05036259965841164,10.443729986464467,1.472113868716239
24,134,2 3 8 18,-399.94885405278364,0.050847484373228516,10.544280892701602,1.3877866137393189
24,135,16 17 18 22,-399.94852766757435,0.0509290496152132,10.561195137981757,1.531733563690419
24,136,0 2 16 22,-399.9477409476765,0.05112565472174496,10.601965286077855,1.1143277674673544
24,137,3 15 17 22,-399.94725744789866,0.051246483654109186,10.627021672220025,1.2298035306450286
24,138,0 8 17 22,-399.94657259930136,0.051417630630049393,10.662512548720498,1.312932958461761
24,139,6 8 18 22,-399.9462738976554,0.05149227761570525,10.677992150007583,1.4878676390789802
24,140,2 3 8 17,-399.9453350570193,0.05172689843027364,10.726645643933155,1.3896307345297338
24,141,17 21 22 23,-399.9446891579614,0.05188831172797606,10.760118040292015,1.3339893937447493
24,142,4 17 21 22,-399.94446275334,0.051944891337606984,10.771850996289773,1.0154112987485908
24,143,2 10 17 21,-399.9439471467972,0.05207374390578943,10.798571249797085,1.0581135427069166
24,144,0 16 17 22,-399.9426166214539,0.05240624862261763,10.867523001798224,1.326154449098673
24,145,0 18 20 22,-399.9419433420829,0.05257450439297086,10.902414326832124,1.046009009901086
24,146,2 17 19 21,-399.94133908297965,0.05272551166466419,10.933728817788795,1.2169696822301574
24,147,2 8 17 20,-399.9412206712032,0.05275510334015774,10.939865265684613,1.2754138651086462
24,148,16 20 21 22,-399.94057346368,0.05291684362967985,10.973405470581866,1.0224525500612371
24,149,3 6 17 21,-399.94053076791454,0.05292751350791276,10.975618091217195,1.2979493903915946
24,150,15 18 20 22,-399.94032917654295,0.05297789216643606,10.98606515134249,1.0926186197727126
24,151,17 18 20 21,-399.939977064362,0.05306588670303999,11.004312644260024,1.2095492121789198
24,152,2 15 18 21,-399.93948926261487,0.05318779071832974,11.029591971153136,1.0345784085328038
24,153,6 18 20 21,-399.9390430514634,0.05329930104266727,11.05271595057404,1.1722360502836238
24,154,2 3 6 17,-399.9389527559142,0.053321866337014606,11.057395332552474,1.3559932917684046
24,155,2 14 17 22,-399.9377271209661,0.05362815843691078,11.120911354560851,1.12006826519204
24,156,3 6 18 21,-399.93753255569936,0.05367678123785405,11.130994301185556,1.292048933741812
24,157,3 9 18 22,-399.9374335143131,0.053701532159176384,11.136126918265692,1.2310894613900065
24,158,2 6 20 22,-399.93739954627677,0.05371002093570672,11.13788724220845,1.0362379797896242
24,159,3 12 18 22,-399.93587488803934,0.05409104040147789,11.21689953401012,1.274754408537104
24,160,3 16 21 22,-399.93520323335736,0.05425889015418208,11.251706662860238,1.1551539254453478
24,161,2 3 6 18,-399.9344572134633,0.05444532413296393,11.29036761658197,1.3494776016058059
24,162,3 8 18 21,-399.9334136443324,0.05470611710478514,11.344448450346345,1.3211184693640832
24,163,3 9 17 22,-399.93335055744603,0.05472188282273564,11.347717799078033,1.232912577201564
24,164,10 17 20 22,-399.933278595508,0.05473986645901047,11.3514470791927,1.1073428031462618
24,165,3 4 18 22,-399.9332493594875,0.05474717268190181,11.352962176102226,1.1680147102236256
24,166,2 8 16 22,-399.9315541354547,0.055170817364679714,11.44081369105862,1.3414355710704846
24,167,2 16 18 20,-399.93149036484624,0.05518675394808355,11.444118472287258,1.2814733000948404
24,168,3 12 17 22,-399.93141689004597,0.05520511565594756,11.44792615339035,1.2762801891370796
24,169,7 18 21 22,-399.92993968126865,0.05557427727220254,11.524479474062506,0.9531374121146802
24,170,6 8 17 22,-399.9299211178244,0.05557891636668297,11.525441486557174,1.4827725409224743
24,171,2 13 17 22,-399.92916688568647,0.05576740262491686,11.564528023004963,1.1283864424807812
24,172,9 17 18 22,-399.92881623933295,0.05585503084415623,11.582699552416429,1.3498954038162636
24,173,3 18 20 21,-399.92879105898146,0.05586132353574801,11.584004472581757,1.0618318136502876
24,174,3 8 17 21,-399.9283973183324,0.0559597212278241,11.604409275636087,1.3222597923664825
24,175,6 18 19 22,-399.9278122646274,0.05610592897763117,11.634728486146868,1.4499399177359433
24,176,9 18 20 22,-399.9267673015141,0.056367070312398446,11.68888156019611,1.0967405929447716
24,177,6 17 18 21,-399.9267099937338,0.0563813918037861,11.69185141858449,1.4045248877870338
24,178,2 8 10 22,-399.92648228447655,0.05643829744823007,11.70365198466546,1.141732535532053
24,179,1 3 18 22,-399.92633138894485,0.05647600697123367,11.711471836675466,1.2283776459583788
24,180,0 2 18 21,-399.92547289366695,0.05669054909229461,11.755961596899938,0.9741136326207764
24,181,6 17 20 21,-399.9252757071789,0.05673982694911846,11.766180382952895,1.1680766185163107
24,182,2 12 21 22,-399.92521668789243,0.0567545761541885,11.769238936647724,0.8596469317048949
24,183,8 20 21 22,-399.9246484244084,0.05689658794658922,11.79868802833057,0.9910380313332625
24,184,17 19 20 22,-399.9235435263149,0.05717270732271085,11.8559471100262,1.2556764112496173
24,185,3 17 20 21,-399.9233947118468,0.05720989677785846,11.863659115175649,1.0632256118777172
24,186,12 18 20 22,-399.92277395168986,0.057365027742665,11.8958287394597,1.1438705335125232
24,187,1 18 20 22,-399.9223456216733,0.0574720694849275,11.91802606567107,1.0983943050421798
24,188,2 15 17 21,-399.9219550843633,0.0575696666470791,11.93826486223578,1.0276716799551178
24,189,0 2 6 18,-399.92146351951607,0.05769251107927881,11.963739204087393,1.238452277026839
24,190,2 9 18 21,-399.9209258380654,0.0578268802736753,11.991603444501783,1.0357296418165725
24,191,2 16 17 20,-399.92039055976306,0.057960648909677184,12.019343146672378,1.2791320510002948
24,192,3 4 17 22,-399.9192809684856,0.05823794113515836,12.07684544301755,1.1638213266088853
24,193,2 12 18 21,-399.9187870637719,0.058361370311313485,12.102441043660866,1.0866463738901877
24,194,2 4 18 21,-399.9183988386601,0.058458389643953314,12.122560015287226,0.9619882737233634
24,195,2 3 6 22,-399.918070611295,0.05854041524958615,12.139569726521673,1.1586094294528833
24,196,3 18 22 23,-399.9180030978247,0.05855728719226425,12.14306847390311,1.4453717225227543
24,197,2 3 18 20,-399.9177118908796,0.058630061215919835,12.158159677658324,1.1257377089155358
24,198,8 18 20 21,-399.91753471046405,0.05867433945849603,12.167341689962646,1.1935251377821758
24,199,14 18 21 22,-399.91704776245626,0.05879603012020091,12.19257677356317,1.0290174343239433
24,200,4 18 20 22,-399.9160077761418,0.05905592772887496,12.24647193520156,1.0215344428743078
24,201,0 10 18 22,-399.91589061216337,0.05908520757360856,12.25254371851929,1.1046633627999363
24,202,3 17 22 23,-399.91552385123316,0.059176862903479954,12.27155035287672,1.447751126671596
24,203,1 2 18 21,-399.91536896324465,0.059215570160745586,12.279577105787427,1.0368169832547884
24,204,6 8 21 22,-399.9143832034546,0.059461916298765495,12.330662088813288,1.2225410653337963
24,205,7 17 18 22,-399.9142554185707,0.05949385035913188,12.337284278813408,1.2504603056391579
24,206,0 17 20 22,-399.9142498351771,0.059495245676190536,12.337573626756226,1.032289635867284
24,207,16 19 21 22,-399.9138487031837,0.05959549050094621,12.35836147109686,1.2388347179354138
24,208,2 3 17 20,-399.91381287398065,0.05960444439203643,12.36021824619403,1.1279959226434138
24,209,1 3 17 22,-399.9137130917327,0.05962938045828191,12.365389256915453,1.22517030768841
24,210,2 3 22 23,-399.9128528013691,0.059844371179930606,12.409972043779577,1.2522395138773195
24,211,16 18 20 21,-399.9120963739167,0.06003340605787159,12.44917234790665,1.2072723742141611
24,212,2 8 12 22,-399.9117433572502,0.06012162662978695,12.4674667139359,1.1791404815040458
24,213,15 17 20 22,-399.9115586673,0.06016778154137382,12.477037892497606,1.078594799710009
24,214,2 9 17 21,-399.9113136556899,0.060229011127452846,12.489735117591813,1.0344715396455035
24,215,2 15 16 22,-399.9111214598265,0.06027704180304985,12.499695274740272,1.1359524888618273
24,216,2 20 22 23,-399.9107857125809,0.06036094666318384,12.517094688387202,1.126456973869063
24,217,3 17 18 20,-399.9096721709669,0.06063922609686259,12.57480170283521,1.3335789932026547
24,218,2 10 21 22,-399.90947144689375,0.060689388013319336,12.585203816995936,0.7831880021987703
24,219,6 16 18 22,-399.9092329215367,0.06074899665338923,12.597564905302988,1.4822707826404544
24,220,0 2 17 21,-399.9090157177526,0.06080327692929748,12.608821046745675,0.9682018014322946
24,221,2 12 17 21,-399.90879984027015,0.060857225756001436,12.620008455318787,1.0851303681545383
24,222,18 20 22 23,-399.9079043593987,0.061081010755732704,12.666414918211217,1.3328959647886638
24,223,3 7 18 22,-399.90785074251824,0.06109440987341293,12.66919350327351,1.1119060082864973
24,224,17 18 19 22,-399.90783310686186,0.0610988171092159,12.67010743506069,1.4694497041591266
24,225,13 18 21 22,-399.9073310783217,0.061224276468878056,12.696124036377407,1.0376544552559976
24,226,0 18 19 22,-399.9073113839702,0.06122919818255225,12.69714465582582,1.2537746900075675
24,227,6 16 21 22,-399.9072433056205,0.061246211291316736,12.700672676924249,1.2349708081094244
24,228,8 19 21 22,-399.9067901003993,0.061359469467499934,12.724159109690616,1.218065513101139
24,229,0 2 6 17,-399.90662735887713,0.06140013936079809,12.732592855904379,1.2340235227696459
24,230,6 17 19 22,-399.90658507738715,0.06141070570958991,12.734784007562016,1.4424286202861063
24,231,2 3 19 22,-399.906470526412,0.06143933255216676,12.740720377333743,1.151495962245647
24,232,0 2 8 18,-399.9064494359802,0.061444603153053196,12.74181334578449,1.262479612937076
24,233,9 17 20 22,-399.90591878814735,0.061577214612350176,12.769313083355668,1.0882244327910775
24,234,7 17 21 22,-399.9057744285002,0.061613290786201064,12.77679422652935,0.9417828703981769
24,235,6 10 18 22,-399.9056907507756,0.06163420225418957,12.781130653297904,1.3052288486065942
24,236,1 17 18 22,-399.9032531578474,0.06224336851352577,12.907453916444018,1.3393896110395758
24,237,0 2 6 22,-399.9028480753516,0.062344600587944735,12.928446487486262,1.0273761497353568
24,238,15 16 18 22,-399.9028290161524,0.062349363573979875,12.929434191465358,1.3380026844349933
24,239,2 3 8 21,-399.90256026887624,0.06241652481777419,12.9433614688597,1.0901729835885239
24,240,6 16 17 22,-399.90206488888657,0.06254032267252296,12.969033522658933,1.4822112735196842
24,241,3 14 18 22,-399.90192308932967,0.06257575906744105,12.976381994396455,1.1817037011920455
24,242,4 8 18 22,-399.90155301192146,0.0626682432012011,12.995560498436618,1.2773317478889568
24,243,12 17 20 22,-399.9015503971968,0.06266889663354135,12.995696001190096,1.1353892738153082
24,244,3 16 17 21,-399.9001828994408,0.06301064093508121,13.066563772788523,1.321900098143435
24,245,2 8 15 22,-399.9000191784508,0.06305155560212204,13.075048277916506,1.1109982601820383
24,246,16 17 20 21,-399.89949923859797,0.06318149108543064,13.101993096344069,1.2042456836480313
24,247,2 8 9 22,-399.8993906317245,0.06320863246826475,13.107621425217108,1.1234121892725075
24,248,2 4 17 21,-399.8989012221499,0.06333093828741394,13.132984074477294,0.9542269638549514
24,249,2 9 16 22,-399.89801995046764,0.06355117234205715,13.178654175229006,1.140541871255693
24,250,0 2 17 18,-399.897407036179,0.06370434258643543,13.210417203450298,1.2594173087286333
24,251,2 6 8 21,-399.89739574025816,0.06370716549167352,13.2110025914224,1.1881731897237962
24,252,1 2 17 21,-399.8972214405241,0.06375072383801213,13.220035318305104,1.030155248403249
24,253,8 15 18 22,-399.8970512909877,0.06379324502989296,13.22885296969161,1.3194599503977307
24,254,3 16 18 21,-399.89601447826,0.06405234954388621,13.282583666692426,1.3155855674402555
24,255,8 17 20 21,-399.89575282796443,0.06411773721791328,13.296143157596656,1.1850074070272845
24,256,6 19 21 22,-399.89555116422315,0.06416813396197131,13.30659396813283,1.1773391394120964
24,257,2 5 18 22,-399.89520793497405,0.06425390861095004,13.324381121291989,0.8795941610543996
24,258,3 8 20 22,-399.89502199739275,0.06430037531158966,13.334016955782932,1.1400259259401273
24,259,2 8 20 21,-399.89471298464565,0.06437759909126986,13.350030908775517,0.9405994096781207
24,260,1 2 8 22,-399.8946778965114,0.06438636778568652,13.351849279499872,1.1249603903230403
24,261,2 16 20 21,-399.8945992043093,0.06440603334748633,13.355927341769542,0.9616779603551397
24,262,8 18 19 22,-399.89443201434983,0.06444781492678131,13.364591619140537,1.4608020103413186
24,263,3 7 17 22,-399.893677502175,0.06463637116758712,13.403692667926641,1.1079529882873485
24,264,1 17 20 22,-399.89296176796137,0.06481523660839664,13.440784128264166,1.0847309895502255
24,265,2 3 16 17,-399.89254411605407,0.06491960983951861,13.462428083323,1.3755555535306496
24,266,2 18 21 23,-399.8916083604704,0.06515345968457181,13.510921700723156,1.277087442963563
24,267,1 2 21 22,-399.89149168796024,0.06518261670901175,13.516968014704656,0.7742354929481962
24,268,0 2 22 23,-399.89136576980786,0.06521408426414776,13.52349346516599,1.1276928147895016
24,269,8 10 18 22,-399.89134745272355,0.06521866179208652,13.524442710560825,1.3284648979762055
24,270,2 19 20 22,-399.8905422628038,0.06541988264639265,13.566170029727678,1.0050846110474645
24,271,14 17 21 22,-399.89025775743863,0.06549098191283238,13.580913937825526,1.016800286808896
24,272,6 15 18 22,-399.8900976198906,0.06553100106040935,13.589212738412012,1.2841957751614883
24,273,2 19 22 23,-399.8900469128108,0.06554367300482855,13.591840529010895,1.3291183918809333
24,274,2 15 17 18,-399.8892523303245,0.06574224301023504,13.633018139657327,1.294727220528727
24,275,17 20 22 23,-399.8886595563075,0.06589038010334088,13.663737439532042,1.3263936874014763
24,276,2 4 8 22,-399.88792682453925,0.06607349331523636,13.701709763339027,1.0503487269859126
24,277,2 6 12 22,-399.88786942213414,0.06608783845383207,13.70468452546664,1.1294778314309637
24,278,2 3 21 22,-399.88784566596553,0.06609377523523838,13.705915640270415,0.8472068560633778
24,279,3 6 21 22,-399.88763481029963,0.0661464690857047,13.71684280348181,1.0703217526522109
24,280,2 8 17 18,-399.8869132129511,0.06632679975227648,13.75423810878234,1.466723080328941
24,281,2 3 16 18,-399.8868783646376,0.06633550851431744,13.756044051285093,1.3686960179713628
24,282,3 18 19 21,-399.885747296796,0.06661816783702441,13.814659326599132,1.2623752289442658
24,283,3 10 18 21,-399.8855617613609,0.06666453403938086,13.82427432068587,1.1094986022200146
24,284,0 6 18 21,-399.8855225937917,0.06667432220432268,13.826304099776083,1.152222715618731
24,285,4 17 20 22,-399.88527382864015,0.06673648981855239,13.839195844469993,1.0068392110487399
24,286,3 14 17 22,-399.8851250967372,0.0667736586402624,13.846903570848045,1.1763646521748032
24,287,3 19 21 22,-399.8848312566703,0.06684709069380795,13.862131230754066,1.0686161206663307
24,288,0 16 21 22,-399.88434965010714,0.06696744650266752,13.887089504920949,0.9995157177055696
24,289,6 10 17 22,-399.8837278866574,0.06712282819518757,13.91931112279862,1.2972174633844573
24,290,2 6 8 18,-399.883656695089,0.067140619312379,13.923000480086866,1.435003126745108
24,291,15 16 17 22,-399.8836232752249,0.06714897109800219,13.924732396122675,1.3316105661586695
24,292,2 17 21 23,-399.8835998883705,0.06715481558600579,13.925944371974452,1.2768245490517909
24,293,0 2 8 17,-399.883598737126,0.06715510328756694,13.926004032862526,1.2538281477239006
24,294,12 17 18 22,-399.8833570198425,0.06721550960550567,13.938530536226281,1.366236174072726
24,295,2 10 19 22,-399.8833412150042,0.06721945931102176,13.939349589615421,1.0782467872314467
24,296,13 17 21 22,-399.88327170222215,0.06723683089136974,13.94295194723443,1.0275146708660219
24,297,0 10 17 22,-399.88296704210507,0.06731296692776285,13.95874033408742,1.0891434912696172
24,298,2 3 10 18,-399.8825981347587,0.06740515865740537,13.977858202066873,1.175435922965268
24,299,3 13 18 22,-399.8820220645809,0.06754912138033867,14.007711859674487,1.1832598467095294
24,300,4 16 18 22,-399.8817930520496,0.06760635271926163,14.01957996526334,1.2823223838563653
24,301,2 11 18 22,-399.88177448231954,0.06761099338459439,14.020542303506833,0.9794372855341287
24,302,0 12 18 22,-399.8816548774728,0.06764088321412934,14.026740579829374,1.1318403964335833
24,303,2 10 18 20,-399.8811734250919,0.06776120049209662,14.051690863816294,1.0421276446105225
24,304,6 14 18 22,-399.88045825385984,0.06793992524108276,14.088753148785097,1.263791488072835
24,305,6 7 18 22,-399.8803342515976,0.06797091400600576,14.095179312161587,1.1953724328667363
24,306,0 3 18 21,-399.8793180001604,0.06822488015407926,14.147844462375675,1.044190734605831
24,307,2 12 19 22,-399.8789819502575,0.06830886064972845,14.165259560616002,1.1242421371098035
24,308,0 2 3 18,-399.8787249954671,0.0683730748943166,14.1785757165792,1.1151516719375711
24,309,6 20 21 22,-399.87843364072955,0.06844588585203033,14.1936745793777,0.9177487001451152
24,310,2 7 18 21,-399.87820246295865,0.06850365829480079,14.20565489407641,0.8861522272115174
24,311,0 15 18 22,-399.877811281855,0.06860141634410324,14.225927053930015,1.0664648627229434
24,312,2 6 10 22,-399.87769064538764,0.06863156398060694,14.23217879187663,1.0748484849013902
24,313,3 21 22 23,-399.87768678001794,0.06863252995518686,14.232379106748278,1.1677697175654604
24,314,0 2 16 18,-399.877269891344,0.06873671245060542,14.253983508801538,1.2623161109870662
24,315,1 6 18 22,-399.87700744847075,0.06880229819362708,14.267584073421425,1.2920490048598654
24,316,5 17 18 22,-399.87695814029007,0.06881462054640024,14.270139368939006,1.1251155692084063
24,317,2 10 17 18,-399.8765040429832,0.06892810165910486,14.293672032218682,1.3001503646617711
24,318,2 8 19 21,-399.8762731809257,0.06898579520356822,14.3056359857164,1.1759853668349245
24,319,7 18 20 22,-399.876075089161,0.06903529929340069,14.315901685877682,0.9497292594639806
24,320,10 18 19 22,-399.8758890713955,0.06908178603246865,14.32554167575251,1.2888896312576101
24,321,3 17 19 21,-399.8758565633868,0.0690899099410302,14.327226336751487,1.2611364297482601
24,322,0 17 19 22,-399.8751234907899,0.06927310832763885,14.36521632330249,1.2399067170095541
24,323,3 10 17 21,-399.87493535107365,0.06932012535245431,14.374966278929682,1.1079613513713473
24,324,2 4 17 18,-399.8744572135012,0.06943961424376108,14.399744779754778,1.241055748351707
24,325,0 1 18 22,-399.8743051513567,0.0694776153089526,14.407625089086507,1.0821630678668268
24,326,2 6 16 21,-399.8742170228162,0.06949963905735058,14.412192170276086,1.1919481706274757
24,327,2 3 18 19,-399.8738754233065,0.06958500642656906,14.429894865526524,1.3161734722853982
24,328,14 17 18 22,-399.8735692778872,0.06966151364716906,14.445760225126323,1.2940196658549197
24,329,2 4 16 22,-399.87349142087817,0.06968097049019462,14.44979500522755,1.0607004697071556
24,330,2 3 10 17,-399.87346905470713,0.069686559904485,14.450954086252498,1.1747181023960873
24,331,7 8 18 22,-399.87306660795514,0.0697871332937736,14.471810065266249,1.2249573597726715
24,332,2 7 8 22,-399.872349957304,0.06996622775674569,14.508949018101042,0.9966745552920117
24,333,15 18 19 22,-399.8723003854831,0.06997861599448746,14.511517976233879,1.2744991012823605
24,334,0 2 3 17,-399.872259831978,0.06998875051149514,14.513619578611225,1.116088343944069
24,335,0 18 22 23,-399.87187306324716,0.07008540588748811,14.533663076275316,1.3246059595197226
24,336,4 6 18 22,-399.8718104278698,0.07010105877116099,14.536909026478398,1.2281633132608687
24,337,2 6 8 17,-399.87176670217485,0.07011198603375067,14.539175021100434,1.432719798432048
24,338,16 18 19 22,-399.87158953884966,0.07015626000536032,14.548356147731226,1.463358332712854
24,339,0 3 17 21,-399.8713555064355,0.07021474583728006,14.560484398471782,1.0443976490199203
24,340,1 2 6 22,-399.87131319921934,0.07022531861517227,14.562676883336781,1.0741050907509302
24,341,6 9 18 22,-399.8712560932677,0.07023958966862087,14.565636282371985,1.2851147078634204
24,342,4 8 17 22,-399.8711990855545,0.07025383617179284,14.568590590397953,1.2647524679150313
24,343,0 17 18 21,-399.8708403621437,0.07034348288669667,14.587180696766156,1.1809040460552025
24,344,2 5 17 22,-399.87080700713227,0.0703518184653416,14.588909251948753,0.8693168234578894
24,345,3 16 20 22,-399.87049569338603,0.07042961727583358,14.605042449511174,1.1434440901961176
24,346,2 3 16 21,-399.87048565901483,0.07043212491371618,14.605562460255802,1.089368187991922
24,347,2 6 22 23,-399.87019162161187,0.07050560628248764,14.620800346697132,1.3185417945926037
24,348,6 15 17 22,-399.8697216699975,0.07062304946329538,14.645154627004873,1.2772538738827433
24,349,2 6 19 21,-399.86962243228686,0.07064784944702933,14.650297418194025,1.1370826018953917
24,350,0 6 17 21,-399.86918910291706,0.07075614055183581,14.672753825651258,1.1473863753002864
24,351,8 15 17 22,-399.8686608028793,0.07088816528578766,14.700131893548466,1.3082401900783636
24,352,2 18 19 20,-399.8686588250323,0.07088865955931095,14.700234391418945,1.195949971920169
24,353,3 13 17 22,-399.86795470090647,0.07106462358303443,14.73672418272369,1.1797660596360997
24,354,0 8 21 22,-399.86758929685084,0.07115593982338805,14.75566049983402,0.968723406561783
24,355,2 16 19 21,-399.86729296410215,0.07122999481015453,14.771017337868317,1.1880788926414758
24,356,6 12 18 22,-399.86619798254367,0.0715036359962247,14.827762515438103,1.3249393640446254
24,357,0 2 18 20,-399.8661469039615,0.07151640078088521,14.830409558387316,0.9674184752334648
24,358,2 9 21 22,-399.8661003710487,0.07152802958080813,14.832821031331234,0.7505701146449828
24,359,2 3 17 19,-399.86548202013296,0.07168255846458099,14.864865801620688,1.3157764849065239
24,360,8 17 19 22,-399.86519028889444,0.07175546351170609,14.879984175810842,1.44983546629823
24,361,5 8 18 22,-399.8642739782381,0.0719844539753997,14.927470099661319,1.1154731167819236
24,362,0 2 16 17,-399.8636039396706,0.0721518998532752,14.962193476685925,1.2591163609189628
24,363,14 18 20 22,-399.8630986890096,0.07227816443652561,14.98837705782083,1.0255832694764193
24,364,15 17 18 21,-399.8624828727127,0.07243205990679726,15.020290476678442,1.2184105148539093
24,365,3 15 18 21,-399.86227428105,0.07248418797190959,15.031100312557497,1.0813419639181558
24,366,2 14 18 21,-399.86201573801816,0.07254879912571476,15.044498775882104,0.9648972055227036
24,367,6 8 20 22,-399.86199009678495,0.07255520699387741,15.045827580299143,1.218635151099569
24,368,2 11 17 22,-399.8618979928789,0.07257822420535781,15.050600676671708,0.9724827387289334
24,369,2 3 15 18,-399.86188405993335,0.07258170611581752,15.051322723049873,1.150003025887584
24,370,2 15 18 20,-399.86169415080633,0.07262916532493363,15.06116437476646,1.0150434803748207
24,371,8 10 17 22,-399.8613700503902,0.07271015958606476,15.077960215319647,1.316583097467716
24,372,0 2 19 22,-399.86129972724746,0.07272773367946725,15.081604568222339,1.0015720005754554
24,373,8 9 18 22,-399.86129814887386,0.07272812812266159,15.081686364202781,1.3112651026696718
24,374,2 3 12 22,-399.8609795681356,0.07280774298960342,15.09819615875049,1.006570252365985
24,375,4 16 17 22,-399.86062387286347,0.07289663295800941,15.116629338031029,1.2750908406670325
24,376,2 3 10 22,-399.85923717873254,0.07324317452646316,15.188491922460035,0.9516343212390985
24,377,4 18 19 22,-399.85921932882763,0.07324763530400975,15.189416957238667,1.2212954668864489
24,378,6 9 17 22,-399.8588021392507,0.07335189299653508,15.211036952972234,1.2826207649819803
24,379,2 7 17 21,-399.858499997107,0.07342739977920748,15.22669485101018,0.8794227584208135
24,380,0 12 17 22,-399.8578651763895,0.07358604454608182,15.259593135059035,1.1228239818036934
24,381,6 7 17 22,-399.85779001410447,0.0736048279645491,15.263488266605574,1.187228115456232
24,382,3 8 18 20,-399.8576724470944,0.07363420852884413,15.269580936214139,1.3036768635246667
24,383,2 6 18 19,-399.856253793321,0.07398873696648332,15.343099763684126,1.3922704829605395
24,384,4 17 18 21,-399.85602308534476,0.07404639200529749,15.355055732236552,1.166755393556537
24,385,1 6 17 22,-399.8560181541088,0.07404762434500188,15.355311283443429,1.285010876835114
24,386,2 12 20 22,-399.8559102814239,0.0740745822505611,15.360901564496643,0.8483112400396361
24,387,10 18 20 21,-399.8556069471422,0.07415038695429138,15.376621242647348,0.9499355688291959
24,388,6 14 17 22,-399.8552892641177,0.07422977747821646,15.393084515015756,1.2544162228183817
24,389,2 10 17 20,-399.85527878854066,0.07423239537556872,15.393627390349133,1.0316986819894607
24,390,0 4 18 22,-399.85466746095005,0.07438516909643625,15.425308191193206,0.9975004791295294
24,391,9 16 18 22,-399.8546029114061,0.07440130033958464,15.428653339158771,1.323226156061456
24,392,2 3 15 17,-399.8543418941068,0.07446652982478517,15.44218002632764,1.1503604990782748
24,393,0 9 18 22,-399.8536239101201,0.07464595749475753,15.479388076547481,1.0655486188230776
24,394,3 6 18 20,-399.85353655616694,0.07466778767004227,15.483915016335684,1.2698899684830918
24,395,1 2 19 22,-399.8535276330101,0.07467001761007976,15.484377440670318,1.0637530493312988
24,396,6 12 17 22,-399.8533689874005,0.07470966391503511,15.492598924603296,1.322297166884392
24,397,3 15 17 21,-399.8532347849879,0.07474320174685688,15.499553689890508,1.0809853010393815
24,398,2 20 21 22,-399.85322252410396,0.07474626580103415,15.500189085098626,0.6342504955361136
24,399,2 6 20 21,-399.8530863885041,0.07478028674570071,15.507244033858058,0.8698718125733442
24,400,10 15 18 22,-399.85248890539737,0.07492960066310536,15.53820737266845,1.112405814958074
24,401,10 17 18 21,-399.85230799085684,0.07497481208156469,15.547582898354115,1.225923487952237
24,402,8 16 21 22,-399.85212942474084,0.075019436617382,15.556836721747036,1.2373345932754398
24,403,18 19 20 21,-399.85200059397005,0.07505163204994297,15.563513112694777,1.1201765675581736
24,404,0 8 18 21,-399.8519927595685,0.07505358990477777,15.563919114517283,1.1682407314280334
24,405,16 17 19 22,-399.85153256057504,0.07516859585845534,15.58776798521083,1.4572123786014726
24,406,6 17 18 20,-399.8515203372225,0.07517165053335956,15.588401435432072,1.3880295111781553
24,407,0 3 17 18,-399.8515077755858,0.0751747897471128,15.589052416537713,1.313725534100047
24,408,6 13 18 22,-399.85131735421805,0.07522237696766104,15.598920614080795,1.2604436299229915
24,409,2 8 14 22,-399.8509182884992,0.07532210542041982,15.619601377973941,1.0644020223640105
24,410,0 17 22 23,-399.85006211356574,0.07553606767618665,15.663970891098355,1.3172931588424224
24,411,2 15 21 22,-399.84989795779745,0.0755770909964306,15.672477927722401,0.7216472887283824
24,412,3 6 17 20,-399.84976122430766,0.07561126135668333,15.679563860903773,1.2720606486417778
24,413,13 17 18 22,-399.8496406741742,0.07564138741792842,15.685811124772858,1.2934397709351215
24,414,4 6 17 22,-399.8494710397181,0.0756837798887583,15.694602083178685,1.2203656683906456
24,415,3 8 19 22,-399.8490348031486,0.07579279751682724,15.717209150308642,1.3274376571224187
24,416,0 3 8 22,-399.84893517667206,0.07581769465503883,15.722372088494541,1.126416394182979
24,417,2 9 18 20,-399.84849103336416,0.07592868821526658,15.745388906155208,1.0211105386171984
24,418,2 13 18 21,-399.8476747302028,0.0761326863223879,15.787692146317061,0.9720189166998571
24,419,2 15 19 22,-399.8475855848021,0.07615496418906928,15.792311924205272,1.0423423409614045
24,420,15 16 21 22,-399.8475273786806,0.0761695101802876,15.79532833729157,1.026728465488426
24,421,0 16 18 21,-399.847389737006,0.07620390750031374,15.80246133529103,1.1828964748534962
24,422,2 10 20 22,-399.84710080373156,0.07627611332268103,15.817434710719807,0.779557064589073
24,423,20 21 22 23,-399.84708958667784,0.07627891651864514,15.818016011565017,1.0164082056936488
24,424,0 2 16 21,-399.84650392077697,0.07642527725916541,15.848366947874503,0.9468905741851275
24,425,0 15 17 22,-399.84647462602186,0.07643259816011713,15.849885088584397,1.0530811213336015
24,426,6 16 20 22,-399.84635968519774,0.0764613224278422,15.855841661482026,1.2267966519791147
24,427,13 18 20 22,-399.8463342098997,0.07646768882800895,15.857161866649713,1.030663371244206
24,428,3 6 17 18,-399.846276943044,0.07648200009214369,15.860129604205003,1.4882499139551189
24,429,2 6 9 22,-399.8462136389773,0.07649782008451206,15.86341020786335,1.0549681416441319
24,430,3 9 18 21,-399.84600161924294,0.0765508048413164,15.874397696539791,1.0851101728140073
24,431,3 8 17 20,-399.8458825770199,0.07658055406846544,15.880566816040332,1.3016409210484272
24,432,0 2 8 21,-399.84578238712857,0.07660559200676012,15.885758952044846,0.9253468030519891
24,433,7 17 20 22,-399.8451362923181,0.07676705422398157,15.919241492880982,0.9362849981951775
24,434,2 8 13 22,-399.84489014757,0.07682856698671865,15.93199744053072,1.0752938428195953
24,435,3 9 17 21,-399.84488411905704,0.07683007354126345,15.9323098558743,1.0892780810148428
24,436,2 16 17 18,-399.84467253697954,0.0768829489255009,15.943274663879684,1.459994822061448
24,437,8 17 18 21,-399.84431312577135,0.07697276752430325,15.961900413940574,1.3911323372517914
24,438,3 4 18 21,-399.84429145638177,0.07697818280953868,15.963023385693068,1.0168136993239552
24,439,2 9 19 22,-399.84398795271204,0.07705402984414624,15.978751842029476,1.053709559843991
24,440,3 12 21 22,-399.8438288204021,0.0770937977778567,15.986998548208438,0.9176330380435619
24,441,2 3 6 21,-399.8435442431023,0.0771649150211027,16.00174618417006,1.016507293351422
24,442,2 17 19 20,-399.84349986535915,0.07717600523370116,16.00404596985738,1.1866320974267528
24,443,9 16 17 22,-399.84331916635483,0.07722116278862093,16.01341032582053,1.3214647411339528
24,444,0 2 17 20,-399.84291618397276,0.07732187003445623,16.03429406276656,0.9588717985935088
24,445,7 8 17 22,-399.84250783224684,0.077423919105283,16.055456054965394,1.2127561714809771
24,446,0 1 17 22,-399.84235515105456,0.07746207487349789,16.06336844517887,1.0686079374391217
24,447,0 16 20 22,-399.84194780199476,0.07756387337321195,16.084478476258518,1.0049959897221905
24,448,12 15 18 22,-399.84162708813375,0.0776440213178395,16.10109881552491,1.1533721510658979
24,449,0 2 10 18,-399.84155654831966,0.07766164955846429,16.10475439697762,1.0327881867419986
24,450,8 19 20 22,-399.8411390821994,0.07776597636050905,16.126388724003967,1.2074481279790794
24,451,10 17 19 22,-399.84103726165273,0.07779142180745632,16.131665365382776,1.274669281745289
24,452,8 10 21 22,-399.84088508674245,0.07782945105335329,16.139551518568485,1.018727874344447
24,453,8 9 17 22,-399.84082965664174,0.07784330330354183,16.14242407005819,1.3047675650122723
24,454,2 3 9 17,-399.840793761241,0.07785227373775376,16.14428427571489,1.1552374553128943
24,455,3 12 18 21,-399.8406745031589,0.07788207690912931,16.150464581670054,1.1315113877031673
24,456,2 3 9 18,-399.8404139311913,0.07794719510378635,16.163968190435625,1.1504966229932196
24,457,19 20 21 22,-399.84037288851005,0.07795745186828153,16.16609514336595,0.894192178280259
24,458,16 19 20 22,-399.83970717123054,0.0781238178353973,16.200594578488023,1.223294340576296
24,459,2 14 17 21,-399.8396885199174,0.07812847888874021,16.201561144608437,0.9569877123542376
24,460,9 16 21 22,-399.83962333625675,0.07814476860071866,16.2049391543739,1.0358232780997798
24,461,8 12 21 22,-399.8395429284118,0.07816486290997374,16.209106126324276,1.0685211231992522
24,462,2 6 17 19,-399.8394893929977,0.07817824166882181,16.211880489560308,1.38778714698836
24,463,3 12 17 21,-399.83918196184663,0.07825507020000098,16.227812479575398,1.1353055287406426
24,464,15 17 19 22,-399.83903548996557,0.07829167423132057,16.235403084947457,1.2611184256878722
24,465,2 9 17 18,-399.83828883932875,0.07847826583576828,16.274096725621494,1.2788635939367403
24,466,0 18 20 21,-399.838209804103,0.07849801712085294,16.278192564392906,0.8684131664279632
24,467,5 18 21 22,-399.83750725029006,0.07867358871578525,16.3146009774455,0.7504242810767306
24,468,1 15 18 22,-399.83743290221076,0.07869216866029911,16.31845391444602,1.106992436896523
24,469,2 15 17 20,-399.83738642848016,0.07870378267029376,16.32086232039144,1.0060268299927095
24,470,3 5 18 22,-399.837353985415,0.07871189034914836,16.32254361582394,0.9516634302270333
24,471,1 8 18 22,-399.8372372086219,0.07874107343440093,16.328595334055663,1.3026914899950632
24,472,2 6 14 22,-399.83709543174893,0.07877650416049402,16.335942630244705,1.0180886732259777
24,473,2 4 18 20,-399.8370676374359,0.07878345009371794,16.33738301361623,0.9429381555625375
24,474,2 6 10 18,-399.8361761334578,0.07900624124856705,16.383583382151574,1.2449016580728602
24,475,2 3 4 18,-399.83556590580974,0.07915874008847242,16.415207180724785,1.0843244758012396
24,476,3 6 8 22,-399.834628619144,0.07939297255834353,16.463780143319816,1.3201659363784326
24,477,6 12 21 22,-399.83418474398303,0.07950389910735234,16.48678306481386,1.0273688941876002
24,478,12 19 21 22,-399.83409380335985,0.07952662560881398,16.491495876432243,1.0273216430048333
24,479,0 8 20 22,-399.8336779624915,0.07963054625254737,16.51304597810556,0.9802777687708031
24,480,9 18 19 22,-399.8335781580056,0.0796554878761619,16.518218141262764,1.265410535197015
24,481,15 18 20 21,-399.8335542673711,0.07966145826124497,16.51945622448614,0.9202881402063975
24,482,9 10 18 22,-399.8335033799617,0.07967417527090498,16.522093360297742,1.1146076887576675
24,483,0 6 21 22,-399.8333960063959,0.07970100844418863,16.527657775525608,0.9058596688598904
24,484,3 4 17 21,-399.833288522061,0.07972786929919723,16.533227931133503,1.0156443082358135
24,485,1 2 18 20,-399.83246936682986,0.07993258015235893,16.575678973975222,1.0167356494877342
24,486,0 16 17 21,-399.83222645509693,0.07999328496897735,16.588267377233606,1.1792325852889827
24,487,2 9 17 20,-399.83210530691423,0.08002356048562646,16.594545633781692,1.0168517708070355
24,488,5 8 17 22,-399.8319821972208,0.08005432619329596,16.60092554160857,1.102167606388755
24,489,6 8 18 21,-399.8316823562201,0.08012925790920261,16.616464187620878,1.3533542971644241
24,490,6 18 19 21,-399.83159173639297,0.08015190424217727,16.621160374640116,1.32295420117904
24,491,0 2 12 22,-399.83140256058533,0.08019918019123394,16.630964023581008,0.8500485976047922
24,492,8 14 18 22,-399.83114617346916,0.08026325257128239,16.64425076098842,1.2698650375643195
24,493,2 4 8 18,-399.83097266224473,0.08030661386525331,16.653242624974148,1.215712095022715
24,494,0 2 18 19,-399.83093346613805,0.08031640916184003,16.6552738829589,1.1878449755345593
24,495,2 6 16 18,-399.8305768993624,0.08040551692318881,16.673752226125,1.4231553419234126
24,496,0 9 17 22,-399.8302092501631,0.08049739423581381,16.692804893212195,1.0572767149582065
24,497,2 12 18 20,-399.82995648628355,0.08056056115150712,16.705903863798564,1.0628267640337974
24,498,2 6 15 22,-399.82993057021275,0.08056703770291224,16.707246911111,1.0323756378473596
24,499,14 17 20 22,-399.8295351399175,0.08066585764573946,16.727739276619637,1.0113173943054419
24,500,4 10 18 22,-399.8292234912308,0.08074374015947355,16.743889831786028,1.0468717110507428
24,501,6 13 17 22,-399.8288789933939,0.08082983183466914,16.76174272690907,1.2530082754343068
24,502,3 10 21 22,-399.82868966210344,0.08087714663963869,16.771554433429692,0.850161001153739
24,503,10 17 20 21,-399.8282149803553,0.0809957719037431,16.79615384323543,0.9392825680415995
24,504,11 18 21 22,-399.828147647848,0.08101259862288913,16.79964321257917,0.8649826835576842
24,505,1 2 20 22,-399.82811626256535,0.08102044195678984,16.801269690600723,0.7719671793773093
24,506,2 13 17 21,-399.82807814102006,0.08102996871528774,16.803245261641006,0.9660088933239535
24,507,2 6 16 17,-399.82787165362913,0.0810815709127165,16.81394604794492,1.4255749566676634
24,508,0 8 17 21,-399.8276447304786,0.08113828010528536,16.825705875653508,1.1596402165108035
24,509,2 3 19 21,-399.8272112331957,0.08124661317238042,16.84817098486193,1.0072654150273108
24,510,19 21 22 23,-399.82714349229536,0.08126354195093125,16.851681518340836,1.2356992025490285
24,511,1 3 18 21,-399.82702215515553,0.08129386468888103,16.857969567205384,1.0791239276452644
24,512,8 12 18 22,-399.8269369805188,0.0813151502424534,16.862383568381457,1.3356474846068065
24,513,2 8 15 18,-399.82677605428006,0.0813553664876424,16.870723241247273,1.259757394845062
24,514,16 17 18 21,-399.82664897187334,0.08138712499556823,16.8773090268064,1.397115447445392
24,515,0 7 18 22,-399.82615237528273,0.08151122688477348,16.903044128458433,0.935022548308013
24,516,2 3 4 17,-399.8260603017246,0.08153423651215133,16.907815652109978,1.0839169071332604
24,517,2 3 20 22,-399.8257381554211,0.08161474243108657,16.924510224776487,0.8440515420090996
24,518,9 18 20 21,-399.82554861686395,0.0816621090330017,16.934332672468493,0.9305927325622236
24,519,17 19 20 21,-399.82534430406116,0.08171316779034123,16.94492076519435,1.1102580640886726
24,520,0 3 16 22,-399.8252441866502,0.08173818761544314,16.950109145052522,1.1313209463544602
24,521,10 19 21 22,-399.82505629921087,0.08178514159502952,16.95984602694337,0.9698006796259274
24,522,7 18 19 22,-399.8250331190143,0.08179093443824204,16.96104729317617,1.165204985261356
24,523,2 6 15 18,-399.82441057072015,0.08194651226717692,16.99330958400898,1.226037709055463
24,524,2 3 12 17,-399.8243188965844,0.0819694220769823,16.99806040841581,1.1931805421970283
24,525,2 3 12 18,-399.824314107661,0.08197061885209025,16.99830858456571,1.1887925843821505
24,526,2 8 22 23,-399.8240717655901,0.08203118130741877,17.010867466256848,1.3258544248419855
24,527,1 2 3 22,-399.8240703801992,0.08203152752329701,17.010939261302656,0.9343714092704327
24,528,4 17 19 22,-399.8239909950514,0.08205136625558253,17.01505323406556,1.2070054242977344
24,529,3 11 18 22,-399.82384288340563,0.08208838007203414,17.022728816887156,1.0440310538354387
24,530,0 6 18 20,-399.8238322861182,0.08209102838540386,17.023277999612844,1.1451817223328091
24,531,1 18 19 22,-399.8237696332649,0.08210668563639882,17.02652485547077,1.2643183572319514
24,532,5 6 18 22,-399.8235525103999,0.08216094569021654,17.037776803443414,1.0557055552410497
24,533,2 6 13 22,-399.8233229005407,0.08221832630427642,17.049675864329142,1.0252409721525555
24,534,3 6 20 22,-399.82316298178716,0.0822582907740435,17.057963326337262,1.062350526367071
24,535,12 18 19 22,-399.8218582616703,0.08258434664001373,17.12557777530917,1.3024014376321822
24,536,6 19 20 22,-399.8216453437289,0.08263755586309547,17.13661181172556,1.1631706955884098
24,537,3 5 17 22,-399.8214477397627,0.08268693804973783,17.14685223273107,0.9479599906007856
24,538,0 4 17 22,-399.8213673668582,0.08270702362718983,17.151017393960906,0.9836097080259152
24,539,2 7 17 18,-399.82135124780757,0.08271105185588983,17.151852730761462,1.175191889443925
24,540,5 16 18 22,-399.8198583828338,0.08308412603134496,17.22921740176342,1.109015058000341
24,541,2 10 16 22,-399.81877935063494,0.08335378139532162,17.28513603642238,1.097136703851833
24,542,2 6 10 17,-399.81867605625644,0.0833795951599732,17.290489056119217,1.2401717412765607
24,543,10 15 17 22,-399.8184883330018,0.08342650810900613,17.300217429473484,1.0985281284166784
24,544,6 8 17 21,-399.8182950330703,0.08347481469656812,17.310234802692634,1.3507185063567966
24,545,2 8 18 19,-399.8182853555063,0.0834772331666011,17.310736322633545,1.4029545679235589
24,546,4 16 21 22,-399.8182326691876,0.08349039973240656,17.313466683239508,0.9533683686249814
24,547,2 4 19 22,-399.8179104533011,0.08357092304045459,17.330164861899355,0.969672681623758
24,548,12 18 20 21,-399.81778677722946,0.08360183028877964,17.336574121117916,0.9822410682692521
24,549,1 2 3 18,-399.8177118191296,0.08362056268037851,17.34045867118456,1.1426723347853946
24,550,2 3 8 20,-399.81742742205927,0.0836916348834137,17.355196967123952,1.0698195276567726
24,551,1 3 17 21,-399.8173693146245,0.08370615621233127,17.358208265970482,1.0787132675600881
24,552,4 18 20 21,-399.8172630834561,0.08373270389497507,17.363713478790682,0.8484110965258516
24,553,2 8 10 18,-399.81724464786856,0.08373731103744585,17.364668865373194,1.2674815090071303
24,554,0 21 22 23,-399.8171834804962,0.08375259705955777,17.367838739219795,1.0137665399435472
24,555,3 7 18 21,-399.81697514312924,0.08380466157494883,17.378635396745583,0.956431434975849
24,556,12 15 17 22,-399.8167603847131,0.0838583307415669,17.389764811997367,1.1446835319567417
24,557,9 17 18 21,-399.81671684865194,0.08386921061376848,17.392020979239152,1.2059874229195986
24,558,2 15 16 18,-399.8165149598369,0.08391966360484093,17.4024834537608,1.2705330649531485
24,559,2 6 7 22,-399.8164826638055,0.08392773453925165,17.40415712947047,0.9224624513292276
24,560,8 9 21 22,-399.81641749543985,0.08394402042894254,17.407534346605303,1.0034520513143725
24,561,0 2 6 21,-399.8161772842108,0.08400405037657883,17.419982801777735,0.8642711004688449
24,562,2 6 8 20,-399.8160868129896,0.08402665957221542,17.42467128759938,1.1700098223117212
24,563,0 2 10 22,-399.8159667502973,0.08405666381956578,17.430893290829946,0.7786190258602632
24,564,2 3 9 22,-399.81582430052856,0.08409226270557152,17.43827545846594,0.9245886870734608
24,565,3 16 19 22,-399.81564206265466,0.08413780483144101,17.447719563194777,1.3260821953531758
24,566,13 17 20 22,-399.8155012897256,0.08417298466709719,17.455014832046135,1.0184697253872008
24,567,1 8 21 22,-399.815427408201,0.08419144801733675,17.458843590804722,1.0076901850848365
24,568,2 8 16 21,-399.8145149543992,0.08441947463442613,17.506129641063463,1.1938758807771574
24,569,4 15 18 22,-399.81436028170924,0.08445812808754516,17.51414523656802,1.0237013323136854
24,570,0 17 18 20,-399.8141324779428,0.0845150573502891,17.52595070039353,1.176930988778232
24,571,0 3 18 20,-399.8138037729384,0.08459720232028649,17.542985164305595,1.036438255066634
24,572,2 5 8 22,-399.81373711703145,0.08461385995373678,17.546439470222055,0.8317436309331505
24,573,0 17 20 21,-399.81348175387836,0.08467767644046043,17.559673142839173,0.8598612760022848
24,574,2 18 20 23,-399.8134364822922,0.08468899002874163,17.56201925010902,1.2607977401252772
24,575,6 17 19 21,-399.8133300058339,0.08471559901052379,17.567537174577428,1.3179435113119622
24,576,1 18 20 21,-399.813249598304,0.08473569324103808,17.57170413019927,0.928783972320871
24,577,2 12 17 20,-399.8131957187073,0.08474915801279162,17.574496329995885,1.0586042235979132
24,578,2 9 20 22,-399.8131897373673,0.08475065277857836,17.574806300695876,0.7571547554131408
24,579,0 2 10 17,-399.8130957651782,0.08477413688301252,17.579676217009727,1.022023121690262
24,580,3 20 22 23,-399.81285083534294,0.08483534603316645,17.592369204290854,1.1593834905019516
24,581,2 12 15 22,-399.81267162728795,0.08488013099263936,17.601656294857303,0.8947516627642107
24,582,2 6 7 18,-399.8126291892551,0.08489073646224715,17.603855559027835,1.1336706283009663
24,583,2 4 21 22,-399.8125185719664,0.08491838025757178,17.60958807355508,0.6203680071997292
24,584,3 11 17 22,-399.8124610761545,0.08493274873898127,17.612567676299452,1.0427952303194468
24,585,3 14 18 21,-399.8124333877532,0.08493966820434973,17.614002571011984,1.035699682212489
24,586,2 8 10 21,-399.81241202125733,0.08494500779497531,17.615109845916574,0.9742356011276933
24,587,3 15 17 18,-399.812292981673,0.08497475636269337,17.62127882867042,1.332359991179886
24,588,3 6 19 22,-399.81215163504567,0.08501007956832553,17.628603828261003,1.2778126655383624
24,589,0 14 18 22,-399.8120414024278,0.085037627232547,17.634316408009433,1.0107616565247748
24,590,0 6 8 22,-399.8118558772138,0.0850839908805939,17.64393087240709,1.204358819325851
24,591,8 15 21 22,-399.81184857523124,0.08508581568134763,17.644309282705215,0.987028738727092
24,592,0 13 18 22,-399.8118195142054,0.08509307817222182,17.64581531087361,1.0254543545260826
24,593,3 16 18 20,-399.8117827672688,0.08510226140935875,17.647719645632147,1.2960744978303393
24,594,0 2 21 22,-399.81174614519244,0.0851114134433261,17.649617509766045,0.6297832736173927
24,595,5 17 21 22,-399.81160899221265,0.08514568863615643,17.65672518215751,0.7416061280484716
24,596,2 17 18 19,-399.811075527135,0.08527900413854198,17.68437091767092,1.4014060536047064
24,597,2 14 16 22,-399.81107417493814,0.08527934205907946,17.684440992505703,1.0611832331634328
24,598,0 3 6 18,-399.8109884053323,0.0853007762983054,17.688885826737046,1.259744233506834
24,599,2 4 17 20,-399.8107964768511,0.08534874015378933,17.69883212734864,0.9334639718907928
24,600,6 10 21 22,-399.8106091983408,0.08539554195907785,17.708537452741446,0.9617623830519421
24,601,1 6 21 22,-399.81057846159626,0.085403223220156,17.710130321600477,0.9650467786563638
24,602,12 20 21 22,-399.8102294291386,0.08549044811901944,17.728218214163707,0.7280054988509034
24,603,2 3 21 23,-399.81010532730943,0.0855214617662003,17.734649537392634,1.105306255637472
24,604,8 13 18 22,-399.8097496641066,0.08561034372033446,17.75308105474763,1.2712752808445824
24,605,1 2 3 17,-399.8095563088342,0.08565866413784913,17.76310129589442,1.1429746725614514
24,606,8 16 18 22,-399.8094998542034,0.08567277242306182,17.76602694155871,1.4617648289038285
24,607,2 6 14 18,-399.8094583853892,0.08568313568025396,17.76817597795932,1.2028056285618136
24,608,3 16 17 20,-399.80917764437515,0.08575329421713611,17.782724806264692,1.2988396470903263
24,609,7 15 18 22,-399.8091466754442,0.08576103350272761,17.784329707710487,0.9767431468578055
24,610,2 13 16 22,-399.8087262607304,0.0858660971725537,17.806116839560175,1.0741279219624271
24,611,1 4 18 22,-399.80858278898984,0.0859019514542533,17.813551968792364,1.038739716670978
24,612,2 6 15 17,-399.80849740774386,0.08592328864047111,17.817976677068764,1.2222393739110813
24,613,2 3 7 18,-399.8084543886376,0.08593403932314037,17.820206054180538,1.0274102427922396
24,614,9 17 19 22,-399.8082352583643,0.08598880103800897,17.83156203198078,1.2568193192876154
24,615,1 8 17 22,-399.80823337604465,0.08598927143878438,17.83165957934166,1.2923215676482849
24,616,2 5 8 18,-399.8081262300633,0.0860160477376133,17.837212200471285,1.0580441905774534
24,617,4 8 21 22,-399.80809155077486,0.08602471425947877,17.83900938359723,0.9269457876041034
24,618,17 18 22 23,-399.80807772981274,0.0860281681847426,17.83972562666438,1.4999282957350653
24,619,15 17 20 21,-399.8077492148093,0.08611026567258473,17.856750244166367,0.9111866651514802
24,620,9 17 20 21,-399.80766556017835,0.08613117136935543,17.86108547415316,0.9260335286741518
24,621,1 2 17 20,-399.80754830003485,0.08616047524620782,17.867162241029348,1.008102408134599
24,622,9 10 17 22,-399.80742480344236,0.08619133764181973,17.87356219910722,1.105403075456169
24,623,0 2 15 18,-399.80730478615874,0.08622133054132064,17.87978184912575,0.9985095063765455
24,624,3 19 20 22,-399.80710151662754,0.08627212858004395,17.890315876437015,1.0537266283808076
24,625,4 12 18 22,-399.8068606004572,0.08633233469592683,17.902800863750603,1.0841418535711762
24,626,2 15 16 21,-399.80684306173504,0.08633671770739713,17.90370977211979,0.9755233581614888
24,627,2 3 17 23,-399.8067754460715,0.08635361518865309,17.90721381545523,1.3727119358291993
24,628,11 17 21 22,-399.8067738281717,0.08635401950964638,17.907297659802236,0.8585918463355772
24,629,8 12 17 22,-399.8060934471603,0.08652405001425827,17.942557012807697,1.3294551317424128
24,630,2 6 9 18,-399.805927801684,0.08656544561974479,17.95114125050114,1.2282155219126716
24,631,2 4 6 18,-399.8058182657302,0.08659281918424555,17.956817727060177,1.16902634740017
24,632,3 7 17 21,-399.80576735946715,0.08660554090552502,17.95945583992383,0.9555821281651223
24,633,0 10 18 21,-399.80550390696146,0.08667137896057932,17.973108726678777,0.936263949715531
24,634,2 4 8 17,-399.8050815227947,0.08677693480622482,17.994997921396518,1.2068038733268087
24,635,2 3 18 23,-399.80479190574624,0.08684931150702922,18.010006732014695,1.3679398650638528
24,636,0 3 6 17,-399.8046469268828,0.08688554242602262,18.0175199648044,1.2607590636346735
24,637,1 15 17 22,-399.8044058995714,0.08694577631659088,18.03001071177529,1.0940518466221674
24,638,0 18 19 21,-399.8037890716672,0.08709992459242075,18.061976555110725,1.107239965101653
24,639,3 17 21 23,-399.80362323771595,0.08714136729870314,18.07057056013146,1.313937912482769
24,640,3 20 21 22,-399.80330618029166,0.08722060148211479,18.08700141205058,0.7395221318442368
24,641,0 2 17 19,-399.80320835987465,0.0872450472773206,18.09207075489955,1.1779630396506626
24,642,6 16 18 21,-399.8031790825671,0.08725236381803878,18.093587991424545,1.3545312495762618
24,643,3 18 21 23,-399.80313702762635,0.08726287355108543,18.095767402632738,1.3097106708826083
24,644,0 3 8 18,-399.8031028030357,0.0872714264417762,18.097541021976934,1.2875467470116098
24,645,2 8 15 17,-399.80284835308856,0.08733501471391683,18.11072736956516,1.2519669897849603
24,646,7 17 18 21,-399.8027123235708,0.08736900914815422,18.117776820837054,1.0985832322058922
24,647,6 10 18 21,-399.8026058296423,0.08739562249582372,18.123295650662786,1.164130319702706
24,648,2 3 15 22,-399.8025285914699,0.08741492468857073,18.127298360820003,0.9022356419886838
24,649,11 17 18 22,-399.80192692397185,0.08756528430560512,18.158478547145293,1.1726125740365596
24,650,2 5 18 21,-399.80191553368513,0.08756813079333123,18.15906882543559,0.6920766950563525
24,651,2 15 16 17,-399.80177200582625,0.08760399909927141,18.166506862885043,1.2673815747741741
24,652,1 19 21 22,-399.8015894266406,0.08764962652060033,18.175968655397146,0.9601562493006796
24,653,2 19 20 21,-399.80149618000746,0.08767292930509796,18.180800971260037,0.8396591358677435
24,654,1 2 17 18,-399.80112577114977,0.08776549626968691,18.199996651991192,1.2641388494853034
24,655,2 15 22 23,-399.8008755334843,0.0878280318722677,18.212964706704895,1.122182427342427
24,656,2 7 8 18,-399.80077335807545,0.08785356600099686,18.2182597380912,1.1624307307456678
24,657,0 6 17 20,-399.80072525116907,0.08786558814951355,18.220752780027414,1.137728337856322
24,658,2 8 12 21,-399.80071499140445,0.08786815211430198,18.221284471324665,1.0200557062668996
24,659,0 19 21 22,-399.8006441895452,0.0878858458412764,18.224953632730713,0.8873105402083814
24,660,3 4 17 18,-399.8006054641363,0.08789552350821073,18.226960497766406,1.2829845954504666
24,661,2 5 17 18,-399.80019947123196,0.08799698309812011,18.24800024886619,1.0562653484829072
24,662,2 13 21 22,-399.8001931643668,0.08799855921421584,18.24832708924065,0.6870716773376155
24,663,4 9 18 22,-399.8001352787545,0.08801302510862787,18.251326892592274,1.0296034792773132
24,664,1 2 6 18,-399.8000791701938,0.08802704690925747,18.254234603883848,1.2292862466790895
24,665,2 6 12 21,-399.79994499451294,0.08806057806068451,18.261187983852604,0.9802984975668578
24,666,9 15 18 22,-399.79987768721764,0.08807739847923259,18.264676046636634,1.08252025984493
24,667,1 3 21 22,-399.7998695729938,0.08807942626299956,18.265096549674137,0.8374208395670325
24,668,1 9 18 22,-399.7995991179879,0.08814701427672329,18.279112326668173,1.0995800278559544
24,669,12 17 20 21,-399.79952867941756,0.08816461721604378,18.282762661370477,0.9775088467112932
24,670,8 16 20 22,-399.7995006066124,0.08817163274579244,18.28421747702543,1.2356604484044276
24,671,2 9 16 21,-399.7992977768979,0.08822232087219875,18.294728711737253,0.9855141371880395
24,672,5 6 17 22,-399.79927526759786,0.08822794605511834,18.295895210129615,1.0476148769145122
24,673,3 10 17 18,-399.7992531979835,0.08823346135846452,18.29703892271259,1.3379702687872448
24,674,2 3 14 18,-399.7992319293208,0.0882387765001125,18.298141127614404,1.0994623141397148
24,675,2 4 22 23,-399.7991632751763,0.08825593350279239,18.30169898810177,1.0699752212134708
24,676,3 8 20 21,-399.799119257549,0.08826693372068488,18.303980111519557,0.9868477214877492
24,677,0 3 17 20,-399.79906773513903,0.08827980942006962,18.30665015493815,1.0335400672207105
24,678,6 16 17 21,-399.79897650659825,0.0883026078735319,18.311377887296764,1.3564154178467847
24,679,2 3 7 17,-399.79874393521106,0.08836072858775114,18.323430423306487,1.027233456709222
24,680,2 17 20 23,-399.7986544661178,0.08838308734677217,18.328066975899716,1.2576584965473607
24,681,3 14 17 21,-399.7986008518419,0.08839648581355888,18.330845425985736,1.0332945402244182
24,682,0 8 18 20,-399.7985572541893,0.08840738107775814,18.3331047850776,1.1668104342744163
24,683,6 21 22 23,-399.798491669843,0.08842377092302509,18.336503559558047,1.2212692248886767
24,684,2 20 21 23,-399.79825144894124,0.08848380328791675,18.34895251599854,0.9604679554078531
24,685,8 14 17 22,-399.7979626455117,0.08855597666142476,18.36391916248308,1.2574789983088803
24,686,2 6 9 17,-399.79793663458395,0.08856247691803873,18.365267125562422,1.2284960720531284
24,687,3 10 18 20,-399.79747870966224,0.0886769145701944,18.388998147144008,1.0889018576469076
24,688,0 6 16 22,-399.79706077961134,0.08878135731074752,18.410656516425608,1.2135108738491236
24,689,0 2 12 18,-399.7969659421069,0.08880505766167708,18.41557127593706,1.0587164583554738
24,690,5 16 17 22,-399.7967513489974,0.08885868551736885,18.426692124511135,1.1016153495662178
24,691,0 1 2 22,-399.7966871456272,0.08887473025003766,18.430019332733796,0.7716324095925081
24,692,2 7 19 22,-399.79663378021894,0.08888806652359528,18.432784885763347,0.9115151872901397
24,693,0 8 19 22,-399.79631379799696,0.08896803162809054,18.449367309334654,1.1965542781818397
24,694,12 17 19 22,-399.7961403209025,0.08901138439281384,18.458357404603916,1.2938884179724062
24,695,17 18 19 21,-399.79578772189603,0.08909950058946749,18.47663012625702,1.337980583829795
24,696,0 16 19 22,-399.7957172010131,0.0891171240991108,18.480284726642562,1.212849472779989
24,697,2 7 18 20,-399.79542205025217,0.0891908837014147,18.495580310579772,0.8713547139944612
24,698,0 2 3 22,-399.7952340833467,0.08923785753997202,18.505321310640284,0.84328848564284
24,699,2 4 16 18,-399.79517388276486,0.08925290195646808,18.50844108254949,1.2141055057201446
24,700,2 4 6 22,-399.7950493033465,0.08928403495549848,18.51489715586079,0.9572133025814642
24,701,14 15 18 22,-399.7949426099168,0.0893106981594793,18.520426324427117,1.0494113359278856
24,702,2 6 7 17,-399.79454773867883,0.08940937839118447,18.5408897179358,1.1289480165605836
24,703,2 14 21 22,-399.7945414800678,0.08941094244834877,18.541214057640623,0.6633232883678865
24,704,8 16 17 22,-399.79431728333805,0.08946697029517581,18.55283259417276,1.4584662653381235
24,705,0 3 22 23,-399.7939170359982,0.08956699404072942,18.57357459315379,1.162205088522133
24,706,2 8 17 19,-399.7935064169677,0.08966960972193405,18.594854083770777,1.3951231261951529
24,707,4 10 17 22,-399.7932594805766,0.0897313203200998,18.607651056701435,1.0325064723202924
24,708,2 15 18 19,-399.7930838800356,0.08977520374437267,18.61675119523868,1.210297878717385
24,709,2 10 18 19,-399.79284499780044,0.08983490157002058,18.6291307780258,1.223076541477995
24,710,0 7 17 22,-399.79264743184956,0.08988427425644471,18.639369228963943,0.9219440560347468
24,711,0 1 2 18,-399.79255742655374,0.08990676701507545,18.644033569156534,1.0091810548796776
24,712,7 8 21 22,-399.7923098874594,0.08996862823168766,18.65686177594717,0.8701107413315798
24,713,2 8 9 21,-399.79213075568896,0.0900133941272826,18.666144913222983,0.961642935473978
24,714,2 8 10 17,-399.79173003245194,0.09011353680184647,18.686911574601883,1.2590808180970574
24,715,2 15 20 22,-399.79162701700875,0.09013928085921347,18.69225013904694,0.7272954470517546
24,716,2 8 9 18,-399.79138166975304,0.09020059432475316,18.704964758287687,1.2534675259502246
24,717,0 6 20 22,-399.7912298697422,0.09023852988146298,18.712831483076535,0.9153946053102163
24,718,2 12 16 22,-399.79037761006714,0.09045151369522667,18.756998095950415,1.1296502125461905
24,719,1 2 16 22,-399.79032531403175,0.09046458272734009,18.759708230921664,1.0852333218310646
24,720,2 9 10 22,-399.79000096952484,0.09054563798793154,18.77651672097859,0.8391885570800445
24,721,1 17 19 22,-399.78989139327837,0.0905730216217633,18.78219528562233,1.2517394578703354
24,722,7 17 19 22,-399.7895999358967,0.09064585823073247,18.79729946774087,1.1515300808013236
24,723,3 8 17 18,-399.78952430700826,0.09066475825564814,18.801218780053887,1.4896221945338837
24,724,4 17 20 21,-399.7894945926356,0.0906721840210545,18.802758666584225,0.8388339280000869
24,725,3 13 18 21,-399.78948221938674,0.0906752761557746,18.803399884875528,1.0381092767013873
24,726,13 15 18 22,-399.78940309611136,0.09069504944488085,18.807500286637367,1.0608158194470472
24,727,0 6 17 18,-399.78930854299074,0.09071867872691969,18.812400308539758,1.3688099931260695
24,728,0 3 6 22,-399.78909765429046,0.09077138083283791,18.823329183690387,1.0578645192002918
24,729,0 6 19 22,-399.78884155275045,0.09083538184602222,18.83660112169777,1.1588889898774846
24,730,2 6 14 17,-399.7887521825638,0.09085771588779583,18.8412325486569,1.1968077557278445
24,731,0 3 8 17,-399.788746786371,0.09085906442247366,18.841512195302393,1.2846920888230267
24,732,3 8 10 22,-399.7885087602483,0.09091854830147354,18.85384741181298,1.1522053800307568
24,733,3 18 19 20,-399.7884933857333,0.09092239046710986,18.854644164576754,1.2370615957661872
24,734,9 19 21 22,-399.7883270983683,0.09096394648368016,18.8632616668367,0.9480949511206863
24,735,6 15 18 21,-399.78826686141923,0.09097899998852177,18.866383323402925,1.1433594547557504
24,736,10 20 21 22,-399.7880231825506,0.09103989651606162,18.879011481898576,0.6450962862184083
24,737,2 4 6 17,-399.7879416644953,0.09106026827225101,18.883235988227387,1.164477010999457
24,738,3 9 21 22,-399.787900845349,0.0910704691742874,18.885351356917823,0.8252931467893708
24,739,2 10 19 21,-399.7876419649858,0.09113516462881573,18.898767301746485,0.9195982278544362
24,740,15 17 18 20,-399.7873058664086,0.09121915728841719,18.916184922434702,1.2053324672393573
24,741,2 8 15 21,-399.78720307789354,0.09124484463534555,18.92151172679365,0.9446944788709286
24,742,3 6 16 22,-399.78703737803175,0.09128625383201963,18.930098782901833,1.3123671147862455
24,743,2 7 21 22,-399.78694463319897,0.09130943121418504,18.934905093989233,0.5387211899067439
24,744,2 3 14 17,-399.7868967236452,0.09132140404332782,18.93738790852997,1.0978404251156708
24,745,1 17 20 21,-399.7868312012733,0.09133777840089502,18.94078347131453,0.9198746493127133
24,746,15 19 21 22,-399.7867272635233,0.09136375294719362,18.946169832421848,0.9327559653099942
24,747,2 6 10 21,-399.786724320393,0.0913644884496896,18.946322354124945,0.9191063748430067
24,748,15 16 20 22,-399.786656408465,0.09138145996887376,18.949841750760974,1.0234328953122966
24,749,15 16 18 21,-399.7864320219223,0.09143753525087864,18.961470123961444,1.193623919413674
24,750,2 6 12 18,-399.7863284937036,0.0914634074533226,18.966835261947022,1.262506895795202
24,751,2 12 19 21,-399.78632459761263,0.09146438110529222,18.96703716888472,0.9730852056635054
24,752,2 7 16 22,-399.78613233195597,0.09151242922256217,18.977000942925947,0.9679468243047712
24,753,6 14 18 21,-399.78612591340396,0.09151403324974398,18.977333571243218,1.1257739054824325
24,754,14 16 18 22,-399.7859775036972,0.09155112155307268,18.98502460046427,1.263449512407727
24,755,0 2 18 23,-399.78553371618113,0.09166202619920268,19.008022979941945,1.2587078937325873
24,756,0 16 18 20,-399.7854637178737,0.09167951911469344,19.011650498920325,1.1772794760421026
24,757,4 8 18 21,-399.7846485317118,0.09188323807825306,19.053895852872856,1.127021980198433
24,758,6 7 18 21,-399.7846160133292,0.09189136457930838,19.055581051479205,1.0500157403763422
24,759,6 11 18 22,-399.78455924982654,0.09190555005308919,19.058522703794644,1.1269577810895712
24,760,2 6 16 20,-399.78441758179457,0.09194095357929183,19.065864359522045,1.1710668575884053
24,761,8 10 20 22,-399.7844049279065,0.09194411584710474,19.0665201213653,1.0181413546560252
24,762,9 16 20 22,-399.7841126731485,0.09201715172427799,19.081665625880465,1.0355202539415234
24,763,0 2 4 18,-399.78385585228455,0.09208133249999906,19.094974841379646,0.9285959625380613
24,764,6 10 17 21,-399.78360842220525,0.09214316647322372,19.107797398688614,1.1590673917171503
24,765,1 2 6 17,-399.78355266274866,0.09215710103104044,19.110687018372772,1.2254394524749508
24,766,0 2 9 18,-399.78347617201064,0.0921762164363313,19.1146509942754,0.9997029828988016
24,767,1 17 18 21,-399.7832764284472,0.09222613331865957,19.125002295525505,1.1933397698530552
24,768,18 20 21 23,-399.7832514996204,0.09223236315301711,19.126294180939123,1.1834227408825295
24,769,2 4 8 21,-399.7831409404681,0.09225999241976526,19.132023682664588,0.8827216654209041
24,770,3 16 20 21,-399.783130656008,0.09226256255608097,19.132556653756065,0.998133961151233
24,771,0 2 8 20,-399.7829552321705,0.0923064018213068,19.141647634998673,0.922898295617939
24,772,2 9 22 23,-399.78212020790744,0.0925150784222649,19.18492105792921,1.125110196807136
24,773,6 9 21 22,-399.78175625338,0.09260603241850913,19.203782256207443,0.9446331735004214
24,774,2 8 19 20,-399.78170634212694,0.09261850548199312,19.20636880471793,1.1526336309538967
24,775,7 16 18 22,-399.78152442639623,0.09266396710272076,19.215796215035247,1.1941112027964915
24,776,11 18 20 22,-399.78114067481874,0.09275986847750345,19.235683354904005,0.8731787049578449
24,777,1 2 15 22,-399.78111175252303,0.092767096299051,19.237182193668183,0.8220580120895331
24,778,2 5 17 21,-399.7804800625246,0.09292495868409638,19.269918234611573,0.6871444303482627
24,779,0 2 15 17,-399.7804309172424,0.09293724032774271,19.272465088247053,0.9894342844831389
24,780,4 7 18 22,-399.7803165974434,0.0929658093982938,19.278389477790554,0.9026613231981265
24,781,2 5 8 17,-399.7802972359629,0.09297064792588931,19.27939284687957,1.0484515068532128
24,782,6 14 21 22,-399.7802518165324,0.09298199846118406,19.281746615879268,0.9095672114773022
24,783,3 10 17 20,-399.7800787553005,0.09302524729985022,19.290715159924275,1.084756794111563
24,784,4 12 17 22,-399.780030458778,0.09303731683435129,19.29321802832754,1.0750903252184965
24,785,4 15 17 22,-399.7799831852801,0.09304913071005945,19.29566788057557,1.010579779991758
24,786,2 4 18 19,-399.7796977104109,0.09312047226024037,19.31046203123417,1.1559501603405735
24,787,1 2 8 21,-399.7795406817567,0.09315971448021168,19.31859971976156,0.9599554669826533
24,788,0 2 3 8,-399.7794691313792,0.09317759526552588,19.322307671595542,1.0634653899804436
24,789,2 16 18 19,-399.77940406039824,0.09319385681830596,19.325679841966963,1.3993523854295655
24,790,8 13 17 22,-399.7792967650671,0.09322067044036543,19.331240202842842,1.2606437864111997
24,791,1 2 6 21,-399.7792799226893,0.09322487943202067,19.332113024592726,0.9185837307255933
24,792,2 14 18 20,-399.7791508439726,0.09325713682745525,19.338802264827944,0.9501592847356641
24,793,6 18 22 23,-399.77877515857324,0.09335102242532524,19.358271391529556,1.4575826767125768
24,794,2 4 16 17,-399.7784674904956,0.09342791016560983,19.374215659781154,1.2102286356294962
24,795,0 13 17 22,-399.77842044744114,0.0934396664523862,19.376653569769296,1.012909242580874
24,796,1 2 9 22,-399.77840256368756,0.09344413568887769,19.377580358685655,0.8366407587173638
24,797,3 13 17 21,-399.77838031239344,0.09344969639487238,19.378733486449846,1.0373281634688294
24,798,0 3 19 22,-399.77834512449965,0.09345849001967495,19.380557027006986,1.05237911090869
24,799,10 16 18 22,-399.77831996267105,0.09346477808230874,19.381860987261835,1.2869711518809128
24,800,3 15 18 20,-399.7782909317249,0.0934720330561301,19.383365456613358,1.0647254596328795
24,801,2 12 17 18,-399.7782884225819,0.0934726601030917,19.383495487811118,1.2921546073772106
24,802,14 18 19 22,-399.77825247440893,0.09348164372534067,19.385358428280927,1.211209264905316
24,803,1 10 18 22,-399.77817223850974,0.09350169506451604,19.38951648949371,1.0901482768797583
24,804,4 6 18 21,-399.7780098858846,0.09354226777056461,19.397930081914783,1.0879189999791115
24,805,2 6 12 17,-399.7779622854772,0.09355416334254117,19.400396875579137,1.2626365200786844
24,806,2 3 12 21,-399.7778977793938,0.09357028372468913,19.403739771290912,0.8490856458898595
24,807,2 19 21 23,-399.777723874848,0.09361374331157628,19.412752018352247,1.1872459442255454
24,808,0 2 12 17,-399.7776390279405,0.09363494696402352,19.4171490356307,1.0536411488908617
24,809,8 17 18 20,-399.7773782715544,0.09370011124574747,19.430662201505825,1.3820855703385868
24,810,2 14 17 18,-399.77737030099604,0.0937021031268284,19.43107525937646,1.2221697010063914
24,811,4 17 18 20,-399.777309989625,0.09371717523007815,19.4342007727085,1.1525660967969213
24,812,2 4 16 21,-399.7772432392728,0.0937338564658473,19.437659973055485,0.9010833983788121
24,813,2 3 16 20,-399.77686229844466,0.09382905542078344,19.45740145159492,1.0672279858681906
24,814,0 2 21 23,-399.77647387280007,0.09392612486753502,19.47753081542214,0.9636429976116468
24,815,2 9 12 22,-399.77644940077266,0.09393224054551413,19.478799028142124,0.8902925999088018
24,816,8 12 20 22,-399.7761270062695,0.09401280849073608,19.495506463246134,1.0637363543031464
24,817,0 14 17 22,-399.77591170674555,0.09406661288282278,19.506663920304558,0.9968000053065449
24,818,2 6 13 18,-399.77569316206666,0.09412122825481403,19.51798955087279,1.198824712170435
24,819,8 14 21 22,-399.7755589225953,0.0941547753478048,19.52494623665555,0.948710424674003
24,820,0 10 17 21,-399.7755457935843,0.0941580563511356,19.525626620772016,0.9256896409050215
24,821,10 14 18 22,-399.77547342262073,0.09417614220486502,19.52937709779675,1.054107601848927
24,822,7 18 20 21,-399.7754127001921,0.09419131703339982,19.532523913348037,0.7729231950302006
24,823,9 15 17 22,-399.77538602492336,0.09419798331203537,19.533906304538252,1.0747808803024932
24,824,1 20 21 22,-399.7753853508081,0.09419815177669744,19.533941239181317,0.6427980330460956
24,825,2 8 9 17,-399.7753759644377,0.09420049747604158,19.534427668610014,1.2499450144065773
24,826,2 10 15 18,-399.7753162539383,0.09421541941857273,19.53752204300145,1.04479732740354
24,827,0 12 21 22,-399.7752355448914,0.09423558899964099,19.541704624124062,0.7270779192838263
24,828,0 2 16 20,-399.77518625206574,0.09424790751512563,19.54425912390025,0.939547253922328
24,829,8 18 19 21,-399.77510754789085,0.09426757606898997,19.54833780663658,1.3263685545289503
24,830,6 9 18 21,-399.77498155931806,0.09429906122252762,19.55486690649163,1.1489529755310375
24,831,4 18 22 23,-399.7749677874194,0.09430250288658869,19.555580606943984,1.271023609454338
24,832,2 3 13 18,-399.77470658089123,0.09436777966100612,19.569117100513157,1.1007762584599718
24,833,2 7 8 17,-399.77467736928395,0.09437507978291443,19.570630932257263,1.153903850455822
24,834,0 20 22 23,-399.77465322768006,0.09438111288645873,19.571882021454893,1.0212812188845124
24,835,2 5 16 22,-399.77464607783816,0.09438289966652297,19.572252547374177,0.8331705153413594
24,836,0 17 19 21,-399.77456663516807,0.09440275277390935,19.576369501112506,1.0970684214267215
24,837,7 15 17 22,-399.7745647296738,0.09440322896614532,19.5764682494529,0.9636485960269833
24,838,5 17 18 21,-399.77451259954375,0.09441625653770652,19.579169786718396,0.9692395120496675
24,839,1 9 17 22,-399.77449411122467,0.09442087685804325,19.580127906004833,1.0915384292496713
24,840,0 12 18 21,-399.7743100696443,0.09446686973888409,19.58966548412946,0.9735602303355794
24,841,0 2 6 8,-399.7740811234589,0.09452408449763752,19.60153015147615,1.161309657646123
24,842,2 10 15 22,-399.77386189957315,0.0945788696067152,19.612890980551036,0.8144777933875523
24,843,4 9 17 22,-399.77368017820163,0.09462428265614191,19.622308318601323,1.020885088868731
24,844,1 4 17 22,-399.7735923480918,0.09464623182527056,19.626859934232,1.025488630564041
24,845,4 16 18 21,-399.7734262743056,0.09468773446746578,19.635466368207844,1.1389340344648695
24,846,2 8 11 22,-399.77326806261846,0.09472727233309518,19.643665364996632,0.9201742741597954
24,847,3 8 12 22,-399.77316375032217,0.09475334048032248,19.649071136198593,1.1895600205347225
24,848,2 3 10 21,-399.7731134926173,0.09476590012377908,19.65167563886281,0.785732455551248
24,849,10 17 18 20,-399.7730312821793,0.09478644490974926,19.655936026506765,1.2113590249000925
24,850,1 6 18 21,-399.77285557580205,0.09483035478302697,19.665041649793938,1.1521063999769612
24,851,8 15 18 21,-399.77211659429184,0.09501502983565374,19.703337853682378,1.1698124004292823
24,852,2 5 6 18,-399.7719929497624,0.09504592920141987,19.70974547828879,1.001028671642587
24,853,0 2 20 22,-399.7719443265069,0.09505808038808143,19.7122652789617,0.651136047547993
24,854,3 17 19 20,-399.7718291082497,0.09508687398768378,19.718236229262615,1.2332611296623337
24,855,2 11 18 21,-399.7717305546144,0.09511150301767755,19.72334356964671,0.8007330776839896
24,856,8 13 21 22,-399.7711049617293,0.09526784170462067,19.755763640174177,0.9618767474856084
24,857,2 3 8 19,-399.7708587481043,0.09532937168003891,19.768523157230494,1.2668662709824188
24,858,6 15 17 21,-399.7708563682073,0.09532996642779559,19.768646490517952,1.139263787868207
24,859,4 14 18 22,-399.7708084878111,0.09534193197032627,19.771127794028484,0.9823659173644194
24,860,2 14 19 22,-399.7703419012948,0.09545853419685926,19.795307685018834,0.982255912045578
24,861,9 12 18 22,-399.7702802662311,0.09547393709729758,19.79850179601146,1.1289309518741495
24,862,15 16 17 21,-399.770191737676,0.09549606081128875,19.803089607140926,1.1900732525955637
24,863,2 3 6 8,-399.7699820203768,0.09554847017840915,19.81395777682794,1.2664516081926982
24,864,0 2 19 21,-399.76989601108306,0.09556996431679844,19.81841503239362,0.8390465050160312
24,865,3 15 21 22,-399.76940766935536,0.09569200327584863,19.84372234267534,0.7991651886247805
24,866,8 9 20 22,-399.7693973460848,0.09569458311107412,19.844257325037,1.0089136573697821
24,867,5 18 20 22,-399.76930475163863,0.09571772291090166,19.84905584264687,0.750471544337261
24,868,3 10 19 22,-399.7690350278499,0.09578512818991175,19.863033725806563,1.1074321798912803
24,869,7 9 18 22,-399.768973740128,0.09580044428796278,19.866209836523165,0.9696641820057569
24,870,2 7 17 20,-399.76894604032606,0.09580736660240376,19.86764532204999,0.8629901670969596
24,871,0 15 18 21,-399.768678739315,0.09587416641755227,19.88149764971553,0.9001936185744145
24,872,2 9 16 18,-399.76864761267734,0.09588194511481625,19.88311072398935,1.2585443897243036
24,873,3 12 20 22,-399.76833417641706,0.0959602743518317,19.899353916496953,0.9088661229970451
24,874,13 16 18 22,-399.7682612210559,0.0959785062493428,19.90313467873001,1.2671353493269053
24,875,0 2 17 23,-399.7681855534165,0.09599741595830937,19.907055999231904,1.2546051941714733
24,876,10 18 19 21,-399.7680712252385,0.0960259871228141,19.912980823000144,1.146986466421009
24,877,6 13 21 22,-399.76805346538714,0.09603042539554035,19.913901190937334,0.9192677526735679
24,878,6 17 22 23,-399.7679249148318,0.0960625508009101,19.920563060294015,1.4563945924963282
24,879,12 17 18 21,-399.76748913935126,0.09617145320061511,19.9431462324319,1.226596322285603
24,880,0 8 17 20,-399.76743568102495,0.09618481269484806,19.945916600750277,1.1558863251873033
24,881,3 9 18 20,-399.7673785770251,0.09619908326052429,19.94887589863576,1.0721942189429436
24,882,5 18 19 22,-399.7669930575306,0.09629542644631693,19.96885465718434,1.0261498282093668
24,883,17 20 21 23,-399.7669721532103,0.0963006505370415,19.969937980788007,1.1798933593362677
24,884,2 6 19 20,-399.7668007911937,0.09634347473358346,19.978818466477886,1.1102562018789792
24,885,6 12 18 21,-399.7661549587838,0.09650487137564283,20.012287408943582,1.1908758999346487
24,886,15 18 19 21,-399.76573670198803,0.0966093957713112,20.03396271110754,1.1322503546822436
24,887,2 7 8 21,-399.76564637694963,0.09663196843515941,20.03864362130489,0.8237631512254647
24,888,7 10 18 22,-399.7655223001178,0.09666297583538208,20.04507364909742,0.9695327385156267
24,889,6 9 17 21,-399.7654930619823,0.09667028258682962,20.046588855614043,1.1488115616871208
24,890,4 19 21 22,-399.76538746147764,0.09669667266355313,20.05206138557659,0.861062338347483
24,891,8 10 18 21,-399.7651585933657,0.09675386791138324,20.063922006928507,1.1797025299633084
24,892,2 3 13 17,-399.7651020041336,0.09676800983411005,20.066854628029283,1.1006880295047052
24,893,0 1 2 17,-399.76507021316854,0.09677595455000049,20.068502129709927,1.000117401324428
24,894,6 7 17 21,-399.7650372325172,0.09678419657423955,20.070211284445357,1.045003031441654
24,895,6 11 17 22,-399.7648064454255,0.09684187138439126,20.08217135299485,1.121778519485086
24,896,3 19 22 23,-399.7647758707255,0.09684951214976521,20.08375582422939,1.3429281801468913
24,897,0 2 9 17,-399.7645242989705,0.09691238114776733,20.096793015401147,0.995106097926382
24,898,2 15 17 19,-399.7642817714349,0.09697298995161394,20.10936150841918,1.200652081263852
24,899,2 16 19 20,-399.76423561155025,0.09698452552999298,20.111753649941768,1.1612391039497052
24,900,3 12 19 22,-399.7640696804033,0.0970259925259531,20.120352691931153,1.151219070645068
24,901,3 8 9 22,-399.763999366587,0.09704356428863976,20.123996561511568,1.1387520107053526
24,902,6 14 17 21,-399.76392238034293,0.09706280352327967,20.12798621599899,1.119380532857063
24,903,14 18 20 21,-399.76382219785313,0.09708783961189753,20.133177968434637,0.861685568638511
24,904,2 16 17 19,-399.7638098690404,0.09709092064180914,20.13381688391349,1.3960816006116294
24,905,3 9 17 18,-399.7636202534197,0.09713830650228786,20.14364332526824,1.3201347314182126
24,906,0 16 17 20,-399.76352689189014,0.09716163799995362,20.1484815954023,1.1710129064198291
24,907,2 13 19 22,-399.7634171542502,0.09718906196679461,20.154168523932352,0.9937490308558967
24,908,14 17 18 21,-399.7634120806999,0.09719032987154999,20.154431450290474,1.1516885950022109
24,909,18 19 22 23,-399.7631782007753,0.09724877759558721,20.16655179857091,1.4507088038992566
24,910,2 12 20 21,-399.76304170310215,0.09728288902412426,20.173625511038292,0.6646475787334494
24,911,0 1 18 21,-399.7628514946193,0.0973304230437033,20.18348267625657,0.9171272244304798
24,912,2 6 21 23,-399.7626015086727,0.09739289574053828,20.19643768615868,1.1799577241841541
24,913,6 12 20 22,-399.7625140195465,0.09741475969621552,20.20097163101216,1.0192855760136854
24,914,3 15 17 20,-399.7624778915882,0.09742378824767393,20.202843888485766,1.061631970565009
24,915,2 10 17 19,-399.7624559749746,0.09742926531538802,20.2039796721171,1.2127010408709176
24,916,3 8 15 22,-399.76233715057094,0.09745896010842157,20.21013750357437,1.1256944927163937
24,917,0 3 21 22,-399.7623159448085,0.09746425953099154,20.211236448799202,0.7354987496926125
24,918,2 6 9 21,-399.7620577011663,0.09752879586586732,20.224619396866423,0.9045682730469387
24,919,2 3 14 22,-399.7619935077246,0.09754483811735624,20.227946090564956,0.8602228599192281
24,920,14 16 17 22,-399.7619787229206,0.09754853291135686,20.228712282762334,1.256230508636191
24,921,2 9 16 17,-399.7618266545429,0.0975865355342465,20.236592915115086,1.2594748039781236
24,922,2 4 12 22,-399.7613110647659,0.09771538391257549,20.26331229976935,0.8035057821184443
24,923,6 8 20 21,-399.7612447180618,0.09773196427473936,20.26675058188131,1.0750554977624884
24,924,16 18 19 21,-399.7608027748565,0.09784240801869278,20.289653383729643,1.3348779097747168
24,925,4 18 19 21,-399.7606858618188,0.09787162515212466,20.295712162557802,1.0793415793227779
24,926,3 7 17 18,-399.7603795608916,0.09794817123490213,20.311585581036425,1.2280949501125544
24,927,14 16 21 22,-399.76029133110796,0.09797022028444816,20.31615790894401,0.9611234749521314
24,928,6 15 21 22,-399.7602757176805,0.09797412215547133,20.31696704285855,0.9190544667416788
24,929,7 16 17 22,-399.7601503978687,0.09800544018240041,20.32346148554369,1.188164567513475
24,930,3 10 20 22,-399.76013078142466,0.09801034242661696,20.324478067596104,0.8475009949619842
24,931,15 18 22 23,-399.7600859708819,0.09802154079792703,20.326800282236405,1.3081002137523663
24,932,10 13 18 22,-399.76000827753245,0.09804095674162906,20.3308265810143,1.0605604205584271
24,933,2 3 4 22,-399.75992147547004,0.09806264899674323,20.335324920193504,0.8167805982332335
24,934,6 8 18 20,-399.75976507853056,0.09810173334814978,20.34342987139846,1.3426346503998259
24,935,13 16 21 22,-399.7595175969633,0.09816358018846787,20.356255096966223,0.9759462708006492
24,936,3 9 17 20,-399.7594875327647,0.09817109337706788,20.357813112509664,1.0730579186091946
24,937,8 15 20 22,-399.75946811876884,0.09817594502850603,20.35881920309975,0.9902743092655348
24,938,9 14 18 22,-399.7592475286699,0.09823107156085725,20.37025083337442,1.0445073004161864
24,939,4 6 17 21,-399.7586359544141,0.09838390692454972,20.401944417137237,1.083047962163455
24,940,0 3 10 18,-399.7583479763184,0.09845587404313266,20.41686829238359,1.082418098423745
24,941,0 3 16 18,-399.758048437195,0.09853073031845123,20.43239129422468,1.2818404145914297
24,942,1 8 20 22,-399.7579424671324,0.09855721274949038,20.437882975770787,1.0078745088705854
24,943,2 13 18 20,-399.757762041182,0.09860230206692037,20.447233181274605,0.9547101937536511
24,944,10 16 21 22,-399.75775867497447,0.09860314329845699,20.447407628087998,0.9940008886788473
24,945,14 15 17 22,-399.75773591189727,0.09860883190151579,20.448587277962094,1.0354556141827145
24,946,2 6 13 17,-399.75771758815927,0.09861341109224452,20.449536868170934,1.194554012537477
24,947,8 11 18 22,-399.7576827217603,0.09862212437393254,20.45134374791628,1.1486548359339424
24,948,3 8 16 22,-399.7575677290788,0.09865086160107221,20.457303008217416,1.329189252933501
24,949,3 15 16 22,-399.757564610742,0.09865164088851482,20.45746460963767,1.140782101316542
24,950,10 16 17 22,-399.75752730751844,0.09866096314445724,20.459397772829956,1.2813433098159261
24,951,2 3 13 22,-399.75746085140923,0.0986775708474864,20.462841724637613,0.8745613415437913
24,952,4 8 17 21,-399.75726006202603,0.09872774908523262,20.473247223356356,1.1181420443909924
24,953,2 14 22 23,-399.75706688665946,0.09877602454340809,20.48325814125132,1.0833802742519723
24,954,3 4 18 20,-399.75677201764097,0.09884971373691992,20.498539124464614,1.000351956221588
24,955,1 2 19 21,-399.7567614314563,0.09885235927565368,20.49908773181196,0.9070124919873996
24,956,9 20 21 22,-399.75673617763573,0.09885867032752771,20.50039645936276,0.6264484551272758
24,957,2 9 10 18,-399.75668948608933,0.09887033877074289,20.50281615316587,1.0486614918736186
24,958,0 2 9 22,-399.75665769935176,0.09887828243016017,20.504463435764883,0.7443691978726009
24,959,12 15 21 22,-399.7563018280174,0.09896721639737578,20.522905739111508,0.778096808089363
24,960,6 12 17 21,-399.75629142032176,0.09896981733084106,20.52344509663094,1.190519896442241
24,961,13 18 19 22,-399.7559593589308,0.09905280107807188,20.54065349840571,1.213140100715472
24,962,1 2 8 18,-399.7557207428076,0.09911243240104159,20.553019290482673,1.2404492454501852
24,963,3 5 18 21,-399.7555759402795,0.09914861925298239,20.5605233850547,0.7913611786815342
24,964,2 8 14 18,-399.7555581174613,0.09915307326143546,20.561447016121342,1.209717209513559
24,965,4 16 17 21,-399.75522255180067,0.09923693274260137,20.578837019497698,1.1346284227278989
24,966,2 9 19 21,-399.75509908987743,0.09926778647419861,20.585235180912353,0.9010492711669953
24,967,0 2 4 17,-399.7550185451096,0.0992879150011466,20.58940924861132,0.9191654879104931
24,968,2 10 22 23,-399.7549637924827,0.09930159794734435,20.592246691405734,1.1132385519554682
24,969,6 7 21 22,-399.75495834464823,0.0993029593875271,20.592529014275442,0.8052970607400023
24,970,13 15 17 22,-399.7549270270098,0.09931078581680594,20.5941519867729,1.0483591254443907
24,971,2 6 14 21,-399.7548816874317,0.09932211639660374,20.596501617586263,0.8656194778673383
24,972,1 6 17 21,-399.75483173812125,0.09933459897080377,20.599090138341055,1.1478802195422626
24,973,2 11 17 21,-399.75481952185487,0.09933765187484296,20.599723221336692,0.7980460798910609
24,974,2 9 18 19,-399.7547204101449,0.09936242037040345,20.60485948279975,1.2034538175430047
24,975,5 8 18 21,-399.7545493559987,0.09940516762864886,20.613724013737478,0.9565643329544719
24,976,7 8 18 21,-399.75424443146215,0.09948136974473883,20.629526103586667,1.071913305044228
24,977,6 16 20 21,-399.7541520089403,0.09950446657984212,20.634315711569513,1.0896925762131018
24,978,3 5 17 18,-399.7541155107397,0.09951358765664976,20.636207156094038,1.1234805155071677
24,979,2 3 5 18,-399.75410313323925,0.09951668085386614,20.63684859471599,0.8761397636254918
24,980,2 12 15 18,-399.75409956515244,0.0995175725360131,20.637033503510207,1.0829713855444232
24,981,1 2 10 22,-399.7540180331118,0.09953794778721083,20.641258734601507,0.8258387429277809
24,982,6 13 18 21,-399.75393487014446,0.09955873061486371,20.645568485127377,1.1234038798326196
24,983,4 16 20 22,-399.7538256095563,0.09958603536415346,20.651230691424598,0.9510032215866084
24,984,4 13 18 22,-399.75378813625014,0.09959540012456367,20.65317266880018,0.9888262722093367
24,985,0 2 7 18,-399.75362786641443,0.09963545233146473,20.66147832492345,0.8653140180579019
24,986,0 4 18 21,-399.75356513489623,0.09965112924119066,20.66472925742714,0.8305124011972808
24,987,0 12 17 21,-399.75348582524214,0.09967094910723857,20.66883931788423,0.9682226481240499
24,988,3 4 8 22,-399.75335239594574,0.09970429373358403,20.675754018007208,1.0706559325432972
24,989,3 8 19 21,-399.7533432889817,0.09970656960793726,20.67622596777528,1.197091032939629
24,990,9 12 17 22,-399.75333555868673,0.09970850144602472,20.676626574485415,1.125273857634877
24,991,2 15 19 21,-399.7531404974457,0.09975724819334152,20.68673522396237,0.8851250926004309
24,992,11 17 20 22,-399.75299331106794,0.09979403078084305,20.69436285666352,0.864307182256679
24,993,0 3 16 17,-399.75287716771106,0.09982305556731895,20.70038174835944,1.2835122459023622
24,994,19 20 22 23,-399.7528735556386,0.09982395824169622,20.70056893662069,1.2246596381647008
24,995,1 2 15 18,-399.7528465897925,0.09983069713701939,20.70196638638777,1.036676304938228
24,996,0 5 18 22,-399.7526980134518,0.09986782708298575,20.709666051073764,0.7595132127893099
24,997,2 5 6 17,-399.7521784938772,0.09999765753672983,20.736589089441917,0.9961653173308133
24,998,4 8 20 22,-399.7521750048968,0.09999852944979791,20.73676989870745,0.9298316004404071
24,999,2 4 10 18,-399.7517457268025,0.1001058081212721,20.759016357106784,0.9785322529840308
24,1000,6 8 19 22,-399.75159534965564,0.1001433880973912,20.766809344882386,1.3660046910363681
24,1001,0 3 18 19,-399.7512541702676,0.10022865047618115,20.784490268189078,1.2311065670435497
24,1002,16 17 18 20,-399.75122360390327,0.10023628915842599,20.786074307443574,1.3848809413123422
24,1003,2 10 20 21,-399.7511903280364,0.10024460495846017,20.787798761120857,0.5853310083986762
24,1004,2 4 20 22,-399.75071154176203,0.10036425596351539,20.812610879595304,0.6309249647864156
24,1005,0 3 8 21,-399.75067480346024,0.10037343704277416,20.81451476687303,0.9763242286770747
24,1006,3 7 8 22,-399.75065559115944,0.10037823828964183,20.81551040502961,1.027762093677612
24,1007,3 6 20 21,-399.75036418016794,0.10045106330549033,20.830612183074038,0.9210604805658499
24,1008,2 3 6 20,-399.75015659399094,0.10050294009487146,20.84136991171664,0.997209807109491
24,1009,4 17 22 23,-399.75011639714205,0.1005129854817734,20.843453031117246,1.26356685386814
24,1010,2 14 17 20,-399.75005008179744,0.10052955800704882,20.84688968808778,0.9406679376881215
24,1011,0 9 18 21,-399.7500475921019,0.10053018019400088,20.847018711461725,0.9055840366686614
24,1012,12 19 20 22,-399.749165167393,0.10075070239557436,20.892748565458042,1.0127039472820403
24,1013,2 4 17 19,-399.74893216355156,0.10080893118220711,20.90482351252504,1.1455682327341106
24,1014,8 17 19 21,-399.74883127911664,0.10083414269030255,20.910051641829053,1.318314615754459
24,1015,2 13 17 18,-399.74881737360215,0.10083761774561215,20.91077226664961,1.2211355377524475
24,1016,2 5 16 18,-399.74767181505115,0.1011238983666702,20.970138493313172,1.0460659177304281
24,1017,7 17 20 21,-399.7474393600303,0.10118199000038271,20.982184998876445,0.7647290862151291
24,1018,2 3 7 22,-399.74743239523195,0.10118373053716276,20.98254593529128,0.7579206382878132
24,1019,10 19 20 22,-399.74706342655037,0.101275937594779,21.001666981844117,0.9600257967713379
24,1020,13 16 17 22,-399.7469930691973,0.10129352023751562,21.005313107628627,1.2614000923433526
24,1021,9 17 18 20,-399.7469001494552,0.10131674133036159,21.010128483032577,1.1976806054716473
24,1022,3 9 16 22,-399.7467538641256,0.10135329874156915,21.01770942075711,1.1477501218243147
24,1023,8 15 17 21,-399.7466915628646,0.10136886812793623,21.020938056061397,1.1620875865423534
24,1024,0 10 21 22,-399.7464029657078,0.10144098995289505,21.035894012884707,0.64332720275098
24,1025,2 3 20 21,-399.74626763652793,0.1014748093692996,21.04290717057761,0.6722442665756392
24,1026,6 10 20 22,-399.7458742372106,0.10157312176091592,21.06329428481175,0.9594374343908899
24,1027,1 3 8 22,-399.74586404210714,0.10157566956657005,21.063822625177224,1.1343002609759187
24,1028,2 10 15 17,-399.74577846845955,0.10159705483488166,21.06825730427341,1.0350710796377633
24,1029,0 2 15 22,-399.7457204756993,0.10161154750608917,21.071262660349152,0.7214720840822442
24,1030,2 13 22 23,-399.74568840075904,0.10161956318874736,21.07292487846155,1.0916429703355357
24,1031,3 12 18 20,-399.74565568815393,0.10162773822693955,21.074620142250296,1.1106094387548318
24,1032,2 8 14 21,-399.74560060595735,0.10164150353420634,21.07747466432124,0.9038221688048301
24,1033,0 19 20 22,-399.74522014136136,0.10173658347641953,21.09719146310324,0.8916927174428707
24,1034,0 2 6 20,-399.74509532695834,0.10176777519925474,21.103659714013897,0.860714175857322
24,1035,0 2 8 19,-399.7450095879651,0.1017892017882376,21.1081029618086,1.1473907200567097
24,1036,0 18 21 23,-399.7448625701008,0.10182594226341264,21.11572186164509,1.1772258976932208
24,1037,1 6 20 22,-399.7448387182333,0.10183190296042467,21.116957935845925,0.9621662510538814
24,1038,0 3 12 22,-399.7443125990069,0.10196338269907515,21.144222987659575,0.9119270060073733
24,1039,13 18 20 21,-399.7440075751256,0.10203960964190813,21.160030225849034,0.8683320264249824
24,1040,7 19 21 22,-399.7439059923151,0.102064995677436,21.165294547037345,0.7997427326974182
24,1041,2 7 18 19,-399.7437986003946,0.10209183343764372,21.17085991345909,1.0994255697507083
24,1042,4 7 17 22,-399.7437712134144,0.1020986775764228,21.172279187640395,0.8895429110226153
24,1043,9 16 18 21,-399.74376214169774,0.10210094464227774,21.172749310783587,1.1849725587374937
24,1044,16 17 19 21,-399.743711253263,0.1021136619081898,21.175386499734362,1.331094378261467
24,1045,3 6 8 21,-399.74367003000077,0.10212396380074225,21.177522810903703,1.1925755835393357
24,1046,1 10 17 22,-399.7435583216453,0.10215188025891979,21.18331186773084,1.0779203747478634
24,1047,0 2 6 16,-399.7432472062486,0.10222962950090277,21.19943478623445,1.1635896700901949
24,1048,16 19 20 21,-399.7427665699495,0.10234974283609433,21.224342778455316,1.0842323933597915
24,1049,12 16 21 22,-399.7427537033023,0.10235295827343979,21.225009566104326,1.037093632026569
24,1050,2 3 5 17,-399.7426596745038,0.10237645652484957,21.229882416087097,0.8760235718638264
24,1051,3 5 17 21,-399.74263515130843,0.10238258498994546,21.231153280481056,0.7909135001166521
24,1052,2 8 12 18,-399.7424793041415,0.10242153195053316,21.239229740849073,1.2736396572351032
24,1053,0 16 20 21,-399.7424383416687,0.1024317686705627,21.241352537143555,0.8416685421676352
24,1054,7 9 17 22,-399.74231379023377,0.10246289467639447,21.24780716027002,0.961558502338047
24,1055,3 6 12 22,-399.74216133396664,0.10250099423472797,21.255707894198324,1.1407926989513713
24,1056,0 2 6 19,-399.7421255302557,0.10250994175521583,21.25756334821891,1.1111903989121426
24,1057,8 9 18 21,-399.7419196766997,0.10256138555423092,21.26823128732522,1.167355607453479
24,1058,3 14 21 22,-399.7416838229256,0.1026203265528077,21.280453926316138,0.7627492758241553
24,1059,1 14 18 22,-399.7411140286363,0.10276272090086006,21.309982348850788,1.0402339811297516
24,1060,3 8 14 22,-399.7408688919191,0.10282398175180292,21.322686057363217,1.0987515989050238
24,1061,2 4 15 18,-399.7407100854284,0.10286366826170541,21.33091587862618,0.9575617126897812
24,1062,0 15 17 21,-399.74030754016303,0.10296426626996817,21.351776962895023,0.8914237301504021
24,1063,2 6 15 21,-399.74021840788004,0.10298654085847317,21.356396060985343,0.8786953776641773
24,1064,14 17 19 22,-399.74019453904225,0.10299250579644983,21.357633014638193,1.197534976935758
24,1065,0 2 3 16,-399.7397393217493,0.10310626679908444,21.381223718902145,1.0623503140230772
24,1066,0 10 18 20,-399.7397265471217,0.10310945924030003,21.381885737826494,0.934195781398467
24,1067,6 8 17 20,-399.7396042113063,0.10314003155209764,21.388225541006666,1.3374972963235696
24,1068,3 6 19 21,-399.7395640591034,0.10315006578175878,21.390306346721896,1.157032828541815
24,1069,17 19 22 23,-399.7394390114095,0.10318131580510494,21.396786687453144,1.4440474625000488
24,1070,6 19 20 21,-399.7392709782066,0.10322330811500616,21.405494664187685,1.0272640392927044
24,1071,10 15 18 21,-399.73906082900345,0.10327582541701716,21.41638521641375,0.9529471900066716
24,1072,3 4 17 20,-399.7389955392457,0.10329214164317502,21.419768724444445,0.9966844021356279
24,1073,3 13 21 22,-399.7387253466734,0.10335966407346914,21.43377090135359,0.7793659297089961
24,1074,2 3 6 19,-399.7385637675386,0.10340004348054115,21.44214440922121,1.2198296403475954
24,1075,0 3 10 17,-399.7383818753665,0.10344549921386464,21.45157059866312,1.0775229547205862
24,1076,1 2 22 23,-399.7381868056367,0.10349424808256578,21.461679688053138,1.1081189232302846
24,1077,0 8 16 22,-399.7381802078021,0.1034958969133383,21.462021607324548,1.2183122965735167
24,1078,6 18 19 20,-399.73816174487877,0.10350051088715088,21.462978410527523,1.302646372897153
24,1079,8 10 17 21,-399.7381466477135,0.10350428374174929,21.463760790209495,1.1713493577958645
24,1080,2 6 13 21,-399.73805901260573,0.1035261841789276,21.468302300259158,0.8737715100523414
24,1081,1 3 18 20,-399.73793432122415,0.10355734515811096,21.474764175835716,1.0623627250215375
24,1082,9 13 18 22,-399.73790092358473,0.10356569138968919,21.47649494012506,1.048360416602187
24,1083,0 8 10 22,-399.73768812582625,0.10361887057848218,21.48752274830852,1.0087693113085143
24,1084,6 20 22 23,-399.7374796447165,0.10367097101589287,21.498326855010408,1.217559234837956
24,1085,3 12 17 20,-399.7373896027672,0.10369347293439357,21.50299309469209,1.1112842617717638
24,1086,3 17 18 19,-399.737353958266,0.10370238066760276,21.504840297994924,1.4392658505264555
24,1087,15 17 22 23,-399.7371980188632,0.10374135067838626,21.51292153829929,1.3017377392375524
24,1088,2 6 11 22,-399.73700965354385,0.10378842408249722,21.522683185343194,0.8591614341438478
24,1089,5 10 18 22,-399.7369627993079,0.10380013318261999,21.52511131019966,0.8277489408038077
24,1090,5 6 18 21,-399.736931826385,0.10380787346581731,21.52671641851972,0.9068605555518087
24,1091,5 15 18 22,-399.736892085965,0.10381780478893193,21.528775884427372,0.809998342268711
24,1092,1 2 3 21,-399.7368797425485,0.10382088946839288,21.529415556716007,0.7711299489521116
24,1093,10 14 17 22,-399.73667981037613,0.10387085348501346,21.539776632239587,1.0399329517020222
24,1094,5 17 20 22,-399.7366329494867,0.10388256424786942,21.542205101898272,0.74025828415838
24,1095,2 8 13 21,-399.7365223214105,0.10391021073903242,21.547938175463536,0.9152772888137103
24,1096,2 3 9 21,-399.736511001597,0.10391303961516006,21.548524801623476,0.7651790723388961
24,1097,13 17 18 21,-399.7364333333692,0.10393244928085078,21.552549798525472,1.1519960611821651
24,1098,0 2 14 18,-399.7362220874314,0.10398524066215385,21.563497186779475,0.9432986458730978
24,1099,10 17 19 21,-399.7361848721769,0.10399454093418958,21.565425791152578,1.1363016678515514
24,1100,0 2 12 21,-399.73617634889547,0.10399667094343722,21.56586749276452,0.6703343435937726
24,1101,0 8 12 22,-399.7360365367849,0.10403161066590161,21.57311296916358,1.0574870459655121
24,1102,1 2 4 22,-399.73566756445666,0.1041238186348398,21.59223420469793,0.7314549993280558
24,1103,8 19 20 21,-399.73566077845254,0.10412551449008231,21.592585875468885,1.0627275231347149
24,1104,1 16 21 22,-399.7356513477951,0.10412787125697406,21.593074599983215,0.9863498415939326
24,1105,0 3 16 21,-399.7355215159041,0.10416031687431646,21.599802871936337,0.9885076212057229
24,1106,9 16 17 21,-399.73544385332764,0.10417972512770182,21.60382757596751,1.1854525630076385
24,1107,15 17 19 21,-399.73543726315177,0.1041813720445179,21.60416909834034,1.1223447954472865
24,1108,0 19 22 23,-399.7352012928122,0.1042403421733773,21.61639777809976,1.228240906864635
24,1109,3 4 21 22,-399.7351358828108,0.10425668844899533,21.6197875175095,0.713331955631374
24,1110,2 9 10 17,-399.7350736964868,0.1042722291120658,21.623010196442273,1.0430570808244097
24,1111,7 8 20 22,-399.73494413009905,0.10430460837885609,21.62972470923174,0.8743196944830935
24,1112,6 13 17 21,-399.73446196600145,0.10442510351827385,21.654711876480764,1.1187399335757477
24,1113,0 6 12 22,-399.73444504328575,0.10442933258675471,21.65558886157701,1.0193704733413977
24,1114,2 4 10 22,-399.73400241056106,0.1045399486449322,21.678527396354962,0.7266515835242553
24,1115,0 1 17 21,-399.7338669509984,0.1045738006446364,21.6855473108711,0.9081420845419312
24,1116,8 21 22 23,-399.7338560631339,0.1045765215746227,21.68611155215892,1.223285660659665
24,1117,2 9 17 19,-399.7338402974204,0.10458046150265869,21.686928577984695,1.1980631741558645
24,1118,2 7 15 18,-399.73378357896047,0.10459463572004471,21.689867896053116,0.9085518647273468
24,1119,4 6 21 22,-399.73372978026964,0.10460808027301757,21.692655903066054,0.8451843541370702
24,1120,2 12 15 17,-399.7336956486487,0.10461660993013445,21.69442470444664,1.077922545954161
24,1121,3 15 19 22,-399.7335708939961,0.10464778672104375,21.700889858912646,1.07629501955576
24,1122,0 1 21 22,-399.7334700704614,0.10467298300987973,21.70611483218744,0.6413963018343157
24,1123,1 2 18 19,-399.7333118987106,0.10471251089521788,21.714311759355763,1.1975512719658477
24,1124,14 17 20 21,-399.7332241054422,0.10473445085749918,21.71886146575561,0.8520718808663558
24,1125,4 21 22 23,-399.73311353174336,0.10476208375950596,21.724591721327382,0.963922409966567
24,1126,2 8 16 20,-399.73297031567193,0.10479787414825234,21.732013601030037,1.1803431497319101
24,1127,2 6 7 21,-399.73288302167566,0.104819689340017,21.736537433674467,0.7605966617626262
24,1128,3 6 10 22,-399.7325886399201,0.10489325676416819,21.7517931654843,1.089927230408305
24,1129,9 18 19 21,-399.73257069903235,0.10489774027876576,21.75272291526221,1.1287180477613934
24,1130,3 9 19 22,-399.7322640246485,0.10497437969016776,21.768615687367554,1.0883255136185697
24,1131,0 3 17 19,-399.7320237461936,0.10503442643787385,21.781067626383038,1.226489816883068
24,1132,4 14 17 22,-399.731638351533,0.105130738427074,21.801039915670888,0.9681477414059175
24,1133,2 4 19 21,-399.7314955824309,0.10516641711601801,21.80843863210192,0.8119766145950942
24,1134,3 16 17 18,-399.73140880983203,0.10518810200805219,21.81293544439371,1.4781259994299187
24,1135,2 13 17 20,-399.7313919079247,0.10519232587641676,21.813811351137947,0.9469977437893111
24,1136,0 2 13 18,-399.7313758755282,0.10519633244982465,21.814642197264373,0.956283945637252
24,1137,12 15 18 21,-399.7312409091133,0.10523006120952108,21.82163655540786,1.001026076261216
24,1138,2 14 20 22,-399.7312007570422,0.10524009540623978,21.823717354291794,0.671893080341489
24,1139,1 2 8 17,-399.73117969714724,0.10524535837581898,21.824808740232648,1.2333774143491703
24,1140,1 2 20 21,-399.7311388353347,0.10525556994034893,21.82692632001235,0.5803601148228178
24,1141,0 11 18 22,-399.7308679728145,0.1053232597938613,21.84096321559958,0.8634580234810318
24,1142,7 16 21 22,-399.73066878418496,0.1053730379955305,21.851285758537614,0.8603870617989028
24,1143,1 3 20 22,-399.7303059100823,0.10546372198840845,21.87009096601569,0.8362486983375934
24,1144,15 20 21 22,-399.72997599034227,0.10554617052671064,21.887188381114335,0.5937669633412548
24,1145,9 14 17 22,-399.7299628265265,0.1055494602279219,21.887870568916785,1.0352304512120822
24,1146,8 11 17 22,-399.72991537914413,0.10556131755820068,21.890329432371644,1.1400705418036965
24,1147,5 17 19 22,-399.72982686910416,0.10558343664516581,21.894916283991257,1.012973788980492
24,1148,2 13 20 22,-399.72980464636584,0.10558899021492725,21.896067931909414,0.6908778905462031
24,1149,0 9 17 21,-399.72959838882605,0.10564053497144497,21.90675680664861,0.9010013811003971
24,1150,3 19 20 21,-399.7295697899847,0.1056476819601879,21.908238883053592,0.9108850324771165
24,1151,2 8 13 18,-399.72953728441786,0.10565580525851194,21.90992341750716,1.2102114358730065
24,1152,0 3 10 22,-399.7294828714188,0.10566940333008655,21.912743259787444,0.8482350667384472
24,1153,7 10 17 22,-399.72935344012217,0.10570174883695439,21.919450771756534,0.9569141959295402
24,1154,1 7 18 22,-399.729089831571,0.10576762588852702,21.933111745248674,0.9548420004896635
24,1155,2 5 16 17,-399.7290275681315,0.10578318582311645,21.936338420530753,1.0419892033632885
24,1156,0 18 19 20,-399.7288408524634,0.10582984697141336,21.946014577777927,1.0980925513815438
24,1157,3 9 20 22,-399.728801974151,0.10583956284967425,21.94802936672501,0.8301109742701448
24,1158,3 16 19 21,-399.72848825095355,0.10591796379367481,21.96428742916379,1.2020870027981996
24,1159,2 12 18 19,-399.7284593165531,0.1059251946402577,21.965786895231815,1.2356296445395096
24,1160,4 17 19 21,-399.7284229847238,0.10593427414007106,21.967669717903917,1.068615650081622
24,1161,1 3 19 22,-399.7283811156798,0.10594473741662401,21.969839495394236,1.090860889306733
24,1162,0 2 16 19,-399.72837417137316,0.10594647283242631,21.970199369868077,1.1567057991777328
24,1163,3 14 17 18,-399.7280435836445,0.10602908830432765,21.987331402112126,1.2788185504929936
24,1164,3 7 18 20,-399.72800649290616,0.10603835745917936,21.989253553691483,0.9420925264107286
24,1165,2 11 16 22,-399.7277546998273,0.10610128176709106,22.002302214520594,0.9182112858857093
24,1166,1 16 18 22,-399.7275600699314,0.10614992071917098,22.012388510418596,1.266254384878657
24,1167,6 16 19 22,-399.7270985015814,0.10626526888168322,22.036308345214326,1.3698855059738155
24,1168,2 8 10 20,-399.7270160418226,0.10628587597412832,22.040581653398622,0.9615888912216721
24,1169,2 9 15 18,-399.72689136149273,0.1063170341914322,22.047042956242166,1.019630180418888
24,1170,2 4 9 18,-399.7268438400604,0.10632891002715866,22.049505657185566,0.9648548804435633
24,1171,2 8 14 17,-399.7268373764207,0.10633052532197178,22.049840622079977,1.2007462610896604
24,1172,7 8 17 21,-399.726651112435,0.10637707359265021,22.059493371810923,1.0635012947345124
24,1173,5 8 21 22,-399.7266490997355,0.10637757657598655,22.059597675841854,0.6937359480446125
24,1174,15 21 22 23,-399.72649046059604,0.10641722126400711,22.06781882446985,1.015683983451997
24,1175,6 9 20 22,-399.7264813017306,0.10641951010876993,22.06829346392147,0.948428300825475
24,1176,0 12 19 22,-399.72640512650105,0.10643854666696434,22.072241089242688,1.0155599067832655
24,1177,2 8 16 18,-399.72625564449186,0.10647590294385746,22.079987688342364,1.404676731698502
24,1178,3 8 13 22,-399.72623059043895,0.10648216407282504,22.081286063342695,1.105422803911862
24,1179,2 8 12 17,-399.72609855769997,0.10651515969271778,22.088128389736344,1.2703518535516116
24,1180,0 17 21 23,-399.72601707710044,0.10653552208852739,22.09235095499619,1.172891183019156
24,1181,0 15 16 22,-399.7260024324942,0.10653918184643098,22.093109881731905,1.0073085009050204
24,1182,9 10 18 21,-399.72563152808954,0.10663187265061111,22.11233124317177,0.9605076519104113
24,1183,0 8 20 21,-399.72563079969973,0.10663205467874592,22.11236899048233,0.8110738901751947
24,1184,9 10 21 22,-399.72543186829375,0.10668176859899979,22.12267820333515,0.715793101880593
24,1185,3 11 18 21,-399.72531331185394,0.10671139642657015,22.128822148114196,0.8881339915206922
24,1186,9 12 21 22,-399.72527706843726,0.10672045383164595,22.13070038898403,0.7792636742840984
24,1187,5 8 17 21,-399.72522303166255,0.10673395788293291,22.133500734206894,0.9474987240282057
24,1188,0 2 7 17,-399.72458570989807,0.1068932276735441,22.166528629895883,0.8566822816922522
24,1189,7 18 19 21,-399.72458195572216,0.10689416586025599,22.166723182376536,1.0205716715536828
24,1190,8 9 17 21,-399.7244166411488,0.10693547877148475,22.17529027169985,1.163673002897997
24,1191,0 3 15 18,-399.72438771050577,0.10694270867907352,22.17678954304796,1.0519012831211032
24,1192,1 2 15 17,-399.72428237406996,0.10696903276371933,22.18224838818396,1.02787064488318
24,1193,0 2 3 6,-399.7242197965347,0.1069846711923573,22.185491340835636,0.9986976951066705
24,1194,2 9 15 22,-399.724208332491,0.10698753611231625,22.186085441431853,0.7876305909489669
24,1195,1 2 12 22,-399.72417642902394,0.10699550894299886,22.187738773297994,0.8693395656179476
24,1196,2 9 20 21,-399.7240896488558,0.10701719572663011,22.19223597785169,0.5700969583607048
24,1197,10 13 17 22,-399.7239452942057,0.10705327065169454,22.199716862063585,1.0480743134894324
24,1198,4 10 18 21,-399.723825631323,0.10708317498469073,22.205918145979744,0.8872885672983586
24,1199,1 2 4 18,-399.72369136360237,0.10711672913730479,22.21287629572187,0.9681601388988366
24,1200,2 7 20 22,-399.7236883915124,0.10711747187696372,22.213030318200865,0.5545224300094741
24,1201,3 14 18 20,-399.72338025619104,0.10719447638370683,22.228998800400365,1.0203820532814216
24,1202,0 4 17 21,-399.7232304974856,0.10723190180833204,22.236759738717005,0.8214124358332509
24,1203,0 7 18 21,-399.7231323529457,0.10725642860341272,22.241845878570654,0.76386228529831
24,1204,3 4 16 22,-399.7230421710801,0.10727896548767932,22.246519369129377,1.0744111873395708
24,1205,1 15 18 21,-399.72293787428146,0.10730502976197664,22.251924337198954,0.9484551821584213
24,1206,6 16 18 20,-399.72277129112445,0.10734665969839949,22.26055716827405,1.341135109128603
24,1207,1 19 20 22,-399.7225917717473,0.10739152245878042,22.26986039247304,0.9514521564345689
24,1208,7 17 18 20,-399.7225500163688,0.10740195732976997,22.27202427948041,1.087169703569479
24,1209,3 7 21 22,-399.7224420064923,0.10742894952017125,22.277621670206983,0.6496673052508177
24,1210,14 19 21 22,-399.72229481733166,0.10746573280312877,22.285249447125363,0.8805484086537338
24,1211,0 12 20 22,-399.7220465927652,0.10752776532253734,22.2981131771051,0.738586601803378
24,1212,3 6 8 18,-399.72169193555544,0.1076163958741425,22.316492560929483,1.430813825624412
24,1213,1 5 18 22,-399.7216766320749,0.10762022028792997,22.31728563247908,0.8239740020820594
24,1214,1 3 17 20,-399.72150793661865,0.10766237809814357,22.32602792913727,1.059393161377092
24,1215,2 3 16 19,-399.7214271880025,0.10768255756776432,22.33021256085641,1.2600540447801463
24,1216,5 12 18 22,-399.7211422589611,0.10775376271294167,22.34497842510733,0.8777755985004891
24,1217,13 17 19 22,-399.7206320524822,0.10788126577904125,22.371418831357644,1.2011838657737122
24,1218,2 3 19 20,-399.7205656725541,0.10789785444404638,22.374858835236008,0.9829979239596456
24,1219,2 4 10 17,-399.72024450306515,0.10797811625229232,22.391502786486168,0.9684535767125271
24,1220,1 9 21 22,-399.72018017188014,0.10799419292648715,22.394836618446988,0.7173056160392078
24,1221,3 6 14 22,-399.71991755392946,0.10805982242220909,22.40844625609708,1.0527208783285462
24,1222,9 19 20 22,-399.7197942351886,0.10809064037183816,22.414836997378224,0.9452595845282249
24,1223,2 3 11 18,-399.71976665460124,0.10809753289398016,22.41626630485371,0.9632335901036386
24,1224,5 9 18 22,-399.71969146083717,0.10811632417920994,22.420163067736674,0.8175764498581718
24,1225,2 4 12 18,-399.71902796450667,0.10828213512043161,22.45454740672366,1.0138482826770827
24,1226,3 18 20 23,-399.7187769119315,0.10834487437288608,22.467557692464094,1.2947726383236036
24,1227,5 16 18 21,-399.7186714630601,0.10837122655573209,22.473022364344903,0.9591308522353217
24,1228,6 10 18 20,-399.7183466974921,0.10845238704152546,22.48985267503071,1.1501801684199275
24,1229,3 6 8 17,-399.7182966248308,0.1084649004416979,22.492447588190476,1.4330184500042578
24,1230,8 14 20 22,-399.71810868389593,0.10851186779008558,22.50218724237966,0.9516025697768498
24,1231,3 6 18 19,-399.71795637086143,0.10854993155389335,22.510080553570365,1.4009113809979352
24,1232,0 2 10 21,-399.717698641234,0.10861433943399924,22.523436863875812,0.5900640849413248
24,1233,1 15 21 22,-399.7176918937806,0.10861602565522246,22.523786536832972,0.6986194988019286
24,1234,0 10 19 22,-399.71767705306274,0.10861973442238089,22.52455562665454,0.9602993231318265
24,1235,2 3 15 21,-399.71765906801664,0.10862422897236493,22.525487664848807,0.7392531923639104
24,1236,0 5 17 22,-399.7174600647097,0.10867396086101544,22.53580060382149,0.748503803732907
24,1237,4 13 17 22,-399.71734862889,0.10870180921118582,22.5415755370402,0.9763639006196329
24,1238,12 18 19 21,-399.71708231288676,0.10876836286812898,22.55537681869445,1.168091493856829
24,1239,2 15 16 20,-399.7170562709206,0.10877487088139907,22.556726390277372,0.9611351411016437
24,1240,13 19 21 22,-399.71694425035014,0.10880286536360957,22.562531627006624,0.8941042434122397
24,1241,3 11 17 21,-399.7168969612839,0.10881468312991928,22.564982286051606,0.8896020409894012
24,1242,5 18 22 23,-399.7167111841479,0.10886110973449649,22.574609805792072,1.1063090854264392
24,1243,2 3 20 23,-399.7163535620356,0.10895048122959566,22.59314283962339,1.08715047799691
24,1244,0 3 20 22,-399.71632588860643,0.10895739695334929,22.59457695843445,0.7504803281585678
24,1245,2 14 15 18,-399.716284707305,0.10896768835969778,22.59671109507183,0.9831359735124267
24,1246,2 8 9 20,-399.71619478573507,0.10899016019482995,22.601371096342856,0.9548630093845123
24,1247,13 17 20 21,-399.7161401116326,0.10900382351739836,22.60420446977057,0.8604570104136652
24,1248,2 5 8 21,-399.7161310909307,0.10900607783443444,22.604671949181647,0.6516340381274086
24,1249,2 7 22 23,-399.7159720914291,0.10904581257869894,22.61291177284036,0.9865426315263335
24,1250,5 6 17 21,-399.7156200402642,0.10913379186709272,22.631156103725143,0.9020560019937695
24,1251,2 8 16 17,-399.7155358605433,0.10915482878637961,22.635518545423334,1.4038205226772018
24,1252,1 13 18 22,-399.7153817318572,0.10919334629030521,22.64350594904189,1.0422928290052824
24,1253,1 2 9 18,-399.7153715631563,0.10919588749782833,22.644032921148,1.03199899933498
24,1254,1 3 6 22,-399.7153708635757,0.10919606232640201,22.64406917548018,1.0848441086290674
24,1255,1 18 19 21,-399.71488483557243,0.10931752307452422,22.669256581728984,1.1248123305083177
24,1256,2 9 16 20,-399.7148712931908,0.10932090738117385,22.669958387931995,0.9739255669002217
24,1257,6 14 20 22,-399.7145467755387,0.10940200591159409,22.68677585088571,0.9092904800843024
24,1258,0 6 22 23,-399.71449844652125,0.10941408356673736,22.68928040327263,1.218936821040354
24,1259,2 12 15 21,-399.71440404440614,0.10943767511176945,22.694172599623688,0.7229445958179169
24,1260,2 14 16 21,-399.7142941948621,0.10946512704398974,22.699865327355376,0.9095173483429887
24,1261,0 10 17 18,-399.7142369054384,0.10947944394798456,22.70283423445267,1.1960625798082334
24,1262,3 6 22 23,-399.7141247612132,0.1095074693321098,22.708645879335105,1.3204696666376379
24,1263,0 3 6 21,-399.71394121930314,0.10955333734292486,22.718157563069024,0.9183689248476411
24,1264,0 15 17 18,-399.7137390017924,0.10960387247664342,22.72863707157268,1.1828988883096678
24,1265,8 14 18 21,-399.7137098947887,0.10961114645762039,22.73014548245229,1.1262465804074466
24,1266,2 10 14 22,-399.7136506443634,0.10962595342539742,22.733216014442906,0.7624767123191986
24,1267,2 10 13 22,-399.71355386770847,0.10965013837940822,22.73823126645803,0.7802768203680639
24,1268,0 2 3 21,-399.71340593108533,0.10968710845685359,22.745897779089162,0.6752443694850502
24,1269,2 4 6 21,-399.7133673575,0.10969674818235062,22.747896776180607,0.8032964733550589
24,1270,4 12 21 22,-399.7132765949508,0.1097194301822577,22.75260035947832,0.6876199088870228
24,1271,2 10 16 21,-399.71324678988145,0.10972687861320483,22.754144946178812,0.9441431164394641
24,1272,0 3 12 18,-399.7131512874058,0.10975074514365173,22.759094166461153,1.1082392545886564
24,1273,6 17 19 20,-399.71312647024524,0.10975694707207977,22.760380265001288,1.2955922330129215
24,1274,1 3 17 18,-399.713034595974,0.10977990689670084,22.765141461017883,1.3012975276578402
24,1275,9 21 22 23,-399.71293260195415,0.10980539569544229,22.770427092290706,1.022606219295779
24,1276,2 3 11 17,-399.71284763426684,0.10982662953134967,22.774830368735877,0.9651130208258856
24,1277,15 19 20 22,-399.7128340932362,0.10983001350037848,22.775532104926207,0.9278068619395091
24,1278,0 9 16 22,-399.7128332004717,0.10983023660654133,22.775578370618184,1.0144945322259438
24,1279,2 7 17 19,-399.7128282041939,0.1098314852005281,22.77583729248777,1.0896262967390653
24,1280,3 17 20 23,-399.7124895779466,0.10991610953710033,22.793385904502212,1.2960092334505704
24,1281,2 3 8 10,-399.7123765591924,0.10994435347025316,22.79924287006008,1.0906770239181656
24,1282,2 6 11 18,-399.7121743125604,0.10999489588152077,22.809723887714526,1.0666257613825165
24,1283,5 16 21 22,-399.7121345826158,0.11000482458678489,22.811782810756565,0.7119018234358208
24,1284,0 2 13 22,-399.7119013040501,0.11006312202833445,22.82387199484505,0.7006803365914143
24,1285,3 20 21 23,-399.7118309278567,0.11008070937936643,22.827519096992297,1.0152018716298443
24,1286,6 16 17 20,-399.7117951710811,0.11008964517047497,22.82937211868272,1.340258439836414
24,1287,9 13 17 22,-399.7113468503593,0.11020168268664245,22.852605422267988,1.0407366120810317
24,1288,0 6 10 22,-399.7111789283541,0.11024364720769544,22.861307636408274,0.9572581837759034
24,1289,0 1 8 22,-399.7109306015483,0.1103057052772167,22.874176664733998,0.9992586031526371
24,1290,2 4 15 17,-399.71079577591627,0.11033939885458524,22.881163727091813,0.9485055928349068
24,1291,2 13 15 22,-399.7107817419976,0.11034290599871713,22.881891006195467,0.7606448039382273
24,1292,0 20 21 22,-399.710496083417,0.11041429345926342,22.89669467732089,0.5120366380183639
24,1293,0 14 18 21,-399.7104072779033,0.11043648638654482,22.90129684126216,0.8512870944535815
24,1294,4 15 18 21,-399.71021658446347,0.11048414159922641,22.91117913838482,0.8641665290747474
24,1295,9 17 19 21,-399.7101932560722,0.11048997147700063,22.912388084502393,1.1229714492602538
24,1296,3 7 17 20,-399.7100251651696,0.11053197820633791,22.92109905140618,0.9388379507128112
24,1297,1 8 18 21,-399.7099813977286,0.11054291590147759,22.92336720943392,1.156870945661017
24,1298,2 5 6 22,-399.7098807120524,0.11056807773881323,22.928585038475294,0.7305934162782123
24,1299,0 1 6 22,-399.70984834587307,0.11057616620352466,22.93026234945654,0.9598451247145061
24,1300,3 6 17 19,-399.70968665272756,0.11061657410242975,22.938641765696914,1.4011227871725314
24,1301,12 15 17 21,-399.70933966237385,0.11070328866963627,22.956623830402485,0.9957394966217408
24,1302,4 8 18 20,-399.7092078148138,0.11073623801242166,22.96345656027775,1.1182745465864325
24,1303,2 13 16 21,-399.7088961370366,0.11081412779600545,22.979608622998306,0.9226442691864882
24,1304,2 10 12 22,-399.7088199309599,0.11083317206305461,22.983557846910507,0.858589888712076
24,1305,0 6 8 21,-399.7087528651225,0.11084993214011017,22.98703339663407,1.063403380542357
24,1306,2 8 12 20,-399.7083832486634,0.1109423010804659,23.006188012931762,1.0041629941509538
24,1307,2 7 19 21,-399.70830121306545,0.11096280217305773,23.010439339847146,0.7488960771977952
24,1308,6 15 18 20,-399.7081074316426,0.11101122908763045,23.02048166536857,1.132143222862693
24,1309,10 15 17 21,-399.7080257132891,0.11103165089930572,23.024716551740955,0.9434162276451364
24,1310,2 4 9 22,-399.7078718491824,0.11107010228354613,23.032690244070903,0.7122388487230031
24,1311,1 16 17 22,-399.7077409845349,0.11110280599173888,23.03947203651684,1.2615874641527773
24,1312,17 18 19 20,-399.7073401538545,0.11120297551692393,23.060244265929153,1.3214733872690183
24,1313,2 12 17 19,-399.7072041627022,0.11123696036343755,23.067291728987595,1.2303422072285104
24,1314,0 13 18 21,-399.70713524606316,0.11125418296477532,23.07086319271774,0.8661976856186874
24,1315,15 16 19 22,-399.7070289745361,0.1112807407332426,23.07637049704271,1.212253997877465
24,1316,3 4 19 22,-399.70700336178163,0.11128714148443458,23.07769782560821,1.0115542148816454
24,1317,0 15 18 20,-399.7070010818487,0.11128771125069414,23.077815978463917,0.9024990463726956
24,1318,3 5 8 22,-399.7069304773107,0.11130535566613606,23.081474914100564,0.8867047985708372
24,1319,2 9 15 17,-399.7068624861153,0.11132234699462891,23.084998418607768,1.0152153763392078
24,1320,11 16 18 22,-399.70684480275816,0.11132676615108753,23.085914822390226,1.142240110387868
24,1321,8 13 20 22,-399.7066069280546,0.11138621218970764,23.098242191912934,0.9613672922844757
24,1322,7 12 18 22,-399.70658003087493,0.11139293392496662,23.09963608318466,0.9928035055981747
24,1323,2 3 6 16,-399.7063519596567,0.11144993002521109,23.111455407152686,1.2534238086046026
24,1324,0 6 20 21,-399.70628664517494,0.11146625243001318,23.114840196453454,0.7555692651569288
24,1325,9 18 22 23,-399.70620604991757,0.11148639357453592,23.11901688066834,1.2949203017778128
24,1326,2 13 15 18,-399.7061208698186,0.11150768049313793,23.123431164911633,0.9931529031799045
24,1327,15 16 18 20,-399.70603688068684,0.11152866978328584,23.127783729719624,1.1818990374221015
24,1328,0 3 15 17,-399.7060085237789,0.1115357563116935,23.12925326841963,1.0481933925558455
24,1329,0 2 4 22,-399.7059825799487,0.1115422398003136,23.13059775430753,0.6293417953771534
24,1330,2 8 15 20,-399.7059068008323,0.11156117736791972,23.134524851876368,0.9360226650676985
24,1331,12 14 18 22,-399.7056814858838,0.11161748466301524,23.1462013378051,1.0691991014369002
24,1332,10 12 18 22,-399.7056084475159,0.11163573730432606,23.149986401695426,1.099965596904695
24,1333,0 2 3 23,-399.70554829273146,0.11165077027582163,23.15310380024631,1.0950928379515796
24,1334,2 6 8 19,-399.7051105861496,0.11176015526708843,23.175787047757566,1.324415362277778
24,1335,0 2 20 23,-399.7050277993851,0.11178084407983753,23.18007730234247,0.9596657939150859
24,1336,3 15 20 22,-399.70494849105,0.1118006636162623,23.184187294445366,0.8030309421250785
24,1337,0 4 17 18,-399.70492070450507,0.11180760760819848,23.185627275250596,1.131086105454409
24,1338,2 4 9 17,-399.70485152642436,0.11182489554506665,23.18921228765859,0.9596850182746977
24,1339,2 5 18 20,-399.7047972144348,0.11183846837387762,23.192026895328084,0.682995089930357
24,1340,2 4 7 18,-399.7046483879905,0.11187566082192787,23.199739521117994,0.8341270675878674
24,1341,3 6 16 21,-399.7046164913543,0.11188363194555634,23.201392498991037,1.191395034641679
24,1342,3 5 8 18,-399.70459489721986,0.11188902842416021,23.202511570798272,1.0982120229151666
24,1343,0 2 14 17,-399.70455517866594,0.11189895428283779,23.204569903541525,0.9335612286335426
24,1344,4 12 18 21,-399.7045046379229,0.11191158465889961,23.207189074079025,0.9327183799384113
24,1345,2 11 17 18,-399.70434287828516,0.11195200917453903,23.215571936144034,1.1011245994955015
24,1346,0 6 19 21,-399.70410955386,0.11201031807658722,23.2276634968047,1.0244012751115659
24,1347,10 15 21 22,-399.70409533140696,0.11201387233637386,23.228400546316944,0.6882305021876941
24,1348,0 3 4 18,-399.7040463759181,0.11202610654975743,23.230937564303336,0.9891975062553724
24,1349,2 5 22 23,-399.70399599808053,0.11203869621495939,23.23354829259935,0.8579370139100357
24,1350,1 2 17 19,-399.703896445641,0.1120635748509621,23.23870739396835,1.1886152352609003
24,1351,8 12 18 21,-399.7037900185344,0.11209017149951993,23.24422276088679,1.1953918911243107
24,1352,3 6 9 22,-399.7036938926003,0.11211419383524747,23.2492042906268,1.075169790560345
24,1353,2 7 15 17,-399.70366442010686,0.11212155915387059,23.250731642262455,0.8996875131832536
24,1354,2 8 13 17,-399.7035471722952,0.11215085994893685,23.256807770066352,1.2028392197687758
24,1355,1 14 17 22,-399.70329398614786,0.11221413239139949,23.269928623817858,1.0273993208273746
24,1356,0 8 17 18,-399.7031449840987,0.11225136872396234,23.277650349971996,1.360103775617926
24,1357,7 15 18 21,-399.70308528191515,0.1122662885883079,23.280744293408524,0.8117781641847998
24,1358,1 17 18 20,-399.7029949375369,0.11228886608527473,23.285426205853295,1.1818033824351792
24,1359,0 10 17 20,-399.70299488967,0.11228887804745288,23.28542868645913,0.9220624939200006
24,1360,0 3 9 18,-399.7028498591,0.11232512188815963,23.292944598834207,1.0548617889212109
24,1361,3 14 17 20,-399.70277417620537,0.11234403540948412,23.296866709907626,1.015744043991595
24,1362,7 14 18 22,-399.7026976124663,0.1123631690580896,23.300834468940064,0.904082993728019
24,1363,9 10 17 21,-399.7025184082513,0.11240795305792788,23.310121360506358,0.954852513790915
24,1364,0 6 16 21,-399.70249546998576,0.11241368544140176,23.311310089157907,1.0785651407433048
24,1365,0 2 13 17,-399.70243959568074,0.1124276487003972,23.314205660626982,0.9478682972805519
24,1366,0 3 12 17,-399.7023190554288,0.1124577722922103,23.32045241240811,1.1078979630973567
24,1367,1 4 18 21,-399.70211797754666,0.11250802262723622,23.33087286199371,0.8805121449840051
24,1368,11 15 18 22,-399.70210501504044,0.11251126202021836,23.33154461734103,0.9025465002046866
24,1369,2 5 18 19,-399.701904040616,0.11256148650066633,23.341959705443447,0.9672203876803679
24,1370,1 2 14 22,-399.70159710651546,0.11263819081652028,23.357865936833573,0.7606841476609392
24,1371,0 12 18 20,-399.70159694649817,0.11263823080561569,23.357874229402224,0.9688994838583865
24,1372,4 9 18 21,-399.70154780603053,0.11265051124608924,23.36042083353486,0.875109995910438
24,1373,2 11 21 22,-399.7014545912878,0.11267380606101957,23.36525149674262,0.46708556494048215
24,1374,2 17 18 23,-399.7013587208519,0.11269776454652385,23.370219785814044,1.4340855167112725
24,1375,0 6 8 18,-399.70114803562143,0.11275041580434918,23.381138116557594,1.3277476379086242
24,1376,2 14 15 22,-399.7009528873697,0.11279918429606883,23.391251275187642,0.7379372874833874
24,1377,6 14 18 20,-399.7008967013903,0.11281322544398925,23.39416299854139,1.1125739427574213
24,1378,5 15 17 22,-399.7005771348855,0.11289308665875071,23.41072387842084,0.798631092309358
24,1379,3 12 17 18,-399.70043149488237,0.11292948279975759,23.41827137342315,1.3332402263357832
24,1380,2 9 14 22,-399.7003824015102,0.1129417514708493,23.420815536930263,0.7543967418960411
24,1381,12 16 18 22,-399.7002466771247,0.11297566965105217,23.42784917534595,1.2927031790019023
24,1382,8 15 18 20,-399.70021196680955,0.11298434392664741,23.429647966368638,1.1626616374868075
24,1383,6 9 18 20,-399.70018243664873,0.11299172365662369,23.431178306497383,1.140641088421659
24,1384,0 11 17 22,-399.7001544624735,0.11299871453827703,23.432628010858362,0.8545567857411294
24,1385,0 10 20 22,-399.7001497768879,0.11299988548878052,23.432870831740697,0.6623811453057494
24,1386,0 2 3 19,-399.69993781046674,0.11305285692235459,23.44385555756891,0.9874434505734725
24,1387,4 5 18 22,-399.6998489972216,0.11307505178176123,23.448458122176426,0.7258147568638336
24,1388,3 4 8 18,-399.6996735405286,0.11311889925773441,23.457550806087855,1.2345993284808536
24,1389,6 15 20 22,-399.6996404589237,0.11312716651075895,23.459265192535415,0.9216905864833634
24,1390,14 18 22 23,-399.69947309649024,0.11316899119213063,23.467938408016316,1.2666110959199322
24,1391,6 7 18 20,-399.6994712826546,0.1131694444784271,23.468032406334892,1.0378852718906628
24,1392,0 1 3 22,-399.6993629365726,0.11319652068821269,23.473647220224077,0.8375744564168288
24,1393,2 6 12 20,-399.6993584494775,0.11319764203497767,23.473879754742033,0.9612947082237788
24,1394,5 10 17 22,-399.69906093400334,0.11327199259055076,23.48929788510098,0.8155541601720515
24,1395,1 12 18 22,-399.69865908944337,0.1133724154891425,23.510122656746287,1.0996996670220345
24,1396,3 7 19 22,-399.6986067511483,0.11338549508215215,23.512834981738482,0.9646397366762243
24,1397,5 16 17 21,-399.6985298859049,0.11340470407814376,23.516818365614782,0.954934731563466
24,1398,0 1 3 18,-399.6985085243765,0.1134100424273839,23.51792538309234,1.0573313931357646
24,1399,0 3 19 21,-399.6984557644887,0.113423227378459,23.52065955626543,0.9111932316547513
24,1400,2 4 8 20,-399.6983085739912,0.11346001099550017,23.52828740246299,0.8740701873031524
24,1401,0 8 15 22,-399.69797882881323,0.11354241590990283,23.545375771240938,0.9750886154026573
24,1402,3 6 13 22,-399.6975348621701,0.11365336532075743,23.568383433613054,1.0564414896997565
24,1403,4 20 21 22,-399.6973958445509,0.11368810649598673,23.57558773712336,0.49604524262827965
24,1404,0 1 2 21,-399.69735208502846,0.11369904221223685,23.577855484787293,0.5855023137445549
24,1405,0 8 9 22,-399.6972825594231,0.11371641699719123,23.581458506947925,0.9883426655311738
24,1406,2 6 18 23,-399.69725525803295,0.11372323974660416,23.58287334560036,1.4023853588684525
24,1407,2 15 20 21,-399.6969707039755,0.11379435118147088,23.59761977707402,0.537672065311387
24,1408,2 6 11 17,-399.6968842950763,0.1138159451832026,23.60209774137576,1.0643935558891573
24,1409,0 6 18 19,-399.6968751305623,0.11381823543956053,23.602572673550913,1.2956834633742298
24,1410,7 13 18 22,-399.69686723490827,0.11382020860168593,23.602981849657724,0.9170635744999608
24,1411,0 2 14 22,-399.696754823839,0.11384830067144129,23.60880732318919,0.674494987773501
24,1412,2 4 12 17,-399.69666060974436,0.11387184522925005,23.613689775764577,1.0084815466469972
24,1413,0 16 19 21,-399.6964189663638,0.11393223307847634,23.626212449257615,1.0758383645427048
24,1414,0 2 5 18,-399.6963190062885,0.11395721358463892,23.63139267551791,0.697316254243828
24,1415,0 1 18 20,-399.69606935254683,0.11401960326184041,23.644330469576484,0.9168988905667597
24,1416,2 11 18 20,-399.6958077609863,0.11408497625769343,23.65788691665678,0.7991607893934537
24,1417,3 6 14 18,-399.69555581444706,0.11414793891610245,23.670943530257222,1.2310122515639024
24,1418,14 21 22 23,-399.69549305108694,0.11416362378327843,23.674196112903285,0.9833199103580078
24,1419,6 13 20 22,-399.69530062941806,0.11421171088875656,23.684167971958423,0.9160419477550183
24,1420,1 2 9 17,-399.69472934331,0.11435447804952804,23.71377370494569,1.027412853459934
24,1421,2 7 15 22,-399.6946681872158,0.11436976125316596,23.716942994323233,0.6310256255768247
24,1422,3 12 15 22,-399.69452157765136,0.11440639969223314,23.724540734855655,0.9391864050867502
24,1423,2 12 22 23,-399.6944682806459,0.11441971887161141,23.72730274305244,1.13134818190534
24,1424,2 9 13 22,-399.69440416485844,0.11443574171691374,23.730625412475536,0.7695326940038367
24,1425,2 14 16 18,-399.6943506280814,0.11444912081636578,23.733399846342866,1.1984168472212324
24,1426,14 16 20 22,-399.6943505786554,0.11444913316815669,23.733402407742986,0.9603897219823293
24,1427,3 6 10 18,-399.6943494348675,0.11444941900629015,23.733461682210667,1.2577929313792153
24,1428,0 4 16 22,-399.69434921308175,0.11444947443161896,23.73347317580259,0.9372666251305753
24,1429,12 17 19 21,-399.69432982880016,0.11445431865731688,23.734477726511365,1.162322465008867
24,1430,4 6 18 20,-399.6943143666923,0.11445818271283402,23.735279018596113,1.07625195400677
24,1431,2 9 10 21,-399.6942477137913,0.11447483959508618,23.738733168736054,0.6651076132276489
24,1432,2 7 9 18,-399.693969401231,0.1145443912496362,23.75315614739798,0.9043906032371878
24,1433,8 10 19 22,-399.693925773944,0.11455529391961705,23.755417042232317,1.2030245462830218
24,1434,1 7 17 22,-399.6938945413317,0.11456309910044772,23.757035608423177,0.9436197390780579
24,1435,6 12 19 22,-399.69384197064767,0.11457623676858471,23.759759976498003,1.2133435019060508
24,1436,0 9 18 20,-399.69373024174297,0.11460415836211595,23.765550098247274,0.9108644431941958
24,1437,2 14 18 19,-399.6937231496612,0.11460593070764373,23.765917630865932,1.1482216023598444
24,1438,2 12 14 22,-399.693530252605,0.11465413661470925,23.775914125895174,0.8136965009764788
24,1439,3 13 18 20,-399.69338129284927,0.1146913623779379,23.78363366027856,1.020932729417622
24,1440,2 8 21 23,-399.69337771442645,0.11469225664310356,23.783819104715302,1.1817555247724887
24,1441,9 15 18 21,-399.6932599980075,0.11472167454540279,23.789919517133747,0.9297985475380156
24,1442,2 7 16 18,-399.6931923569085,0.11473857838309827,23.793424878608814,1.1287600893358627
24,1443,1 10 21 22,-399.69317157985495,0.11474377066925151,23.79450160687472,0.7068361379053312
24,1444,1 2 4 17,-399.6931637096212,0.114745737478716,23.794909465625487,0.9591357850851336
24,1445,1 2 8 20,-399.69313992008927,0.1147516825977811,23.796142309415806,0.9490632169924642
24,1446,2 6 10 20,-399.69307353866384,0.11476827163697184,23.799582390889324,0.9053436153860502
24,1447,2 10 14 18,-399.6929879518615,0.11478966019272181,23.804017751704055,0.9875675153098167
24,1448,0 1 19 22,-399.6929103347559,0.11480905708271696,23.808040099300502,0.9520832030774821
24,1449,1 15 17 21,-399.6928763283233,0.1148175554546562,23.809802413050388,0.9397103648553935
24,1450,0 17 19 20,-399.6928448718898,0.1148254165694843,23.811432578316158,1.086324902404485
24,1451,10 16 20 22,-399.69278800238544,0.11483962853360778,23.814379723953785,0.9931312836963704
24,1452,4 8 19 22,-399.6926543512008,0.11487302861089449,23.821305922979956,1.1422893273674708
24,1453,0 7 17 21,-399.69259286619365,0.11488839401148596,23.824492257601275,0.7557706226347857
24,1454,6 10 17 20,-399.6925757459806,0.11489267243550781,23.825379477592993,1.1430848494047106
24,1455,0 3 9 17,-399.69239266824934,0.11493842444579357,23.834867106210325,1.054886574302203
24,1456,5 12 17 22,-399.6923742626317,0.11494302409864224,23.83582093966429,0.8699044720345046
24,1457,11 18 19 22,-399.6923710044731,0.11494383832822708,23.835989787062733,1.0834863190742392
24,1458,3 8 15 18,-399.69236933327744,0.11494425596810377,23.836076393356556,1.2759107934774088
24,1459,7 17 19 21,-399.6921142292858,0.11500800768913422,23.849296635463404,1.0105445544531777
24,1460,2 3 8 9,-399.69205349126526,0.11502318641415162,23.852444259031206,1.0800793522587395
24,1461,0 4 8 22,-399.69186329443755,0.1150707175210604,23.86230082024687,0.9159751366371591
24,1462,2 12 13 22,-399.69186158414334,0.11507114493185426,23.862389452743102,0.8298170262729255
24,1463,2 4 14 18,-399.69184547223,0.11507517137690436,23.863224419666842,0.9155533855760827
24,1464,0 3 18 23,-399.6913602892489,0.11519642094990354,23.888368034372323,1.2940273419066997
24,1465,5 9 17 22,-399.691298505634,0.11521186097401429,23.891569843728693,0.8101975262889632
24,1466,9 17 22 23,-399.69124009377504,0.11522645838000913,23.894596918735676,1.2924842868107598
24,1467,1 2 13 22,-399.6912331781697,0.11522818662322641,23.894955305825196,0.7737270278954591
24,1468,3 13 17 18,-399.6908804956994,0.11531632367789155,23.913232352819758,1.2744753109655065
24,1469,2 6 17 23,-399.69086780120847,0.11531949609255454,23.913890218822907,1.4034309846711268
24,1470,4 10 17 21,-399.69082707735004,0.11532967318169057,23.916000649414375,0.8774007478273717
24,1471,1 9 18 21,-399.69066031458027,0.11537134800420935,23.92464278855278,0.9475193833002681
24,1472,0 3 21 23,-399.6905394951439,0.11540154136555529,23.930904008494156,1.019114420660732
24,1473,0 2 7 22,-399.69037703101264,0.11544214193753083,23.939323379493356,0.5607343441149422
24,1474,6 10 19 22,-399.69037093075076,0.11544366642247271,23.9396395130768,1.1684765837151965
24,1475,14 15 18 21,-399.6902671142003,0.11546961068041815,23.945019593265656,0.8948231583485644
24,1476,8 11 21 22,-399.69025389553485,0.1154729140888329,23.945704623541147,0.797094872698678
24,1477,2 3 8 15,-399.6900325176624,0.1155282374895913,23.95717707856477,1.0665899208479304
24,1478,8 18 19 20,-399.68993235867106,0.11555326770583435,23.962367613241657,1.3121368954943382
24,1479,5 17 22 23,-399.68992193922026,0.11555587157697149,23.962907579948308,1.0988311944164413
24,1480,1 2 10 18,-399.689758357944,0.11559675132887465,23.97138484469806,1.0218577104963391
24,1481,0 9 21 22,-399.6897179762117,0.11560684291904401,23.973477545304814,0.6148340521213136
24,1482,2 7 9 22,-399.6896198472871,0.11563136581178945,23.978562875928283,0.6472671885666713
24,1483,4 16 18 20,-399.6894950436545,0.11566255484303373,23.98503056868171,1.1267652529387686
24,1484,6 7 20 22,-399.68933778499354,0.11570185454281058,23.993180176839402,0.8090227650178989
24,1485,8 13 18 21,-399.6892632418085,0.1157204832451997,23.99704322479701,1.128495085291811
24,1486,2 4 21 23,-399.6892602234627,0.11572123754439764,23.99719964438626,0.9145955054422129
24,1487,8 10 18 20,-399.6891542635099,0.11574771744895575,24.0026908020141,1.1709101241479987
24,1488,2 5 19 22,-399.68877350817985,0.11584287004702098,24.022422667494517,0.7209635173465169
24,1489,8 15 19 22,-399.68870712132707,0.11585946044253342,24.025863030229484,1.1879369068654853
24,1490,12 13 18 22,-399.6886444489888,0.11587512256291352,24.029110895855453,1.0752711686607137
24,1491,12 16 17 22,-399.688587890947,0.1158892566910273,24.032041900581493,1.2917053954774085
24,1492,0 8 19 21,-399.688477860882,0.1159167537363039,24.03774398344144,1.054278037062801
24,1493,0 2 8 10,-399.6884277697827,0.1159292717442256,24.04033985211361,0.9580134431927899
24,1494,0 4 18 20,-399.68835138801427,0.11594835991749328,24.04429818089121,0.8336930457550124
24,1495,11 16 17 22,-399.6882622073228,0.1159706466035117,24.048919787651943,1.138440278084452
24,1496,2 10 16 18,-399.68817833820805,0.11599160590082232,24.053266132822824,1.2236787523482449
24,1497,2 7 16 21,-399.68796645406735,0.11604455677211387,24.064246594635115,0.8087772438944575
24,1498,4 19 20 22,-399.6879582017749,0.11604661905989871,24.06467425279663,0.8573185211588998
24,1499,2 12 16 21,-399.68788694668706,0.11606442605089388,24.068366901847444,0.9843490717108485
24,1500,3 6 7 22,-399.6876598164216,0.11612118700247978,24.08013746286214,0.9596807124909106
24,1501,1 6 18 20,-399.68759166141916,0.1161382192671451,24.08366945633406,1.1392378499507994
24,1502,9 16 20 21,-399.6871180661522,0.1162565730143499,24.1082125614771,0.8842668567468165
24,1503,3 8 18 19,-399.68711641428615,0.11625698582366494,24.10829816605374,1.4164418647790977
24,1504,3 6 7 18,-399.6870816487485,0.11626567389962292,24.110099818867976,1.1598064883465513
24,1505,3 12 20 21,-399.6869799542487,0.1162910878468477,24.115369928125766,0.7529055291434611
24,1506,2 4 15 22,-399.68697225674975,0.11629301148906093,24.115768835251323,0.685307729350867
24,1507,10 11 18 22,-399.6867377732891,0.11635161003968278,24.127920460553508,0.9116437138718617
24,1508,0 3 7 18,-399.6866984524969,0.11636143649578579,24.12995818011047,0.9374671876998218
24,1509,2 3 8 12,-399.686676677744,0.11636687811182253,24.131086612100944,1.125386036299973
24,1510,13 16 20 22,-399.68652904953535,0.11640377111499678,24.138737141782794,0.9717611477062683
24,1511,2 7 10 18,-399.68633163548657,0.11645310584035169,24.148967720705595,0.9026034010306021
24,1512,0 1 20 22,-399.68621209940875,0.11648297848419582,24.155162433218567,0.6603458223000982
24,1513,0 7 8 22,-399.6860500209532,0.1165234826739443,24.16356181736321,0.8668552874295286
24,1514,3 8 10 21,-399.6859528531825,0.11654776536967164,24.16859733815125,1.0091169471865233
24,1515,8 12 17 21,-399.6859119418571,0.11655798930771258,24.170717483835197,1.191846106741238
24,1516,13 21 22 23,-399.68568874524965,0.116613767219149,24.182284191078306,0.9935379938281486
24,1517,2 5 16 21,-399.6855777542031,0.1166415044183586,24.188036074839086,0.6637402216798342
24,1518,0 2 19 20,-399.68555614230036,0.11664690533735736,24.189156067454327,0.832573865147548
24,1519,2 4 18 23,-399.68548473976875,0.11666474917526029,24.19285635747598,1.2077506332189913
24,1520,4 16 19 22,-399.6854385193732,0.11667629987560568,24.19525163485205,1.1560220375424568
24,1521,3 6 10 17,-399.68534403985564,0.11669991076388002,24.200147842425732,1.258005097391979
24,1522,3 5 8 17,-399.6852605853089,0.11672076645863415,24.204472703456922,1.0941824898147239
24,1523,3 14 16 22,-399.6851499571535,0.11674841296959954,24.21020578112862,1.0910353524344663
24,1524,3 6 15 22,-399.68512006109347,0.11675588413955797,24.21175508323491,1.0541748352818037
24,1525,3 10 19 21,-399.684850133985,0.11682334022915858,24.225743503024788,0.9703438800491697
24,1526,1 5 17 22,-399.6847483365267,0.11684877990620912,24.231018947895798,0.812662301547634
24,1527,12 15 20 22,-399.68464375378807,0.11687491563828543,24.23643873421849,0.7799559585519251
24,1528,1 2 6 20,-399.68462435872743,0.11687976255771931,24.237443843529306,0.9048553055694333
24,1529,2 3 14 21,-399.6846224022867,0.11688025148171345,24.237545232063912,0.701120239263936
24,1530,8 16 20 21,-399.68418899213043,0.11698856277545494,24.260005826115712,1.0931344084832757
24,1531,15 16 20 21,-399.68410557694693,0.11700940863315133,24.26432864722888,0.8681417173011442
24,1532,1 17 19 21,-399.68397205226717,0.11704277709626229,24.27124829039976,1.1155324754580918
24,1533,2 3 10 19,-399.6839615580541,0.11704539965085557,24.271792131508693,1.0417510435385322
24,1534,3 14 19 22,-399.6839598417887,0.11704582855387463,24.271881073448785,1.0364206426641027
24,1535,1 8 17 21,-399.68394302183253,0.11705003194224883,24.272752733242083,1.1497647772971342
24,1536,6 15 17 20,-399.68392339435616,0.11705493694350083,24.273769887022997,1.1258949362815693
24,1537,6 9 17 20,-399.6839203952385,0.11705568643750804,24.27392531015625,1.1379145088407827
24,1538,2 4 16 20,-399.68392035904276,0.11705569548299576,24.273927185925807,0.8884870342288639
24,1539,2 9 12 21,-399.68373804241264,0.11710125729042437,24.283375372034293,0.7260108259345802
24,1540,1 2 16 21,-399.68372580174287,0.11710431629298906,24.284009719685727,0.9338879068704428
24,1541,0 3 4 17,-399.68370375093264,0.1171098268970887,24.285152457782434,0.9849920266373118
24,1542,2 14 15 17,-399.68354079620224,0.11715055007215663,24.293597253076676,0.9732255992162935
24,1543,8 14 17 21,-399.68349182351244,0.11716278858413633,24.296135162466165,1.1172886008685199
24,1544,2 14 19 21,-399.68339523195385,0.11718692728168031,24.30114082224314,0.8316040309533612
24,1545,3 6 14 17,-399.68334429381116,0.11719965696984223,24.303780587205175,1.2299012535108036
24,1546,2 7 10 22,-399.68321075617916,0.11723302866977754,24.310700901598743,0.6465724180722644
24,1547,14 17 18 20,-399.68316529215883,0.1172443903482923,24.313056981376313,1.1414238535947665
24,1548,10 21 22 23,-399.68315212507997,0.11724768086496715,24.31373933828206,1.0106436959606322
24,1549,2 9 12 18,-399.6831115008365,0.11725783305984172,24.315844606531893,1.0628753599432954
24,1550,2 3 4 21,-399.68308216850295,0.11726516335182863,24.317364694667777,0.652796241321003
24,1551,15 16 17 20,-399.683023052366,0.11727993676029251,24.32042826743851,1.1761285796290972
24,1552,2 15 21 23,-399.6829422652846,0.11730012584256758,24.324614892540968,0.9681227665443948
24,1553,3 12 19 21,-399.68292668391183,0.11730401970296972,24.325422365287032,1.0197378599943723
24,1554,3 6 15 18,-399.6828753684781,0.11731684367798448,24.32808168258431,1.2405502352715645
24,1555,0 18 20 23,-399.68280814626485,0.11733364283412044,24.331565336166022,1.1751930282419782
24,1556,11 17 18 21,-399.68272985680926,0.11735320774762757,24.335622526923903,1.022585022234714
24,1557,3 8 10 18,-399.6825464305176,0.11739904686483695,24.345128218969183,1.2838148190886927
24,1558,13 20 21 22,-399.6825390370781,0.11740089452112926,24.34551136883745,0.5676004655974118
24,1559,0 3 17 23,-399.6825068086738,0.11740894855519393,24.34718153990971,1.2942468035842343
24,1560,14 20 21 22,-399.6823609676914,0.11744539492188212,24.354739450249145,0.5458396428915085
24,1561,3 7 8 18,-399.68235429880815,0.11744706150805483,24.355085051471185,1.1909537172472704
24,1562,3 15 18 19,-399.68234449610685,0.11744951125050897,24.355593056397478,1.2403272970515056
24,1563,4 7 18 21,-399.68228542040055,0.11746427455516528,24.35865453393406,0.7369247266295277
24,1564,3 4 8 17,-399.682277083268,0.11746635804490382,24.359086588760594,1.231243324590365
24,1565,4 11 18 22,-399.6822039981712,0.11748462236398557,24.362874074279016,0.8333685306624126
24,1566,10 18 22 23,-399.6820072855906,0.11753378178904657,24.373068301048665,1.2858486639987072
24,1567,3 10 18 19,-399.68181411752346,0.11758205542305819,24.38307884066541,1.2524433307501384
24,1568,13 15 18 21,-399.68167745677715,0.11761620760436119,24.390161004064367,0.9066701088971442
24,1569,0 3 8 20,-399.6816594109855,0.11762071733495165,24.391096190272346,0.97426262581341
24,1570,1 2 9 21,-399.6815823564186,0.11763997364381226,24.395089385453694,0.6636654865321354
24,1571,12 17 18 20,-399.68127666736734,0.11771636681582476,24.41093109471254,1.2128706885224447
24,1572,6 11 18 21,-399.6811870393954,0.11773876527939194,24.415575880867223,0.9816112383387532
24,1573,7 8 19 22,-399.6811699535704,0.11774303510967343,24.416461318768572,1.0986028530675955
24,1574,8 20 22 23,-399.68109884030184,0.11776080665934704,24.420146618326,1.2249598122196785
24,1575,2 9 14 18,-399.68094838364476,0.11779840650546049,24.427943726557206,0.9806182708759347
24,1576,0 3 14 18,-399.6809376430782,0.11780109062497603,24.42850033443015,1.0146451403082613
24,1577,2 3 4 8,-399.68074265006805,0.11784982032107075,24.438605447982418,1.0103815036478676
24,1578,2 10 19 20,-399.6807332717264,0.1178521640139952,24.43909146133836,0.8997892533196944
24,1579,2 8 11 18,-399.68070959695694,0.11785808045336019,24.440318357797803,1.0883722794493504
24,1580,2 11 22 23,-399.6806952283101,0.11786167124767685,24.441062983502885,0.9508512989212381
24,1581,4 12 17 21,-399.68063995292493,0.11787548483371187,24.44392751717813,0.9271213670778509
24,1582,1 4 21 22,-399.68058303516955,0.11788970885599967,24.446877163326324,0.6082365331819763
24,1583,8 16 18 21,-399.6803420770093,0.1179499254653597,24.459364326680124,1.329876197901323
24,1584,0 2 20 21,-399.68032938466564,0.11795309734341203,24.460022081405913,0.4551275357288046
24,1585,1 13 17 22,-399.68029231828666,0.11796236041074747,24.461942970612466,1.0312507739346344
24,1586,2 11 19 22,-399.68027365718706,0.11796702390977085,24.46291004389547,0.8326468699457478
24,1587,5 17 18 20,-399.6800123857979,0.11803231689325472,24.47644989875089,0.9548227140448432
24,1588,0 2 8 16,-399.6797784469022,0.11809077935446122,24.488573303089144,1.1687539242994291
24,1589,2 3 11 22,-399.67972652762865,0.11810375423197451,24.491263913150487,0.7017134213840608
24,1590,7 12 17 22,-399.67954503985436,0.11814910890432292,24.50066914550235,0.9855803698308485
24,1591,0 1 3 17,-399.67951599318076,0.11815636780850686,24.502174429896105,1.0536010444668542
24,1592,0 2 6 12,-399.6794180032572,0.11818085596422251,24.507252557075702,0.9664656545669928
24,1593,2 7 8 20,-399.6793647989905,0.1181941519677294,24.5100097592747,0.8171221006156187
24,1594,9 16 19 22,-399.67932488677104,0.11820412622435889,24.512078128337464,1.2115975115550235
24,1595,14 18 19 21,-399.67918720892936,0.11823853258271319,24.5192130006218,1.075679720728968
24,1596,10 12 17 22,-399.6791548298702,0.11824662426616543,24.52089097907574,1.0928019005339804
24,1597,7 18 22 23,-399.67886706694117,0.11831853761355843,24.535803703750187,1.1918698527992204
24,1598,4 15 17 21,-399.6788049447156,0.11833406225811428,24.539023060911592,0.8553860023963444
24,1599,1 2 15 21,-399.6787353207323,0.11835146162819123,24.54263118130749,0.6443538362830563
24,1600,1 6 19 22,-399.6785063709457,0.11840867728691645,24.554496035282007,1.1660365688939391
24,1601,0 6 8 17,-399.6784210218069,0.11843000644938739,24.558919079668012,1.3220693473911957
24,1602,4 9 17 21,-399.6780581621588,0.11852068683000527,24.577723538069023,0.869956468666533
24,1603,2 6 9 20,-399.677866928918,0.11856847694155812,24.587633809271576,0.8968380027554097
24,1604,0 16 17 18,-399.6778256304324,0.11857879763280128,24.589774018739487,1.364108269713672
24,1605,5 18 20 21,-399.6777399169232,0.11860021785319894,24.59421594587591,0.5698366130574073
24,1606,2 5 15 18,-399.67767449118617,0.11861656806123935,24.597606500755024,0.7491767859552958
24,1607,3 6 7 17,-399.6774948803617,0.11866145367475814,24.60691446402631,1.1600064352701545
24,1608,7 8 18 20,-399.677354503082,0.1186965346357283,24.614189229160022,1.0645399389110255
24,1609,0 14 17 21,-399.6772430389022,0.1187243900732226,24.619965632082398,0.8417853106484257
24,1610,14 16 18 21,-399.6770789274825,0.11876540231053445,24.628470370430517,1.1272223666215537
24,1611,2 3 13 21,-399.6770396023537,0.11877522985037085,24.63050831472209,0.7164156408310879
24,1612,3 8 15 17,-399.67693631427545,0.11880104204056191,24.635861007921868,1.273387452061323
24,1613,1 12 21 22,-399.6767267446627,0.11885341450013152,24.64672152406245,0.7625715945582787
24,1614,0 13 17 21,-399.67670163598007,0.11885968928132751,24.648022730135594,0.8579046858555693
24,1615,2 5 17 20,-399.6765881991997,0.11888803768123932,24.653901359043466,0.6769833699919939
24,1616,0 6 14 22,-399.6765395869132,0.11890018612670454,24.656420591272433,0.9068021691080624
24,1617,0 2 8 12,-399.6764213092192,0.11892974429433706,24.662550090618026,1.0034836112534058
24,1618,2 3 7 8,-399.6763329450789,0.11895182692027116,24.667129381286344,0.965684426979941
24,1619,6 12 20 21,-399.6763171584987,0.11895577206299825,24.66794748848651,0.8735958718808171
24,1620,2 7 16 17,-399.6762811152979,0.11896477943315767,24.669815353578286,1.1258302724756948
24,1621,2 13 15 17,-399.67610758763385,0.1190081448354712,24.678808069514098,0.9846204271810187
24,1622,12 14 17 22,-399.6760217426141,0.11902959792099031,24.683256811915356,1.0606789238393135
24,1623,3 10 20 21,-399.67573466188287,0.11910134078386318,24.698134183087266,0.6840298461121784
24,1624,5 18 19 21,-399.675639448492,0.11912513507062904,24.703068422143396,0.8783803928881929
24,1625,2 3 10 20,-399.6756387913397,0.11912529929617316,24.7031024777174,0.7749080661546127
24,1626,3 13 17 20,-399.6755058417815,0.119158524033618,24.709992316389325,1.0178374944333075
24,1627,3 6 15 17,-399.6754568876913,0.11917075789746238,24.712529261891518,1.2415059010982192
24,1628,8 9 18 20,-399.67537535632476,0.11919113298019773,24.716754458048644,1.163600867927918
24,1629,9 11 18 22,-399.6752820027908,0.11921446247972556,24.721592313827347,0.904872859170589
24,1630,0 6 10 18,-399.67516856529767,0.11924281105777368,24.727470979675473,1.1433820572619067
24,1631,3 8 22 23,-399.67513338643096,0.1192516024266663,24.729294052422883,1.3339019003311736
24,1632,4 8 17 20,-399.67504580105356,0.11927349043598356,24.7338329852977,1.1076828957736797
24,1633,6 7 8 22,-399.6750125682696,0.1192817954693841,24.7355552062901,1.0959174552770534
24,1634,6 12 18 20,-399.6749600633273,0.11929491670834126,24.73827616743361,1.1753759941660644
24,1635,2 14 16 17,-399.6748146342216,0.11933126014505814,24.745812733107854,1.1942373937720339
24,1636,3 9 10 22,-399.6747477653305,0.11934797100428034,24.74927807649247,0.890905969597876
24,1637,2 19 20 23,-399.6745381175924,0.11940036298774283,24.760142641317337,1.1660626077306064
24,1638,3 13 16 22,-399.6741918823946,0.11948688883783973,24.778085571614632,1.0996582796580734
24,1639,4 14 18 21,-399.6741632085808,0.11949405456255632,24.7795715333125,0.8273559581139277
24,1640,0 12 17 20,-399.6739991580216,0.11953505159053833,24.7880731176905,0.9615739646773219
24,1641,2 7 12 22,-399.67394003191475,0.11954982749053787,24.791137207132845,0.7088914334184395
24,1642,2 5 10 18,-399.6739176363816,0.11955542424256574,24.792297809789908,0.7657649574252818
24,1643,0 6 13 22,-399.67383603168014,0.1195758176520443,24.796526806377493,0.9210822414980495
24,1644,3 4 22 23,-399.673762052595,0.11959430538313212,24.800360621010835,1.1002901105823237
24,1645,3 8 12 21,-399.6736497406298,0.11962237268630456,24.806180958677466,1.0524734017327448
24,1646,0 15 21 22,-399.6735832856242,0.119638980113535,24.80962485329254,0.5888941174372045
24,1647,2 3 12 20,-399.6734873148098,0.11966296368410832,24.8145983442735,0.8328656484811934
24,1648,8 9 19 22,-399.6734759961945,0.11966579226079938,24.81518490833905,1.1929011117205812
24,1649,2 13 19 21,-399.6734203412915,0.11967970069017132,24.818069109748066,0.8437125215612904
24,1650,1 12 17 22,-399.6731790415539,0.11974000266135865,24.830573974647884,1.0930539345652257
24,1651,0 8 13 22,-399.6731208370927,0.11975454823765014,24.833590301690492,0.9604611947587851
24,1652,6 7 17 20,-399.67311895776817,0.11975501788994061,24.833687693837494,1.0309628148789234
24,1653,2 10 13 18,-399.67289848309224,0.11981011557752445,24.845113342551166,0.9932001332073362
24,1654,11 18 20 21,-399.6728243136871,0.11982865087050269,24.848957020129323,0.6992903962303267
24,1655,0 3 9 22,-399.6727560795639,0.11984570290782667,24.85249311387227,0.8202656700665036
24,1656,13 18 22 23,-399.6727262421564,0.11985315942023737,24.854039376431917,1.2671021910271894
24,1657,1 21 22 23,-399.6727218476577,0.1198542576267014,24.854267112328348,1.0090877970984307
24,1658,2 6 20 23,-399.67267366294743,0.11986629921879341,24.85676418629333,1.165261360199691
24,1659,4 10 21 22,-399.6725711718502,0.11989191223956505,24.86207557758153,0.6004756758430869
24,1660,2 4 7 17,-399.6725657908783,0.11989325697046505,24.862354435434757,0.8253173673276948
24,1661,2 10 15 21,-399.6725524193178,0.11989659858808971,24.863047389182714,0.6374926276611671
24,1662,17 18 21 23,-399.67254416400357,0.11989866163103602,24.863475203942635,1.368155134274595
24,1663,6 11 21 22,-399.67251123714743,0.11990689021159685,24.865181570852442,0.7430096768905007
24,1664,2 12 19 20,-399.67248014104695,0.11991466127746837,24.866793062598695,0.9492500122945513
24,1665,8 12 19 22,-399.67247910986805,0.1199149189740608,24.86684650133395,1.2362357146299274
24,1666,3 15 22 23,-399.6723667116166,0.11994300784058771,24.872671310609533,1.148306675920428
24,1667,15 18 19 20,-399.6723193606811,0.1199548410683171,24.875125175900685,1.1163916211117424
24,1668,2 3 8 16,-399.67229412316647,0.11996114804525973,24.876433058429914,1.270127258525588
24,1669,3 14 20 22,-399.67215486238337,0.11999594998832956,24.883649963412793,0.7667127442894848
24,1670,2 11 17 20,-399.67212318415227,0.12000386653145542,24.88529162288616,0.7944056291500861
24,1671,3 4 18 19,-399.67206592576866,0.12001817567838219,24.88825892139445,1.1904052081463776
24,1672,8 10 20 21,-399.6720622312607,0.12001909895378027,24.8884503817048,0.8582310613174409
24,1673,2 13 16 18,-399.67201002175943,0.1200321463606035,24.89115603222343,1.2012349406103264
24,1674,5 7 18 22,-399.67196560658317,0.1200432459279138,24.89345775780435,0.6577976951209749
24,1675,6 14 17 20,-399.6719196242549,0.1200547371340931,24.895840697830664,1.1043669569417933
24,1676,0 15 17 20,-399.67185633862226,0.1200705525196924,24.899120346179863,0.8919700586958549
24,1677,2 10 16 17,-399.67184846997225,0.12007251893337897,24.899528122857866,1.2208748888141914
24,1678,14 17 22 23,-399.6717921046224,0.12008660490685172,24.902449141719952,1.2588892206568658
24,1679,2 7 9 17,-399.67177223825365,0.12009156960846186,24.903478675608813,0.8997862145860935
24,1680,9 15 17 21,-399.6717337923944,0.12010117741459335,24.905471053557534,0.9253977467735552
24,1681,7 15 17 21,-399.671468792826,0.1201674020880992,24.91920411367016,0.8033337166519329
24,1682,6 8 14 22,-399.67127752448016,0.12021520097256566,24.92911620411838,1.164829866965781
24,1683,7 16 18 21,-399.671239952369,0.12022459042482396,24.931063301860984,1.051960323548326
24,1684,2 4 12 21,-399.67107369837026,0.12026613810299679,24.939679074981207,0.6318607341554149
24,1685,2 15 18 23,-399.67090803620056,0.12030753788023901,24.94826417777475,1.2467347099196235
24,1686,12 16 20 22,-399.67084726740694,0.12032272429560148,24.951413396095166,1.0329127301098127
24,1687,3 8 17 19,-399.67083215793707,0.1203265002251816,24.95219641343839,1.413475450541417
24,1688,2 9 12 17,-399.6706295802089,0.12037712537897705,24.96269458947277,1.0620928515588548
24,1689,10 18 19 20,-399.67055418155803,0.12039596786641305,24.966601970195562,1.1290926084732913
24,1690,6 7 19 22,-399.6705394559676,0.1203996478626582,24.967365093771317,1.0583687037279963
24,1691,11 15 17 22,-399.6703145023621,0.12045586485640901,24.979022853842608,0.8935961591449455
24,1692,2 4 13 18,-399.6702007969883,0.12048428037912354,24.984915402056316,0.9213457609497869
24,1693,7 20 21 22,-399.67016789822105,0.12049250194013465,24.986620313316845,0.4145126613826379
24,1694,1 4 17 21,-399.6700929933299,0.12051122103462707,24.99050210595257,0.871551596676918
24,1695,6 15 17 18,-399.6698817358158,0.12056401530889746,25.001450094123374,1.3534127118948935
24,1696,2 9 21 23,-399.6697431642295,0.1205986450183591,25.00863128289401,0.9758808901225652
24,1697,1 16 20 22,-399.6696758929733,0.12061545643055546,25.012117478024145,0.985968458085753
24,1698,4 6 20 22,-399.6695584320971,0.12064481047148014,25.018204647461552,0.8491231849199986
24,1699,10 14 18 21,-399.6695437642423,0.1206484760393256,25.018964779009263,0.9017183868828592
24,1700,8 18 22 23,-399.6695203654105,0.12065432352053017,25.020177375563364,1.4393075431436686
24,1701,11 16 21 22,-399.6693170548173,0.12070513182084093,25.030713530827704,0.8101055679809521
24,1702,0 6 17 19,-399.6692737093386,0.12071596406556555,25.032959821523942,1.2880263987474323
24,1703,2 3 15 16,-399.66922115822564,0.12072909684279617,25.03568317536785,1.0753426895035756
24,1704,2 5 17 19,-399.6692006391063,0.12073422466993756,25.036746536720234,0.9576528498633194
24,1705,1 2 7 22,-399.6690841437689,0.1207633374180503,25.04278366908662,0.6447041760938563
24,1706,9 16 18 20,-399.6687273075696,0.12085251250967231,25.061275974581875,1.1773251647258802
24,1707,2 3 7 21,-399.6686753919816,0.12086548646614717,25.063966393646787,0.5872798067831984
24,1708,0 15 19 22,-399.6686752318734,0.12086552647795709,25.06397469092576,0.9224383737348758
24,1709,2 3 12 19,-399.6686413390853,0.12087399644958893,25.06573111528264,1.0826107761161181
24,1710,4 20 22 23,-399.6685780674084,0.12088980834758098,25.06901004040411,0.9647271023973553
24,1711,1 9 17 21,-399.6685207644982,0.12090412862191711,25.071979646411602,0.9428165673239051
24,1712,7 9 18 21,-399.6684685711207,0.1209171719993374,25.07468446134993,0.8118453693323013
24,1713,3 13 19 22,-399.66842493419284,0.12092807707860435,25.076945855799732,1.0435912402715084
24,1714,3 8 9 21,-399.66825384670483,0.12097083266912466,25.08581211460755,0.9997891337773568
24,1715,4 6 17 20,-399.6681668911473,0.12099256328341568,25.090318408357966,1.069414967252546
24,1716,2 16 22 23,-399.6681616320907,0.12099387754708754,25.0905909481993,1.270681162173603
24,1717,2 18 19 23,-399.668128843958,0.12100207145998379,25.092290126049555,1.390448490330609
24,1718,8 16 17 21,-399.6681249628251,0.12100304137386152,25.092491257816334,1.3286849238915863
24,1719,0 8 14 22,-399.66808000204657,0.12101427728982236,25.094821258118976,0.9432767852360365
24,1720,8 15 17 20,-399.6680133913078,0.12103092363552645,25.098273223287055,1.1530429140483878
24,1721,2 3 19 23,-399.66769711770723,0.12110996193759627,25.11466345514571,1.2789535259809839
24,1722,0 3 13 18,-399.66748127062397,0.1211639031673986,25.125849288343638,1.022953557478179
24,1723,3 4 6 18,-399.66739066277466,0.12118654650705865,25.130544854636987,1.1884190938284687
24,1724,3 6 9 17,-399.6671868772737,0.1212374734891197,25.14110562102471,1.2490796538798963
24,1725,3 4 20 22,-399.66714061508986,0.12124903463255554,25.143503063992267,0.7201054714401285
24,1726,16 18 19 20,-399.66713707188353,0.1212499200969507,25.143686683406642,1.3176324011117877
24,1727,5 6 17 18,-399.6670675706189,0.12126728879904819,25.147288444160694,1.180298938722427
24,1728,8 12 20 21,-399.66682620699726,0.12132760673516718,25.159796619720343,0.9107317993363613
24,1729,2 13 18 19,-399.6668057105022,0.12133272890838515,25.16085880861438,1.1494541096643236
24,1730,3 6 9 18,-399.6666833621843,0.1213633043446278,25.167199259713062,1.2447941855877875
24,1731,0 9 17 20,-399.6665074943926,0.12140725455615656,25.176313247973553,0.9040327132957269
24,1732,0 2 6 10,-399.66650675984783,0.1214074381224428,25.176351314251722,0.9082940498806361
24,1733,0 6 9 22,-399.66638800829287,0.12143711471023233,25.182505370473912,0.9354674256630127
24,1734,3 8 11 22,-399.66638377354286,0.12143817299473587,25.18272482772351,0.9696999563691894
24,1735,3 15 16 18,-399.66623341762966,0.12147574766446773,25.190516715109624,1.2802911579857061
24,1736,0 3 7 17,-399.66615097817,0.1214963496840631,25.194788971333278,0.9335439490322285
24,1737,9 10 20 22,-399.666069864478,0.12151662038790013,25.198992522360136,0.7265093604809711
24,1738,4 6 17 18,-399.6659200674128,0.12155405539881435,25.206755448592705,1.3098013588533515
24,1739,3 6 12 21,-399.6657512624988,0.1215962405630475,25.2155034176744,1.0122046933391484
24,1740,0 2 5 17,-399.6655438444632,0.12164807533309098,25.226252432735503,0.6902400707511932
24,1741,6 9 19 22,-399.66553579934293,0.12165008584753965,25.22666935462155,1.1564291203946584
24,1742,3 8 10 17,-399.6655264972905,0.1216524104754213,25.2271514144453,1.2806856442440153
24,1743,15 20 22 23,-399.6654910856768,0.12166126000890715,25.22898654882794,1.0171779909398373
24,1744,9 12 18 21,-399.6654503117324,0.1216714496147735,25.23109957502314,0.984557257007038
24,1745,0 2 9 21,-399.6651999774722,0.12173400935685205,25.244072635562564,0.5651767025846443
24,1746,2 4 17 23,-399.66509613640824,0.12175995974083895,25.249453986113217,1.203278209842875
24,1747,7 19 20 22,-399.6650275211302,0.12177710703060247,25.25300983242585,0.7982542362916335
24,1748,0 9 19 22,-399.6650098771197,0.12178151635413711,25.253924197147516,0.9348704783197943
24,1749,0 2 19 23,-399.66499438480645,0.12178538795812953,25.25472705456523,1.1739994401524774
24,1750,0 6 16 18,-399.6649895622001,0.12178659315077352,25.254976976265876,1.3275337329386336
24,1751,3 10 16 22,-399.66493100520216,0.12180122682770211,25.25801157280354,1.1124245570693794
24,1752,7 16 20 22,-399.6648125130715,0.12183083858409828,25.264152184891163,0.8632607580907521
24,1753,3 15 16 21,-399.6648005688039,0.12183382351432916,25.2647711721073,1.003860614666625
24,1754,3 7 8 17,-399.6647529922062,0.12184571313614193,25.267236731881727,1.187705175750902
24,1755,2 6 16 19,-399.66457491846734,0.1218902146245347,25.276465038838126,1.3223715809552172
24,1756,0 2 15 16,-399.66453082499027,0.12190123379766189,25.278750093017127,0.9516585084406982
24,1757,4 16 17 20,-399.66451777707505,0.12190449453476584,25.279426274510964,1.1204112656338312
24,1758,6 11 17 21,-399.66439969167556,0.12193400464708183,25.285545808589593,0.979222723015513
24,1759,2 4 20 21,-399.664085445215,0.12201253635706398,25.30183098806786,0.4381556821698068
24,1760,3 19 21 23,-399.6639671889161,0.1220420891779658,25.307959378657902,1.2177255622324858
24,1761,8 9 20 21,-399.6638650366228,0.12206761753000804,25.313253212128313,0.852916506172384
24,1762,6 15 19 22,-399.6638553089847,0.1220700485138024,25.31375732705729,1.1439101276202597
24,1763,4 18 19 20,-399.6637324310962,0.12210075629229131,25.32012522206663,1.0628598406351626
24,1764,7 14 17 22,-399.66332262684676,0.12220316835576919,25.34136248832322,0.8917973463250456
24,1765,5 8 18 20,-399.6633215210746,0.122203444693585,25.34141979270291,0.9449680483726218
24,1766,2 3 8 14,-399.6632514397104,0.12222095836536206,25.34505161592792,1.0377533479256074
24,1767,1 6 17 20,-399.6627942796639,0.12233520487150425,25.368742999417627,1.13296591164239
24,1768,0 9 17 18,-399.66270778813293,0.12235681952330814,25.373225245940294,1.1723555820658127
24,1769,1 10 18 21,-399.6624230479184,0.12242797747972951,25.38798132462356,0.9366281084386162
24,1770,1 2 3 8,-399.6623181800921,0.12245418445660258,25.39341588503308,1.0714329369656526
24,1771,6 8 10 22,-399.66226893544,0.12246649093327071,25.39596788831087,1.1894816366935916
24,1772,3 13 20 22,-399.66214859115587,0.12249656555178297,25.402204484461947,0.7798027167726346
24,1773,3 15 17 19,-399.66203706969566,0.12252443530393396,25.4079838558254,1.2358800443583984
24,1774,6 14 19 22,-399.66194420205886,0.12254764337541538,25.412796530979236,1.1270862063978622
24,1775,8 13 17 21,-399.66177579945014,0.12258972800161848,25.42152365141439,1.121072427812376
24,1776,12 13 17 22,-399.66171533463705,0.1226048384507772,25.42465711656627,1.0681773883402907
24,1777,6 13 18 20,-399.6616578631555,0.12261920085191519,25.427635458440196,1.108707789047755
24,1778,0 7 17 18,-399.6615783325623,0.12263907593170183,25.431756968611612,1.0729458500628082
24,1779,4 5 17 22,-399.6615706078836,0.12264100636626288,25.43215728427143,0.7151950536208599
24,1780,0 20 21 23,-399.66148889724576,0.12266142624976206,25.436391770796483,0.8625728402877387
24,1781,3 5 6 18,-399.66133313567957,0.12270035181831296,25.444463795081823,1.0432861744515665
24,1782,3 10 15 18,-399.66104759387883,0.1227717100950079,25.459261414330154,1.082624763981533
24,1783,2 3 6 10,-399.66104462640135,0.12277245168198017,25.45941519777565,1.0317498863329864
24,1784,3 8 15 21,-399.6610354061671,0.12277475586309793,25.459893017538676,0.9833338471214956
24,1785,2 5 9 18,-399.66083262364515,0.12282543219585951,25.47040180659356,0.7582099480248184
24,1786,10 16 18 21,-399.660668805779,0.12286637107272924,25.47889133213189,1.1495024937842377
24,1787,0 3 12 21,-399.66060074347047,0.12288338017273127,25.48241852193025,0.7581970503847296
24,1788,3 9 12 22,-399.66059011387847,0.12288603655916917,25.482969378774122,0.938107964601906
24,1789,0 1 17 20,-399.66031126485143,0.12295572227935583,25.49742015872746,0.9062867869061321
24,1790,2 3 6 12,-399.6602624489258,0.12296792161521777,25.499949944136084,1.0790107912074254
24,1791,2 6 14 20,-399.66026082583903,0.12296832723244373,25.500034057283834,0.8547222144527281
24,1792,2 4 14 22,-399.66022469041843,0.1229773576487788,25.501906701478305,0.649939065307297
24,1793,7 13 17 22,-399.6602228782067,0.12297781052925413,25.50200061564144,0.9060496048513507
24,1794,9 14 18 21,-399.6601282574751,0.12300145670760466,25.506904141344638,0.8959528230589822
24,1795,2 14 17 19,-399.6601280012113,0.12300152074916106,25.506917421690122,1.138122409172885
24,1796,3 4 8 21,-399.6600808680281,0.12301329955955159,25.509360002416987,0.9276836871726986
24,1797,3 15 16 17,-399.6599851458085,0.12303722100508191,25.514320610481285,1.2816877415445544
24,1798,3 10 17 19,-399.65991977688714,0.12305355701460936,25.51770822100414,1.2473298801034267
24,1799,1 9 20 22,-399.65981338583174,0.12308014465378968,25.52322171964122,0.7276854424584304
24,1800,11 17 19 22,-399.6597292544476,0.12310116949349043,25.5275816563866,1.0738782318491646
24,1801,6 7 17 18,-399.6596166048651,0.12312932116885361,25.533419490377575,1.273166769642909
24,1802,1 2 10 17,-399.6596072279964,0.12313166449368655,25.53390542740211,1.0134736445593095
24,1803,3 9 16 21,-399.65954604670924,0.12314695399317781,25.537076022355464,1.0147212256810232
24,1804,0 3 15 22,-399.6595280931689,0.12315144066972282,25.53800642782878,0.7989702325374087
24,1805,0 2 10 19,-399.6594754282793,0.1231646018802885,25.54073567791466,0.9052415527268337
24,1806,4 16 20 21,-399.65930499452446,0.12320719409972221,25.549568058337975,0.7956741355243737
24,1807,3 8 9 18,-399.65926571149276,0.12321701111928998,25.551603821033563,1.2728629022470412
24,1808,2 8 14 20,-399.65923454665915,0.12322479936190289,25.553218874733535,0.896002092743887
24,1809,6 18 21 23,-399.65906644949547,0.12326680765591316,25.561930166104723,1.331465454617355
24,1810,9 12 20 22,-399.6589793013152,0.12328858640755719,25.566446442134065,0.7846606478912929
24,1811,2 8 11 21,-399.6589105101014,0.12330577766450901,25.570011405955444,0.7503771966182885
24,1812,0 5 18 21,-399.65877554536826,0.12333950600392314,25.577005676944676,0.5820285237632361
24,1813,2 3 9 16,-399.6587691691959,0.12334109944022104,25.577336109022426,1.0833005127402855
24,1814,2 10 14 17,-399.6586571265336,0.12336909944329262,25.583142490616762,0.9774107790347617
24,1815,2 4 13 22,-399.658572707291,0.12339019622022035,25.587517345038734,0.6685639426131734
24,1816,3 6 16 17,-399.6585267550805,0.12340167989981495,25.589898724271553,1.4225300895857194
24,1817,5 14 18 22,-399.6584307795605,0.12342566464634341,25.59487245911122,0.7523448800299769
24,1818,6 12 17 20,-399.65832298079084,0.12345260408012182,25.60045890965742,1.17261468596142
24,1819,12 19 20 21,-399.65823538132156,0.12347449561106842,25.604998572815145,0.8656889929496653
24,1820,7 10 18 21,-399.65820674392677,0.1234816522344983,25.606482647172374,0.8091866933076794
24,1821,3 11 17 18,-399.65818126843806,0.1234880186823101,25.607802862220257,1.1662356856119893
24,1822,10 13 21 22,-399.6581727169212,0.12349015574772909,25.608246027075737,0.6636125129328445
24,1823,0 3 16 20,-399.6580156096762,0.1235294176079075,25.616387788407575,0.9830888763440196
24,1824,3 4 6 17,-399.6580087437293,0.12353113344124782,25.616743602051624,1.1887133895421478
24,1825,0 2 12 19,-399.6578486301955,0.12357114658754977,25.625041158149216,0.9570402067500957
24,1826,0 2 6 23,-399.6578209947926,0.12357805280835774,25.62647330632732,1.1709732671247577
24,1827,0 3 14 17,-399.65776541650223,0.12359194209185789,25.62935353744257,1.0094021295791118
24,1828,0 1 2 6,-399.6577625164075,0.12359266683955333,25.62950382891463,0.9077859988666959
24,1829,2 9 19 20,-399.65765040609887,0.1236206837477724,25.635313716142054,0.8879903664788066
24,1830,0 2 3 12,-399.65759426744023,0.12363471307001478,25.6382229871961,0.8415518524197262
24,1831,10 17 22 23,-399.6575324193467,0.12365016920764618,25.6414281380253,1.279647247456053
24,1832,2 8 11 17,-399.65740504125756,0.12368200160803647,25.64802924672009,1.0829007447907526
24,1833,9 20 22 23,-399.6572935341423,0.12370986777531551,25.653807874685963,1.0266438757961212
24,1834,0 17 20 23,-399.65718910919,0.12373596407581752,25.65921948405357,1.1685871487169424
24,1835,2 4 14 17,-399.6571381228687,0.12374870580406028,25.66186174577617,0.905489721944071
24,1836,9 15 21 22,-399.65706582577445,0.12376677319748687,25.665608394674095,0.665636269888839
24,1837,8 17 19 20,-399.65688254582244,0.12381257574371508,25.675106502967637,1.302330113303142
24,1838,10 14 21 22,-399.65669531351296,0.12385936600318706,25.684809434095822,0.643597905701352
24,1839,6 10 20 21,-399.6566354787893,0.12387431898994308,25.687910246151404,0.8081800484487651
24,1840,1 8 19 22,-399.6566342723421,0.12387462048693769,25.687972767808837,1.1897671778016612
24,1841,0 7 18 20,-399.65646939458145,0.12391582423656464,25.696517220209074,0.7697162781038458
24,1842,3 10 15 22,-399.6563179326364,0.12395367530900275,25.704366425431267,0.8682471346693214
24,1843,13 16 18 21,-399.6563125012235,0.12395503264534605,25.704647897284712,1.131377488816708
24,1844,3 14 22 23,-399.6561906960916,0.12398547233678321,25.710960198881477,1.1254234289918232
24,1845,3 6 8 20,-399.6561728652157,0.12398992835888656,25.711884247520285,1.1795992878205728
24,1846,2 9 14 17,-399.6561264684182,0.12400152314291911,25.71428866656355,0.9747672804898628
24,1847,14 16 17 21,-399.65604560338704,0.12402173170522064,25.71847933125369,1.1226780800711205
24,1848,14 15 17 21,-399.65602587286196,0.12402666245884245,25.719501825322798,0.8850780341389443
24,1849,3 9 22 23,-399.6559021487821,0.12405758170464617,25.725913572467498,1.15311838842002
24,1850,12 15 19 22,-399.65560545457674,0.12413172702118246,25.741289142253766,1.0302621578233921
24,1851,0 19 20 21,-399.6555439917704,0.12414708687368103,25.74447432636291,0.7330829529937266
24,1852,3 7 8 21,-399.6554663669585,0.12416648568952261,25.748497073323566,0.8802101013342887
24,1853,8 10 17 20,-399.6553687737832,0.12419087469591834,25.753554639834487,1.1607934924361676
24,1854,6 8 12 22,-399.6553603128573,0.12419298912221871,25.75399310999899,1.2290812069634183
24,1855,2 13 16 17,-399.6552046568176,0.12423188831918446,25.76205966558898,1.198380178668469
24,1856,10 12 21 22,-399.6550235371749,0.12427715099367445,25.771445820276085,0.7494200403016484
24,1857,2 9 13 18,-399.6549774548788,0.12428866718228841,25.77383394092857,0.9838891851537365
24,1858,5 8 20 22,-399.6549454358312,0.12429666889710168,25.775493262518506,0.7000678172495897
24,1859,3 9 19 21,-399.65488951796726,0.12431064304168718,25.77839109134054,0.955646030797089
24,1860,10 15 18 20,-399.65481434706055,0.12432942861475116,25.78228666968741,0.9452153627559201
24,1861,2 7 10 17,-399.6546255624078,0.12437660681231795,25.79207004782868,0.893992051290263
24,1862,1 6 20 21,-399.65453300827664,0.12439973653721759,25.796866476193202,0.8108479374685793
24,1863,0 6 14 18,-399.6544066894269,0.12443130422856842,25.80341269197635,1.1049478526571466
24,1864,0 1 2 8,-399.65425658454546,0.12446881616424144,25.81119157015373,0.9461876301318056
24,1865,0 13 21 22,-399.6541495313537,0.12449556927449934,25.81673938265202,0.5760267239253267
24,1866,0 6 7 18,-399.6541158433946,0.12450398805837189,25.818485192164946,1.0312902193543758
24,1867,4 13 18 21,-399.6540927134021,0.12450976835533518,25.819683856672654,0.835170363617756
24,1868,0 2 12 20,-399.6540715761704,0.12451505065174935,25.82077925043374,0.6729582611612617
24,1869,0 13 16 22,-399.6538782725583,0.12456335815909968,25.83079681439009,0.9714364855388926
24,1870,13 18 19 21,-399.6538439498336,0.12457193557397167,25.832575519332103,1.0783149330632376
24,1871,7 17 22 23,-399.65381082732245,0.12458021304966077,25.83429202566126,1.1855272700921433
24,1872,0 2 11 18,-399.6536635890226,0.1246170086127427,25.841922349118228,0.7967902203847524
24,1873,9 16 17 20,-399.65363547512504,0.12462403441167876,25.843379294302256,1.1752493973878992
24,1874,1 11 18 22,-399.6534774872978,0.12466351633363681,25.851566690010046,0.9003357118116653
24,1875,10 11 17 22,-399.6533603463855,0.12469279041402803,25.85763727797178,0.9022700062194791
24,1876,3 4 6 22,-399.65334639351363,0.12469627730417815,25.858360356992073,0.9877892133026308
24,1877,3 6 13 18,-399.65318043057334,0.12473775224544267,25.866961046605176,1.2252356774674846
24,1878,3 6 10 21,-399.6531366710788,0.12474868795471791,25.869228792822724,0.956469823388806
24,1879,0 2 3 10,-399.6531194113743,0.12475300123833415,25.87012324167462,0.7816004168559224
24,1880,10 19 20 21,-399.6530917431055,0.12475991567248905,25.871557093060627,0.8066682360987618
24,1881,3 7 20 22,-399.65299752728913,0.12478346066056654,25.87643963486116,0.6590763511707952
24,1882,4 18 21 23,-399.65294613956723,0.12479630270074543,25.87910269834504,1.1307556960539522
24,1883,0 9 20 22,-399.65292479687264,0.12480163634332382,25.880208739798633,0.6399582123459853
24,1884,7 16 17 21,-399.6528313805226,0.12482498154089139,25.88504985089159,1.0487506518698435
24,1885,13 15 21 22,-399.65282718572485,0.12482602984114038,25.885267237698855,0.6414735916805848
24,1886,3 6 16 18,-399.65273731862436,0.12484848806408934,25.88992441620126,1.41660288078603
24,1887,1 3 15 22,-399.6527274554103,0.12485095292897859,25.890435557078245,0.87009399490495
24,1888,3 8 19 20,-399.65258821266633,0.12488575036397878,25.897651527219352,1.1781057267615507
24,1889,0 2 8 15,-399.65254604091723,0.12489628928799372,25.899836991780482,0.9267689102497405
24,1890,2 15 17 23,-399.65248287109864,0.1249120757311064,25.903110638304565,1.2431519616046807
24,1891,0 6 7 22,-399.65246516907155,0.12491649955327244,25.904028009618273,0.8088813075922228
24,1892,0 5 17 18,-399.65235667768286,0.12494361207589788,25.909650353728235,0.9569010652218995
24,1893,2 3 15 19,-399.6523249923477,0.12495153039436345,25.91129238135513,1.0135524873468855
24,1894,1 3 9 22,-399.6523090293171,0.12495551963289495,25.91211963273526,0.8844885621558989
24,1895,3 5 18 20,-399.65226938351253,0.1249654273111596,25.914174195392686,0.7790022487495628
24,1896,0 2 8 9,-399.6522085291139,0.12498063511962426,25.917327850016715,0.9405314441596959
24,1897,3 8 16 21,-399.65204290417677,0.12502202559227146,25.92591102330942,1.2015444541186233
24,1898,1 15 20 22,-399.65196480062485,0.12504154404755186,25.929958579990046,0.7075661964819006
24,1899,3 5 16 22,-399.6519646169128,0.12504158995808765,25.929968100492225,0.8829891806374394
24,1900,3 11 21 22,-399.65176204165004,0.12509221449576452,25.940466148761633,0.5921110791371342
24,1901,3 8 9 17,-399.65175468836696,0.1250940521167621,25.94084721760332,1.2737725027059155
24,1902,0 2 9 16,-399.65172035055446,0.1251026333021428,25.942626704438542,0.9598227623495987
24,1903,9 12 17 21,-399.6514710608692,0.12516493199988846,25.955545632019263,0.9834854823267528
24,1904,0 6 16 17,-399.6514472955664,0.12517087106396776,25.956777220182648,1.325877984947425
24,1905,9 11 17 22,-399.65141348598866,0.12517932024093018,25.95852933233337,0.8997857093602273
24,1906,2 3 9 19,-399.65137688058684,0.1251884681078438,25.960426332342223,1.0261298826699725
24,1907,0 4 17 20,-399.65124320652916,0.125221873901217,25.96735371671753,0.8230697243673086
24,1908,5 13 18 22,-399.65123304787653,0.12522441259762937,25.967880168092716,0.7668422216160634
24,1909,1 2 5 18,-399.6512178081895,0.12522822106911444,25.96866993367513,0.7597177020852269
24,1910,3 9 20 21,-399.6512162417929,0.12522861251919307,25.968751108970928,0.6716168147912741
24,1911,1 2 14 18,-399.6512148969178,0.12522894860998396,25.9688208043698,0.9723509407054873
24,1912,6 17 21 23,-399.6511816624352,0.1252372540678858,25.970543113391354,1.332110341230829
24,1913,8 9 17 20,-399.65109877669937,0.12525796761404812,25.974838496962672,1.1576553639234013
24,1914,6 8 19 21,-399.65106119660936,0.12526735906025374,25.97678600819162,1.2433762975737015
24,1915,10 13 18 21,-399.6510284755363,0.1252755362146311,25.97848171081527,0.9092048932326601
24,1916,1 14 21 22,-399.65098848508876,0.12528553002083692,25.98055413388832,0.6453949072251407
24,1917,2 6 15 20,-399.6506673285244,0.12536578859917658,25.997197415350392,0.8704305986820828
24,1918,8 17 22 23,-399.65065558345395,0.12536872374906688,25.997806079580037,1.4354101801638521
24,1919,3 15 19 21,-399.65064016279314,0.12537257744676883,25.998605223756904,0.9400786721416188
24,1920,0 17 18 19,-399.6504372949915,0.12542327509133486,26.009118432256635,1.3086157861635175
24,1921,1 2 10 21,-399.6503874386591,0.12543573442987277,26.011702134614783,0.6525294590872543
24,1922,2 15 19 20,-399.65033150655984,0.12544971213192793,26.014600701151963,0.8702913882055231
24,1923,0 6 15 22,-399.65017266219206,0.125489408107501,26.02283248531812,0.9144339987595573
24,1924,13 15 17 21,-399.6501668443567,0.12549086201268828,26.023133982725017,0.8982108227028306
24,1925,0 6 15 18,-399.65015681157286,0.12549336925388382,26.023653911208356,1.1194059888011678
24,1926,3 5 6 17,-399.65001336198384,0.12552921799980665,26.03108789248237,1.0431750859683888
24,1927,12 14 21 22,-399.6499716906502,0.12553963186757666,26.033247424036382,0.7064482258036616
24,1928,5 8 19 22,-399.6499015353413,0.12555716401849293,26.036883079294327,0.9746109150731952
24,1929,12 13 21 22,-399.6498772022516,0.12556324497526714,26.038144091852054,0.7246429676345985
24,1930,3 4 17 19,-399.64979506109887,0.12558377244651844,26.042400888929794,1.185293708222641
24,1931,7 21 22 23,-399.6497175519159,0.1256031423661263,26.046417643656845,0.8807989397530838
24,1932,6 8 9 22,-399.64969541357226,0.12560867484524788,26.04756491799322,1.1829022831221543
24,1933,2 4 7 22,-399.64924403436953,0.12572147669058098,26.07095672108965,0.5343105056161747
24,1934,3 6 14 21,-399.64921816576566,0.12572794137977167,26.072297308525798,0.9207655573110618
24,1935,6 15 16 22,-399.64916919044094,0.1257401805502306,26.074835354464614,1.1875171877745767
24,1936,13 17 18 20,-399.6491387498528,0.12574778780039927,26.07641287562596,1.1398396184334754
24,1937,4 8 20 21,-399.6491166873992,0.12575330131422868,26.077556217115504,0.768825360065677
24,1938,4 9 21 22,-399.6490646719211,0.12576630023371935,26.080251812779693,0.5886760496927067
24,1939,3 7 18 19,-399.64904687820126,0.12577074697034818,26.081173935882696,1.1435941251752293
24,1940,2 17 19 23,-399.648852441509,0.12581933763990966,26.09125021939871,1.3864184240500468
24,1941,1 2 19 20,-399.6488479559642,0.12582045859924954,26.09148267357603,0.8892172037500917
24,1942,3 8 14 18,-399.6487840277585,0.12583643456696617,26.094795621959086,1.242988682152545
24,1943,2 3 5 8,-399.64875333293514,0.12584410535174154,26.096386318339377,0.8302532091868878
24,1944,0 2 15 21,-399.6487065292979,0.1258558018070009,26.098811821021044,0.5389022260555493
24,1945,4 7 17 21,-399.6487054930527,0.12585606076968206,26.09886552230607,0.728611737453969
24,1946,3 7 16 22,-399.6485631446068,0.12589163433462375,26.106242439094054,1.0001422607989532
24,1947,2 3 9 20,-399.6484963098002,0.12590833667596266,26.109706016118846,0.7613556205820436
24,1948,4 11 17 22,-399.64845004723423,0.1259198979148875,26.11210347888802,0.8243072084761449
24,1949,1 6 8 22,-399.64841356966394,0.12592901383608449,26.113993854289706,1.1863440943034629
24,1950,8 15 20 21,-399.64837958478506,0.12593750682164562,26.115755051062333,0.8312221668219393
24,1951,5 17 20 21,-399.6480335714524,0.1260239772265687,26.133686483652426,0.5650186164901497
24,1952,3 4 16 18,-399.6479999398441,0.1260323819281004,26.135429372899793,1.2286247812984943
24,1953,6 10 17 18,-399.6478934400385,0.1260589967444851,26.14094850729409,1.3559400342548524
24,1954,13 17 22 23,-399.64777587920656,0.1260883757648329,26.147040856733163,1.2608097114020325
24,1955,2 5 12 18,-399.6477422245126,0.12609678623557943,26.148784942346932,0.8137865666154489
24,1956,11 17 20 21,-399.6476424066174,0.1261217312102443,26.153957800413945,0.6949678332394821
24,1957,1 3 6 18,-399.64741214142737,0.12617927559464903,26.165890822478666,1.2406412301971737
24,1958,6 8 13 22,-399.64739934810694,0.12618247270728267,26.16655381011847,1.1674390389839
24,1959,3 8 14 21,-399.64706556553074,0.12626588658702806,26.183851408794727,0.959232868809625
24,1960,0 3 13 17,-399.647039672966,0.12627235726415484,26.185193237953676,1.0189979579683945
24,1961,0 10 16 22,-399.64690651428987,0.12630563426118824,26.192093913735587,0.9868450917624499
24,1962,2 3 6 14,-399.64688828925796,0.1263101887847864,26.193038388703094,0.9936028683290902
24,1963,0 6 10 17,-399.64683146719597,0.12632438889283218,26.19598307573702,1.1357708398552033
24,1964,9 10 18 20,-399.64674535325395,0.1263459091833325,26.200445754485536,0.9554839632770182
24,1965,2 14 21 23,-399.6466320364751,0.12637422759428515,26.2063181645605,0.9338400114516664
24,1966,3 9 18 19,-399.64627178895853,0.126464255190601,26.224987254592197,1.236352832497373
24,1967,3 4 12 22,-399.6462686144157,0.1264650485242032,26.225151768775074,0.8599339098544623
24,1968,0 2 4 8,-399.6461253935722,0.1265008401055109,26.232573895780064,0.8662740820590195
24,1969,0 8 22 23,-399.64609614888263,0.1265081484948463,26.23408944194671,1.2218501536493385
24,1970,9 14 21 22,-399.64605113210916,0.1265193984042077,26.236422344071297,0.6371539779912051
24,1971,0 6 12 21,-399.64589054886983,0.12655952893219177,26.24474424169618,0.8754984914102926
24,1972,2 5 15 17,-399.6458223270236,0.1265765779014379,26.24827969920952,0.7415812933052848
24,1973,2 6 11 21,-399.64575603925135,0.12659314353624848,26.251714927299208,0.6973018968220979
24,1974,8 16 19 22,-399.64526357549335,0.1267162126106032,26.277235853362647,1.3650264253339996
24,1975,0 12 15 22,-399.6452197071429,0.12672717552349075,26.27950924081363,0.7792915141501293
24,1976,0 14 16 22,-399.6451572107908,0.1267427936640823,26.28274798631794,0.9529763368473096
24,1977,2 11 20 22,-399.64505596867957,0.1267680945572144,26.287994651463908,0.4924990672655043
24,1978,6 8 15 22,-399.6450458378503,0.12677062630043068,26.288519660949618,1.1694357389738264
24,1979,4 6 19 22,-399.64501362590386,0.126778676221607,26.29018897912914,1.0872559219720146
24,1980,5 6 8 22,-399.6450024703265,0.12678146405432528,26.290767094086558,0.9725279930444936
24,1981,0 4 19 22,-399.64497691990834,0.12678784922737144,26.292091192200306,0.8539100816495526
24,1982,1 3 20 21,-399.6448428390051,0.1268213566934204,26.299039660514484,0.675030898371938
24,1983,7 9 17 21,-399.64477407790764,0.12683854042415688,26.30260306361895,0.8073959914124207
24,1984,0 3 13 22,-399.64473139226857,0.12684920777176076,26.30481515947584,0.788663427155245
24,1985,3 9 10 18,-399.64471158877234,0.1268541567612251,26.305841435125277,1.0880663204785492
24,1986,2 5 21 22,-399.6446919916651,0.12685905417307594,26.306857015086386,0.274030504588593
24,1987,1 8 20 21,-399.64453281895123,0.12689883220393164,26.315105815117917,0.8497890867490148
24,1988,9 18 19 20,-399.64451366483274,0.12690361891075905,26.31609843809546,1.1166878937919331
24,1989,0 3 5 18,-399.6442773187947,0.12696268292847732,26.32834658765782,0.7918495751548845
24,1990,0 1 6 18,-399.6441184657209,0.127002381079728,26.336578822995865,1.132990379488023
24,1991,14 17 19 21,-399.64409473024386,0.12700831269021018,26.337808865501234,1.065273780262493
24,1992,6 9 20 21,-399.6440529304931,0.1270187586500413,26.339975052009983,0.8010445406034581
24,1993,2 14 20 21,-399.64404286202443,0.12702127480904601,26.340496829786087,0.48880871089935807
24,1994,3 6 12 17,-399.64402418637644,0.12702594194378264,26.341464657009666,1.2816442790144984
24,1995,2 3 8 13,-399.6439888145494,0.1270347815343944,26.343297729531066,1.0434385715576233
24,1996,0 1 17 18,-399.64390549729217,0.1270556029198447,26.347615475816244,1.1685200654293824
24,1997,3 6 12 18,-399.6438957124134,0.12705804820836614,26.34812255712718,1.2776251745327116
24,1998,4 6 8 22,-399.6437869323588,0.12708523286999268,26.353759860755797,1.1213741116302696
24,1999,3 6 13 17,-399.64369953885546,0.12710707292905687,26.35828885015074,1.2254569029580569
24,2000,0 14 18 20,-399.64365983820005,0.12711699431480908,26.36034625534012,0.8547241812146219
28,1,0 3 12 21 26,-725.1676098057208,0.0,0.0,1.6658055803404568
28,2,0 3 21 25 26,-725.1541455197124,0.00185671365161364,0.44532650874214047,1.4220746632271843
28,3,0 3 8 21 26,-725.1478762930097,0.002721234711007079,0.6526789697848783,1.6096120659885094
28,4,0 3 7 21 26,-725.144840394791,0.003139882507418475,0.7530902321281318,1.4884018914215906
28,5,0 3 12 20 26,-725.1349050005242,0.004509964972829766,1.0816998917168232,1.6476352278898212
28,6,0 3 20 25 26,-725.1309145346167,0.005060246846082867,1.2136831435375417,1.4064799965382146
28,7,0 3 10 21 26,-725.1275555681451,0.005523445481297319,1.3247797743480634,1.6214134618954896
28,8,0 3 19 21 26,-725.1270157378272,0.0055978876255219365,1.3426344716310918,1.6335972674046004
28,9,0 3 8 20 26,-725.1262663231894,0.005701231270168096,1.36742109633812,1.5984709153983436
28,10,0 12 21 25 26,-725.1240423965785,0.006007908868674081,1.4409766842627314,1.5892913541114013
28,11,0 3 20 21 26,-725.1161984089308,0.00708958813035215,1.7004138078941717,1.6157475557975343
28,12,0 3 7 20 26,-725.1090130284788,0.00808044601684184,1.9380677309245655,1.4653692518403068
28,13,0 3 12 25 26,-725.1080403197412,0.008214581728971911,1.9702397291907554,1.4076888565780004
28,14,0 7 21 25 26,-725.1074521039235,0.008295696192688844,1.9896947598058208,1.4064945868590735
28,15,0 3 19 20 26,-725.1065759769724,0.008416513358160273,2.018672349564346,1.6239746433708246
28,16,0 8 21 25 26,-725.1024530672715,0.008985059118494594,2.1550361331180388,1.5295164951627547
28,17,0 3 4 21 26,-725.1022837796697,0.009008403735589704,2.160635260813282,1.5044718759338591
28,18,0 3 19 25 26,-725.0993572113723,0.009411975028329819,2.257430474586992,1.3943424463041738
28,19,0 3 10 20 26,-725.0979310601095,0.009608640081136682,2.304599924373692,1.6059198974196154
28,20,0 4 21 25 26,-725.0933944843492,0.010234230041163658,2.4546455668780323,1.4454697694097494
28,21,0 12 20 25 26,-725.0898402611463,0.01072435441446828,2.572200245179388,1.5705529276391756
28,22,0 3 4 20 26,-725.0890448069991,0.010834046868511653,2.598509610412976,1.499037810702732
28,23,0 19 21 25 26,-725.0876532834753,0.011025936785406884,2.644533759952409,1.5596902549474727
28,24,0 3 21 24 26,-725.0871522661487,0.011095026650960828,2.6611047312434652,1.39133156884699
28,25,0 4 7 21 26,-725.0833783263356,0.011615449758948728,2.7859264588952057,1.512740068401027
28,26,0 20 21 25 26,-725.0801494348818,0.012060711159225291,2.892720904387902,1.5434070778787876
28,27,0 8 20 25 26,-725.0793457672155,0.012171536250620044,2.919301928871113,1.51778561326704
28,28,0 4 20 25 26,-725.078658181443,0.012266353747050039,2.9420435856775584,1.4388113514267609
28,29,0 3 13 21 26,-725.0773944455159,0.01244062186244573,2.983841205545754,1.4421940449574617
28,30,0 3 21 23 26,-725.0745920219572,0.012827073700725741,3.0765303758917852,1.4609252055889916
28,31,0 7 20 25 26,-725.0701274073756,0.013442740275076642,3.224195927802088,1.3826823770723409
28,32,0 3 10 25 26,-725.0699959634057,0.01346086628733527,3.2285433907237593,1.357580887304048
28,33,0 19 20 25 26,-725.065716192385,0.014051043090993975,3.3700953070817357,1.5493903341530741
28,34,0 10 21 25 26,-725.0636165917197,0.014340576246773358,3.439538858227207,1.5312865485908536
28,35,0 7 8 21 26,-725.0618534843535,0.014583707261221946,3.497853012236484,1.574535543712547
28,36,0 3 20 24 26,-725.0571477369784,0.015232625843826085,3.65349394620487,1.3735609892590408
28,37,0 3 12 21 25,-725.0566509944374,0.015301126220058341,3.669923530469801,1.5272986327577402
28,38,0 4 7 20 26,-725.0560456422128,0.015384603779789249,3.689945341695765,1.4986988486198125
28,39,0 4 20 21 26,-725.0557030064809,0.015431852957387257,3.7012778976245544,1.6423195418985046
28,40,0 3 8 21 25,-725.0541394237684,0.015647469690863725,3.752992844117251,1.4782769119628538
28,41,0 12 21 24 26,-725.0540454395754,0.015660430031592537,3.756101338140471,1.565442958071246
28,42,0 21 24 25 26,-725.0497328662763,0.01625513024169408,3.8987381782814223,1.3058213292131897
28,43,0 3 18 21 26,-725.0483201689344,0.016449940010185078,3.94546264438074,1.411169787684638
28,44,0 3 7 21 25,-725.0474092377657,0.016575556647830628,3.9755913713570306,1.3408911191227362
28,45,0 3 7 12 26,-725.0462878735259,0.016730191827977987,4.012680097905622,1.4412863254099033
28,46,0 3 8 25 26,-725.0456975018168,0.016811603587290686,4.0322064338668895,1.308976164181264
28,47,0 4 12 21 26,-725.0438183694647,0.017070734349155615,4.094358073344904,1.652330571456813
28,48,0 3 13 20 26,-725.0421598531931,0.017299442340134776,4.149212913807602,1.422260173444176
28,49,0 3 20 23 26,-725.0410220287308,0.017456347371037465,4.186846056406218,1.4425124257716093
28,50,0 3 7 10 26,-725.0402826263318,0.01755831033643534,4.211301529851015,1.4163050290600627
28,51,0 1 3 21 26,-725.0375776689041,0.01793132167769013,4.300767042305159,1.367019528017392
28,52,0 3 8 20 25,-725.0354949106293,0.018218532282058924,4.369653537326142,1.4701404015393242
28,53,0 7 12 21 26,-725.0342591671146,0.01838894026746845,4.410525318033013,1.6033630314592588
28,54,0 21 23 25 26,-725.034192221481,0.01839817201370604,4.41273952123985,1.3786594715979097
28,55,0 3 7 19 26,-725.0335655714534,0.018484586522450042,4.433465749783593,1.426422990829465
28,56,0 3 7 8 26,-725.0331287021472,0.018544830430245424,4.44791504793368,1.3821052902635012
28,57,0 8 21 24 26,-725.0330954957396,0.018549409565762537,4.449013338147209,1.5063949901567741
28,58,0 10 20 25 26,-725.0324947534484,0.018632251419577153,4.468882677452668,1.515778321024001
28,59,0 13 21 25 26,-725.0318595041439,0.018719851761339126,4.489893324047298,1.3550886598756597
28,60,0 7 20 21 26,-725.0302171454953,0.018946331629772557,4.544213756830342,1.583826046606956
28,61,0 3 15 21 26,-725.0294256536708,0.019055477682868013,4.570392069638966,1.4482947240573367
28,62,0 3 12 24 26,-725.0286517131591,0.019162203424790823,4.595989878973805,1.374106937868979
28,63,0 3 12 20 25,-725.0269116459219,0.019402157224937964,4.653541988846034,1.5127855140761137
28,64,0 7 8 20 26,-725.0261498030809,0.019507214708301534,4.678739671990591,1.5569363333686967
28,65,0 7 21 24 26,-725.0248348607104,0.019688544148936577,4.722230926907573,1.3708122302636954
28,66,0 4 8 21 26,-725.0228050369693,0.01996845512587584,4.78936663090298,1.5966924312983974
28,67,0 3 19 24 26,-725.0203722788026,0.020303930419287134,4.869829248848541,1.3616635123544816
28,68,0 4 21 24 26,-725.0202129932688,0.020325895759658246,4.875097561672276,1.4187581746833893
28,69,0 4 12 20 26,-725.0196082464577,0.020409289833386857,4.895099349062093,1.6423414238561225
28,70,0 2 3 21 26,-725.0187636819896,0.02052575455914196,4.923033020830518,1.4057688496154133
28,71,0 3 19 21 25,-725.0187126328271,0.020532794195469252,4.92472145386688,1.4980174811775129
28,72,0 3 21 26 27,-725.0182359346533,0.020598530470426663,4.940488077761229,1.603347261960872
28,73,0 20 24 25 26,-725.0182310068705,0.02059921000750809,4.940651062438899,1.287427073098953
28,74,0 19 21 24 26,-725.0180600004846,0.020622791643463742,4.946307038308648,1.538164509437984
28,75,3 12 21 25 26,-725.0168546905574,0.020789002862909835,4.986172238850139,1.410254688670196
28,76,0 3 11 21 26,-725.0162328404181,0.020874755471117046,5.006739712781976,1.400590363728183
28,77,0 20 21 24 26,-725.0157742868225,0.02093798962406805,5.02190621114992,1.525128997958336
28,78,0 3 8 12 26,-725.0149960922909,0.02104530199174054,5.0476447206927935,1.5477786831364375
28,79,0 3 18 20 26,-725.0146724908367,0.021089926358548176,5.058347724604033,1.3930638567205702
28,80,0 3 5 21 26,-725.0146601753393,0.02109162465522641,5.058755055335872,1.3465117568321963
28,81,0 3 7 20 25,-725.0145473281345,0.021107186189303854,5.062487436812875,1.3222603890034748
28,82,0 3 4 21 25,-725.0133895493078,0.021266842910187093,5.100780562974984,1.37029064091546
28,83,0 12 20 24 26,-725.0130697600687,0.021310941575767087,5.11135747921937,1.5449711790571259
28,84,0 3 25 26 27,-725.0122835353844,0.021419361294686756,5.137361583225035,1.3737693261331498
28,85,0 3 10 21 25,-725.0107147606793,0.021635693999552928,5.189248253041391,1.4794443976020049
28,86,0 3 4 12 26,-725.0103929934106,0.02168006543373594,5.19989059191547,1.4677614739682512
28,87,0 4 8 20 26,-725.0096897493385,0.021777042196438334,5.223150141456586,1.5927851357372285
28,88,0 4 10 21 26,-725.0096127933441,0.021787654362966268,5.225695433815463,1.615147922649295
28,89,0 3 20 21 25,-725.0066366829581,0.02219805746782103,5.324129234688886,1.4788199077094486
28,90,0 7 10 21 26,-725.005872471397,0.022303441595677397,5.349405262413638,1.5684645419525955
28,91,0 1 3 20 26,-725.0050069931438,0.022422790314720355,5.378030650247706,1.349425600397733
28,92,0 3 15 20 26,-725.0033249303231,0.022654745354899572,5.433664284512408,1.4359551246360476
28,93,0 8 20 24 26,-725.0032146516093,0.02266995269625266,5.437311714058766,1.492267125088366
28,94,0 3 4 20 25,-725.0031160333185,0.022683552075127546,5.4405734792265665,1.3676332068842199
28,95,0 1 12 21 26,-725.0029665156345,0.02270417043728083,5.445518723866591,1.5454504336137544
28,96,0 3 21 22 26,-725.0026506569291,0.022747727085589104,5.455965639095968,1.519322649692373
28,97,0 10 21 24 26,-725.0025138224821,0.02276659644008013,5.460491390145627,1.5157572340838406
28,98,0 3 19 20 25,-725.0012383286535,0.02294248596015745,5.5026778984595435,1.49135118646526
28,99,0 18 21 25 26,-725.0002118220768,0.023084040348791985,5.536629241270516,1.3219948329645361
28,100,0 7 12 25 26,-724.9998838173296,0.023129271925982374,5.547477882544624,1.3553481422020444
28,101,0 3 7 25 26,-724.9995838614398,0.02317063558947622,5.55739881776072,1.1201560778681066
28,102,0 3 10 24 26,-724.9995015445893,0.023181987013526823,5.560121418543728,1.3327767032270963
28,103,0 20 23 25 26,-724.9991248980192,0.023233926256950848,5.572578870946596,1.3597867367872494
28,104,0 4 20 24 26,-724.9987031462881,0.023292085463924975,5.586528160634045,1.409207164115199
28,105,0 3 4 10 26,-724.9985688658135,0.023310602627795,5.590969439950797,1.4399656279988133
28,106,0 4 7 21 25,-724.9974615254636,0.0234633039253889,5.6275943312897425,1.3833032186159095
28,107,0 15 21 25 26,-724.9972874811945,0.023487304482880462,5.633350784077329,1.3725393988153876
28,108,0 8 20 21 26,-724.9963577631771,0.02361551181105874,5.664100879442423,1.6805346172583773
28,109,0 3 8 10 26,-724.9960348471843,0.023660041653322847,5.674781211960623,1.5173470789913461
28,110,0 13 20 25 26,-724.9951275815854,0.023785152811992605,5.704788701508979,1.33490525148522
28,111,0 1 3 12 26,-724.9941841425967,0.02391525225050851,5.735992613158602,1.3628248334178312
28,112,0 3 20 26 27,-724.9941139627073,0.023924929997902834,5.738313788239022,1.5935513748466874
28,113,0 3 8 19 26,-724.993840644292,0.023962620376172493,5.747353698379938,1.5296259872325264
28,114,0 7 19 21 26,-724.9938308603078,0.023963969579331074,5.747677300208186,1.5749482854044947
28,115,3 12 20 25 26,-724.9934767158397,0.024012805801913385,5.759390503525149,1.39958507903417
28,116,0 4 19 21 26,-724.9931981418215,0.024051220923393173,5.768604240881274,1.6190935808855584
28,117,0 4 12 25 26,-724.9924879327613,0.02414915815205959,5.792094154945294,1.4022799309233065
28,118,0 3 10 12 26,-724.9923515241758,0.024167968780615764,5.796605820777495,1.561691916614589
28,119,0 4 21 23 26,-724.9917133984111,0.024255965783798485,5.817711605276401,1.4792731237214691
28,120,0 7 19 25 26,-724.9913664700474,0.02430380691169665,5.829186138488702,1.3428751921156334
28,121,0 3 11 20 26,-724.9905071581965,0.024422305289082184,5.8576075747434775,1.3884266839938009
28,122,0 1 21 25 26,-724.9896721056232,0.02453745833259762,5.885226643949541,1.2755392163615455
28,123,0 19 20 24 26,-724.9893493653198,0.024581963947446866,5.895901165603977,1.5253880457282532
28,124,0 4 10 20 26,-724.9884829674982,0.024701439474191428,5.924556967837695,1.607155747479723
28,125,0 3 21 24 25,-724.9884712462068,0.02470305583035313,5.924944645412936,1.2393231417399646
28,126,0 3 4 19 26,-724.9874787705019,0.024839917390567248,5.957770429150879,1.447672733589656
28,127,0 7 12 20 26,-724.9874606504659,0.02484241612820111,5.9583697429469415,1.5809495562626847
28,128,0 1 7 21 26,-724.9866473167033,0.024954574166096047,5.9852704701537,1.3573518420493427
28,129,0 3 9 21 26,-724.9860845349272,0.025032181296987605,6.00388427881687,1.2928879273587022
28,130,0 3 7 8 21,-724.9858427741631,0.025065519901858343,6.011880430781668,1.5112542440643142
28,131,0 7 8 25 26,-724.9848688293548,0.025199826067094602,6.044093311650632,1.2917626564440803
28,132,0 2 3 20 26,-724.984502659423,0.025250320590959587,6.05620425293867,1.3883907907435926
28,133,0 8 21 23 26,-724.9843309567343,0.025273998246494917,6.0618832587808384,1.552061906667617
28,134,0 3 10 20 25,-724.9840557093248,0.02531195463144215,6.0709869697264285,1.4675289635258473
28,135,0 7 21 23 26,-724.9826943403359,0.02549968626348161,6.116013768664401,1.4251106289610784
28,136,0 12 24 25 26,-724.9822165479579,0.02556557342825809,6.131816582973076,1.2846658283580394
28,137,0 4 19 20 26,-724.9812530631563,0.025698437167432985,6.1636835028148935,1.6161287798174977
28,138,0 7 20 24 26,-724.9807366200878,0.02576965422973608,6.180764675073602,1.3466225983726092
28,139,0 1 8 21 26,-724.9799596430729,0.02587679870287215,6.206462915678035,1.4853842368067647
28,140,0 4 13 21 26,-724.9795897316579,0.02592780917410143,6.218697605201691,1.4517612924774044
28,141,0 2 21 25 26,-724.9795754500415,0.02592977859693271,6.2191699646271354,1.323552437586722
28,142,0 3 5 20 26,-724.979049058983,0.026002367478635522,6.23658016314327,1.3276990887924853
28,143,0 19 24 25 26,-724.9781420683918,0.02612744071398095,6.266578556910157,1.2745751315734004
28,144,0 3 4 7 21,-724.9756763246071,0.02646746469620807,6.348132162530608,1.426093978659904
28,145,0 5 21 25 26,-724.9748871579371,0.026576290112469016,6.374233571675621,1.2603056676655773
28,146,0 4 19 25 26,-724.9737786646427,0.026729150400133118,6.410896596246809,1.3841841959418961
28,147,0 7 10 25 26,-724.9735070028519,0.026766612331304392,6.4198817141214715,1.3162034492427288
28,148,0 11 21 25 26,-724.9733219604955,0.026792129515732427,6.426001924765901,1.3158518793702414
28,149,0 4 7 20 25,-724.973094298022,0.026823523978247922,6.433531780742191,1.3723340863384599
28,150,0 1 3 19 26,-724.9726616002754,0.02688319263150757,6.447843106031565,1.34246671384785
28,151,3 7 21 25 26,-724.9723649347435,0.026924102557417097,6.457655213818006,1.1811729041356613
28,152,0 3 13 21 25,-724.972060258352,0.026966117174085785,6.4677322779581585,1.2936618660829378
28,153,0 3 15 25 26,-724.9717435045716,0.02700979725248005,6.478208797477468,1.151349232514588
28,154,0 3 12 23 26,-724.9715254530109,0.027039866378250205,6.485420775904252,1.4193352368446759
28,155,0 1 4 21 26,-724.9711245394527,0.02709515201881144,6.498680850376862,1.399512295946383
28,156,0 7 8 21 25,-724.9710940446021,0.027099357232921374,6.4996894568016925,1.4499467328448286
28,157,0 3 21 23 25,-724.969720245329,0.027288802990635887,6.545127383003018,1.3152523091347466
28,158,0 15 20 25 26,-724.969689427611,0.02729305272787645,6.546146668150604,1.3595515869082688
28,159,3 19 21 25 26,-724.9688561282758,0.02740796400134744,6.573707749626726,1.3740324841665819
28,160,0 20 21 23 26,-724.968301879127,0.02748439449014321,6.592039344650706,1.57160332975758
28,161,0 3 20 22 26,-724.9681517414843,0.027505098344070632,6.597005094204491,1.503581129867395
28,162,0 21 25 26 27,-724.968082488559,0.027514648263891054,6.599295610272329,1.5257717830133903
28,163,0 3 8 24 26,-724.9669482807058,0.027671054567474762,6.63680913480513,1.280427934703788
28,164,0 4 20 23 26,-724.9666380873742,0.027713829965511687,6.647068669791198,1.4686885460707146
28,165,0 21 22 25 26,-724.9660239624444,0.02779851727386924,6.667380635146147,1.4455821851450528
28,166,0 12 21 23 26,-724.9655724799793,0.0278607763239157,6.682313258370355,1.58756958883014
28,167,0 18 20 25 26,-724.9650668137435,0.027930507270103832,6.699037990689883,1.303770861977079
28,168,0 10 20 24 26,-724.9646184401365,0.0279923376112486,6.713867789529571,1.4981240585105269
28,169,0 12 20 21 26,-724.9642429518942,0.02804411712225003,6.726286930649475,1.7066841187185204
28,170,0 7 13 21 26,-724.9636393806707,0.028127349083441187,6.746249835893807,1.3926107955594678
28,171,0 7 10 20 26,-724.9621542519092,0.02833214708343533,6.795369945640132,1.5482032287631158
28,172,0 7 18 21 26,-724.9620025245592,0.028353070156650215,6.800388274200836,1.3800140046330946
28,173,0 3 20 24 25,-724.9614321737179,0.028431721055236885,6.81925242702623,1.2257811077905023
28,174,0 8 12 25 26,-724.9605571012239,0.02855239281196207,6.848195140987268,1.4650655889699746
28,175,3 8 21 25 26,-724.9603959317413,0.028574617947280806,6.853525764753194,1.3231340471118835
28,176,0 4 10 25 26,-724.9602922378809,0.028588917242920606,6.856955402597033,1.361207123119899
28,177,0 3 7 26 27,-724.9599379573792,0.02863777222443383,6.868673105180324,1.4210819315297027
28,178,0 1 12 20 26,-724.9594246895376,0.02870855142563603,6.885649257930394,1.525096234565706
28,179,0 7 19 20 26,-724.9592973880008,0.028726106199887986,6.8898597113423055,1.5599351367668697
28,180,0 13 21 24 26,-724.9584148804456,0.02884780324526453,6.919048337329232,1.3320855162338985
28,181,0 3 4 7 26,-724.9580867846353,0.028893047379987245,6.929899990485127,1.244595591022819
28,182,3 19 20 25 26,-724.9577431979001,0.02894042770014388,6.9412640005144075,1.3713806880955626
28,183,0 3 12 21 24,-724.9577382168353,0.028941114584761323,6.941428747473815,1.4911383101920814
28,184,0 4 20 21 25,-724.9576556366617,0.028952502320852794,6.9441600575773865,1.5199064836621554
28,185,3 10 21 25 26,-724.9567830214337,0.02907283522268005,6.97302149833373,1.351795816001344
28,186,0 3 13 25 26,-724.9566439825425,0.029092008568173424,6.977620160600284,1.0923817484482776
28,187,0 3 8 21 24,-724.9558660316377,0.02919928733990052,7.003350612268937,1.4414565281839884
28,188,0 1 20 25 26,-724.9556040996271,0.029235407542607953,7.012013921095682,1.2578657084487612
28,189,0 3 7 8 20,-724.9546018798073,0.02937361280800768,7.045161987991593,1.497653889414699
28,190,0 3 7 8 25,-724.9544878585344,0.029389336245095207,7.048933201359647,1.2491182075703573
28,191,0 1 19 21 26,-724.9537379685789,0.029492745435654777,7.073735547032994,1.5122562650668199
28,192,0 4 13 20 26,-724.9528498215246,0.029615220163191954,7.103110697463904,1.440336150481614
28,193,0 3 4 7 20,-724.9528064274011,0.02962120417611834,7.104545942786984,1.4167646395749875
28,194,0 8 12 21 26,-724.9518547088505,0.029752445359222283,7.136023698026234,1.6746852249232076
28,195,0 1 3 10 26,-724.9509555520772,0.02987643831770512,7.165762991030182,1.3138682341267378
28,196,0 8 20 23 26,-724.9508846485478,0.029886215854431516,7.168108100245424,1.537655934223802
28,197,0 4 18 21 26,-724.9508069514247,0.02989693022198049,7.17067790517459,1.4242017998553953
28,198,0 3 7 12 25,-724.950425087871,0.02994958888302946,7.1833079074690165,1.3024676934914343
28,199,0 3 9 20 26,-724.9502685692296,0.02997117267129365,7.18848470630645,1.2744941063153143
28,200,0 3 8 23 26,-724.9495304411485,0.03007295990932769,7.212898032135562,1.355136603134167
28,201,3 20 21 25 26,-724.9493282843985,0.030100837154154788,7.219584295308891,1.3493721784537533
28,202,0 3 4 8 26,-724.9486261722977,0.030197657818954428,7.242806405294373,1.381505202797974
28,203,3 8 20 25 26,-724.9481127924,0.030268452472599926,7.259786264260863,1.3198178089985781
28,204,0 3 19 23 26,-724.9478326617893,0.030307082246862096,7.269051485363061,1.399000770370918
28,205,0 1 8 20 26,-724.9475126523522,0.0303512112775586,7.279635684578254,1.4710693442669291
28,206,0 1 4 20 26,-724.9470485458817,0.030415211167274497,7.294985842327294,1.3894470064960185
28,207,0 1 20 21 26,-724.9470221896095,0.03041884567491725,7.295857566730319,1.4967604504018728
28,208,0 4 7 25 26,-724.9463608422604,0.030510044914938538,7.317731396937428,1.1723233518674356
28,209,0 9 21 25 26,-724.9461067214447,0.03054508796047576,7.32613635324893,1.2044696323570545
28,210,0 11 20 25 26,-724.9460989480384,0.030546159906630642,7.326393455919715,1.303338582843716
28,211,3 7 20 25 26,-724.9458643989103,0.030578504032998565,7.334151085568867,1.168071036769946
28,212,0 12 21 24 25,-724.9448141948654,0.03072332628245813,7.36888621377992,1.4304060011368915
28,213,0 3 22 25 26,-724.9447206459864,0.030736226593745742,7.371980309944079,1.2413010507825992
28,214,0 4 12 21 25,-724.9443739143347,0.030784040595226294,7.383448336976583,1.5308881402424526
28,215,0 3 18 21 25,-724.9442401444326,0.030802487351583644,7.387872729288826,1.26380295350319
28,216,0 2 20 25 26,-724.9438170972392,0.030860825201714768,7.401864865935119,1.3058125806413399
28,217,0 8 19 25 26,-724.9436066080156,0.03088985148760489,7.408826722732997,1.4491976818440722
28,218,0 20 25 26 27,-724.9424631863776,0.031047528364300307,7.446644989942435,1.5156389399697483
28,219,3 12 21 24 26,-724.9421894373448,0.03108527812436545,7.455699142606768,1.3885642619018426
28,220,0 21 23 24 26,-724.941168539227,0.031226059111280402,7.4894649876231085,1.3443760730864525
28,221,0 8 21 24 25,-724.9410861930719,0.03123741457641075,7.492188557645468,1.3775670181442359
28,222,3 7 12 21 26,-724.9409663549949,0.031253940145864155,7.496152159756791,1.4430996500053206
28,223,0 3 10 23 26,-724.9406971434365,0.03129106419204617,7.5050562370560865,1.3801849037638887
28,224,0 4 8 21 25,-724.9405825238814,0.031306870131744824,7.50884723839723,1.4815546989264414
28,225,0 3 7 19 25,-724.9403584920819,0.031337763927390495,7.516257011112976,1.289086975747254
28,226,0 3 4 25 26,-724.9400721594001,0.03137724896202182,7.525727363530889,1.140877038914551
28,227,0 1 7 20 26,-724.9399829294906,0.03138955369106052,7.528678611300872,1.3333403916964004
28,228,0 3 17 21 26,-724.9398830335164,0.03140332926141058,7.5319826353999,1.3293695614136973
28,229,0 3 13 20 25,-724.9397911227104,0.031416003683809014,7.535022552875657,1.2779788463689283
28,230,0 3 7 12 21,-724.9391706982861,0.03150155968711997,7.555542871786053,1.5330331127262018
28,231,0 3 12 22 26,-724.9391437388164,0.0315052773751984,7.556434546736103,1.506263897456778
28,232,0 3 20 23 25,-724.9391157087837,0.03150914269299747,7.55736163017686,1.3008366035026087
28,233,0 1 21 24 26,-724.9387963064017,0.03155318801129552,7.567925751255553,1.2685115421145363
28,234,0 3 7 10 25,-724.9385378444945,0.031588829689684086,7.576474287637936,1.271978747380477
28,235,0 7 8 20 25,-724.9383558200107,0.03161393071203514,7.582494683211449,1.4354147965915136
28,236,0 5 20 25 26,-724.9377787113452,0.031693513508842565,7.60158234868285,1.2412201831070597
28,237,0 1 10 21 26,-724.9373564765915,0.031751739324229034,7.615547614173404,1.4898561986090488
28,238,0 1 12 25 26,-724.9372628139869,0.03176465531818137,7.618645471771818,1.2683225679792942
28,239,0 1 3 21 25,-724.9365390155941,0.031864466504308284,7.642584848213996,1.217849400620439
28,240,3 10 20 25 26,-724.9364853438769,0.03187186778870887,7.644360021321306,1.3439446046469936
28,241,0 3 4 26 27,-724.9362441134729,0.03190513325738257,7.6523386318158515,1.4572578469827162
28,242,0 3 7 21 24,-724.9358761739536,0.03195587180586289,7.664508101585057,1.293074382923656
28,243,0 18 20 21 26,-724.9353908312606,0.032022800152689976,7.680560639897839,1.5245760262475394
28,244,0 7 20 23 26,-724.9350306356573,0.032072470821711906,7.692473982379699,1.4016950759502345
28,245,0 3 4 20 21,-724.9345311189866,0.03214135374808487,7.708995320005971,1.5587713335906483
28,246,3 7 8 21 26,-724.9336912427246,0.03225717197418378,7.736773931011771,1.3887822985651272
28,247,0 3 24 26 27,-724.9331701981112,0.032329023585652206,7.754007297748167,1.3494123397676172
28,248,0 4 21 24 25,-724.9330463294805,0.03234610496504721,7.758104208999864,1.2856537953439242
28,249,0 10 24 25 26,-724.9326948121048,0.03239457891381172,7.769730522163172,1.2296468422152655
28,250,0 3 12 24 25,-724.9315390645878,0.03255395551880677,7.807956463474011,1.2293595218633484
28,251,0 4 15 21 26,-724.9310148571129,0.032626243286185484,7.825294440734829,1.462215552111297
28,252,0 18 21 24 26,-724.9308669007521,0.032646646343191796,7.830188045161333,1.3035883514529316
28,253,0 13 20 21 26,-724.9307112493273,0.032668110543018575,7.83533616111529,1.5327117449298684
28,254,0 3 8 20 24,-724.930447974424,0.032704415929476066,7.84404388564007,1.4312050996370114
28,255,0 4 8 20 25,-724.9304326929317,0.0327065232343415,7.844549315606487,1.4797787152710615
28,256,0 1 3 8 26,-724.9304237814176,0.032707752124598095,7.844844060790872,1.2697822991209395
28,257,0 20 22 25 26,-724.930027716764,0.0327623691053152,7.8579437594545025,1.4293840476631188
28,258,0 4 7 12 26,-724.9300244534539,0.03276281911301455,7.858051692283823,1.4440657284915237
28,259,0 4 7 10 26,-724.9298678677145,0.032784412154032265,7.863230710362991,1.423024933279155
28,260,0 3 18 19 26,-724.9297268723158,0.032803855300255445,7.867894083424856,1.3552821390132792
28,261,0 7 21 24 25,-724.9291312702584,0.03288598832017166,7.887593411309879,1.2270368483532097
28,262,0 3 7 20 21,-724.9290073268844,0.0329030800066042,7.891692794669776,1.5097418008601398
28,263,0 3 12 18 26,-724.9288766390786,0.032921101744485017,7.89601524773353,1.361805308416331
28,264,0 4 8 25 26,-724.9288652950524,0.03292266607609151,7.896390447394625,1.3120511320836394
28,265,0 3 4 12 21,-724.9287678317527,0.03293610618268879,7.899614011643687,1.5733826373785886
28,266,0 3 15 21 25,-724.9271333638804,0.0331614979197348,7.953673459782497,1.3083467860088094
28,267,0 3 4 8 21,-724.9268322578955,0.03320302018036253,7.963632433986385,1.5264337884174675
28,268,0 2 3 25 26,-724.9266657845766,0.03322597671022903,7.969138480268429,1.0750401760639552
28,269,0 7 12 21 25,-724.9262777853211,0.03327948147936957,7.981971418735649,1.474235024386324
28,270,0 3 19 24 25,-724.9259153365147,0.03332946286319206,7.993959285114735,1.2181851209761676
28,271,0 4 18 20 26,-724.9256539555165,0.033365507081745065,8.002604369398247,1.414104232706907
28,272,0 3 16 21 26,-724.9256037817684,0.033372425999174844,8.004263848414089,1.3329397321764769
28,273,0 3 7 10 21,-724.9252735736695,0.03341796141669287,8.015185364766273,1.5060635735481478
28,274,0 3 10 19 26,-724.9250652436169,0.03344668995472794,8.022075807745082,1.519884800419094
28,275,0 3 19 22 26,-724.924272026714,0.03355607389469004,8.048311176916549,1.4921428559783942
28,276,3 4 7 21 26,-724.9242346429373,0.03356122908586956,8.049547632138319,1.2969427288544144
28,277,0 7 20 21 25,-724.9236328490124,0.03364421595908421,8.06945175385789,1.4541248152816104
28,278,0 4 12 20 25,-724.9231292480089,0.03371366211149172,8.086108179349422,1.5234242226277037
28,279,0 3 4 12 25,-724.9230671344193,0.03372222752295698,8.088162564407908,1.3401292838328032
28,280,0 3 8 12 25,-724.92282759442,0.033755259886236504,8.096085265359662,1.4240106817831482
28,281,0 1 19 20 26,-724.9224611868237,0.03380578718383422,8.108204067316988,1.499384229919422
28,282,0 12 23 25 26,-724.922109887206,0.03385423110396453,8.119823178213629,1.3341912241944867
28,283,4 7 21 25 26,-724.92198630496,0.03387127299115887,8.123910617394163,1.2339495511736625
28,284,0 5 7 21 26,-724.9218779369016,0.03388621685474268,8.127494852685972,1.313588730807878
28,285,0 3 12 20 24,-724.9212253242455,0.03397621158800562,8.149079786008532,1.4752939489253043
28,286,0 8 10 25 26,-724.9212242888343,0.033976354370330655,8.149114031867748,1.422789443785877
28,287,0 12 20 23 26,-724.9210313364165,0.03400296234553672,8.155495865002283,1.5683181109484048
28,288,0 4 11 21 26,-724.9210103856509,0.034005851438389856,8.156188804181461,1.4180199032133065
28,289,0 7 11 21 26,-724.9209849713153,0.034009356053771506,8.157029374363642,1.3672066406043408
28,290,0 3 10 21 24,-724.9206961708429,0.03404918139462855,8.166581348082325,1.4508457309258993
28,291,3 4 21 25 26,-724.9203559070495,0.03409610348392454,8.177835452984777,1.2071037220789913
28,292,0 4 5 21 26,-724.9202545571161,0.03411007955401257,8.181187566269896,1.3654579722968703
28,293,0 3 23 25 26,-724.9202482456177,0.03411094990430271,8.181396316852277,1.0952774615340073
28,294,0 3 19 21 24,-724.9202035292376,0.03411711625529496,8.182875295345633,1.4646577832986074
28,295,0 1 19 25 26,-724.919945226456,0.03415273599039129,8.191418568703366,1.2504802577005787
28,296,0 3 10 13 26,-724.9198066172107,0.03417185008806756,8.196003020580763,1.3464526478575816
28,297,0 10 12 25 26,-724.9193967824217,0.03422836595881014,8.209558161614192,1.4710021909674722
28,298,0 8 12 20 26,-724.9192735886938,0.03424535426967692,8.21363275069321,1.6622384653008524
28,299,0 8 24 25 26,-724.9186572989087,0.03433034010975546,8.23401631787483,1.1871385180582361
28,300,0 3 5 21 25,-724.9186103673236,0.034336811935639644,8.235568563490993,1.2010960166288442
28,301,0 3 4 8 20,-724.9181797571814,0.03439619271001045,8.249810841999569,1.5255284362001813
28,302,0 3 11 21 25,-724.9177090404379,0.03446110415077837,8.265379632194803,1.2594013336369465
28,303,0 15 21 24 26,-724.9169070941899,0.03457169186003775,8.291903721373266,1.3486537287741565
28,304,0 2 7 21 26,-724.9167564122658,0.03459247076991259,8.296887472842961,1.3685271361355635
28,305,0 3 7 13 26,-724.916454642318,0.034634084590471514,8.306868407387617,1.163238084751968
28,306,3 4 20 25 26,-724.9164437648577,0.03463558458303595,8.307228175546417,1.209150092670079
28,307,0 12 18 21 26,-724.9163621560747,0.034646838365186575,8.309927357248952,1.5327987288494427
28,308,0 5 20 21 26,-724.9163614742524,0.03464693238789913,8.309949908279526,1.4759008929330686
28,309,0 4 7 8 26,-724.9155854622907,0.03475394378102649,8.335616230092597,1.3859887608937362
28,310,0 3 11 12 26,-724.9151695861532,0.03481129274861103,8.349371186594476,1.3647777874996994
28,311,0 13 20 24 26,-724.9149094138128,0.034847170294282685,8.357976294949395,1.3108149931880908
28,312,0 1 3 12 21,-724.914787822935,0.03486393757348556,8.361997870329118,1.4784059956044295
28,313,0 3 7 15 26,-724.9146984211509,0.03487626600388669,8.364954802790962,1.2077302800353142
28,314,0 3 8 22 26,-724.9146903126071,0.03487738416520954,8.365222990013953,1.4451593851419549
28,315,0 4 20 24 25,-724.9145019391809,0.03490336070134812,8.371453374617282,1.2790117689711467
28,316,0 7 13 20 26,-724.9143110768956,0.0349296804490488,8.37776607735652,1.3686501959444928
28,317,0 7 18 20 26,-724.9142611350093,0.034936567392931876,8.379417887624994,1.3568278066602526
28,318,0 19 21 23 26,-724.9141736840234,0.03494862680991816,8.382310298126365,1.5554002251477317
28,319,0 8 20 24 25,-724.9141708056226,0.03494902373895074,8.382405500216436,1.36646444862447
28,320,0 3 18 20 25,-724.913557923016,0.035033539731980916,8.40267637616777,1.2497524271376175
28,321,0 4 15 20 26,-724.9134088159547,0.035054101469618515,8.407608039608636,1.4565954041746803
28,322,0 3 20 21 24,-724.9133457143,0.03506280313441696,8.409695104569659,1.448797525457625
28,323,3 7 20 21 26,-724.9132908889133,0.035070363508877676,8.411508434891461,1.4089397428675554
28,324,3 7 10 21 26,-724.9129337950123,0.035119606455759705,8.423319189660292,1.406879841165112
28,325,0 3 8 15 26,-724.9127253063814,0.03514835686161639,8.430214877562383,1.3522335459859105
28,326,3 4 12 21 26,-724.912574149225,0.03516920130563098,8.435214347174522,1.4765607498101292
28,327,0 10 21 23 26,-724.9123627218814,0.035198356957463255,8.44220723195742,1.5412481978315413
28,328,0 2 3 21 25,-724.9123625432903,0.03519838158502601,8.442213138795305,1.26025051415651
28,329,0 3 10 22 26,-724.9122677289879,0.035211456397131066,8.445349088392135,1.4720864119252997
28,330,0 7 15 21 26,-724.9122116145252,0.0352191945340754,8.447205054446238,1.4027690100542176
28,331,3 12 20 24 26,-724.9120379185529,0.03524314706173367,8.452949987440261,1.375738208344648
28,332,0 1 3 26 27,-724.9117772269749,0.035279096209827554,8.461572269394718,1.3484496875070213
28,333,0 4 25 26 27,-724.9117530158717,0.03528243490048086,8.462373043090283,1.3891258573597036
28,334,0 19 21 24 25,-724.9114844620581,0.03531946824421831,8.471255365714082,1.4055864798090172
28,335,0 3 4 21 24,-724.9112922376286,0.03534597583045053,8.477613120891741,1.3328545020614133
28,336,0 1 3 8 21,-724.9108587090116,0.03540575906003039,8.491951926925182,1.4274065452854798
28,337,0 8 10 21 26,-724.910512015221,0.03545356784049348,8.503418701714253,1.6366261136170213
28,338,3 21 23 25 26,-724.9103742457726,0.03547256613089781,8.507975377607963,1.1703026223455324
28,339,0 3 7 22 26,-724.9102502256947,0.03548966839473893,8.512077297923643,1.3071104443924215
28,340,0 2 4 21 26,-724.9101186379556,0.0355078142326446,8.516429515959908,1.415728816622088
28,341,0 4 21 26 27,-724.9094663658643,0.03559776200230438,8.538003185220603,1.6113559362558387
28,342,0 11 21 24 26,-724.9093373462782,0.03561555369409436,8.542270462505156,1.3023311823843515
28,343,0 3 4 10 21,-724.909051826733,0.035654926597863394,8.551713920713839,1.5442864054421548
28,344,0 3 4 12 20,-724.9090204956625,0.03565924712598978,8.552750184816691,1.5670014736620872
28,345,3 7 8 20 26,-724.9088117221667,0.03568803681447272,8.559655294524234,1.3790007707989362
28,346,0 9 20 25 26,-724.9087934255115,0.03569055990774623,8.560260449938342,1.1859186109265476
28,347,0 1 13 21 26,-724.9086964452698,0.03570393340103985,8.563468037211132,1.314569618732548
28,348,0 3 11 19 26,-724.9086576835118,0.03570927861467979,8.564750068679306,1.3542280292175646
28,349,0 4 21 22 26,-724.9083752192021,0.03574823020406807,8.574092476054382,1.5364060643565165
28,350,0 1 21 23 26,-724.9083106690364,0.035757131617316015,8.576227450007492,1.3369138182994884
28,351,0 19 20 21 26,-724.9082079236082,0.03577130012495543,8.579625718790437,1.6744048391652206
28,352,0 20 21 24 25,-724.9079401274232,0.03580822899234418,8.588482983114282,1.39092572905335
28,353,3 4 7 20 26,-724.9077261195291,0.035837740499919425,8.595561218697235,1.2916315054370568
28,354,0 3 7 24 26,-724.9075749686476,0.03585858407862441,8.600560480767781,1.0851507059737646
28,355,0 4 7 19 26,-724.9072759916316,0.03589981275623358,8.610449040074593,1.4253534470360705
28,356,0 7 25 26 27,-724.906947864231,0.03594506124722853,8.621301738067695,1.334642443118902
28,357,0 1 3 20 25,-724.906933796515,0.03594700117337269,8.621767022812193,1.204353267458946
28,358,0 4 12 24 26,-724.9069110886626,0.035950132567010226,8.622518077017501,1.3763032071145997
28,359,0 3 8 20 21,-724.9068771672207,0.03595481030514908,8.623640016737381,1.6183725673297882
28,360,0 12 20 24 25,-724.9068039720399,0.03596490385866685,8.626060921514469,1.413618267528935
28,361,0 3 6 21 26,-724.905870174242,0.03609367378514415,8.656945954184572,1.1405035393867557
28,362,0 1 3 7 21,-724.9058171599871,0.036100984406042626,8.658699381956605,1.2872366036866842
28,363,0 3 4 10 25,-724.9053610106397,0.036163887015213295,8.67378636066676,1.3075824031153616
28,364,12 21 24 25 26,-724.905231876541,0.036181694498186416,8.678057425413341,1.3099437982923843
28,365,0 2 21 24 26,-724.9051260441105,0.03619628870084137,8.681557795710376,1.3037947563463832
28,366,3 7 12 20 26,-724.9049919990608,0.03621477339980616,8.685991288429076,1.4275944519103192
28,367,0 10 20 21 26,-724.9048875629563,0.03622917505027719,8.689445475734054,1.6605488245240094
28,368,0 7 12 24 26,-724.9048712210979,0.03623142857873318,8.68998597693562,1.3228813222210831
28,369,0 17 21 25 26,-724.9045859239743,0.03627077081075302,8.69942207862868,1.2483954360429181
28,370,0 4 9 21 26,-724.904558979153,0.03627448647882461,8.7003132690869,1.3226559966586886
28,371,0 3 24 25 26,-724.9044421909649,0.036290591471170204,8.704175997197048,0.9778495271854393
28,372,0 3 10 15 26,-724.9044219710147,0.03629337978520162,8.704844764915649,1.3777968828616847
28,373,0 3 8 19 25,-724.9043278527046,0.036306358620557436,8.707957694812794,1.4074420877758393
28,374,0 4 10 21 25,-724.9042863420317,0.036312082907234214,8.709330645670667,1.4903847045816803
28,375,0 3 21 22 25,-724.9041808626641,0.03632662842279997,8.712819338533523,1.3908114875714708
28,376,4 12 21 25 26,-724.9041466929732,0.03633134039427697,8.713949489004126,1.4182056743246463
28,377,7 12 21 25 26,-724.904039903196,0.03634606661422223,8.717481523203096,1.3674390116354587
28,378,0 3 15 20 25,-724.9039980972138,0.03635183162380054,8.71886424131159,1.2993006328769714
28,379,4 7 20 25 26,-724.9039804513162,0.0363542649781575,8.71944787314915,1.2276772011082409
28,380,0 3 8 21 23,-724.9038911365496,0.036366581408919366,8.72240192753798,1.4904017573558748
28,381,0 4 11 20 26,-724.9037793856187,0.03638199176777215,8.726098050147089,1.4126180908578605
28,382,0 7 21 22 26,-724.9035227589042,0.036417380374635044,8.734585888177365,1.4871759972315857
28,383,0 3 8 13 26,-724.9031922486045,0.03646295746539799,8.745517399716826,1.3062595277435052
28,384,0 8 19 21 26,-724.9029932561176,0.036490398361013456,8.752099006003059,1.645585187582146
28,385,0 3 4 19 25,-724.9028086177938,0.03651585982969294,8.758205853413065,1.3217170568073122
28,386,0 19 23 25 26,-724.9026220507748,0.03654158726380295,8.764376491734785,1.3161543732078254
28,387,3 13 21 25 26,-724.9025347158891,0.03655363067065668,8.767265062259845,1.1397698452128369
28,388,0 5 21 24 26,-724.9020061471967,0.03662651984624247,8.78474728525126,1.2412994601687735
28,389,0 3 17 20 26,-724.9014423155695,0.03670427175071371,8.803395817369358,1.3116079051065046
28,390,0 3 11 25 26,-724.9010640899918,0.036756428737954344,8.815905494892435,1.0538271067416964
28,391,3 4 20 21 26,-724.900825341779,0.03678935191455636,8.823802007787753,1.4518258081376216
28,392,4 20 21 25 26,-724.8999163206203,0.036914705163432766,8.853867561855877,1.396558744486816
28,393,0 3 12 19 26,-724.899396565314,0.036986378980529915,8.87105828521182,1.5266804809886816
28,394,0 20 23 24 26,-724.8993276716906,0.036995879352921236,8.873336917495857,1.3248435497468134
28,395,0 8 13 21 26,-724.8992643099284,0.037004616886327585,8.875432585421542,1.4877457649445867
28,396,3 7 12 25 26,-724.8992542533267,0.03700600368319488,8.875765203974064,1.1625046229482365
28,397,3 4 12 20 26,-724.8991881869325,0.037015114183071574,8.877950326650064,1.4733282769684846
28,398,1 3 12 21 26,-724.8989257253237,0.03705130741692233,8.886631151750283,1.3755995268106127
28,399,0 3 12 13 26,-724.8989112499028,0.037053303565223794,8.887109921189635,1.357170075789882
28,400,0 21 24 26 27,-724.8983608008648,0.03712921002195605,8.905315828890151,1.5105933250548913
28,401,0 4 21 23 25,-724.8983559779361,0.03712987509973664,8.90547534555327,1.3509845478924025
28,402,0 8 23 25 26,-724.8982590587477,0.03714324017383976,8.908680913511608,1.266183754569472
28,403,0 3 8 10 25,-724.8979843531312,0.037181121846000406,8.917766704847258,1.3894591288989988
28,404,0 1 20 24 26,-724.897954756331,0.03718520321970189,8.918745608567695,1.2488592965284862
28,405,0 3 7 19 21,-724.8971931429724,0.03729022905764503,8.943935701664868,1.5054459501428734
28,406,0 1 10 20 26,-724.8968949476557,0.03733134993957815,8.95379840654225,1.472522842223938
28,407,0 3 7 12 20,-724.8968349685542,0.03733962100693806,8.955782194159559,1.515086137787762
28,408,0 3 7 23 26,-724.8967811477212,0.03734704285428998,8.957562299221413,1.1768788242421542
28,409,0 7 19 24 26,-724.8967575478284,0.037350297259538826,8.958342857346917,1.31121948397439
28,410,0 3 10 24 25,-724.8965068998356,0.03738486140574003,8.966632951267462,1.1836626338734875
28,411,0 4 19 21 25,-724.8964093929748,0.037398307519368505,8.9698579562827,1.5001267613593507
28,412,0 3 21 25 27,-724.8962779595449,0.03741643207816723,8.974205070596916,1.468451776741461
28,413,0 3 7 20 24,-724.896240720248,0.03742156734571646,8.975436747203144,1.2744560119445225
28,414,3 21 24 25 26,-724.8960825069857,0.03744338482075251,8.980669595024846,1.0619542349302455
28,415,0 3 19 20 24,-724.8959556809895,0.03746087401836351,8.98486432010054,1.4557774928510312
28,416,0 3 11 20 25,-724.8949488148976,0.03759972000076201,9.018166060808195,1.2505723530267703
28,417,7 8 21 25 26,-724.8949089743297,0.037605213981370976,9.019483773532265,1.3095014000628518
28,418,0 1 3 12 25,-724.8947138606574,0.03763211999175031,9.025937089398175,1.2197059567013595
28,419,3 19 21 24 26,-724.8945945490759,0.0376485729579101,9.029883277854333,1.3554961862595218
28,420,0 3 4 20 24,-724.8942451775648,0.03769675099377133,9.041438617305568,1.3275028360942493
28,421,0 18 21 23 26,-724.8940225347742,0.03772745324627233,9.048802449043922,1.366913787016485
28,422,0 4 20 26 27,-724.893839076108,0.03775275204116635,9.054870279695,1.6072277644224486
28,423,0 12 22 25 26,-724.893501279003,0.03779933397621256,9.066042799747596,1.4292517125024666
28,424,0 8 20 21 25,-724.8934677544784,0.03780395697979921,9.067151611569688,1.5627880955822517
28,425,0 4 5 20 26,-724.8931381229494,0.03784941288882316,9.078054058077658,1.3546424074302998
28,426,0 3 18 25 26,-724.8928293561858,0.03789199156435259,9.088266409833626,1.0350017537255491
28,427,0 5 12 21 26,-724.8927478346917,0.03790323330942652,9.090962704483902,1.4823692337134435
28,428,0 3 4 10 20,-724.8923847878038,0.03795329716817398,9.102970352195648,1.5395515331013527
28,429,0 7 10 21 25,-724.892009093421,0.03800510510577578,9.1153963113398,1.4358403015343337
28,430,0 16 21 25 26,-724.8918808522898,0.03802278944930472,9.119637841505906,1.253647907133423
28,431,0 2 3 7 26,-724.8918775300497,0.03802324758340495,9.119747723425077,1.1512881629603773
28,432,0 1 12 21 25,-724.8913776375565,0.038092182335372274,9.136281491245406,1.412281638082503
28,433,0 3 8 26 27,-724.8913708048251,0.038093124563252936,9.136507481425513,1.5123952323629517
28,434,3 10 21 24 26,-724.8910119559869,0.03814260951450829,9.14837628012728,1.3384127764525682
28,435,0 3 7 21 23,-724.8905252974964,0.038209719308694386,9.1644723379773,1.3522555658226298
28,436,0 7 8 24 26,-724.8904956185945,0.038213812004163544,9.16545395718554,1.2600627918375862
28,437,0 3 16 20 26,-724.8898936927395,0.03829681707042062,9.18536244244499,1.3171643790661476
28,438,0 18 19 21 26,-724.8895063845775,0.03835022653834757,9.198172523237478,1.5131979990148985
28,439,4 12 20 25 26,-724.8892634004452,0.03838373384466631,9.206209137675742,1.4142185106612106
28,440,0 3 10 18 26,-724.8891023739245,0.038405939265662645,9.211535033027914,1.3175390196304106
28,441,0 18 20 24 26,-724.8889483483443,0.03842717926288399,9.216629374742942,1.2839945774125967
28,442,3 7 19 21 26,-724.8889285990097,0.03842990267943158,9.217282577018874,1.408799472157789
28,443,0 7 9 21 26,-724.8889211873407,0.03843092474231784,9.21752771535588,1.2594295442646222
28,444,0 3 5 12 26,-724.8886682428501,0.038465805573603164,9.22589376512603,1.2958667909125072
28,445,0 4 19 24 26,-724.8886054945566,0.03847445851020648,9.227969142793755,1.359598587572141
28,446,0 1 7 21 25,-724.8885860928832,0.03847713398455698,9.228610846295373,1.2153462003070366
28,447,0 7 19 21 25,-724.8885051847976,0.03848829114112117,9.23128685267681,1.4482398645987113
28,448,0 3 9 21 25,-724.8881170306281,0.038541817272771985,9.24412491487009,1.1439741633745146
28,449,0 3 4 15 26,-724.8880475812733,0.03855139428005189,9.24642192777375,1.2496313855389938
28,450,0 7 20 24 25,-724.8879984863171,0.038558164432989664,9.248045726127797,1.2072080990325333
28,451,0 7 21 26 27,-724.8877061273054,0.038598480493410754,9.257715397279274,1.5562293437629415
28,452,0 3 5 19 26,-724.8875574802131,0.03861897880169838,9.262631847404428,1.2879399113670955
28,453,0 4 19 20 25,-724.8874297709908,0.03863658979542682,9.26685578486821,1.4992200321326097
28,454,0 10 21 24 25,-724.8874005815898,0.038640614989142986,9.2678212140086,1.3781560294925055
28,455,0 7 10 24 26,-724.887388594386,0.03864226801439649,9.268217686541867,1.2904036268537926
28,456,0 3 10 20 24,-724.8872635754141,0.03865950802488244,9.272352644925846,1.4372091756590495
28,457,0 3 8 24 25,-724.8870575741767,0.03868791542127334,9.27916606316415,1.1430836933804172
28,458,0 3 4 13 26,-724.8869509108398,0.03870262420520255,9.28269391539346,1.2051585855717588
28,459,3 8 21 24 26,-724.8863700640002,0.03878272249307022,9.301905219657494,1.3049472810611484
28,460,3 20 23 25 26,-724.8861310830252,0.038815677767367635,9.309809431076822,1.1604599021872886
28,461,0 8 21 23 25,-724.88613089738,0.038815703367692335,9.30981557122838,1.4278980722742338
28,462,0 4 10 20 25,-724.8861219728669,0.03881693405049356,9.31011074634855,1.4848582309073954
28,463,0 3 7 10 20,-724.8860181410985,0.03883125236353623,9.313544945452342,1.4897808245877537
28,464,0 1 3 7 26,-724.8859987780191,0.03883392251579759,9.314185372468826,1.0853823449114997
28,465,0 3 5 20 25,-724.8859647076486,0.03883862079108293,9.31531223795404,1.1863123898459147
28,466,0 4 13 21 25,-724.8857699006476,0.038865484511738144,9.321755410772212,1.321876375106728
28,467,0 19 20 24 25,-724.8857392835744,0.03886970658023561,9.322768059665062,1.3958483749971506
28,468,0 1 8 21 25,-724.885592707037,0.0388899193607619,9.327616026919422,1.358088968252725
28,469,3 7 21 24 26,-724.8850793953211,0.03896070461218631,9.344593630794886,1.1533608767392216
28,470,0 2 3 8 26,-724.8848163634038,0.03899697649108713,9.353293318645184,1.2987182453152268
28,471,0 2 4 20 26,-724.8843522975785,0.03906097077586371,9.368642132068423,1.4060469288184183
28,472,0 13 21 23 26,-724.8843499169662,0.03906129906028243,9.368720869979324,1.373518598929245
28,473,0 3 4 7 25,-724.8842885799019,0.03906975738957777,9.370749571740422,1.1080013905341806
28,474,7 20 21 25 26,-724.8838828722076,0.0391257041374505,9.384168210572524,1.3364710081796656
28,475,0 4 10 24 26,-724.883609581548,0.03916339068824388,9.393207202706161,1.341842190844433
28,476,3 12 21 23 26,-724.8835488613308,0.039171763954821935,9.39521550246134,1.4365576660288475
28,477,0 21 22 24 26,-724.8834084793823,0.03919112250678181,9.39985858587439,1.4234339421352418
28,478,0 1 3 8 20,-724.8828745052076,0.03926475709380227,9.41751959328498,1.416625808940168
28,479,0 19 22 25 26,-724.882834521691,0.039270270786915064,9.418842033986628,1.4171217963201022
28,480,0 8 19 20 26,-724.8826771803026,0.03929196803129234,9.424046044890225,1.639397296019526
28,481,0 3 7 18 26,-724.8826508419166,0.03929560007243821,9.42491717771229,1.129001869886561
28,482,0 15 20 24 26,-724.882535496532,0.039311506103414086,9.428732185608785,1.333959043246671
28,483,0 7 12 20 25,-724.8824447253536,0.03932402337213641,9.431734410305227,1.4553815240262735
28,484,0 4 20 22 26,-724.8823709859466,0.03933419197398243,9.434173315170788,1.5271213561323966
28,485,0 3 15 24 26,-724.8819714679881,0.03938928516252212,9.447387230674954,1.1218279372204667
28,486,0 19 20 23 26,-724.8818975848023,0.03939947359134775,9.449830890974724,1.543082172687177
28,487,0 1 7 12 26,-724.8817907037733,0.039414212394849685,9.453365943297332,1.3215424059295005
28,488,0 1 4 21 25,-724.8816002422961,0.039440476871441935,9.459665389447576,1.2680108068616172
28,489,0 4 15 25 26,-724.8815717572899,0.039444404929713905,9.460607520979206,1.1822196836741266
28,490,0 7 11 20 26,-724.8811655776416,0.039500416759639535,9.47404176952225,1.3496515198863066
28,491,0 2 3 20 25,-724.8810669774049,0.03951401364887781,9.477302937559106,1.246792061109864
28,492,0 8 10 20 26,-724.8810111922251,0.03952170637798906,9.479148012697554,1.6260802059946637
28,493,0 7 21 23 25,-724.8807999931976,0.03955083054523453,9.486133346008469,1.288133964328244
28,494,0 3 10 11 26,-724.8805061477531,0.039591351583478596,9.495852180399627,1.3237928846912175
28,495,3 20 21 24 26,-724.8802848401299,0.03962186971751902,9.503171851946037,1.3346574371295652
28,496,0 24 25 26 27,-724.8801489959579,0.03964060251392546,9.507664849999564,1.2600437796960946
28,497,3 7 10 20 26,-724.8800397362392,0.03965566933672699,9.511278576645141,1.3934288032461424
28,498,0 4 7 21 24,-724.8797402241349,0.039696971802552876,9.521184833806927,1.3393924043187797
28,499,0 7 15 25 26,-724.8797236016203,0.0396992640332608,9.521734617613117,1.1203957091019623
28,500,0 3 4 21 23,-724.8795822866881,0.03971875124287724,9.52640855913128,1.3977826607533146
28,501,0 8 18 21 26,-724.8794300417829,0.03973974568652139,9.53144400564879,1.4669556596884368
28,502,0 4 7 20 21,-724.8793152474957,0.03975557572163188,9.535240786193219,1.551957722134074
28,503,3 7 19 25 26,-724.879127456866,0.03978147189062964,9.54145189500881,1.1425126290831311
28,504,0 8 12 24 26,-724.8788041766736,0.039826051955701734,9.552144273298161,1.4438426078068753
28,505,3 4 10 21 26,-724.8787227088394,0.03983728630112824,9.554838793167955,1.438775648389611
28,506,0 3 4 8 25,-724.8785222553486,0.03986492866795809,9.561468721645621,1.2609153845220051
28,507,0 3 7 18 21,-724.8783337802276,0.03989091922770914,9.567702469765118,1.3113433553183504
28,508,0 4 9 20 26,-724.8772376956448,0.0400420683645478,9.603955080580604,1.311870914108301
28,509,0 3 10 12 25,-724.8770790880806,0.04006394021349502,9.609200969801558,1.4289933508280432
28,510,0 18 19 25 26,-724.8768077149199,0.040101362342807235,9.618176541334531,1.2665220202571787
28,511,0 3 7 11 26,-724.8767578840602,0.04010823397620513,9.619824679434762,1.138136606887775
28,512,3 19 20 24 26,-724.8767080746256,0.04011510265510257,9.621472108908018,1.3499638429590881
28,513,3 13 20 25 26,-724.8766269540452,0.04012628911453518,9.624155143483641,1.129052521389673
28,514,0 3 4 19 21,-724.8765983556025,0.04013023281558877,9.625101026883698,1.5417673692151832
28,515,0 4 20 23 25,-724.8762461235806,0.04017880531346835,9.636750976719958,1.3431756748896544
28,516,0 3 7 13 21,-724.8761430681916,0.04019301656443943,9.640159497346877,1.3223208426992215
28,517,0 11 20 21 26,-724.876100903233,0.04019883107656268,9.641554088473859,1.5043678905013782
28,518,0 2 3 10 26,-724.8760037902132,0.04021222287985151,9.644766067337262,1.3251539077683683
28,519,0 1 3 19 25,-724.8758470246192,0.04023384072265402,9.649951034040885,1.201224143777265
28,520,0 1 3 12 20,-724.8757087837549,0.0402529040209105,9.654523301848736,1.4622659899697357
28,521,3 20 24 25 26,-724.8754048082944,0.04029482197979155,9.664577182944438,1.0542737802968043
28,522,0 11 20 24 26,-724.8753407897466,0.04030365008338861,9.666694573824975,1.2877452182329463
28,523,3 12 20 21 26,-724.875216158471,0.04032083663087833,9.670816709289575,1.5632289687888432
28,524,0 3 20 25 27,-724.8751214442801,0.040333897637677585,9.67394934773036,1.4614872507528205
28,525,0 3 8 20 23,-724.8749076152798,0.04036338447595707,9.681021666465902,1.479541820983379
28,526,0 8 9 21 26,-724.8748303593419,0.040374038004441073,9.683576879350477,1.3920929959422335
28,527,0 9 20 21 26,-724.8746714477679,0.04039595177607502,9.688832823586486,1.4229542184086528
28,528,0 1 12 24 26,-724.8739916617471,0.04048969369333532,9.711316506355793,1.257244713508761
28,529,0 1 15 21 26,-724.8738149916097,0.040514056355846984,9.717159808811479,1.336452689245041
28,530,0 3 13 24 26,-724.8738077092653,0.04051506058498361,9.717400669783768,1.0681993253782789
28,531,0 1 10 25 26,-724.8736626561841,0.040535063282179935,9.722198249259812,1.2073970801317446
28,532,12 20 24 25 26,-724.8735830275134,0.040546044008519064,9.724831939446666,1.296771856695578
28,533,3 7 10 25 26,-724.8732315745841,0.040594509070187836,9.736456121070026,1.121220669706211
28,534,0 1 4 12 26,-724.8729296615287,0.040636142625151805,9.74644178884519,1.3691877899755547
28,535,3 7 21 23 26,-724.8727712585287,0.04065798626486467,9.751680912176404,1.2391669329482222
28,536,0 3 20 22 25,-724.8726474039006,0.040675065713315674,9.755777360297696,1.3781695146889608
28,537,0 3 5 10 26,-724.8724706668588,0.040699437601882396,9.761622875591579,1.2637751205868222
28,538,3 8 20 21 26,-724.8724615402447,0.04070069615425317,9.761924735134034,1.5158233938997026
28,539,0 5 7 20 26,-724.8721731090931,0.04074047056608604,9.771464493697994,1.290242454999035
28,540,0 3 4 13 21,-724.8721313502954,0.04074622906896565,9.772845651196745,1.372423306364453
28,541,0 7 15 20 26,-724.8720171797252,0.04076197309402552,9.776621802520546,1.3855670346387288
28,542,0 9 21 24 26,-724.8717764992223,0.04079516273179058,9.784582225227346,1.186605573931922
28,543,0 12 18 25 26,-724.8717525268921,0.040798468495841615,9.78537510158838,1.2712187358158697
28,544,0 12 18 20 26,-724.8717433276404,0.04079973706487464,9.7856793635935,1.5143412777339618
28,545,0 1 8 25 26,-724.8716466362118,0.04081307073108439,9.788877398474517,1.1720960919953411
28,546,0 4 7 8 21,-724.8715748411839,0.040822971204704,9.79125199368907,1.51983352717815
28,547,0 10 23 25 26,-724.8709100103484,0.040914650814562456,9.813241038981877,1.2832313105510587
28,548,0 10 20 23 26,-724.8709018754797,0.0409157726060782,9.813510096894392,1.5244731950434853
28,549,0 7 22 25 26,-724.8707868841559,0.04093162981236505,9.817313394353853,1.223769950090234
28,550,0 1 3 4 21,-724.8703323138529,0.04099431467263966,9.832348146725508,1.3219004566461854
28,551,0 4 17 21 26,-724.8700024473064,0.04103980299038134,9.843258366355148,1.3670061863741954
28,552,0 8 15 25 26,-724.8697155519802,0.04107936561319197,9.852747328036248,1.2694904113464893
28,553,0 3 13 21 24,-724.869699814055,0.041081535859764366,9.853267854358847,1.2588788659698922
28,554,0 3 4 22 26,-724.8696486035271,0.04108859774824274,9.854961624498616,1.3384211304172855
28,555,0 3 14 21 26,-724.8693231484037,0.04113347773446957,9.865725937865633,1.2065287087126602
28,556,0 3 4 19 20,-724.8691160638541,0.04116203451869834,9.872575186273135,1.5416570798700553
28,557,7 8 20 25 26,-724.8685321235359,0.04124255939464002,9.89188880624832,1.299368364535116
28,558,0 3 8 12 21,-724.8684954626768,0.04124761489610115,9.893101351227276,1.6173567497372847
28,559,3 4 10 20 26,-724.868417043708,0.04125842880557843,9.895695030952304,1.4373210939227778
28,560,0 2 7 20 26,-724.8684016782471,0.041260547689633116,9.896203238148217,1.3466754056567947
28,561,0 3 6 20 26,-724.8683212032352,0.04127164512570903,9.89886492077191,1.1229578568784218
28,562,0 3 12 23 25,-724.8682220477532,0.04128531858279967,9.90214445334998,1.2821926554432004
28,563,0 7 13 25 26,-724.8680830538917,0.04130448571872657,9.906741626272952,1.0646964818609859
28,564,0 11 12 21 26,-724.8675305077619,0.04138068136265127,9.925016894546472,1.5182992831887288
28,565,0 7 8 12 26,-724.8675101970118,0.041383482197906336,9.925688665438347,1.4912650150988145
28,566,3 8 21 23 26,-724.8674379085769,0.04139345071193594,9.928079579915812,1.3780617191924533
28,567,0 7 24 25 26,-724.867318921721,0.041409858898719315,9.932015028189529,0.9858863430539578
28,568,3 8 20 24 26,-724.8673133805844,0.04141062301676969,9.932198299327407,1.2988211721241216
28,569,0 8 22 25 26,-724.8671920361977,0.04142735630505281,9.936211722099635,1.3650432078424792
28,570,0 3 7 19 20,-724.8671224575822,0.04143695113727169,9.938513010254804,1.4942443949331616
28,571,0 4 13 25 26,-724.8670783179607,0.04144303795374551,9.939972912662096,1.1275718406106452
28,572,0 3 9 10 26,-724.8665968386297,0.041509433546229,9.955897671641942,1.2240044894528868
28,573,7 12 20 25 26,-724.866568217026,0.04151338044116003,9.956844321082732,1.3516056082741508
28,574,0 1 18 21 26,-724.8663759777011,0.04153989008146591,9.963202568923032,1.2791665372107932
28,575,1 3 12 20 26,-724.8662080599414,0.041563045798486874,9.96875638957244,1.3623885228802115
28,576,0 10 12 21 26,-724.8660752035948,0.041581366576300335,9.973150566355713,1.6592951373372653
28,577,0 3 12 21 23,-724.8660549011565,0.04158416626537095,9.973822062339114,1.5190011783121278
28,578,0 20 24 26 27,-724.8659679546088,0.04159615612076133,9.97669778872626,1.498276102259543
28,579,0 1 7 8 26,-724.8653581725438,0.04168024455173272,9.996866115359476,1.2580219021741494
28,580,3 7 19 20 26,-724.8652192874173,0.04169939669319784,10.001459691911348,1.4004957137649678
28,581,3 18 21 25 26,-724.8648950256663,0.0417441121143745,10.012184534905975,1.103368875493352
28,582,0 17 20 25 26,-724.8646478757919,0.0417781938730049,10.020358929794211,1.2303720201593475
28,583,0 8 13 20 26,-724.8641534026453,0.04184638130165718,10.036713454637304,1.4739709711040299
28,584,0 1 3 19 21,-724.8640100273722,0.041866152630553294,10.041455541206682,1.4463324409470384
28,585,3 10 20 24 26,-724.8639407343558,0.04187570807890179,10.043747383273336,1.3281086162888853
28,586,0 5 19 21 26,-724.8639310673204,0.04187704115489663,10.044067117055741,1.4616777918782802
28,587,0 1 20 23 26,-724.8639036549098,0.0418808213031375,10.044973772865145,1.317115598748456
28,588,0 1 3 10 21,-724.8636673549929,0.04191340686179771,10.052789309235523,1.4319906797839055
28,589,0 1 3 7 20,-724.8636155596913,0.04192054939007685,10.054502420559595,1.2682630396935861
28,590,0 3 8 23 25,-724.8634489779328,0.04194352087367546,10.060012053443861,1.2234183169889818
28,591,0 11 12 25 26,-724.8632429409018,0.041971933205960425,10.066826655539716,1.2778874575605432
28,592,4 7 20 21 26,-724.8631678920431,0.04198228238010454,10.069308870062109,1.4546625472779438
28,593,3 15 21 25 26,-724.8631211253462,0.041988731468044556,10.070855662059035,1.1634389424328235
28,594,3 12 24 25 26,-724.8630237938441,0.04200215339984781,10.074074867145033,1.0722391908305204
28,595,0 3 20 21 23,-724.8626629505217,0.04205191338879427,10.086009632709619,1.4993057592755552
28,596,3 20 21 23 26,-724.8626448160163,0.0420544141217432,10.086609425075272,1.4068747030210127
28,597,0 1 13 20 26,-724.8626248320467,0.04205716989425433,10.08727038781996,1.2936835583946356
28,598,0 2 20 24 26,-724.8625941472338,0.042061401303988104,10.088285277176842,1.2848074797924807
28,599,0 8 19 24 26,-724.8622573574777,0.04210784432648296,10.09942447952239,1.4290144060623127
28,600,0 4 13 20 25,-724.8619954471953,0.04214396153287853,10.108087069693838,1.3133271526535615
28,601,19 21 24 25 26,-724.8618419430625,0.042165129622957605,10.113164164723251,1.2791122479963364
28,602,0 7 13 21 25,-724.8612826229967,0.042242259386924025,10.131663478539046,1.2542583431499514
28,603,0 1 3 25 26,-724.8609927836903,0.042282227982103134,10.141249811323842,0.9652860180908687
28,604,0 11 19 25 26,-724.8609359930508,0.04229005936325573,10.14312814168689,1.2692720698671576
28,605,0 7 18 21 25,-724.8608999295473,0.04229503248989156,10.144320929341758,1.241299463826769
28,606,0 1 4 20 25,-724.8604897054064,0.042351602051923495,10.157888948049898,1.2607965809725907
28,607,0 1 7 19 26,-724.8604339225385,0.04235929446222079,10.159733946721895,1.3030779475666874
28,608,0 1 21 26 27,-724.86035647635,0.042369974226101996,10.162295452078027,1.5019111784405226
28,609,0 3 4 23 26,-724.860346123331,0.042371401898661974,10.16263787452761,1.2148816654220767
28,610,0 7 8 10 26,-724.8602164937631,0.04238927770643163,10.16692532674626,1.467534858902804
28,611,0 3 8 11 26,-724.8595064254887,0.042487195520855205,10.190410584369596,1.2813571884524046
28,612,0 8 15 21 26,-724.8591258227268,0.0425396803197807,10.202998886419946,1.5042467029909328
28,613,0 3 4 20 23,-724.8589697625681,0.042561200883660194,10.208160521101895,1.3911392139715266
28,614,0 6 21 25 26,-724.8588444133079,0.04257848644061376,10.212306403652555,1.0417680394436406
28,615,0 4 7 26 27,-724.8586964047743,0.04259889669220817,10.217201733676754,1.4392925008449866
28,616,0 4 22 25 26,-724.8586842575353,0.04260057178618813,10.217603499319647,1.2733323162203418
28,617,0 2 8 21 26,-724.8585825685911,0.04261459460557038,10.220966825265354,1.4699178038120684
28,618,0 4 18 21 25,-724.8582412830763,0.042661657589391395,10.232254723244553,1.295094757306122
28,619,0 4 20 21 24,-724.858176430487,0.042670600706596125,10.234399699751078,1.4907214959020167
28,620,0 5 20 24 26,-724.8581241565304,0.042677809240996366,10.236128642420733,1.2211806705359083
28,621,0 3 4 24 26,-724.8574990187409,0.04276401521338551,10.25680485422292,1.1186965469626786
28,622,0 7 8 21 24,-724.8571966628219,0.04280570983885871,10.266805169553804,1.411782881031643
28,623,0 18 19 20 26,-724.8571526004852,0.04281178599782853,10.268262515794698,1.5010767891443595
28,624,0 1 19 24 26,-724.8570777482286,0.04282210806069932,10.2707382277696,1.240592764450904
28,625,0 7 19 20 25,-724.8569371691717,0.04284149379372794,10.27538783047034,1.4362016891320402
28,626,0 8 21 22 26,-724.8568501687878,0.04285349107308126,10.278265337469964,1.5860960242419397
28,627,0 1 3 21 24,-724.8567473957738,0.04286766338477503,10.281664518642522,1.197746727032753
28,628,3 4 8 21 26,-724.8566913872205,0.04287538691690166,10.283516981780345,1.3989277583929849
28,629,0 5 8 21 26,-724.8566034966079,0.04288750695803255,10.286423932778382,1.4154829338651567
28,630,0 10 19 25 26,-724.8563154566532,0.04292722742414886,10.295950752644124,1.4325800110233438
28,631,7 19 21 25 26,-724.856207102001,0.04294216943903188,10.299534544531284,1.3353285158016617
28,632,0 1 8 20 25,-724.8561111729974,0.04295539796748253,10.30270736247529,1.346738692585566
28,633,0 2 3 12 26,-724.8560060068373,0.04296990029200375,10.30618569611175,1.3371420247133947
28,634,0 3 12 20 21,-724.8556845973,0.04301422239533983,10.31681620314853,1.6383784384462505
28,635,0 8 20 23 25,-724.8556500458747,0.043018987007663115,10.317958979348616,1.416345343799935
28,636,7 10 21 25 26,-724.8556357759302,0.043020954820935424,10.31843095272677,1.3197311414460484
28,637,0 1 3 15 26,-724.8554907187863,0.04304095807837642,10.323228666575604,1.119663502033536
28,638,0 3 9 20 25,-724.8552665216117,0.04307187467911221,10.330643909015318,1.129757862587198
28,639,0 1 2 21 26,-724.8551125454308,0.04309310786422501,10.335736616869081,1.2882137037153556
28,640,0 7 20 22 26,-724.8549301320071,0.04311826252105082,10.341769876490513,1.4667684834257462
28,641,3 21 25 26 27,-724.8548769035298,0.04312560268305025,10.343530389596003,1.3521945724939342
28,642,0 13 21 24 25,-724.8548082598552,0.043135068587711836,10.345800754911284,1.1876582378522718
28,643,1 3 7 21 26,-724.8547070632337,0.043149023516214365,10.349147797458409,1.1488435879611891
28,644,0 16 20 25 26,-724.8546734330251,0.0431536610935306,10.3502601047404,1.23755597544819
28,645,3 4 8 20 26,-724.8544002603043,0.0431913313806735,10.359295196092306,1.401571172067374
28,646,7 21 24 25 26,-724.8543009527918,0.04320502580263492,10.362579757023937,1.0662368483163374
28,647,0 20 21 23 25,-724.8542769630412,0.043208333968952864,10.363373209560589,1.4423818158258161
28,648,0 12 13 21 26,-724.8542298226091,0.04321483459466733,10.36493236271894,1.5130792445595438
28,649,3 21 22 25 26,-724.8542240064597,0.043215636636747524,10.36512472980749,1.2632381568646465
28,650,0 10 18 21 26,-724.8542064423974,0.04321805870608444,10.365705654971046,1.4824389059148262
28,651,0 5 10 21 26,-724.8541688101769,0.04322324815745734,10.366950327384682,1.4428795054235877
28,652,2 3 21 25 26,-724.8540754853143,0.043236117577074344,10.370037014285808,1.1144192545819946
28,653,3 4 12 25 26,-724.8539069606383,0.043259356987351755,10.37561090848057,1.196115227521669
28,654,0 6 12 21 26,-724.8537976145661,0.04327443571820565,10.379227491232355,1.3430397318716685
28,655,0 3 23 26 27,-724.8537679849497,0.043278521617243576,10.38020748033948,1.3888237980970035
28,656,0 7 23 25 26,-724.8535447001909,0.04330931239661627,10.38759254494951,1.0836422240695742
28,657,0 3 7 25 27,-724.8530760078995,0.04337394466715186,10.403094377105845,1.2833918847240477
28,658,3 8 12 25 26,-724.8529575708706,0.04339027703326389,10.407011640047196,1.287928728593052
28,659,0 10 13 21 26,-724.8527437413937,0.04341976393724701,10.414083974541537,1.492503238952785
28,660,0 1 3 20 21,-724.8527221471272,0.04342274176833345,10.41479819728676,1.428440504189314
28,661,0 3 22 24 26,-724.8527135133452,0.043423932359574445,10.415083756581394,1.2140559502475754
28,662,0 8 11 21 26,-724.8526208357148,0.04343671252641286,10.418149036504525,1.4636565855378625
28,663,0 10 20 24 25,-724.8524706559253,0.043457422192345635,10.423116180048195,1.3641103662286345
28,664,3 7 20 24 26,-724.8518053154132,0.043549172086179484,10.445122082715512,1.1390536075292743
28,665,3 8 12 21 26,-724.8515919303804,0.04357859770170729,10.452179717380503,1.52386483162132
28,666,1 12 21 25 26,-724.8514820011113,0.043593756854933205,10.45581558916704,1.292448252315368
28,667,0 7 10 20 25,-724.8512563306144,0.043624876625567896,10.463279561221944,1.4191530672388002
28,668,0 3 8 18 26,-724.8511910361692,0.04363388067433378,10.465439151957957,1.2657906339576548
28,669,0 12 19 25 26,-724.8510183456332,0.043657694553180235,10.471150830501971,1.4506919809205794
28,670,0 3 5 25 26,-724.8509106172005,0.0436725502129235,10.47471391040004,0.9521300614181086
28,671,20 21 24 25 26,-724.8508457144192,0.0436815002515704,10.47686054699113,1.2593968413933063
28,672,0 1 12 20 25,-724.8508012681408,0.043687629355761655,10.478330591964857,1.39553460966416
28,673,0 2 20 21 26,-724.8507481994207,0.04369494748738135,10.48008582115805,1.4955257840297502
28,674,0 1 3 4 20,-724.8507191071989,0.043698959280156796,10.481048036127998,1.3157423986892125
28,675,0 3 12 15 26,-724.8504620777055,0.04373440342987877,10.489549195925743,1.37160185219817
28,676,3 4 19 21 26,-724.8503444724033,0.043750621101573337,10.4934389497978,1.4389443963274997
28,677,0 1 7 10 26,-724.8502296551114,0.04376645430900496,10.497236491212753,1.282068277928553
28,678,0 1 4 7 21,-724.8501673535968,0.043775045635172184,10.499297091825127,1.3351232579603667
28,679,0 12 21 23 25,-724.8501504785829,0.04377737268531481,10.499855226955326,1.4591417561991362
28,680,4 10 21 25 26,-724.8499236853044,0.04380864728659187,10.507356334617732,1.3689925798305762
28,681,0 3 4 13 20,-724.8498542270788,0.043818225517141596,10.509653640918536,1.3649933924973907
28,682,0 2 7 25 26,-724.8498526510473,0.04381844285055736,10.509705767605485,1.0572018980009783
28,683,3 12 20 23 26,-724.8498318784827,0.04382130736963663,10.510392812847863,1.4235115680945696
28,684,0 7 20 26 27,-724.8494904439073,0.043868390908789814,10.521685640954171,1.5416234756957499
28,685,3 7 8 25 26,-724.8493698358428,0.04388502265885756,10.52567471012782,1.0707128358222369
28,686,3 4 19 20 26,-724.8492235544527,0.0439051947388225,10.530512915489775,1.4420779592699808
28,687,0 5 21 23 26,-724.848875246362,0.04395322612990632,10.542033082685613,1.2999865814855658
28,688,0 4 7 8 20,-724.8488286290176,0.04395965462227049,10.543574934903118,1.512546009093814
28,689,0 4 7 20 24,-724.8485994526188,0.04399125785380793,10.551154863425378,1.3272416363016182
28,690,0 18 20 23 26,-724.8485385183103,0.043999660643411,10.55317024417856,1.347297111604401
28,691,0 4 7 8 25,-724.8484589748314,0.04401062962187293,10.555801116676683,1.2696456245591072
28,692,0 8 10 24 26,-724.8483655520496,0.044023512544458646,10.558891042219324,1.4078157046562427
28,693,0 1 25 26 27,-724.8482698614132,0.044036708202275045,10.562055976252543,1.2546560738503931
28,694,3 7 13 21 26,-724.8482094863173,0.04404503387693436,10.564052861246486,1.2016004864539178
28,695,0 1 3 8 25,-724.8481754415204,0.04404972862562252,10.565178880889258,1.1338169619434075
28,696,0 4 7 24 26,-724.8481637119517,0.04405134612323412,10.565566832237408,1.1410057396766873
28,697,0 15 21 23 26,-724.8478408262241,0.04409587179194514,10.57624616374297,1.3939489112757382
28,698,0 3 21 23 24,-724.8477807424758,0.04410415729001045,10.57823341251631,1.2707128440187339
28,699,0 8 12 21 25,-724.8475676148412,0.04413354741055221,10.585282533828583,1.558687957532478
28,700,8 21 24 25 26,-724.8475566866005,0.04413505440570462,10.585643981534496,1.2228788351161624
28,701,3 19 24 25 26,-724.8473398650999,0.044164953907228424,10.592815276157744,1.0544777043758313
28,702,0 3 7 20 23,-724.8473243797348,0.04416708932597876,10.593327449144654,1.3337853752864202
28,703,0 3 4 7 10,-724.8472395737862,0.04417878399456086,10.59613237597117,1.3588186421436717
28,704,0 3 19 23 25,-724.8471849628148,0.04418631480131621,10.597938614578537,1.2637175671940688
28,705,0 3 4 18 21,-724.8471761382098,0.04418753170688971,10.598230485277092,1.3480024315963823
28,706,0 4 16 21 26,-724.8471130350075,0.044196233585103495,10.600317601425065,1.3668027619172927
28,707,3 10 12 25 26,-724.8470208173126,0.04420895032723244,10.603367669145488,1.3161156673315957
28,708,0 15 24 25 26,-724.8469655394528,0.04421657309734343,10.605195964853618,1.0302038621375305
28,709,0 8 13 25 26,-724.8467857253077,0.04424136931585451,10.611143254253872,1.2140749251589693
28,710,0 7 8 19 26,-724.8465205100998,0.04427794226867899,10.619915153669574,1.4748195757440472
28,711,4 8 21 25 26,-724.8464081143726,0.044293441544392444,10.623632602687898,1.3371212132825507
28,712,3 15 20 25 26,-724.8463472324772,0.04430183710626557,10.625646249894425,1.1587155763203436
28,713,0 8 17 21 26,-724.8463254829462,0.044304836348195466,10.626365607958254,1.4374797790164742
28,714,0 10 22 25 26,-724.8462537018912,0.044314734894962855,10.6287397410238,1.3841999924689248
28,715,0 5 12 20 26,-724.8461655679989,0.0443268884841606,10.631654738412553,1.4631921273125472
28,716,4 19 21 25 26,-724.8461219709418,0.04433290048146155,10.633096695693512,1.3818802289720495
28,717,0 3 18 21 24,-724.845979402509,0.04435256054775231,10.63781209630216,1.2334656506498158
28,718,0 8 18 20 26,-724.845906048725,0.044362675972509355,10.640238246822237,1.454239111578712
28,719,0 10 12 24 26,-724.8458986601659,0.04436369484857296,10.640482620810577,1.4559392754865361
28,720,0 4 24 25 26,-724.8457419673612,0.04438530265379969,10.64566518003549,1.0412247656305211
28,721,0 4 7 12 25,-724.8456760239526,0.044394396194062685,10.647846235005334,1.3224707334770764
28,722,0 4 23 25 26,-724.8456086713479,0.044403684061276164,10.650073898639006,1.1415392281169379
28,723,0 1 3 10 25,-724.8456032739554,0.044404428357144185,10.650252415493282,1.1674947488059992
28,724,0 1 7 20 25,-724.8448871623518,0.04450317954153996,10.673937554094435,1.1956366313371003
28,725,0 10 13 25 26,-724.8448843432266,0.04450356829652828,10.674030795667552,1.2460204635858638
28,726,3 8 20 23 26,-724.844815761105,0.04451302571308188,10.676299125138753,1.3705416878169354
28,727,0 1 19 21 25,-724.8448047967842,0.04451453768365088,10.676661766181557,1.381974598192963
28,728,0 12 13 25 26,-724.8443605432019,0.044575799876866884,10.691355296656253,1.2692917916804052
28,729,0 3 15 23 26,-724.8442518994702,0.04459078175556573,10.694948649745221,1.196023513821751
28,730,0 12 20 21 25,-724.8441310011533,0.04460745353120787,10.698947318917925,1.5848378840825454
28,731,0 4 8 24 26,-724.843927836425,0.04463546977539163,10.705666920618263,1.2901693212670138
28,732,0 3 22 26 27,-724.8438486121364,0.04464639473777445,10.708287236008228,1.4895015810449719
28,733,3 4 21 23 26,-724.843838908484,0.04464773286322986,10.70860818088672,1.279376752328411
28,734,1 3 21 25 26,-724.8438369582523,0.04464800179854031,10.70867268411412,1.0447425551783527
28,735,12 21 23 25 26,-724.8436108999233,0.044679175050889954,10.71614948357802,1.3609746827354061
28,736,4 19 20 25 26,-724.8435037227555,0.04469395469167515,10.719694330585318,1.3844091595944266
28,737,0 7 8 23 26,-724.8434975028543,0.04469481241078091,10.71990005162072,1.321226370556453
28,738,0 3 17 21 25,-724.8433014270299,0.04472185110111514,10.72638519032643,1.1904995634371685
28,739,0 3 9 12 26,-724.8432071424445,0.044734852865694084,10.729503619720427,1.235585696031481
28,740,0 5 19 25 26,-724.8429736522726,0.04476705096290155,10.737226224767836,1.201751537882223
28,741,0 3 8 9 26,-724.8429068156138,0.04477626768161389,10.739436823673412,1.1774154269631851
28,742,0 10 15 25 26,-724.8428964659263,0.04477769489476572,10.7397791359355,1.2872430622522057
28,743,0 2 3 24 26,-724.8428247290666,0.04478758734703816,10.742151807256977,1.0533320260722743
28,744,4 8 20 25 26,-724.8426196572208,0.04481586658111304,10.748934486195932,1.3391599199750217
28,745,0 6 20 21 26,-724.842544292329,0.04482625933594577,10.751427153399543,1.3169570067529806
28,746,3 4 21 24 26,-724.8425061197597,0.044831523300956286,10.752689697657908,1.1892164019541482
28,747,19 20 24 25 26,-724.8424581383764,0.04483813989313019,10.754276664980528,1.2731258247722281
28,748,0 11 21 23 26,-724.842343735464,0.04485391595797344,10.75806050093834,1.3508676788748062
28,749,0 3 12 22 25,-724.8422423159219,0.04486790162704859,10.761414916508155,1.382590111452006
28,750,0 15 20 21 26,-724.8422047814787,0.044873077595018074,10.762656354972943,1.5250448783090322
28,751,3 7 8 21 25,-724.8416719063864,0.044946560619505714,10.780281010621085,1.2583676467722642
28,752,0 3 8 10 21,-724.8416423401479,0.04495063777878333,10.781258903526169,1.5864772640936917
28,753,0 3 13 19 26,-724.8416259003845,0.04495290480824838,10.781802642899233,1.3202768260595823
28,754,0 3 13 22 26,-724.8414653343334,0.04497504673088319,10.787113308383505,1.2732618309936075
28,755,0 1 4 19 26,-724.8413809594576,0.04498668195488216,10.78990397762719,1.3462443005157945
28,756,1 3 8 21 26,-724.841049423253,0.0450324005170641,10.800869420609475,1.292466242483074
28,757,0 1 8 12 26,-724.8407753506892,0.04507019489178406,10.80993427394833,1.4354499354206771
28,758,0 1 3 13 26,-724.8407006274679,0.04508049916080399,10.812405718128106,1.0627546437405555
28,759,0 20 22 24 26,-724.8406386896274,0.04508904033660812,10.81445429034499,1.4059029046570102
28,760,3 7 18 21 26,-724.84058062205,0.045097047806424026,10.816374854980186,1.1842560330346839
28,761,3 18 20 25 26,-724.8405741780476,0.045097936428895695,10.816587988083695,1.0944091602241977
28,762,0 12 21 22 26,-724.8405501063794,0.045101255891584056,10.817384150016702,1.622921923364661
28,763,0 3 8 12 20,-724.8403771294369,0.045125109265641214,10.82310530135383,1.6079425089906605
28,764,0 4 15 21 25,-724.8402369234759,0.04514444354906461,10.827742564040237,1.3387456582876147
28,765,4 21 24 25 26,-724.8402266727776,0.0451458571116928,10.82808160227026,1.1216316758351383
28,766,3 20 25 26 27,-724.8400817620628,0.04516584017668453,10.832874473028225,1.348677024460615
28,767,0 4 17 20 26,-724.8400564115491,0.04516933599108594,10.833712932324971,1.3557747562411306
28,768,0 5 12 25 26,-724.8398794601192,0.04519373744359547,10.83956553843085,1.2078763632125538
28,769,0 2 3 4 26,-724.839785673274,0.045206670570207746,10.842667505239982,1.1819204188167274
28,770,0 4 7 10 25,-724.8396374420306,0.04522711153329334,10.84757020131179,1.2967557160889494
28,771,12 20 21 25 26,-724.8396290234905,0.04522827244285486,10.847848641555682,1.495601205087605
28,772,0 1 21 24 25,-724.8394852196652,0.04524810286872093,10.852604902334036,1.1221325597145761
28,773,0 4 12 21 24,-724.8392728992161,0.045277381679061,10.859627326269756,1.4999986386542983
28,774,0 4 6 21 26,-724.8392323448915,0.04528297408612568,10.860968646247349,1.1894909267241067
28,775,0 8 9 20 26,-724.8391380786838,0.04529597331641902,10.864086467801489,1.378039239298363
28,776,7 21 23 25 26,-724.8390124153959,0.04531330217752897,10.868242736708043,1.1565003675690586
28,777,0 7 9 20 26,-724.8390115101909,0.04531342700454245,10.868272676046324,1.2368002953297794
28,778,0 13 18 21 26,-724.8389794983943,0.04531784140420501,10.869331454920605,1.3162553527649357
28,779,3 5 21 25 26,-724.838965264332,0.045319804269354946,10.869802241508292,1.0354209156454515
28,780,0 1 5 21 26,-724.8386928036418,0.045357376368070856,10.878813782697064,1.2185442951116217
28,781,4 21 23 25 26,-724.8385790608982,0.04537306139621342,10.88257578380918,1.2148702860960914
28,782,0 3 18 20 21,-724.8382522011632,0.04541813507718718,10.893386554208135,1.4566762711182066
28,783,3 11 21 25 26,-724.8381303825186,0.045434933765239736,10.897415662894545,1.1011521838157903
28,784,4 10 20 25 26,-724.8381206899373,0.04543627036399081,10.897736241598151,1.3669986234414917
28,785,1 3 19 21 26,-724.8380877290896,0.045440815637016754,10.898826410007354,1.3372813108782868
28,786,0 21 23 24 25,-724.8380243291721,0.045449558432013475,10.900923339907749,1.2033410905105386
28,787,0 3 4 25 27,-724.8379190906567,0.04546407073427016,10.904404066670415,1.3292075986157397
28,788,0 3 5 7 21,-724.8379040796008,0.045466140746180564,10.904900552047314,1.245048853170641
28,789,0 3 7 11 21,-724.8376749845705,0.04549773275706904,10.912477789334755,1.3011600408603277
28,790,0 3 4 7 8,-724.8375453558995,0.04551560844116033,10.916765211889565,1.323630043886095
28,791,0 13 20 23 26,-724.8372789862773,0.04555234058674706,10.925575293152516,1.3534736622983423
28,792,0 1 3 19 20,-724.8371960325339,0.04556377983778681,10.928318958942732,1.4370130662368241
28,793,3 4 7 21 25,-724.8370579454785,0.04558282192593223,10.932886139576961,1.161561591964242
28,794,0 1 15 20 26,-724.8368772473616,0.04560774004340397,10.938862666031902,1.3215044539979555
28,795,0 1 20 21 25,-724.8368303968421,0.04561420069041923,10.940412230434049,1.365161156465878
28,796,0 3 15 22 26,-724.8364603506171,0.045665229751828774,10.952651378749756,1.3121281357507448
28,797,0 3 14 20 26,-724.8362986157982,0.04568753284655004,10.958000700815512,1.1930691685060137
28,798,0 4 8 21 24,-724.8361208942341,0.04571204049991334,10.963878778838074,1.4506484197942915
28,799,0 7 20 23 25,-724.8361017452002,0.04571468113549901,10.964512126379416,1.2687347662466988
28,800,0 4 18 20 25,-724.8360537438492,0.04572130048119015,10.96609975412386,1.2877538664832047
28,801,3 7 20 23 26,-724.8359317145648,0.04573812821628864,10.970135829646296,1.2237663351741161
28,802,0 4 5 21 25,-724.8357191052539,0.045767446860422466,10.977167807583134,1.2380384604044818
28,803,0 1 21 22 26,-724.8355815620844,0.04578641394716186,10.981716999383023,1.4101601625949771
28,804,0 1 4 10 26,-724.835549732464,0.0457908032248931,10.982769752846787,1.328175164800993
28,805,0 9 10 21 26,-724.8353854452167,0.04581345829732171,10.988203495578825,1.4017123158332714
28,806,0 1 7 25 26,-724.8352565676839,0.045831230400082426,10.99246607450076,0.9816487681001094
28,807,0 4 8 12 26,-724.8351234846339,0.04584958244011561,10.996867749422021,1.5227068148370042
28,808,0 3 7 18 20,-724.8350551775945,0.045859001923060555,10.999126980645093,1.2929158354369181
28,809,0 3 9 25 26,-724.8350397174393,0.045861133865396794,10.99963831982581,0.8949175729368646
28,810,8 20 21 25 26,-724.8350185886682,0.04586404750505881,11.00033714647433,1.4454126670730179
28,811,0 3 8 22 25,-724.8350108317547,0.045865117176858025,11.000593703648578,1.3270627695873467
28,812,0 3 8 17 26,-724.8348907048994,0.04588168256859803,11.004566857001064,1.2420866441124694
28,813,0 6 7 21 26,-724.8348824475055,0.04588282125623433,11.004839967391124,1.1272985889786846
28,814,0 2 8 25 26,-724.8347565495307,0.04590018248047237,11.009003998484824,1.2104332201658736
28,815,0 9 12 21 26,-724.8343771975549,0.04595249479705089,11.02155093122584,1.42228518291213
28,816,0 1 11 21 26,-724.8342209265211,0.04597404444042836,11.026719540527328,1.273598263267276
28,817,0 4 11 21 25,-724.8340009418241,0.04600438014406352,11.033995456756166,1.2936643318720948
28,818,0 4 12 23 26,-724.8338454778482,0.04602581849484493,11.039137372903753,1.4189900705647285
28,819,10 21 24 25 26,-724.8336828278999,0.04604824778513121,11.044516962550263,1.2484125539690996
28,820,1 3 10 21 26,-724.8336698220157,0.04605004128555714,11.04494712757997,1.3198288262425095
28,821,0 11 19 21 26,-724.8333126003863,0.046099301846094926,11.056762106924744,1.4959072376527558
28,822,0 8 15 20 26,-724.8331487844187,0.04612189192946848,11.062180262251061,1.4955691736359458
28,823,0 3 4 7 12,-724.8329065884247,0.04615529055216352,11.070190809288647,1.3734878436139155
28,824,3 12 23 25 26,-724.8327495166745,0.04617695061365622,11.075385902002756,1.1540430500385193
28,825,0 2 21 23 26,-724.8325787115876,0.04620050449066147,11.081035219981851,1.3496879720767212
28,826,3 4 20 24 26,-724.8318204334936,0.04630507039843237,11.106115000378033,1.18796308132128
28,827,0 6 10 21 26,-724.8317629383413,0.04631299893130221,11.108016632252882,1.3095537790259801
28,828,3 7 12 21 25,-724.8317250766146,0.046318220031387775,11.109268895503533,1.3079849271646597
28,829,0 7 18 25 26,-724.8317058480051,0.04632087164037542,11.109904874978337,1.028852291656644
28,830,3 12 21 24 25,-724.8316982960481,0.04632191304885354,11.110154653290321,1.2477980569145766
28,831,0 3 10 23 25,-724.8315117419963,0.04634763869479291,11.116324862725339,1.2394618648712938
28,832,0 3 4 11 26,-724.8313292159303,0.046372808884909945,11.122361847954298,1.1732737699151767
28,833,0 3 7 13 20,-724.8312775513334,0.0463799333891168,11.124070636265408,1.3032427456219025
28,834,0 3 7 8 24,-724.8311988271753,0.046390789383933,11.126674410017069,1.2044258322707568
28,835,0 3 13 23 26,-724.831089445234,0.04640587306110638,11.130292179126902,1.1435238793232116
28,836,0 7 11 25 26,-724.8310103570835,0.0464167792501665,11.132907991798719,1.0419716387756035
28,837,7 19 20 25 26,-724.8310004601731,0.0464181440257469,11.133235328619831,1.3265955766490969
28,838,0 11 12 20 26,-724.8308336752038,0.0464411435319257,11.138751682625468,1.5045816490520545
28,839,3 10 21 23 26,-724.8306932389683,0.04646050957002476,11.143396561563762,1.389306344189359
28,840,0 3 13 20 24,-724.8306571343389,0.046465488367867944,11.144590709438589,1.242540015598596
28,841,0 3 15 18 26,-724.8304445453795,0.04649480420555791,11.151622014259328,1.1501414111813237
28,842,0 8 25 26 27,-724.8303457768063,0.046508424308249106,11.154888749964593,1.4299731750747393
28,843,20 21 23 25 26,-724.8302252897021,0.04652503937801027,11.15887381842295,1.3342486263876774
28,844,0 17 21 24 26,-724.8301712204128,0.046532495487264416,11.160662141086524,1.2333246606914383
28,845,0 3 19 22 25,-724.8300263101029,0.046552478496429205,11.165454998454589,1.3697732619552192
28,846,0 3 18 19 25,-724.8298709254677,0.04657390590618231,11.170594290433426,1.2181692332840597
28,847,3 8 12 20 26,-724.8298349709384,0.04657886400537128,11.171783473805833,1.5172735492487814
28,848,0 3 13 20 21,-724.8297450510822,0.04659126387747077,11.174757541318137,1.4635989212393818
28,849,0 5 19 20 26,-724.8296138449695,0.046609357089439286,11.179097137200824,1.4488605749265355
28,850,3 4 20 23 26,-724.8295877581618,0.04661295443815241,11.179959949159873,1.2762215354991684
28,851,0 3 8 15 25,-724.8292233300037,0.04666320877288945,11.192013281895461,1.224829172402034
28,852,0 3 12 17 26,-724.8291892647321,0.04666790634503137,11.193139978734095,1.2944290068096622
28,853,2 3 20 25 26,-724.8291412932267,0.046674521575050074,11.194726619348385,1.1053895671635574
28,854,3 20 22 25 26,-724.8290519214939,0.04668684586140283,11.197682557874202,1.2543796396707525
28,855,0 5 7 21 25,-724.8288055583758,0.04672081912699869,11.205830931073928,1.176895253044783
28,856,0 18 21 24 25,-724.8285144428237,0.046760963715397605,11.215459475239067,1.1600924876435839
28,857,4 7 21 24 26,-724.8285125280207,0.046761227765106834,11.215522806671482,1.2077932922900976
28,858,0 1 3 13 21,-724.8281099089196,0.0468167485985913,11.228839291373689,1.2487583064327152
28,859,4 20 24 25 26,-724.8280436562758,0.046825884782133315,11.231030574190216,1.1196850053985674
28,860,0 9 20 24 26,-724.8276896592143,0.046874700677472764,11.242738902086522,1.1671264930079874
28,861,0 3 11 24 26,-724.8276878261955,0.04687495344921674,11.242799528537,1.0402523534927455
28,862,0 1 3 10 20,-724.8276686129739,0.046877602936232256,11.243434999063947,1.4182393681469798
28,863,4 7 12 21 26,-724.8275473243185,0.04689432853921152,11.247446578541961,1.4562926992711256
28,864,0 3 7 15 25,-724.827502156989,0.04690055707574662,11.248940472028087,1.0643654615149747
28,865,0 15 18 21 26,-724.8274719621611,0.04690472091697338,11.249939155306395,1.3507196778230344
28,866,0 3 10 21 23,-724.8273347141594,0.04692364730031383,11.254478584533292,1.480893260899482
28,867,0 1 4 7 26,-724.8270736647515,0.04695964579284689,11.263112701585104,1.1423608162103203
28,868,0 8 11 20 26,-724.8270188385331,0.04696720628198719,11.264926059412419,1.4551285530170253
28,869,8 20 24 25 26,-724.827002672949,0.046969435502368526,11.26546073040424,1.2164300165876984
28,870,0 3 7 22 25,-724.8268764570582,0.046986840566942925,11.269635276454792,1.175993888589606
28,871,0 3 7 12 24,-724.8264966710406,0.04703921273753344,11.282196564978769,1.25876080194869
28,872,0 3 4 18 20,-724.8264859292183,0.0470406940257397,11.282551846960327,1.3416554622497923
28,873,0 4 24 26 27,-724.8264514410818,0.04704544991059371,11.283692529906332,1.3684601610974099
28,874,0 14 21 25 26,-724.8263712376822,0.04705650989154841,11.286345229045498,1.1170472363871693
28,875,0 3 12 18 25,-724.8263649859472,0.04705737200052291,11.286552002976112,1.2240084645956104
28,876,0 2 4 25 26,-724.8262597898187,0.04707187845766374,11.290031327807451,1.1078878361323987
28,877,0 3 7 13 25,-724.8262164807826,0.04707785073710471,11.291463758893617,1.0130925163331612
28,878,3 4 13 21 26,-724.8262084291846,0.04707896104565859,11.291730062656448,1.2469713345433757
28,879,0 4 7 12 21,-724.8261825850915,0.047082524924236806,11.292584846916498,1.544914609832033
28,880,0 4 7 13 26,-724.826177944644,0.04708316483802384,11.292738328080612,1.1981189266063856
28,881,0 3 4 18 26,-724.826001186317,0.04710753966180792,11.29858454737648,1.1583538291304838
28,882,0 3 12 20 23,-724.8259765445105,0.0471109377460774,11.299399566430617,1.5037614773320724
28,883,0 3 16 21 25,-724.8259720316643,0.0471115600637516,11.2995488272264,1.1942720291759115
28,884,0 3 5 7 26,-724.8259321794136,0.04711705565540887,11.300866926354976,1.0443502545714194
28,885,1 3 12 25 26,-724.8258852717928,0.047123524176639675,11.30241837936117,1.06491076675885
28,886,8 21 23 25 26,-724.8256441305736,0.04715677734680171,11.31039404009916,1.2991990057645209
28,887,0 4 15 20 25,-724.8255963389988,0.047163367764531824,11.311974729569696,1.335434305541378
28,888,0 4 7 19 25,-724.8255832684134,0.047165170187202045,11.312407034569613,1.3052406635559022
28,889,0 10 12 20 26,-724.8254795452227,0.04717947352746467,11.315837642502597,1.6446198736808166
28,890,0 7 11 21 25,-724.8254386008251,0.04718511972525993,11.317191864005546,1.2342133802346533
28,891,0 13 24 25 26,-724.8254050118344,0.04718975161867019,11.318302808021851,0.9653758195465836
28,892,0 1 20 26 27,-724.8253974835038,0.04719078976908793,11.318551804899037,1.489049499616158
28,893,0 3 12 18 21,-724.8253448757597,0.04719804433250365,11.320291787472852,1.4691768208808926
28,894,0 3 24 25 27,-724.8250583857149,0.04723755106735038,11.32976734461426,1.207127680984406
28,895,0 1 3 4 26,-724.8250219183032,0.04724257989258378,11.330973491389944,1.113892146473769
28,896,0 3 11 21 24,-724.8248086056217,0.047271995530924836,11.338028733060334,1.233992749007671
28,897,4 20 21 24 26,-724.8246846388353,0.04728909044591305,11.342128890778422,1.3813892254058415
28,898,0 2 8 20 26,-724.8244452310641,0.04732210457504423,11.350047218331179,1.457324054384959
28,899,3 13 21 24 26,-724.8244217959816,0.047325336253103555,11.35082232541691,1.1230875247069405
28,900,3 8 19 25 26,-724.8243976284838,0.047328668930611516,11.351621656879836,1.2659673198505383
28,901,0 3 7 24 25,-724.8239899743343,0.047384884093009845,11.365104674030846,0.9306683037699163
28,902,0 4 7 15 26,-724.8238156407771,0.04740892454308511,11.370870694920121,1.240546053500543
28,903,3 4 19 25 26,-724.8235882433414,0.047440282457114416,11.378391784865235,1.1721066996486584
28,904,0 1 7 8 21,-724.8235763934331,0.04744191654945011,11.378783716402005,1.4059209303125202
28,905,3 4 7 20 25,-724.8235148787516,0.04745039937200061,11.380818292787765,1.1588850597486595
28,906,0 3 7 10 24,-724.8235036154297,0.0474519525745607,11.381190823184607,1.2335740030198759
28,907,0 4 7 22 26,-724.8235028041513,0.04745206444916155,11.381217655930394,1.338564877144376
28,908,0 3 8 13 21,-724.823497220104,0.04745283448456886,11.381402346326377,1.4307086119014807
28,909,4 12 21 24 26,-724.823293202244,0.04748096837487998,11.388150165053675,1.4001848482227175
28,910,0 6 8 21 26,-724.8232187409858,0.04749123651940681,11.390612944895583,1.2739110233052118
28,911,0 1 3 21 23,-724.8230514023256,0.04751431237909768,11.396147612033635,1.269609587438988
28,912,3 12 18 21 26,-724.8228397167243,0.04754350364446789,11.403149038603523,1.3740281621459798
28,913,4 20 23 25 26,-724.8228305803403,0.04754476354408473,11.403451221278406,1.2110099666538614
28,914,0 8 20 22 26,-724.8224749383826,0.047593806269234686,11.41521395353992,1.5739397339229797
28,915,0 18 20 21 25,-724.8221576673013,0.04763755768297237,11.425707582600817,1.3947078929621561
28,916,3 4 10 25 26,-724.822065401493,0.04765028105989939,11.428759241655186,1.1540810825017342
28,917,0 4 8 10 26,-724.8220109009823,0.04765779663422693,11.430561826816104,1.4969560381095317
28,918,0 1 18 20 26,-724.8218912787031,0.04767429244533876,11.434518291489544,1.2602931634887036
28,919,0 2 3 7 21,-724.8218464388276,0.0476804758262418,11.43600135454958,1.2970228456620148
28,920,3 11 20 25 26,-724.8217315307761,0.047696321549347304,11.439801897806715,1.0969911905344591
28,921,0 1 3 22 26,-724.8214979494259,0.047728532219968214,11.447527518544941,1.209736165159071
28,922,0 4 7 23 26,-724.821430540359,0.04773782787327503,11.449757049646845,1.2199827389011384
28,923,0 4 21 22 25,-724.8214197810905,0.04773931156729127,11.450112908653816,1.4217742238953501
28,924,0 4 12 24 25,-724.8213127962447,0.04775406468703851,11.453651394679586,1.250330981339267
28,925,7 10 20 25 26,-724.8212443869213,0.04776349827486714,11.45591400891145,1.3064096608140068
28,926,0 5 8 20 26,-724.8211160652913,0.047781193719097885,11.460158201543452,1.4020429529388003
28,927,0 7 17 21 26,-724.8208602480573,0.04781647069928105,11.468619266290988,1.2894663010240968
28,928,1 3 20 25 26,-724.8205931129706,0.04785330840177567,11.477454665022375,1.0367875320518523
28,929,3 19 21 23 26,-724.8205406161965,0.0478605476625292,11.47919097730426,1.3989832049342463
28,930,0 1 3 20 24,-724.8203686326201,0.04788426405223547,11.48487927340672,1.1828527481217255
28,931,0 4 16 20 26,-724.8198976281681,0.04794921516776642,11.500457579460091,1.357322131436143
28,932,0 1 10 21 25,-724.819885602331,0.04795087352051774,11.500855329775744,1.3549833745275446
28,933,0 1 9 21 26,-724.8198807569806,0.04795154169024185,11.501015588031091,1.1710148960525728
28,934,0 6 20 25 26,-724.8197981120657,0.047962938354111716,11.503749039432206,1.024717812595708
28,935,3 7 8 20 25,-724.8197578425096,0.04796849149182883,11.505080940789195,1.2513597944016739
28,936,0 4 11 20 25,-724.8197353984732,0.04797158650546431,11.505823269373682,1.2905923481525603
28,937,0 4 10 12 26,-724.8196073977583,0.047989237695775344,11.510056847852262,1.5423056048371453
28,938,3 13 20 21 26,-724.8195473736703,0.04799751496674434,11.512042123384294,1.3643020698745119
28,939,7 20 24 25 26,-724.8195295426484,0.04799997384957684,11.512631878140635,1.051765052596232
28,940,1 3 8 20 26,-724.8194265932469,0.0480141704849599,11.51603689326805,1.2856609516650976
28,941,1 3 20 21 26,-724.8193479548363,0.048025014655268164,11.518637830951352,1.3147102134434163
28,942,0 1 10 24 26,-724.8192856917099,0.04803360068773788,11.520697161888226,1.204324975046605
28,943,0 4 8 20 24,-724.81919751921,0.048045759600890366,11.523613436209573,1.446339600619732
28,944,4 7 8 21 26,-724.8189923922637,0.048074046433275654,11.530397937577657,1.40301258722936
28,945,0 3 5 20 21,-724.8189177311858,0.04808434213275961,11.532867326383123,1.4072803122605655
28,946,1 3 7 20 26,-724.8188668367357,0.04809136043438819,11.534550642363936,1.1340850086817305
28,947,0 4 7 21 23,-724.8184499970115,0.048148842279759706,11.548337469154974,1.3901113632884134
28,948,3 18 20 21 26,-724.818234947448,0.048178497432665036,11.555450157585993,1.3519780317887775
28,949,0 3 11 12 25,-724.8182141575436,0.048181364342896,11.556137776338039,1.2313812467561922
28,950,0 7 12 23 26,-724.818164684767,0.04818818659694133,11.557774070967056,1.3611245188933643
28,951,0 4 7 10 21,-724.8181341219296,0.048192401186370075,11.55878492603049,1.5218532473190178
28,952,0 3 8 16 26,-724.8181297861407,0.04819299908798423,11.558928330716602,1.24592205778023
28,953,0 4 9 21 25,-724.8181058310074,0.04819630248060565,11.559720638298236,1.191839148910467
28,954,0 3 8 19 21,-724.8180847614367,0.04819920795658611,11.560417506915263,1.5888284508835167
28,955,0 8 12 20 25,-724.8179519513657,0.04821752235304103,11.564810153151209,1.5486848682058287
28,956,0 3 15 21 24,-724.8178371562772,0.048233352498645264,11.568606960197188,1.2742660562075616
28,957,0 3 23 24 26,-724.8178329137846,0.04823393753477753,11.568747279140846,1.0640181565952613
28,958,0 3 4 11 21,-724.8177383300224,0.04824698055558471,11.571875603702077,1.344074290072616
28,959,0 7 8 20 24,-724.817684894156,0.04825434931636851,11.573642976129564,1.396400163093394
28,960,1 3 19 20 26,-724.817635108049,0.04826121477840555,11.575289634049703,1.3311514267660203
28,961,0 3 22 23 26,-724.817271555559,0.048311348359253305,11.58731400437211,1.284139414009717
28,962,1 12 20 25 26,-724.8172670054935,0.04831197580944651,11.58746449618527,1.2791950451064737
28,963,0 3 6 21 25,-724.8170002241965,0.048348764724642515,11.596288193447585,0.9898857607624728
28,964,0 6 19 21 26,-724.8168695599526,0.048366783213351985,11.600609867208549,1.3175767069159974
28,965,0 3 7 19 24,-724.8168337492639,0.04837172147703288,11.601794293101225,1.246427788887157
28,966,0 3 5 21 24,-724.8168135359844,0.04837450887118194,11.602462840189148,1.1707544954989209
28,967,0 12 23 24 26,-724.8166908519336,0.04839142689801061,11.606520571878614,1.3026688368105508
28,968,0 3 16 25 26,-724.8166709823989,0.048394166890030545,11.607177749725697,0.9866814221116693
28,969,0 3 8 13 25,-724.8166483748532,0.04839728445145999,11.60792548632254,1.1740486306628133
28,970,0 21 22 23 26,-724.8166198221481,0.048401221845340126,11.608869856968306,1.4681330238166812
28,971,0 3 8 10 20,-724.816604304069,0.048403361775332984,11.60938311196153,1.5786614848087197
28,972,0 3 10 17 26,-724.8165362911668,0.04841274069700956,11.611632614701147,1.2650272720006883
28,973,0 1 19 20 25,-724.8164934717103,0.048418645463848824,11.613048853117439,1.3720497319809855
28,974,0 1 4 7 20,-724.8164604354905,0.048423201130607885,11.614141514428482,1.3223247306869335
28,975,0 15 21 24 25,-724.816342370973,0.04843948212771179,11.618046456686445,1.2118216027401019
28,976,0 3 4 5 21,-724.8163186309318,0.04844275585930076,11.61883165016946,1.2890873616080207
28,977,0 13 20 21 25,-724.816223922706,0.04845581604354245,11.621964091322585,1.4032584908075167
28,978,3 10 20 21 26,-724.8162149052681,0.048457059540592096,11.62226233989703,1.5165781798662343
28,979,3 12 22 25 26,-724.8161589281951,0.04846477873160644,11.624113761833714,1.2692197268015835
28,980,0 7 18 20 25,-724.8161239966785,0.048469595758207404,11.625269109421566,1.2222130395153659
28,981,4 13 21 25 26,-724.8158134407029,0.04851242116455525,11.635540638732387,1.1784808250986472
28,982,0 2 4 21 25,-724.8152318554098,0.04859262128452531,11.654776367082812,1.288108392822753
28,983,0 3 18 26 27,-724.8149717505419,0.04862848952580234,11.663379243810056,1.3363373168103914
28,984,0 7 13 20 25,-724.8149197759028,0.04863565678456582,11.66509828665741,1.2344431005380283
28,985,0 7 20 21 24,-724.8147178907049,0.04866349658259637,11.671775568342852,1.4219473795854705
28,986,0 3 7 15 21,-724.8143604305238,0.048712790039197006,11.683598437697377,1.3314939661001364
28,987,0 3 11 19 25,-724.8143579611855,0.048713130558869416,11.683680110192617,1.221833793561242
28,988,0 13 20 24 25,-724.8142682499035,0.048725501668764166,11.686647279187097,1.170628860076527
28,989,0 8 16 21 26,-724.8141961957541,0.0487354378750223,11.689030444754513,1.4330619986987965
28,990,0 1 3 7 8,-724.814189911165,0.04873630451453812,11.689238305320186,1.207749008043342
28,991,0 3 18 24 26,-724.8140927852821,0.04874969809163718,11.692450709625993,1.0192850339239456
28,992,0 4 11 25 26,-724.8140806845008,0.04875136677914354,11.692850938697795,1.0969958974841156
28,993,0 3 17 25 26,-724.8140076856503,0.04876143325888813,11.695265349921675,0.9698600799715988
28,994,0 3 7 21 22,-724.8139825924367,0.04876489359181735,11.696095299106952,1.4234357425055906
28,995,3 8 10 25 26,-724.813978894216,0.04876540357331909,11.696217616450552,1.244694562368835
28,996,3 10 24 25 26,-724.8138561937263,0.04878232386705669,11.700275891850485,1.016689049366108
28,997,7 12 21 24 26,-724.813750660334,0.048796876832594066,11.703766371563912,1.3447176511134138
28,998,0 7 8 24 25,-724.8135823415553,0.04882008784980489,11.709333455777394,1.1297651062137897
28,999,1 7 21 25 26,-724.8134424572961,0.048839377770821535,11.713960078290125,1.0572269525838591
28,1000,0 2 7 21 25,-724.8133327030564,0.04885451278763942,11.717590161040583,1.2320529269171485
28,1001,0 22 24 25 26,-724.8132190628015,0.04887018368266345,11.721348772371872,1.1277224364691307
28,1002,0 3 4 15 21,-724.8132016042282,0.04887259120515739,11.721926208524188,1.3823473279400074
28,1003,0 3 6 10 26,-724.813154121199,0.04887913907472277,11.723496692960882,1.0902514720982863
28,1004,0 3 19 21 23,-724.8131068566934,0.04888565681006721,11.725059949806285,1.4880444920313656
28,1005,0 3 10 26 27,-724.8130736783207,0.04889023207958886,11.72615731277384,1.5025679983492408
28,1006,0 7 15 21 25,-724.8128967542247,0.04891462976278496,11.732009014822605,1.271716500754367
28,1007,0 3 6 12 26,-724.8128073489002,0.048926958681409165,11.734966064383105,1.116472263942473
28,1008,3 21 23 24 26,-724.8126822673091,0.04894420732700932,11.73910309387011,1.1426996470389985
28,1009,3 5 20 25 26,-724.8126809784549,0.04894438505892216,11.739145722270115,1.0259247345722504
28,1010,0 10 18 20 26,-724.8126679111242,0.04894618703276643,11.73957791962064,1.4665731590880855
28,1011,0 3 15 19 26,-724.8125784408471,0.04895852490829747,11.742537117465046,1.3461209669275118
28,1012,0 11 21 24 25,-724.8125411128715,0.04896367240456293,11.74377172708763,1.1638900982724953
28,1013,0 3 10 19 25,-724.812448513805,0.04897644173751184,11.746834408538891,1.3907722864868215
28,1014,0 7 24 26 27,-724.8122105373081,0.04900925849512588,11.754705397198773,1.3094343255568643
28,1015,0 3 8 12 24,-724.8121588492709,0.04901638623174503,11.756414960793073,1.3907555578125599
28,1016,0 11 13 21 26,-724.8120262935136,0.049034665558555235,11.760799195692986,1.3137321891193185
28,1017,0 2 18 21 26,-724.8119250561754,0.049048626101858124,11.764147584931042,1.3053482041503492
28,1018,3 4 12 21 25,-724.8118697975082,0.04905624622532416,11.765975245850305,1.3507406391301442
28,1019,0 3 5 8 26,-724.8117704161489,0.049069950830707455,11.769262249241336,1.1990636136621173
28,1020,0 7 12 21 24,-724.8117410180696,0.0490740048009731,11.770234580340091,1.4394798885055504
28,1021,0 10 18 25 26,-724.8116066944551,0.049092527913789846,11.774677286491658,1.2160855255951775
28,1022,0 4 5 20 25,-724.8115681277683,0.049097846227282915,11.775952866050305,1.2299718797994554
28,1023,0 1 3 7 12,-724.8115446837564,0.04910107913668589,11.77672826846966,1.2628456174411933
28,1024,0 4 12 20 24,-724.8112546888158,0.04914106919370677,11.786319748804837,1.4906450804027502
28,1025,0 5 13 21 26,-724.8111747310736,0.049152095298719174,11.788964322913467,1.2578533966294754
28,1026,0 5 20 21 25,-724.8111585267793,0.049154329857196186,11.789500274229537,1.347578531598243
28,1027,3 9 21 25 26,-724.8110219805783,0.049173159462817494,11.794016491646822,0.9758219653190899
28,1028,0 1 8 19 26,-724.8109854235281,0.04917820064911506,11.795225603182068,1.4147343416921525
28,1029,0 3 10 20 21,-724.8108187794628,0.04920118072476229,11.800737296840223,1.6001346121916393
28,1030,0 7 12 24 25,-724.8107360020165,0.04921259566459191,11.803475131668662,1.188128880699868
28,1031,0 5 10 20 26,-724.8106668406451,0.04922213295920102,11.805762619622138,1.425874258189748
28,1032,3 8 10 21 26,-724.810603372486,0.049230885164665096,11.807861806591397,1.4851517595715698
28,1033,0 4 8 23 26,-724.8105706462013,0.04923539809163557,11.80894421690826,1.3572090126790435
28,1034,0 10 11 21 26,-724.8104856208383,0.04924712301727043,11.811756400786855,1.4716995611412798
28,1035,0 16 21 24 26,-724.8104183537529,0.049256399091456037,11.813981235902554,1.2357611704625682
28,1036,0 3 20 23 24,-724.8104026618562,0.04925856299073671,11.814500239848638,1.2558876390019527
28,1037,3 4 13 20 26,-724.8102926797659,0.049273729427958456,11.818137858677016,1.24315914867487
28,1038,0 4 6 20 26,-724.8101780560744,0.04928953593806068,11.821928996827534,1.1787791051152374
28,1039,0 3 10 13 25,-724.8101588052349,0.0492921906125442,11.822565711551187,1.2045206056437057
28,1040,0 1 2 20 26,-724.8100145019638,0.04931208991156807,11.82733849132421,1.269453837695187
28,1041,0 1 15 25 26,-724.8099986268425,0.04931427907737197,11.827863555360693,1.023683712743182
28,1042,0 15 20 23 26,-724.8099037645101,0.049327360512767954,11.831001093531517,1.3794333423048661
28,1043,0 3 9 19 26,-724.809901430297,0.04932768239877122,11.831078296804042,1.2108353428671301
28,1044,0 7 16 21 26,-724.8098329555571,0.049337125007485834,11.833343074664993,1.295954091351715
28,1045,3 7 13 20 26,-724.8097053432568,0.04935472263575132,11.837563806467553,1.1858849805959948
28,1046,0 10 13 20 26,-724.8096182958955,0.04936672639325495,11.840442867229685,1.4760029688279732
28,1047,0 3 12 16 26,-724.8095553595097,0.049375405267621575,11.842524465982482,1.2966199220854357
28,1048,0 3 10 22 25,-724.809484309911,0.04938520294717852,11.844874406387712,1.3449463674318098
28,1049,0 1 2 3 26,-724.8094225837654,0.04939371493045119,11.84691597687436,1.0487287966948806
28,1050,0 3 4 15 25,-724.809388243775,0.04939845038608137,11.848051759939917,1.1176758701746625
28,1051,7 13 21 25 26,-724.8093155022885,0.04940848137552744,11.850457658935362,1.115021890166108
28,1052,0 12 15 25 26,-724.8093081399003,0.04940949664264091,11.85070116732918,1.293351170925696
28,1053,0 3 7 8 10,-724.809279491373,0.0494134472503216,11.851648707260459,1.4231144157722566
28,1054,0 7 10 12 26,-724.8092053408051,0.04942367255091542,11.8541012111295,1.4913758772858108
28,1055,0 1 8 24 26,-724.8090148694432,0.0494499383906035,11.860400984213683,1.165156438491952
28,1056,0 2 3 21 24,-724.8089973167606,0.049452358890687845,11.8609815329973,1.2299810666029452
28,1057,0 11 19 20 26,-724.80888081217,0.04946842477519361,11.864834881223931,1.488246773619685
28,1058,0 4 10 23 26,-724.8088658297288,0.049470490841154235,11.865330420178081,1.385959117939332
28,1059,0 3 5 26 27,-724.8087201390796,0.049490581458447314,11.870149086992873,1.2897184448781027
28,1060,0 9 21 23 26,-724.8086981033016,0.049493620173592635,11.870877912574326,1.2441068920121203
28,1061,0 3 4 7 19,-724.8086088780954,0.04950592425406066,11.873829004786817,1.3548876858548087
28,1062,0 3 18 23 26,-724.8085951187521,0.049507821655853934,11.874284090209146,1.1178032172693226
28,1063,0 1 12 21 24,-724.8085823142968,0.04950958737941029,11.874707593050346,1.393957038503659
28,1064,0 12 20 23 25,-724.8085747917012,0.04951062473898569,11.874956400246663,1.4432171486675043
28,1065,0 3 4 12 24,-724.8085744697216,0.04951066913969213,11.87496704960639,1.3041523136125128
28,1066,0 3 18 20 24,-724.808523637018,0.04951767892652993,11.876648323343344,1.2184842008217347
28,1067,12 20 23 25 26,-724.8083965868395,0.049535199038669084,11.880850463164377,1.3476967183588802
28,1068,0 10 11 25 26,-724.8082079352184,0.04956121393764562,11.887090048965037,1.225938269050054
28,1069,0 4 10 21 24,-724.8080795146788,0.049578923021441554,11.89133751300076,1.4655340772938628
28,1070,0 7 21 22 25,-724.8080303941292,0.049585696703673,11.892962157843996,1.3653021958432212
28,1071,0 12 13 20 26,-724.8080240799497,0.049586567423681345,11.893170997102043,1.4952760322487304
28,1072,0 8 17 20 26,-724.808008450039,0.0495887227751548,11.893687950885386,1.423031757144546
28,1073,0 1 4 8 26,-724.807889480565,0.04960512856498589,11.897622824258178,1.2834922463688194
28,1074,0 3 17 20 25,-724.8078261657643,0.04961385962245244,11.899716938951538,1.176419076860558
28,1075,0 2 12 25 26,-724.8078020095603,0.0496171907425442,11.900515896873442,1.2533885177621436
28,1076,0 5 21 24 25,-724.8076839057545,0.04963347715746295,11.904422138576027,1.0989911313199716
28,1077,3 19 20 21 26,-724.8075716810065,0.04964895285528853,11.90813393251745,1.526057671297788
28,1078,0 3 10 16 26,-724.8075197626874,0.04965611234757101,11.909851112600522,1.272687089831925
28,1079,0 3 8 18 21,-724.807490520106,0.04966014487482334,11.910818300664836,1.4120169719300324
28,1080,0 2 10 25 26,-724.8074282256528,0.04966873522722527,11.912878667722886,1.229529653758542
28,1081,0 3 7 23 25,-724.8070053967215,0.04972704297919326,11.92686358542624,1.0309116736375852
28,1082,8 12 21 25 26,-724.806630543711,0.04977873489226685,11.939261716478518,1.4508878179939209
28,1083,0 15 23 25 26,-724.8062655703311,0.049829064412634086,11.951333082233994,1.1097584010291708
28,1084,0 3 17 19 26,-724.8062143946214,0.04983612149971412,11.953025700774555,1.2757686472108536
28,1085,0 3 18 21 23,-724.8059246804482,0.049876072839135,11.962607894823922,1.3002780415539519
28,1086,0 3 7 9 26,-724.8058849665838,0.049881549347450586,11.963921416877342,0.9899234461380724
28,1087,0 8 11 25 26,-724.8057239636414,0.04990375151701804,11.969246532385263,1.1914486478868715
28,1088,0 4 19 24 25,-724.8056629084219,0.04991217098013941,11.971265912225586,1.2349933654861818
28,1089,3 7 21 22 26,-724.805617696821,0.049918405621673274,11.97276126997508,1.3225422006051024
28,1090,0 1 4 26 27,-724.8055446133739,0.049928483767208626,11.975178479199537,1.3691652177787974
28,1091,3 4 7 10 26,-724.8055359252282,0.049929681855139636,11.975465836549994,1.2355088072522489
28,1092,3 7 20 21 25,-724.8054466958436,0.04994198651181184,11.978417066963116,1.274116741454481
28,1093,4 7 10 21 26,-724.8053634257908,0.049953469381651766,11.981171194575477,1.425358999112151
28,1094,0 17 20 21 26,-724.8053564284264,0.04995443431228101,11.98140262993328,1.4482489226320212
28,1095,3 4 7 12 26,-724.8053383752325,0.04995692383245098,11.98199973295171,1.2589730979332892
28,1096,0 7 19 24 25,-724.8052780350303,0.04996524469530221,11.983995463849705,1.177514116079415
28,1097,0 6 12 20 26,-724.805277493223,0.04996531941006414,11.984013383933428,1.3230192087875758
28,1098,7 8 21 24 26,-724.8052591169389,0.04996785348409229,11.984621173044511,1.2874495644329993
28,1099,0 3 4 13 25,-724.8052496759681,0.04996915538598962,11.98493342982474,1.0674452947881519
28,1100,2 3 7 21 26,-724.8051513414403,0.049982715634198496,11.988185809634244,1.1819244903641697
28,1101,10 20 24 25 26,-724.8051142760332,0.049987826922473465,11.989411734892395,1.2382009947976835
28,1102,0 3 4 11 20,-724.8049701169073,0.0500077063440054,11.994179747116,1.341848514542758
28,1103,0 11 20 23 26,-724.8047817148762,0.05003368682472983,12.000411077814945,1.3364516160072046
28,1104,3 12 20 24 25,-724.8045122339373,0.05007084801825594,12.009324064779465,1.238307962556454
28,1105,1 3 10 20 26,-724.8040324537944,0.050137009294131285,12.02519262371093,1.3092820298829562
28,1106,0 4 8 19 26,-724.8039418768853,0.050149499773278865,12.028188423018204,1.5023133640885349
28,1107,4 7 20 24 26,-724.8037331303026,0.050178285750470134,12.035092642584951,1.1994905868387726
28,1108,3 7 18 20 26,-724.8036633932146,0.05018790243591505,12.037399172162699,1.1694955280607604
28,1109,0 3 6 19 26,-724.803585299021,0.05019867155914925,12.03998211005834,1.103356014120349
28,1110,0 4 18 25 26,-724.8035551879523,0.05020282385006439,12.040978023033349,1.0786248633501296
28,1111,0 1 8 21 24,-724.8034367692485,0.05021915368914941,12.044894679875792,1.3402610442899232
28,1112,0 5 10 25 26,-724.8033103168445,0.05023659136869234,12.049077048516573,1.1641874747195406
28,1113,0 3 7 9 21,-724.803234429837,0.05024705612284997,12.051586984515488,1.190359788609261
28,1114,0 3 12 26 27,-724.8031933186514,0.05025272532055739,12.052946722469816,1.517816297481913
28,1115,0 1 21 23 25,-724.8028088256134,0.05030574658527494,12.065663694031498,1.197363986063072
28,1116,0 20 21 22 26,-724.8027909324752,0.05030821403389654,12.066255503263474,1.5894208003897374
28,1117,0 1 4 25 26,-724.8027787035151,0.05030990039715652,12.066659971805178,1.0315000229175202
28,1118,0 1 13 21 25,-724.8027321913114,0.05031631439069733,12.06819834652879,1.172670501366731
28,1119,0 4 14 21 26,-724.8026076696983,0.05033348581581402,12.072316854943214,1.2537249436221731
28,1120,4 7 8 20 26,-724.8026075538952,0.05033350178496607,12.072320685090485,1.3990742766994797
28,1121,0 1 3 12 24,-724.8025268878187,0.05034462556868879,12.074988687108425,1.1962502392524093
28,1122,0 3 7 11 20,-724.8023183778137,0.050373378922006815,12.081885081949178,1.2877018128444626
28,1123,0 15 22 25 26,-724.8022471274695,0.05038320428419697,12.084241661940641,1.234725436493187
28,1124,0 3 8 19 20,-724.8022314725386,0.05038536308593475,12.084759443258248,1.585240135772124
28,1125,0 1 7 26 27,-724.8022046194095,0.05038906610971572,12.085647601025999,1.31572247558678
28,1126,0 13 21 22 26,-724.8020851466605,0.05040554130074806,12.0895991200429,1.4410790991843387
28,1127,0 3 7 8 12,-724.8020836235208,0.05040575134041669,12.089649497349193,1.440497260244005
28,1128,0 12 18 21 25,-724.8017319068047,0.0504542527780741,12.101282403630776,1.4044106815926047
28,1129,3 19 23 25 26,-724.8016522310647,0.050465239995215135,12.10391765061458,1.1296740820077702
28,1130,4 12 20 24 26,-724.8016363656416,0.05046742782364968,12.104442393887533,1.393745268715021
28,1131,0 2 3 23 26,-724.8016240959918,0.0504691197979788,12.104848208225256,1.1309696380346559
28,1132,0 1 20 24 25,-724.8016091262758,0.05047118410914579,12.105343326298069,1.1066864632421374
28,1133,0 1 3 23 26,-724.8015863969725,0.050474318460842535,12.106095089983905,1.0688739585005296
28,1134,8 20 23 25 26,-724.8015246528657,0.05048283292094344,12.108137254529455,1.2914062626324208
28,1135,3 4 20 21 25,-724.8015180753729,0.05048373995164441,12.10835480278469,1.325652479177706
28,1136,0 3 18 22 26,-724.8014685668709,0.05049056713219309,12.109992279018925,1.2405403120352427
28,1137,3 4 12 20 25,-724.8014492918969,0.05049322513479893,12.110629791981498,1.349663631448416
28,1138,0 5 20 23 26,-724.8014277916394,0.05049619000212236,12.111340905411875,1.2803487510774905
28,1139,0 7 8 22 26,-724.8014271579093,0.050496277392968504,12.111361865811652,1.4113815026726484
28,1140,0 3 5 12 21,-724.8014254414074,0.05049651409712256,12.111418638504864,1.4182469862516733
28,1141,0 19 21 23 25,-724.8014073889102,0.05049900352122192,12.112015718481082,1.4297137177960382
28,1142,0 8 19 21 25,-724.8013618683915,0.05050528076224805,12.113521293575156,1.5317580646551745
28,1143,0 1 3 25 27,-724.8013077812105,0.050512739338751576,12.115310208000178,1.207123051321477
28,1144,1 3 4 21 26,-724.8012328778632,0.05052306844699374,12.117787609783647,1.1801030734155808
28,1145,0 2 3 19 26,-724.801173424749,0.05053126698115333,12.119754000557432,1.3028370814192258
28,1146,3 10 12 21 26,-724.801035990369,0.05055021906590582,12.12429959418135,1.5276149324381503
28,1147,0 3 16 19 26,-724.8008780928635,0.05057199299834914,12.129521998459005,1.2851700926606269
28,1148,0 3 8 9 21,-724.8008728244929,0.05057271950220056,12.12969624795809,1.3341982373287673
28,1149,0 2 24 25 26,-724.8007687410594,0.050587072519637774,12.133138770793895,0.955108357433537
28,1150,0 1 3 24 26,-724.8007253348899,0.050593058193701496,12.134574414535162,0.9626291692214232
28,1151,7 20 23 25 26,-724.8006755411964,0.05059992470191738,12.136221323377768,1.1409584421877466
28,1152,0 8 13 21 25,-724.8006018400386,0.050610088029239234,12.138658963166495,1.3647155712700956
28,1153,0 2 3 7 25,-724.8005724169789,0.05061414544428214,12.139632120483459,1.0023268699264536
28,1154,0 2 21 24 25,-724.8004524719847,0.050630685757516995,12.14359925884105,1.1619050199366434
28,1155,0 3 11 13 26,-724.8004519271408,0.05063076089103578,12.143617279362191,1.0999931562615326
28,1156,0 8 10 21 25,-724.8003429250291,0.05064579219003636,12.147222485743889,1.5179941362960079
28,1157,3 7 25 26 27,-724.8003004212198,0.050651653429380154,12.14862828423716,1.147233535916252
28,1158,4 7 21 23 26,-724.8002650405622,0.050656532392144855,12.149798487005045,1.2819313995886665
28,1159,0 4 19 23 26,-724.800126526877,0.050675633312172445,12.15437977826784,1.3964013008450158
28,1160,4 7 12 20 26,-724.8000676505739,0.05068375230457068,12.15632709121837,1.4472271889927864
28,1161,0 3 4 15 20,-724.8000583499867,0.050685034847675836,12.156634704857574,1.3799641211670632
28,1162,3 10 20 23 26,-724.800056553281,0.050685282611864724,12.15669413026285,1.3785441516218666
28,1163,0 1 3 7 25,-724.8000561503377,0.05068533817740888,12.156707457471256,0.9325707178351794
28,1164,0 12 17 21 26,-724.7998705541613,0.05071093173314275,12.162845985515872,1.4643276781196297
28,1165,3 5 7 21 26,-724.799850937198,0.050713636895788554,12.163494809655013,1.1135264941775014
28,1166,0 3 4 10 24,-724.7997625337077,0.0507258276623211,12.166418723902163,1.2770523579836954
28,1167,3 7 11 21 26,-724.7996882872399,0.05073606618743876,12.168874399628656,1.1750400587655763
28,1168,0 2 3 22 26,-724.7996533133069,0.050740889063216,12.170031150121716,1.2548762169511718
28,1169,3 7 12 24 26,-724.7995733608857,0.050751914434467166,12.17267554824019,1.1348316254726682
28,1170,7 20 21 24 26,-724.7992154382896,0.05080127165771528,12.1845137118101,1.3175106406030666
28,1171,0 20 23 24 25,-724.7991489183169,0.05081044470568849,12.186713836436146,1.1877433276655118
28,1172,7 18 21 25 26,-724.7991132325357,0.05081536574473061,12.187894131057295,1.0956282883545656
28,1173,3 19 20 23 26,-724.7990886776902,0.05081875183715246,12.188706273907213,1.392669234720563
28,1174,0 4 21 25 27,-724.7990227469096,0.050827843636025924,12.190886911210647,1.4909789870139003
28,1175,0 7 10 23 26,-724.7990039170504,0.050830440257680284,12.191509702158971,1.3299948037061484
28,1176,0 1 12 23 26,-724.7989400084252,0.05083925320303461,12.193623457386101,1.3052465625799925
28,1177,0 3 4 9 21,-724.7989101527658,0.05084337027322271,12.194610922788492,1.24495570716797
28,1178,0 3 4 21 22,-724.798872983851,0.050848495835132033,12.195840271529711,1.4649062118366913
28,1179,3 7 12 20 25,-724.7987161773617,0.05087011931736396,12.201026590831464,1.2958154196049618
28,1180,1 4 7 21 26,-724.7986263393619,0.05088250790154311,12.203997950974136,1.204671664961656
28,1181,3 5 12 21 26,-724.7986202981468,0.05088334097999557,12.204197762031926,1.3198787215907937
28,1182,3 5 20 21 26,-724.7986004932453,0.05088607205916192,12.204852802161131,1.299351682682235
28,1183,0 12 22 24 26,-724.7984904429223,0.050901247905612526,12.208492677761324,1.4051869743546623
28,1184,4 13 20 25 26,-724.7984003610486,0.050913670119803876,12.211472103949026,1.1740487784041436
28,1185,0 4 20 22 25,-724.7983810045163,0.05091633936923981,12.212112314425873,1.4147498749840095
28,1186,0 3 19 20 21,-724.7981003205068,0.05095504545672334,12.221395838996894,1.6073356270979768
28,1187,0 1 4 20 21,-724.7980390067426,0.050963500572952194,12.223423770114831,1.4727509498683398
28,1188,0 19 21 22 26,-724.7979723895429,0.050972687028434924,12.225627110486828,1.5984624425679892
28,1189,0 3 10 15 25,-724.7978160564124,0.050994245234889324,12.230797773613443,1.2417167046314685
28,1190,0 8 20 21 24,-724.797812467852,0.050994740094331574,12.230916463982066,1.5391655208111106
28,1191,3 7 10 21 25,-724.7978105204496,0.0509950086394806,12.230980873630559,1.2683646965148412
28,1192,0 23 25 26 27,-724.797766382193,0.051001095267732534,12.232440730893465,1.304145450124723
28,1193,0 1 11 20 26,-724.7976582233991,0.05101601027391893,12.23601804483581,1.2595271897344948
28,1194,0 3 21 24 27,-724.7976404512517,0.05101846103801675,12.236605852341013,1.4427860781115567
28,1195,0 19 23 24 26,-724.7976066895149,0.05102311675297176,12.237722509874507,1.2861630047311554
28,1196,0 9 10 25 26,-724.797231692535,0.05107482851930015,12.250125402663008,1.1220644438785963
28,1197,0 2 3 8 25,-724.7972055381172,0.05107843519139313,12.250990450803277,1.1669188197229199
28,1198,1 3 19 25 26,-724.7969582350834,0.05111253807057008,12.259169911383387,1.040742638277455
28,1199,0 3 18 19 21,-724.7969398557556,0.051115072564327076,12.259777801165022,1.4496830942411978
28,1200,0 1 4 12 21,-724.7968086487442,0.051133165900209124,12.26411742676795,1.4904633099871383
28,1201,0 9 18 21 26,-724.7965598170326,0.051167479582759606,12.272347447826398,1.2012613112596402
28,1202,0 1 8 10 26,-724.7962583041152,0.051209057959032925,12.282319881178669,1.3934810364412482
28,1203,0 3 8 10 24,-724.7962097957477,0.051215747221881554,12.283924278317587,1.361766534213088
28,1204,0 1 10 12 26,-724.7958483409575,0.05126559153171025,12.295879267961457,1.4427461039671112
28,1205,0 3 5 19 25,-724.7957317498513,0.05128166934663991,12.29973547766003,1.1528063984516768
28,1206,0 1 4 21 24,-724.7956203849592,0.051297026471056086,12.30341883216902,1.2485109437248845
28,1207,0 18 19 24 26,-724.7954711145892,0.051317610728817166,12.308355896985573,1.2495641838906624
28,1208,0 3 11 20 24,-724.7952748360069,0.05134467737928883,12.314847741835967,1.2234470626655611
28,1209,0 2 3 4 21,-724.7952465956338,0.05134857170285545,12.31578178221227,1.3369873863687776
28,1210,0 3 12 13 25,-724.7951454341094,0.05136252179150317,12.319127663936538,1.2212004753985897
28,1211,0 12 20 22 26,-724.7950800405981,0.051371539501390555,12.321290531246479,1.6064083856870834
28,1212,1 19 21 25 26,-724.7948489596677,0.0514034053662385,12.3289334514827,1.2567128168134605
28,1213,0 3 4 22 25,-724.7948117615542,0.0514085349546163,12.330163765958808,1.2174922220607016
28,1214,0 7 19 23 26,-724.794637654632,0.05143254415192526,12.335922290977466,1.3430009416331086
28,1215,0 1 3 7 10,-724.7944732061956,0.05145522145220511,12.341361364984675,1.2308769899797445
28,1216,0 18 21 22 26,-724.7942553234877,0.05148526729331597,12.348567758664439,1.426424720262126
28,1217,0 9 12 25 26,-724.7942135636331,0.051491025941947606,12.349948951121322,1.1461824784279433
28,1218,0 3 5 12 25,-724.794186806205,0.05149471576865571,12.350833943615646,1.160013324883936
28,1219,4 7 12 25 26,-724.7940742719263,0.05151023415048999,12.354555975172627,1.1910825809512153
28,1220,0 3 8 19 24,-724.794062781568,0.05151181866118868,12.354936014720943,1.3755011803876849
28,1221,0 7 9 21 25,-724.7939311125316,0.051529975709929315,12.359290921638173,1.1199142488518143
28,1222,3 19 22 25 26,-724.7938827217048,0.05153664876401375,12.360891431159656,1.2508717622958205
28,1223,0 13 22 25 26,-724.79385534229,0.05154042436214802,12.361796995641331,1.186875799926922
28,1224,0 4 9 20 25,-724.7937500041804,0.051554950398363025,12.365281016447591,1.1839090555568912
28,1225,0 3 7 18 25,-724.7936668430433,0.05156641824882991,12.368031541713972,0.9799564622622153
28,1226,0 3 4 5 20,-724.7936649836819,0.05156667465319677,12.3680930394368,1.2821221185276719
28,1227,0 4 8 20 21,-724.7935759002471,0.0515789591834996,12.371039442608092,1.630403632340418
28,1228,0 3 15 24 25,-724.7935253409098,0.051585931273346514,12.372711674848892,0.9723571303176511
28,1229,0 8 23 24 26,-724.7934794089465,0.051592265252235335,12.374230858328023,1.23636660528625
28,1230,0 3 7 11 25,-724.7933301097087,0.05161285349084392,12.379168877937422,0.9937095913971015
28,1231,0 3 16 20 25,-724.7932273993166,0.05162701716703155,12.382565987912951,1.182016308115445
28,1232,0 1 7 21 24,-724.7931704834134,0.051634865821939956,12.384448461328084,1.1907230874637724
28,1233,3 8 21 24 25,-724.7931008647456,0.05164446617734094,12.386751074199859,1.170728033325468
28,1234,1 12 21 24 26,-724.7929342022412,0.051667448795723846,12.392263377724595,1.2875505502579465
28,1235,0 3 8 13 20,-724.7928490997376,0.05167918435898388,12.395078113001716,1.4201866135315335
28,1236,0 4 7 18 26,-724.7926656405909,0.051704483220130236,12.401145959543197,1.1677908824016145
28,1237,0 3 5 7 20,-724.7926620387091,0.051704979916593674,12.401265090515153,1.2265047799008486
28,1238,0 3 12 19 25,-724.7926618316844,0.05170500846511655,12.401271937782104,1.4027392242569297
28,1239,0 3 21 22 24,-724.7926495590032,0.051706700857481386,12.401677852384282,1.3581534237942294
28,1240,0 2 4 20 25,-724.7924309717139,0.05173684385977859,12.408907549846978,1.2810864013259806
28,1241,0 3 13 21 23,-724.7924244944929,0.05173773706306874,12.409121781644354,1.3059099647902013
28,1242,0 4 7 12 20,-724.7923415375491,0.051749176755456365,12.411865553290369,1.5333065277662132
28,1243,0 3 13 18 26,-724.7922805366342,0.05175758873002424,12.413883137026389,1.083028997429906
28,1244,0 1 5 20 26,-724.7922446663853,0.051762535207005404,12.41506953285144,1.199236047821764
28,1245,0 8 18 25 26,-724.792211107387,0.051767162964488134,12.416179484879477,1.1727938798491262
28,1246,0 4 10 24 25,-724.7921292929476,0.05177844510646942,12.418885468591771,1.2119432742507816
28,1247,0 5 18 21 26,-724.7920703842917,0.05178656856028768,12.420833851598848,1.2358301562263774
28,1248,0 8 9 25 26,-724.7920574202064,0.05178835629668085,12.421262634144735,1.0833910853243267
28,1249,0 3 11 23 26,-724.7920409148294,0.051790632374216355,12.421808543666987,1.1217945678124748
28,1250,3 7 15 21 26,-724.7919401525785,0.05180452740338376,12.425141219560555,1.2167189336317894
28,1251,3 8 10 20 26,-724.7919267102047,0.05180638109535436,12.425585821329294,1.480296817365022
28,1252,0 14 20 25 26,-724.7918493748409,0.05181704557660899,12.42814366119897,1.1036922792779675
28,1253,0 13 18 20 26,-724.7918308828339,0.051819595608736675,12.428755277806419,1.2971674571730436
28,1254,1 8 21 25 26,-724.7917498824447,0.05183076549388841,12.431434337096661,1.2063640305728298
28,1255,3 13 20 24 26,-724.7917404900631,0.05183206069536241,12.431744986802947,1.1107333975807179
28,1256,0 4 19 21 24,-724.7917120518687,0.051835982298325936,12.432685570050612,1.4719306184324945
28,1257,0 9 10 20 26,-724.7916786263436,0.05184059164996231,12.433791107498465,1.3848306946686393
28,1258,0 4 7 18 21,-724.7916238857792,0.051848140327481446,12.435601632348266,1.3442454856799857
28,1259,0 22 25 26 27,-724.791620115371,0.0518486602635946,12.435726337271849,1.4119218764794585
28,1260,0 1 4 8 21,-724.7915997150362,0.051851473452498464,12.436401071144733,1.4401871678735134
28,1261,0 4 20 21 23,-724.7915543160423,0.05185773393536445,12.437902626850603,1.5338137387109685
28,1262,3 4 18 21 26,-724.7914336407957,0.05187437494978694,12.441893918048496,1.216816367451672
28,1263,0 10 21 22 26,-724.7912926480276,0.05189381773325264,12.446557204104204,1.5828164576760857
28,1264,0 13 19 25 26,-724.7912801484741,0.051895541411102336,12.446970622424436,1.2351895895567668
28,1265,3 8 19 21 26,-724.7911210284692,0.051917483925187594,12.452233460440477,1.4900285828092836
28,1266,4 20 21 23 26,-724.7911052640554,0.05191965782451255,12.452754862863461,1.4440612939455408
28,1267,0 10 21 23 25,-724.7910587243026,0.05192607561705963,12.454294148765916,1.4107352648849325
28,1268,3 18 21 24 26,-724.7908818081323,0.05195047220729579,12.460145588671923,1.0915173922149697
28,1269,0 2 4 7 26,-724.7907605021995,0.05196720019281989,12.464157739595283,1.1828979863097167
28,1270,0 19 20 21 25,-724.7907516791506,0.05196841688380225,12.464449558824878,1.5551810617129775
28,1271,0 3 10 20 23,-724.7903366546744,0.05202564840801419,12.478176346929843,1.4676159576189032
28,1272,0 1 20 22 26,-724.7902456257392,0.05203820122118451,12.481187096842286,1.392570318681835
28,1273,0 4 12 22 26,-724.7900669494725,0.0520628405272307,12.487096751316924,1.502401793906773
28,1274,0 12 18 24 26,-724.7900122525492,0.0520703831866818,12.488905832753403,1.2543382625140795
28,1275,0 3 4 21 27,-724.7900027012794,0.05207170029871379,12.489221737633144,1.5380430754687462
28,1276,0 3 11 22 26,-724.7899032553357,0.05208541381022509,12.49251087712895,1.246227602058376
28,1277,0 1 3 18 21,-724.7896170094984,0.052124886869062366,12.501978357193039,1.2167589847874565
28,1278,0 18 20 24 25,-724.7895613470971,0.05213256266712399,12.503819371476327,1.14456672031654
28,1279,0 15 18 20 26,-724.7894572155756,0.05214692231586323,12.507263484807563,1.3364250347864652
28,1280,0 4 7 13 21,-724.789141677395,0.05219043476405635,12.517699798788353,1.3547965285836283
28,1281,0 4 7 11 26,-724.789063445477,0.052201222879374565,12.520287291871304,1.1779462823399514
28,1282,3 12 18 20 26,-724.7890450490047,0.05220375973734963,12.520895748702666,1.3618863981666127
28,1283,0 2 12 21 26,-724.7890187234073,0.05220739001496959,12.521766458548989,1.4854378194517492
28,1284,0 8 17 25 26,-724.7887220134328,0.05224830606947225,12.531580036257829,1.1549087773340803
28,1285,0 3 4 19 24,-724.7887196271087,0.05224863514155082,12.531658963086286,1.2873996936118937
28,1286,0 1 3 7 19,-724.7886386540147,0.05225980126271942,12.534337119597863,1.2442072269826736
28,1287,0 7 11 20 25,-724.7885846638326,0.052267246463162144,12.5361228258198,1.22007010060825
28,1288,1 4 21 25 26,-724.7884672674726,0.05228343532190449,12.540005669002424,1.1073839193890063
28,1289,3 7 21 26 27,-724.7883954361773,0.05229334079676124,12.54238146374684,1.3990732759721518
28,1290,0 8 12 24 25,-724.7883632453763,0.05229777988098928,12.543446163130916,1.3228525058039269
28,1291,1 3 21 24 26,-724.7882928628213,0.05230748557579105,12.54577404130278,1.0441412720177805
28,1292,0 3 11 26 27,-724.7882487455198,0.052313569314352555,12.54723320548318,1.3342334583949063
28,1293,0 19 22 24 26,-724.7882273596231,0.05231651841142208,12.547940536471335,1.3937701787570977
28,1294,0 3 7 21 27,-724.7882045316039,0.052319666375954185,12.548695565149831,1.4910756744970344
28,1295,0 3 8 25 27,-724.7882031431295,0.05231985784539978,12.548741488450748,1.3896227694146543
28,1296,0 5 15 21 26,-724.7881661213304,0.052324963120184496,12.549965971393537,1.2884017975482578
28,1297,3 7 21 24 25,-724.7881159082823,0.05233188745704389,12.551626750241299,1.0024894793030008
28,1298,1 3 4 20 26,-724.7879810450069,0.05235048498865048,12.556087305488676,1.1778929530118485
28,1299,0 3 15 20 24,-724.787928345536,0.052357752201107034,12.557830321892283,1.2637658776334944
28,1300,0 10 15 21 26,-724.7876875502193,0.052390957671600104,12.565794542025513,1.4986764367386882
28,1301,1 3 21 23 26,-724.7876396090381,0.05239756871992919,12.567380179675647,1.1425785348937498
28,1302,0 21 23 26 27,-724.7876118882555,0.0524013913924112,12.568297034780901,1.5323469302278276
28,1303,0 9 12 20 26,-724.7875900815209,0.052404398522666214,12.569018284832914,1.4041318778396583
28,1304,0 2 3 18 26,-724.7875319505516,0.05241241473415507,12.570940946128891,1.0835634304602126
28,1305,0 4 7 10 20,-724.787373371548,0.0524342826446149,12.576185890716928,1.511636180788691
28,1306,0 7 10 24 25,-724.7873713791223,0.052434557398436804,12.576251789494675,1.1514084962791538
28,1307,0 11 12 24 26,-724.7868629736661,0.05250466608080976,12.593067120564456,1.2640133736598238
28,1308,3 19 21 24 25,-724.7867591140624,0.052518988232302846,12.596502240307633,1.217793616118373
28,1309,0 21 22 24 25,-724.7866662516908,0.05253179387479992,12.599573630481595,1.2975974621577258
28,1310,0 2 10 21 26,-724.7866350582595,0.05253609542258461,12.600605342213491,1.4642924664086336
28,1311,0 1 3 13 20,-724.7865010826132,0.0525545705508912,12.605036539442093,1.2322916126580437
28,1312,0 2 20 23 26,-724.7864813506549,0.052557291571254675,12.605689167001346,1.331475811710719
28,1313,0 7 10 21 24,-724.7863665139353,0.052573127457751945,12.60948735098116,1.4070212183003141
28,1314,0 4 20 25 27,-724.7863609138342,0.052573899706953434,12.609672572348215,1.4888801911929472
28,1315,0 6 10 20 26,-724.7863231141591,0.0525791122501703,12.61092278326276,1.2914499006669968
28,1316,0 3 11 15 26,-724.7862546394191,0.05258855485890059,12.61318756112747,1.1396380956563583
28,1317,0 5 12 21 25,-724.7861478019079,0.05260328766132871,12.61672117411276,1.3557049997610815
28,1318,0 1 7 8 25,-724.7860872621364,0.05261163604459993,12.618723505690696,1.1284744582724808
28,1319,1 3 12 21 25,-724.7860769506589,0.052613057988636275,12.619064554173201,1.2368080422045704
28,1320,0 6 8 20 26,-724.785793455019,0.05265215179758088,12.628441072429316,1.2596893734661956
28,1321,0 4 15 24 26,-724.7856114831898,0.05267724555890337,12.63445972646961,1.1578431408012715
28,1322,13 21 24 25 26,-724.785496702948,0.052693073657159514,12.638256042466054,1.0326233390543584
28,1323,0 18 21 23 25,-724.7854793201593,0.05269547072901167,12.638830972067177,1.2299144318293953
28,1324,0 8 12 23 26,-724.7854736217116,0.052696256540128585,12.639019446213917,1.4760145037125019
28,1325,0 1 7 12 25,-724.7852978513238,0.05272049512793427,12.64483298976974,1.1876009629384556
28,1326,0 3 19 20 23,-724.7852935443892,0.052721089050566536,12.644975440110459,1.479103635375229
28,1327,0 1 24 26 27,-724.7852739784822,0.05272378717259121,12.64562257558036,1.2479803788180543
28,1328,0 3 12 18 20,-724.7851888342423,0.052735528491261466,12.648438691273217,1.4544727214906175
28,1329,0 1 4 12 25,-724.7849737357428,0.05276519039239027,12.65555299824288,1.2440819946737893
28,1330,0 11 19 24 26,-724.7849596998277,0.05276712593321212,12.65601723118261,1.2557313233336447
28,1331,0 15 20 24 25,-724.7849362299962,0.05277036240312231,12.656793487577614,1.2004835312504907
28,1332,0 4 17 21 25,-724.7849351969734,0.05277050485609823,12.656827654443555,1.24333439734702
28,1333,0 12 17 25 26,-724.7848763898613,0.05277861430710783,12.65877267892419,1.2114049767750208
28,1334,0 3 9 21 24,-724.7848709878068,0.05277935924585565,12.658951349971021,1.1154504616949878
28,1335,19 21 23 25 26,-724.7848076095794,0.05278809904980808,12.661047562479528,1.3256323998812078
28,1336,0 15 18 25 26,-724.7847496698589,0.05279608888825287,12.662963898289812,1.0576767152531992
28,1337,0 7 8 20 21,-724.7845439404077,0.05282445880555193,12.669768327294312,1.5829212312845857
28,1338,3 9 20 25 26,-724.7845328453596,0.05282598880329732,12.670135292094589,0.9668964137675058
28,1339,3 18 19 21 26,-724.7843744960487,0.05284782503933369,12.675372639678958,1.348968229414376
28,1340,0 3 5 8 21,-724.7843588619619,0.0528499809666821,12.675889731583966,1.3599628535008879
28,1341,1 3 7 12 26,-724.7843080554807,0.052856987137467934,12.677570138023054,1.1397983754116865
28,1342,0 1 3 19 24,-724.784063725793,0.052890679994730905,12.685651256229633,1.1792987883907382
28,1343,0 8 19 20 25,-724.7840112492577,0.052897916464561115,12.687386899117973,1.5275980389099562
28,1344,3 18 21 23 26,-724.7838698257365,0.052917418648509656,12.692064432179201,1.1833444307022196
28,1345,0 4 7 20 23,-724.7837437614394,0.05293480280844556,12.696233964322696,1.377686980645473
28,1346,0 8 9 21 25,-724.7835345723169,0.05296364981149705,12.703152820736246,1.2670493164124557
28,1347,0 17 20 24 26,-724.7834596281559,0.052973984547896646,12.7056315724143,1.2142473034167134
28,1348,8 12 20 25 26,-724.7833762540331,0.05298548176891094,12.70838914210744,1.4439837782871359
28,1349,0 5 7 25 26,-724.7833225149574,0.052992892341997465,12.710166543074756,0.9462864115287545
28,1350,0 6 7 20 26,-724.7832397650466,0.0530043034847021,12.712903467175568,1.105036389481895
28,1351,0 10 19 24 26,-724.7832210084098,0.05300689000905008,12.713523836319007,1.420247991829757
28,1352,0 4 10 20 24,-724.7831416014395,0.053017840163081247,12.716150193840885,1.4578857898004607
28,1353,0 1 3 20 23,-724.7831071751159,0.05302258752398891,12.717288832347103,1.2541687802151016
28,1354,0 1 3 15 21,-724.7828735837372,0.053054799577521794,12.725014784772103,1.2686978154293906
28,1355,0 1 3 4 12,-724.7827215726284,0.05307576178085398,12.730042498559499,1.3029688315505628
28,1356,1 3 13 21 26,-724.7825185727254,0.05310375529576313,12.736756648719963,1.1143522541704034
28,1357,0 3 4 24 25,-724.782450951091,0.053113080261940504,12.738993210415028,0.9786885362165847
28,1358,3 7 10 24 26,-724.7824448699089,0.053113918851817085,12.73919434336931,1.1002037132338285
28,1359,0 3 6 20 25,-724.782416709871,0.053117802097225886,12.740125726686813,0.9765780896280607
28,1360,0 1 10 20 25,-724.7823895300764,0.053121550167901044,12.74102468880024,1.341112950938865
28,1361,3 7 19 21 25,-724.7823430269126,0.05312796291485986,12.742562764535363,1.2766975069868554
28,1362,0 3 13 24 25,-724.7823196848135,0.05313118177058127,12.74333479622658,0.9120504401326607
28,1363,0 1 3 8 12,-724.782258553327,0.053139611750863285,12.745356698572422,1.3874074532213507
28,1364,0 7 18 19 26,-724.7821119024046,0.053159834789012206,12.750207126082982,1.3029686609045914
28,1365,0 5 7 20 25,-724.7820661872485,0.05316613887037623,12.7517191387416,1.157561945415512
28,1366,0 8 18 21 25,-724.782021734555,0.05317226885920722,12.753189395893186,1.3443693291437435
28,1367,13 20 21 25 26,-724.7819927064601,0.05317627180894019,12.75414948988921,1.2884809427540629
28,1368,0 11 24 25 26,-724.781909190214,0.05318778862862531,12.756911760257466,0.9400978414895862
28,1369,3 10 23 25 26,-724.781903775552,0.053188535305940754,12.757090848293876,1.1019001735807086
28,1370,1 7 12 21 26,-724.7818740015506,0.05319264111554976,12.75807561288434,1.3405278391311701
28,1371,0 1 13 25 26,-724.7818117666284,0.0532012232586805,12.760134010976373,0.9564946465436334
28,1372,3 20 23 24 26,-724.7816655604872,0.05322138496187518,12.764969727504974,1.1315008153324766
28,1373,3 8 19 20 26,-724.7816291133688,0.05322641098867583,12.766175203085997,1.4893660292251576
28,1374,0 11 20 24 25,-724.7815100130211,0.05324283482587568,12.770114405059338,1.1527228713784132
28,1375,0 1 7 8 20,-724.781498478177,0.05324442547112488,12.770495915958907,1.390085432823134
28,1376,0 7 8 15 26,-724.7813760105628,0.05326131365153681,12.774546489085955,1.309139800694904
28,1377,0 7 12 18 26,-724.7810959080807,0.05329993954688541,12.783810779843815,1.3096144228827944
28,1378,0 3 8 11 21,-724.7810400716247,0.05330763934693774,12.78565755092364,1.4099503513489782
28,1379,0 3 7 8 23,-724.7809903553523,0.05331449517885251,12.787301899091425,1.2681910698566148
28,1380,4 7 10 20 26,-724.7809640492071,0.053318122774020524,12.788171965560691,1.417914476763387
28,1381,0 3 10 18 25,-724.7807087246107,0.0533533318198978,12.796616736494023,1.17671701006095
28,1382,0 6 19 20 26,-724.7806144829513,0.053366327665019045,12.799733746126051,1.3042112550669454
28,1383,1 4 12 21 26,-724.7805156336515,0.05337995889984508,12.80300315183632,1.3907547600810453
28,1384,3 21 24 26 27,-724.7804869196261,0.05338391853965239,12.803952858092716,1.3394540511323305
28,1385,3 13 21 23 26,-724.7801892160844,0.05342497160623911,12.813799297687927,1.1946841567202862
28,1386,0 1 7 12 21,-724.780177677407,0.053426562780096144,12.814180935372304,1.435304153156574
28,1387,3 4 7 25 26,-724.7798804069789,0.05346755612067617,12.8240130498862,0.9207687988510934
28,1388,3 7 19 24 26,-724.7798502384376,0.053471716337008965,12.825010863745915,1.1167268515488555
28,1389,0 3 8 11 25,-724.7797729389212,0.05348237587493849,12.82756751797573,1.1540753739313607
28,1390,0 13 23 25 26,-724.7797063471993,0.053491558817055695,12.829770015678854,1.0476828126132338
28,1391,0 3 7 8 19,-724.7795446881017,0.05351385146986744,12.835116833287822,1.4237269510802013
28,1392,1 20 21 25 26,-724.779422665717,0.05353067825350946,12.839152680606631,1.2352768559947893
28,1393,0 3 11 20 21,-724.7793210307223,0.05354469363331416,12.842514222194746,1.4393990593663557
28,1394,0 3 4 23 25,-724.7791072989947,0.05357416705775049,12.849583323665236,1.0808779462752576
28,1395,0 3 8 21 22,-724.779039224975,0.053583554407490915,12.851834847847554,1.5326859227161456
28,1396,0 10 20 21 25,-724.778893616033,0.053603633757432295,12.85665081222603,1.5369379565003565
28,1397,21 23 24 25 26,-724.7788923151716,0.053603813145120825,12.856693837758257,1.0567121790887481
28,1398,0 3 4 5 26,-724.7788547171629,0.053608997878718194,12.857937378629336,1.0837959419969685
28,1399,0 3 4 20 27,-724.7788381984399,0.053611275796645506,12.858483729563359,1.5366307419397551
28,1400,0 3 7 15 20,-724.7786287826407,0.05364015405821688,12.865410083227502,1.3184737943186857
28,1401,0 8 16 20 26,-724.778609791765,0.05364277288390862,12.866038199739327,1.420468563567604
28,1402,0 7 12 22 26,-724.7785527541687,0.053650638320195274,12.86792469811145,1.450011332770543
28,1403,0 2 5 21 26,-724.7785355898003,0.05365300527207714,12.868492403539264,1.2445705233940163
28,1404,4 18 21 25 26,-724.7784652468284,0.05366270550839711,12.870818972512668,1.1462275841715697
28,1405,0 16 20 21 26,-724.7784394371631,0.05366626463941288,12.871672618085872,1.4467697110303126
28,1406,0 3 8 18 20,-724.7784293139648,0.05366766061989672,12.872007439297859,1.4024117408016932
28,1407,0 7 8 12 25,-724.778319128631,0.05368285508422942,12.875651780334293,1.3749534643105505
28,1408,0 21 24 25 27,-724.77813039233,0.05370888166048819,12.881894166891724,1.3793613509432545
28,1409,0 3 10 12 21,-724.7781277698838,0.05370924329360532,12.881980903375487,1.603101591843656
28,1410,18 20 21 25 26,-724.7781068747522,0.0537121247145744,12.882672002479142,1.274380624520052
28,1411,0 4 14 20 26,-724.7780778192823,0.05371613143929597,12.883633001893458,1.2460207204904452
28,1412,3 15 21 24 26,-724.7780724421324,0.05371687294372333,12.883810849230102,1.1457773723841722
28,1413,0 4 13 24 26,-724.778053807167,0.05371944268968741,12.88442719413474,1.1078516089461363
28,1414,4 10 21 24 26,-724.777964382341,0.05373177429755184,12.88738488870044,1.357535480732986
28,1415,0 2 3 7 20,-724.7779544917256,0.05373313820504774,12.887712017314415,1.2798609875207438
28,1416,0 3 10 18 21,-724.7776787331832,0.05377116507479683,12.896832633802063,1.4269503005494244
28,1417,0 3 10 11 25,-724.777668722961,0.05377254547596083,12.897163718366716,1.1870680971442218
28,1418,0 8 15 24 26,-724.7775791974287,0.053784890971139115,12.900124743757821,1.2477442997930812
28,1419,0 18 19 21 25,-724.7775318415909,0.05379142130112408,12.90169102138529,1.3865941141137286
28,1420,0 3 5 20 24,-724.7773943322348,0.05381038372500558,12.906239094814437,1.15537105975744
28,1421,0 3 5 10 21,-724.7773359879936,0.05381842934651733,12.908168810005238,1.386148986238747
28,1422,0 3 4 20 22,-724.7773315375125,0.053819043064100465,12.908316008098176,1.45886613407566
28,1423,0 4 13 21 24,-724.7772212188339,0.05383425591656412,12.911964759465821,1.291446497537609
28,1424,0 1 17 21 26,-724.777140905468,0.05384533106179732,12.914621095706053,1.2188115787481943
28,1425,3 4 18 20 26,-724.777104805602,0.05385030920277654,12.915815086034272,1.214127363238587
28,1426,3 8 20 24 25,-724.7770096380109,0.05386343273309027,12.918962720529182,1.1672095718234803
28,1427,0 3 6 12 21,-724.7769078227839,0.053877472966775496,12.922330223236736,1.2833447093558248
28,1428,0 3 11 12 21,-724.7768719850336,0.05388241496222263,12.923515544180963,1.4569273863015901
28,1429,0 10 11 20 26,-724.7768690854414,0.053882814813538786,12.923611447170897,1.4601804110184917
28,1430,3 8 13 21 26,-724.7768644492246,0.053883454143910076,12.923764788404712,1.311953431159259
28,1431,0 2 3 11 26,-724.776855082271,0.05388474583888521,12.924074597089072,1.0909407570541998
28,1432,0 5 21 22 26,-724.7766349136781,0.05391510690161817,12.931356595612009,1.3775775186714596
28,1433,0 4 12 18 26,-724.7765620699523,0.05392515198978674,12.933765876138507,1.3594470731855384
28,1434,0 1 12 24 25,-724.7762489463812,0.053968331465384364,12.944122327765012,1.1176426083442743
28,1435,19 20 21 25 26,-724.7761895008165,0.053976528958475926,12.94608846884214,1.4603995975574346
28,1436,1 7 20 25 26,-724.7761049005625,0.05398819526194411,12.948886592391723,1.0426951959576174
28,1437,0 4 7 24 25,-724.7760930737918,0.05398982616361622,12.949277758658589,1.0057059410639209
28,1438,0 3 4 9 26,-724.7760686759307,0.053993190608028145,12.95008470930632,1.0409731955680814
28,1439,0 3 4 9 20,-724.7760516561743,0.053995537618031345,12.950647631741774,1.2380942560634063
28,1440,0 4 19 20 24,-724.7759588858102,0.05400833057278028,12.953715978802125,1.46851265139488
28,1441,4 15 21 25 26,-724.7757937674601,0.05403110025358922,12.95917720996774,1.202908634263968
28,1442,0 7 15 20 25,-724.7756677761058,0.054048474354769276,12.963344329552562,1.2578229283787572
28,1443,0 7 8 21 23,-724.7756414915509,0.05405209897265768,12.964213681931355,1.4510746528185745
28,1444,7 21 22 25 26,-724.7756319596795,0.05405341340966876,12.964528945216355,1.2487025265296006
28,1445,0 15 19 25 26,-724.7756294578323,0.054053758412270475,12.96461169292707,1.2699257766622873
28,1446,0 4 8 24 25,-724.7755514860493,0.05406451065520254,12.96719058213916,1.1703070037272396
28,1447,0 9 21 24 25,-724.7755365614967,0.054066568738382205,12.967684206450214,1.0411533436360993
28,1448,0 3 9 20 21,-724.7755148044982,0.05406956901006111,12.968403811495872,1.354306013265417
28,1449,0 2 3 8 21,-724.7754018178075,0.05408514977914261,12.972140806423738,1.4108904580951351
28,1450,0 7 8 13 26,-724.7753019270863,0.05409892462510647,12.97544465678118,1.2651306806206255
28,1451,12 18 21 25 26,-724.7751932089352,0.05411391676617819,12.979040471265673,1.2938267562442318
28,1452,2 3 21 24 26,-724.774957783174,0.05414638177950448,12.986827095244177,1.1005610540141146
28,1453,0 22 23 25 26,-724.7747967044115,0.05416859440460504,12.992154718476456,1.2019392589730507
28,1454,0 3 10 12 24,-724.7746651452258,0.054186736305042366,12.996505992124217,1.4024620317308623
28,1455,3 10 21 24 25,-724.7746388185077,0.05419036673719365,12.997376739034358,1.1954083038094128
28,1456,0 23 24 25 26,-724.7745653572497,0.05420049698253534,12.99980644422169,0.9675919091367262
28,1457,0 13 21 23 25,-724.7745525396894,0.05420226451326326,13.000230380506897,1.237369780737135
28,1458,0 3 5 15 26,-724.7745446297032,0.0542033552936629,13.00049200050778,1.0705344915672814
28,1459,0 8 19 24 25,-724.7744721324636,0.054213352601675154,13.002889821124894,1.3092838158005151
28,1460,0 10 23 24 26,-724.7743851628416,0.05422534563899685,13.00576631068754,1.2593364392168018
28,1461,0 7 19 21 24,-724.7743720915586,0.0542271481578631,13.00619863875975,1.4158895014458037
28,1462,0 7 15 24 26,-724.7743275753875,0.05423328690020342,13.007670995411031,1.0915531269874557
28,1463,7 10 21 24 26,-724.7742407208339,0.05424526406967989,13.010543679124506,1.3037651592010135
28,1464,0 4 7 19 21,-724.7741788700278,0.054253793243524515,13.012589372711869,1.5157841743875318
28,1465,0 11 18 21 26,-724.774159463509,0.054256469386042346,13.013231236471167,1.2835117228390178
28,1466,3 11 12 21 26,-724.7741332868451,0.05426007912585738,13.01409702039423,1.361575285302493
28,1467,3 8 23 25 26,-724.774029258707,0.054274424518113276,13.017537714356003,1.0614611239693992
28,1468,0 2 3 4 20,-724.7739430421735,0.05428631370514431,13.020389295776603,1.330967522160369
28,1469,0 1 16 21 26,-724.7739306296953,0.05428802537539067,13.02079983411366,1.2297156728126781
28,1470,4 7 10 25 26,-724.7739002546388,0.05429221406999628,13.021804478391083,1.1563578228142408
28,1471,3 4 8 20 25,-724.7738833073107,0.054294551092199175,13.022365005286312,1.283738181924134
28,1472,0 8 10 20 25,-724.7738075587143,0.054304996759566126,13.02487036338284,1.5098375905163448
28,1473,3 7 8 12 26,-724.7738055605598,0.05430527230338378,13.024936451638409,1.3317438489985223
28,1474,1 4 20 25 26,-724.7737181043806,0.054317332436525666,13.027829033907285,1.1046479534664229
28,1475,0 1 8 23 26,-724.7736716367119,0.0543237402887277,13.029365935651496,1.2385283451796003
28,1476,0 8 16 25 26,-724.7735352747374,0.054342544489677236,13.033876059843921,1.1605290405640771
28,1477,0 9 19 21 26,-724.7733654806733,0.054365958947487227,13.039491938599134,1.3872190487073246
28,1478,0 3 13 26 27,-724.7733011468007,0.05437483053410321,13.04161975873514,1.328512742566251
28,1479,0 1 9 20 26,-724.7732277703826,0.05438494908008901,13.044046657871409,1.1520001974973917
28,1480,3 4 8 21 25,-724.7732089775459,0.05438754059637747,13.04466822431494,1.2793636717389794
28,1481,0 4 10 13 26,-724.7730492131911,0.05440957196575857,13.04995237397408,1.3477609354514455
28,1482,0 3 8 15 21,-724.7730038613802,0.05441582594212965,13.051452369119087,1.4448768688731108
28,1483,1 19 20 25 26,-724.7728990083914,0.05443028508059172,13.054920344724879,1.250344306624509
28,1484,0 8 22 24 26,-724.7728205855884,0.05444109951878659,13.057514151261032,1.3424944295720123
28,1485,0 11 13 20 26,-724.7727996738292,0.054443983232688946,13.058205800317005,1.2990718563251717
28,1486,3 4 15 21 26,-724.7727919870462,0.054445043233573506,13.058460037954983,1.2631242534588982
28,1487,2 7 21 25 26,-724.7726040668352,0.0544709572717046,13.064675432621954,1.0992833378849682
28,1488,3 4 21 22 26,-724.7725187489989,0.05448272252917028,13.067497289954174,1.3588478501664858
28,1489,0 3 10 13 21,-724.772388464032,0.05450068871589872,13.071806419261343,1.435649991685957
28,1490,3 10 19 25 26,-724.7723300423655,0.05450874501429163,13.07373869526609,1.2723900741476888
28,1491,3 4 21 26 27,-724.7722042666165,0.0545260893836875,13.077898683782726,1.4408063624066865
28,1492,3 4 10 21 25,-724.7721363609402,0.054535453519018694,13.080144640067266,1.3098711116731852
28,1493,0 1 4 8 20,-724.7721101934218,0.05453906199767182,13.081010121504896,1.4351025127217047
28,1494,7 8 20 24 26,-724.7721087220709,0.054539264895710336,13.081058785915289,1.2756864046213066
28,1495,0 3 5 10 25,-724.7721072340312,0.05453947009513222,13.08110800230472,1.123637071053425
28,1496,0 19 20 23 25,-724.7720967463704,0.05454091633468569,13.081454877985092,1.4201270892764277
28,1497,4 7 20 23 26,-724.7719201787879,0.054565264854954616,13.087294788471542,1.2724993703480445
28,1498,3 19 20 24 25,-724.7718380962933,0.05457658396152949,13.09000963801697,1.214860566891881
28,1499,0 1 22 25 26,-724.7715173354736,0.05462081660724714,13.100618688945605,1.119403821241654
28,1500,1 7 8 21 26,-724.7713255294295,0.05464726649848498,13.106962606173406,1.2825821696895643
28,1501,1 4 7 20 26,-724.7712807950534,0.05465343533111841,13.108442179880027,1.1956316667962767
28,1502,3 10 12 20 26,-724.7712644927115,0.05465568341027951,13.108981374086587,1.5180740730975333
28,1503,3 20 21 24 25,-724.7711907841438,0.05466584775941766,13.111419258954504,1.195883932796501
28,1504,0 10 19 21 26,-724.7710829183017,0.05468072236780308,13.1149868836205,1.6124573272067255
28,1505,0 3 5 19 21,-724.7710594255292,0.054683962001255096,13.115763898780344,1.397774715208067
28,1506,4 21 22 25 26,-724.7710320074043,0.054687742937485045,13.11667074358627,1.3006664075947303
28,1507,3 4 7 19 26,-724.7709804642319,0.05469485069735914,13.118375515825628,1.234935513633592
28,1508,0 2 3 20 24,-724.7709282068007,0.05470205695292,13.120103911923344,1.2156450805076249
28,1509,3 12 18 25 26,-724.7708933356585,0.05470686565393974,13.121257262648612,1.0822863540689245
28,1510,0 1 15 21 25,-724.7708926350247,0.05470696227074688,13.121280435864024,1.2013918586894585
28,1511,3 7 11 20 26,-724.7706930542809,0.05473448428650046,13.12788149854186,1.1651506783985184
28,1512,3 12 21 22 26,-724.7705445074549,0.054754968768145465,13.132794632393399,1.4872860718397014
28,1513,10 21 23 25 26,-724.7703837102775,0.05477714256289473,13.138112942296853,1.3036600256434334
28,1514,0 20 22 23 26,-724.7702845683369,0.054790814152644265,13.141392026999451,1.4508655066144394
28,1515,0 4 21 23 24,-724.7702282375665,0.05479858211824293,13.143255147355722,1.3106953602791156
28,1516,0 6 21 24 26,-724.7701762845414,0.05480574639645025,13.14497347532673,1.0234505534939347
28,1517,3 17 21 25 26,-724.7699222616828,0.05484077593378254,13.153375191740826,1.034804894128135
28,1518,0 5 11 21 26,-724.7698777018917,0.05484692069129057,13.154848991109805,1.2365391003833879
28,1519,0 3 7 20 22,-724.7698527524565,0.054850361197302876,13.155674184875918,1.4069756502284834
28,1520,0 3 20 24 27,-724.7697103919124,0.054869992595907455,13.160382709636698,1.4338945100697065
28,1521,0 3 8 9 20,-724.7696433307517,0.054879240273248246,13.162600733864918,1.3235234662059325
28,1522,0 7 13 24 26,-724.7696227909651,0.05488207269245298,13.163280080060623,1.0405428309925655
28,1523,3 7 21 23 25,-724.7696170148035,0.0548828692202401,13.163471124564577,1.095312786956162
28,1524,7 12 20 24 26,-724.7695054300897,0.054898256657896535,13.16716174960203,1.3278292582587758
28,1525,3 11 21 24 26,-724.769477472092,0.05490211204212315,13.16808645050893,1.0934770851967326
28,1526,0 3 6 10 21,-724.7693627176602,0.05491793658120465,13.171881912849337,1.2567651140081373
28,1527,7 13 20 25 26,-724.7693140289924,0.054924650707308835,13.173492273356263,1.0994086209015104
28,1528,3 10 22 25 26,-724.7692654868184,0.054931344632043355,13.175097788632792,1.2228997315920112
28,1529,0 13 19 21 26,-724.7692384683565,0.05493507045508249,13.175991414725738,1.4681482380463124
28,1530,0 1 3 11 26,-724.7691827598169,0.05494275261558013,13.177833955017848,1.0232936744378738
28,1531,0 3 8 17 21,-724.7690731419689,0.05495786882409922,13.18145952666126,1.3807665471233628
28,1532,0 3 18 19 20,-724.7690488585799,0.05496121748289346,13.182262691181817,1.4408326111167762
28,1533,0 4 10 22 26,-724.769039601099,0.0549624940816767,13.182568879095449,1.4732677615335596
28,1534,0 12 19 24 26,-724.7690297096241,0.05496385810770881,13.182896036139935,1.4345842759187124
28,1535,3 10 12 24 26,-724.7688543988475,0.054988033315516736,13.188694378217,1.3020581332387828
28,1536,0 7 21 25 27,-724.768725581687,0.055005797092978426,13.192954960344036,1.4297109974992537
28,1537,0 2 7 8 26,-724.7686738370071,0.055012932640570805,13.194666397373927,1.2645780452974233
28,1538,0 3 5 24 26,-724.7686379568811,0.055017880479597416,13.195853119880988,0.9388139943234238
28,1539,1 8 20 25 26,-724.7686297222031,0.05501901603473297,13.19612547895131,1.19945897633193
28,1540,0 8 13 20 25,-724.7684563894366,0.05504291847661869,13.201858399041669,1.3537027949484048
28,1541,0 11 20 21 25,-724.7684239637954,0.05504738994510783,13.202930865681575,1.380030690926827
28,1542,0 7 17 20 26,-724.7683258186582,0.055060924076502746,13.206176981461311,1.26823591023147
28,1543,3 8 20 21 25,-724.7683116349591,0.05506287999661614,13.206646102305402,1.3941290554975059
28,1544,0 4 8 21 23,-724.7682066484797,0.05507735754332319,13.21011849306668,1.495125975467185
28,1545,0 3 22 24 25,-724.7680898817923,0.055093459570742916,13.213980510049355,1.0789859134861162
28,1546,0 8 21 26 27,-724.7680262977224,0.05510222776020546,13.216083530726749,1.619949178227207
28,1547,3 8 21 23 25,-724.7679779526358,0.05510889450675585,13.21768252740746,1.2486142408291678
28,1548,0 2 7 20 25,-724.7679434257188,0.05511365573939413,13.218824493001488,1.2141226796595925
28,1549,0 10 13 24 26,-724.7679385542757,0.055114327507282374,13.21898561426437,1.232891194871238
28,1550,3 7 10 20 25,-724.7678819183576,0.05512213755248206,13.220858827271057,1.258208308717045
28,1551,3 7 20 22 26,-724.7678492306385,0.05512664516129839,13.221939962046584,1.308731227891329
28,1552,0 12 19 21 26,-724.7677956885218,0.05513402857390049,13.22371084866329,1.6294167898726413
28,1553,0 1 3 21 27,-724.7677646567774,0.05513830782519864,13.22473721265807,1.439552658715074
28,1554,0 1 4 20 24,-724.767736303995,0.055142217649917995,13.225674970933584,1.2393214029407285
28,1555,3 7 9 21 26,-724.7677313403756,0.0551429021288352,13.225839140893903,1.0565662609452915
28,1556,7 8 20 21 26,-724.7676867351863,0.05514905314670422,13.227314441789353,1.4888717020870839
28,1557,2 3 7 20 26,-724.767620768136,0.05515814994714404,13.229496278701616,1.1678035762562637
28,1558,12 20 21 24 26,-724.7675818757824,0.05516351316980604,13.230782629573005,1.4842494569428193
28,1559,0 9 20 21 25,-724.7675508040115,0.05516779794072754,13.231810317430837,1.2928947992518154
28,1560,4 15 20 25 26,-724.7675145567808,0.05517279640318035,13.233009181795977,1.2032379965180198
28,1561,3 4 20 26 27,-724.7674011375746,0.05518843681579017,13.236760482023,1.442321170523717
28,1562,0 4 18 19 26,-724.7673861434398,0.05519050449428846,13.23725640773887,1.348379648896018
28,1563,0 3 5 22 26,-724.7672540822157,0.05520871562538917,13.241624286127804,1.1770905747661375
28,1564,0 5 8 21 25,-724.7672254058662,0.055212670069733044,13.242572746269813,1.2943994828346652
28,1565,0 1 8 20 24,-724.7671816911345,0.055218698294250385,13.244018595593904,1.327249594798665
28,1566,3 4 25 26 27,-724.7671541647405,0.05522249416069646,13.244929021361825,1.1896024713999838
28,1567,0 1 2 3 21,-724.7671123481214,0.05522826063710742,13.246312091285187,1.2214175282744166
28,1568,3 21 22 24 26,-724.7669402271885,0.05525199596816589,13.252004930407105,1.2446952187974818
28,1569,3 12 21 23 25,-724.7668669633476,0.05526209898984356,13.254428106090415,1.3024181666952508
28,1570,3 7 8 10 26,-724.7668659930464,0.05526223279356433,13.254460198461675,1.3063092097584057
28,1571,4 7 20 21 25,-724.7668380551268,0.05526608540905104,13.255384235295642,1.3327927092628176
28,1572,0 12 16 25 26,-724.7668166647021,0.05526903513051682,13.25609171604313,1.2152714345887354
28,1573,5 20 21 25 26,-724.7668077500049,0.055270264459722655,13.256386566508013,1.2237187809977825
28,1574,0 5 20 24 25,-724.7667673717693,0.055275832584251026,13.25772206240115,1.0829367946244535
28,1575,5 7 21 25 26,-724.7667188771389,0.055282519952762205,13.259326005189614,1.0266020550607877
28,1576,3 12 13 21 26,-724.7666993914145,0.055285207017683684,13.259970488650602,1.35939623583662
28,1577,3 12 19 25 26,-724.7666787956106,0.05528804716162072,13.260651687597303,1.29257102148057
28,1578,0 1 19 23 26,-724.7666127380414,0.055297156444529864,13.262836518387742,1.282802688272673
28,1579,0 1 7 19 25,-724.7665967763722,0.05529935754521002,13.26336444496405,1.1707072013338655
28,1580,3 8 12 24 26,-724.766536350111,0.05530769027552503,13.26536302223322,1.2698103234621254
28,1581,7 15 21 25 26,-724.7664429374453,0.05532057180311156,13.268452613190012,1.1399891636370199
28,1582,0 16 20 24 26,-724.7664373904138,0.055321336734062275,13.268636079299293,1.2185989562290604
28,1583,7 19 21 24 26,-724.7663215331515,0.055337313352526445,13.27246801736684,1.3153957895558597
28,1584,0 1 4 12 20,-724.7662242917537,0.05535072285903555,13.275684242287934,1.480530846624815
28,1585,0 1 3 18 26,-724.7662132156095,0.055352250249956374,13.276050581850129,1.0083237296772376
28,1586,4 8 21 24 26,-724.7661940091148,0.055354898809329256,13.276685829885118,1.3220986864756608
28,1587,0 2 11 21 26,-724.7661235925073,0.05536460919994264,13.279014834331559,1.2944679994006985
28,1588,0 17 19 25 26,-724.7661064745412,0.055366969752985766,13.279581005019475,1.1946923130175835
28,1589,3 4 15 20 26,-724.7660101066025,0.055380258810215896,13.282768340587145,1.2640533121166206
28,1590,0 3 8 18 25,-724.7659013250799,0.05539525969016997,13.28636625106311,1.135136787786535
28,1591,1 10 21 25 26,-724.7658545305203,0.0554017126203543,13.28791396460938,1.2267438920159481
28,1592,0 1 12 22 26,-724.7657705523067,0.05541329314498097,13.29069151439306,1.4007458441717668
28,1593,0 2 18 20 26,-724.765750010371,0.05541612586053406,13.291370931666918,1.2874286023931902
28,1594,4 19 21 24 26,-724.7656721542253,0.05542686215717161,13.293945996214038,1.3666915332066711
28,1595,3 10 13 21 26,-724.7655674459342,0.05544130134194998,13.297409185996074,1.3371056275567486
28,1596,3 7 22 25 26,-724.7655450701893,0.05544438693823576,13.298149255860988,1.0261383658781922
28,1597,4 7 19 21 26,-724.7654834085836,0.05545289002151026,13.300188691713084,1.4214999333687848
28,1598,0 1 7 20 21,-724.7654813767697,0.05545317020692735,13.300255893240626,1.4098283555088265
28,1599,0 3 6 8 21,-724.7654067078419,0.055463466988914495,13.302725541680829,1.222675383449822
28,1600,0 3 6 7 21,-724.7653411917069,0.05547250160851466,13.304892464728365,1.0653292479219207
28,1601,0 2 3 10 25,-724.765289026702,0.055479695118556466,13.30661780385631,1.1851827241423036
28,1602,0 4 19 22 26,-724.7651690776206,0.05549623599542229,13.310585077398887,1.4852313418816459
28,1603,0 4 11 12 26,-724.7651457797693,0.05549944874940582,13.311355645608849,1.3646339331338226
28,1604,0 7 8 10 25,-724.7651434292,0.055499772890936286,13.311433389861968,1.34735219178098
28,1605,0 9 19 25 26,-724.7651128062762,0.055503995766219935,13.312446232259761,1.1236885739257039
28,1606,0 8 21 22 25,-724.7650520917969,0.05551236824156371,13.31445434224007,1.475373900621213
28,1607,0 3 18 20 23,-724.7649034509011,0.05553286569535909,13.319370587418137,1.2848760030980997
28,1608,0 12 16 21 26,-724.7648682805054,0.05553771566317358,13.32053383584498,1.4593282142974753
28,1609,0 10 17 21 26,-724.7648361320728,0.05554214890484117,13.321597133910638,1.4282177907686522
28,1610,3 4 10 20 25,-724.7647961524899,0.05554766205550306,13.322919444507262,1.3104595037745135
28,1611,0 19 20 22 26,-724.7647673681034,0.05555163139804999,13.323871477933036,1.5877063797203634
28,1612,0 4 5 25 26,-724.7647440482535,0.055554847185626054,13.324642773739937,1.0053300925305755
28,1613,0 1 3 15 25,-724.76468695834,0.05556271983641099,13.326531002485147,0.9719152002226347
28,1614,0 2 3 13 26,-724.7646793684008,0.05556376648260293,13.32678203704513,1.0863812743670276
28,1615,0 3 4 8 24,-724.7646689761223,0.05556519956902706,13.327125757991777,1.2282553901943563
28,1616,3 8 24 25 26,-724.7645951152859,0.055575384915879954,13.329568679090775,0.9510928470478891
28,1617,3 18 19 25 26,-724.7643390745078,0.055610692722610156,13.338037137481674,1.0705952079022165
28,1618,0 4 8 22 26,-724.7643337034789,0.05561143338295499,13.338214782367972,1.4434710272591058
28,1619,0 3 9 10 25,-724.7643157095188,0.055613914734834284,13.338809926249423,1.0797874309290296
28,1620,1 4 20 21 26,-724.7642338969699,0.055625196616117444,13.341515847434149,1.3638834853923714
28,1621,4 7 19 25 26,-724.7639213157161,0.055668301306624694,13.351854362108892,1.1685657225127546
28,1622,0 7 19 22 26,-724.7638468031531,0.05567857652602761,13.354318838835976,1.4370282944022437
28,1623,0 3 8 9 25,-724.7637296247275,0.055694735331804544,13.35819447391618,1.0425322212684582
28,1624,0 3 14 21 25,-724.763701671942,0.05569858999727313,13.359119002431388,1.0586602820772195
28,1625,3 4 12 24 26,-724.7636618203303,0.05570408550082387,13.360437080427909,1.176376129174684
28,1626,8 20 21 24 26,-724.7636108264317,0.055711117516312456,13.362123685631802,1.4345727120647986
28,1627,0 8 15 21 25,-724.7635052502103,0.055725676387934756,13.365615581899787,1.3864274178475953
28,1628,7 11 21 25 26,-724.7634183646604,0.055737657831769497,13.368489290803677,1.090388075482994
28,1629,0 4 7 25 27,-724.7633488114479,0.05574724916093854,13.370789738764152,1.3170617236527697
28,1630,0 7 10 22 26,-724.7633442861982,0.05574787318905524,13.370939409803803,1.4227256091455114
28,1631,0 20 21 26 27,-724.7632487904148,0.055761041976809554,13.37409789914323,1.6445084565620403
28,1632,0 5 9 21 26,-724.7631903858777,0.05576909591306949,13.37602960859835,1.1367224491643872
28,1633,0 7 22 24 26,-724.7631557618654,0.055773870535078617,13.377174785587833,1.194552983893188
28,1634,0 18 24 25 26,-724.7631166823656,0.05577925956503728,13.378467326252308,0.9158314479306343
28,1635,0 7 9 25 26,-724.7630705060471,0.055785627240300395,13.379994591693196,0.8889454632933541
28,1636,3 5 12 20 26,-724.7628621921685,0.05581435354795468,13.386884499722692,1.3071281185124275
28,1637,3 18 19 20 26,-724.7628448726709,0.055816741892024,13.387457335994531,1.3429755276026951
28,1638,4 12 20 21 26,-724.7627637938001,0.055827922599730545,13.390138991038055,1.5780438149237883
28,1639,0 3 7 16 26,-724.7626538689151,0.05584308114839202,13.393774717821849,1.061211643052242
28,1640,1 3 10 25 26,-724.7626392497251,0.05584509712232485,13.394258242372036,1.0040796028845895
28,1641,4 18 20 25 26,-724.7626390813991,0.05584512033433546,13.394263809694513,1.1430112009634288
28,1642,3 7 15 20 26,-724.7625698784931,0.05585466335654324,13.396552671393216,1.2068485502797683
28,1643,3 11 12 25 26,-724.7625089681018,0.05586306284798335,13.398567261093133,1.0908710736760743
28,1644,0 1 19 21 24,-724.7624131475369,0.055876276422827297,13.401736492464996,1.365968003372587
28,1645,0 7 20 22 25,-724.7624032239132,0.05587764488213864,13.402064712816555,1.3480244054812975
28,1646,0 16 19 25 26,-724.7623443528463,0.05588576315247093,13.404011852582002,1.2055420164382467
28,1647,0 1 3 10 24,-724.7623104888823,0.055890432964455304,13.405131891240451,1.1517223503075253
28,1648,0 5 13 20 26,-724.7620626772546,0.05592460597831254,13.413328173387143,1.238353625491883
28,1649,0 3 4 17 26,-724.7620009097654,0.055933123662814624,13.41537111129444,1.1094297918747622
28,1650,0 1 19 24 25,-724.7619907391459,0.05593452618265302,13.415707500948567,1.1024133140917207
28,1651,0 4 6 21 25,-724.7618767509994,0.055950245051636385,13.419477618672241,1.0569563640195694
28,1652,19 20 23 25 26,-724.7618583408373,0.055952783797411455,13.42008652828607,1.3189717029756907
28,1653,0 8 21 23 24,-724.7618270765588,0.055957095114971975,13.421120583265758,1.3909888111369983
28,1654,3 4 11 21 26,-724.7617622934553,0.055966028650152454,13.423263261556077,1.2140866455844073
28,1655,0 4 9 25 26,-724.761753210941,0.05596728112118154,13.423563662509233,0.9597206183813974
28,1656,0 17 21 23 26,-724.7616971909214,0.05597500623450686,13.425416504892231,1.2870332605345793
28,1657,0 1 18 21 25,-724.7616658864046,0.05597932310089758,13.426451890740132,1.1389222673234942
28,1658,0 1 3 5 21,-724.7616287224699,0.05598444797604627,13.42768107476413,1.1556850562919811
28,1659,3 7 19 20 25,-724.7615991720015,0.05598852296064461,13.428658446079728,1.2710537292469948
28,1660,0 8 13 24 26,-724.7615851340626,0.055990458780554093,13.429122745957681,1.1970842798416792
28,1661,3 5 21 24 26,-724.7614159573825,0.056013788101634196,13.434718204955301,1.0240788982354156
28,1662,0 1 20 23 25,-724.761367268168,0.056020502303130604,13.4363285835448,1.1814775855762074
28,1663,0 1 12 20 24,-724.7612324008065,0.05603910039819571,13.440789273935799,1.3760343681064864
28,1664,0 7 12 20 24,-724.7611344140275,0.05605261269213597,13.444030152075673,1.4202837867500178
28,1665,0 5 8 25 26,-724.761125816822,0.05605379823951319,13.444314501616589,1.1082705778669666
28,1666,0 8 14 21 26,-724.761111907229,0.0560557163606234,13.444774556497215,1.322239494546222
28,1667,0 3 4 17 21,-724.7610588147911,0.05606303776289237,13.44653057014461,1.2921948009849167
28,1668,0 9 20 23 26,-724.7610457992378,0.05606483259668993,13.44696105497901,1.2253001645598744
28,1669,3 10 18 21 26,-724.761038138782,0.05606588896705237,13.447214421848495,1.3232263259295516
28,1670,3 7 20 26 27,-724.7610039134938,0.05607060860534966,13.448346411180093,1.3904594716671894
28,1671,3 5 7 20 26,-724.7609702701042,0.05607524800032559,13.44945915442163,1.09873266099949
28,1672,0 2 20 24 25,-724.7608860317891,0.056086864392713584,13.452245306966926,1.146875521631163
28,1673,4 7 13 21 26,-724.760777178039,0.05610187523278182,13.455845606342686,1.2399496755697874
28,1674,0 8 11 21 25,-724.7607687530086,0.05610303703734578,13.456124261249899,1.3451461016048583
28,1675,7 18 20 25 26,-724.7606986734647,0.056112700947170385,13.458442117435881,1.0810485878296658
28,1676,2 3 4 21 26,-724.7605621590101,0.05613152617499449,13.46295728485327,1.2175006898201937
28,1677,0 4 22 24 26,-724.7604888873776,0.05614163027113287,13.46538071824236,1.2494125833208845
28,1678,0 3 5 21 23,-724.7604722790668,0.056143920543147936,13.465930032262674,1.2337986288531324
28,1679,3 5 10 21 26,-724.7603954093672,0.05615452080969732,13.468472470451823,1.2793688672169659
28,1680,0 7 8 23 25,-724.7603934691285,0.05615478836697147,13.468536643161855,1.1968023221082766
28,1681,3 4 5 21 26,-724.7602761492926,0.056170966673106754,13.472416955337257,1.154170700938513
28,1682,10 20 21 25 26,-724.7602562030045,0.056173717249370585,13.473076671779548,1.4394840236897004
28,1683,0 10 22 24 26,-724.7601370535763,0.05619014785473546,13.477017497074447,1.3664550747150856
28,1684,0 12 18 20 25,-724.7600785350517,0.05619821750978067,13.478952976627212,1.3892351335478779
28,1685,0 7 16 20 26,-724.760029155076,0.05620502696665018,13.48058620189676,1.2763687951960998
28,1686,0 5 19 21 25,-724.75998674082,0.0562108758566878,13.481989038450584,1.3368012568681424
28,1687,0 7 8 19 25,-724.7599851480022,0.056211095504906716,13.482041720335266,1.3598372234951612
28,1688,0 3 8 11 20,-724.7599008613598,0.056222718561597496,13.48482947129111,1.404212015258793
28,1689,0 1 3 4 10,-724.7598312146645,0.0562323227819749,13.487133011164449,1.2695324186724313
28,1690,3 18 20 24 26,-724.7597874164392,0.05623836252019734,13.488581622011885,1.080715859133628
28,1691,7 12 24 25 26,-724.7597791530277,0.0562395020376498,13.488854931430552,1.0459783092661954
28,1692,0 1 20 21 24,-724.7596568825262,0.05625636303638156,13.492898985123267,1.3518662471876581
28,1693,0 1 13 20 25,-724.7596260347693,0.05626061691596167,13.493919263797027,1.1559124216341727
28,1694,0 1 4 15 26,-724.7596168774164,0.056261879707181564,13.494222140013152,1.1575915714901557
28,1695,0 3 6 20 21,-724.7595331507644,0.05627342554168005,13.496991369486558,1.254213177848652
28,1696,4 10 20 24 26,-724.7593878428994,0.056293463373346814,13.501797375846863,1.3529447416702505
28,1697,0 3 12 13 21,-724.7593849741465,0.05629385897193941,13.50189225883539,1.450374317298411
28,1698,0 1 7 24 26,-724.759365129234,0.05629659556859701,13.502548622316265,0.9721418371417337
28,1699,5 12 21 25 26,-724.7593091198132,0.05630431922034157,13.504401114144049,1.2417465431660408
28,1700,0 3 5 12 20,-724.7593059616315,0.05630475473092639,13.504505569889332,1.4029293962645752
28,1701,0 1 7 15 26,-724.7592338794233,0.05631469480647221,13.506889663492355,1.097149905119116
28,1702,3 11 20 21 26,-724.7590702378541,0.05633726084044685,13.512302050651437,1.3348626907581589
28,1703,0 10 15 24 26,-724.7590149136693,0.05634488999873602,13.51413187854256,1.2708183694166275
28,1704,0 4 16 21 25,-724.7589956410568,0.0563475476756926,13.514769313399253,1.2433121714947488
28,1705,3 20 24 26 27,-724.7589182340846,0.056358222031682705,13.517329521690938,1.3334803915764315
28,1706,0 14 21 24 26,-724.7588986345379,0.056360924792594636,13.517977769782306,1.1103307639387772
28,1707,0 7 14 21 26,-724.7588800809392,0.0563634833181606,13.518591423512285,1.1759664451455134
28,1708,0 2 8 21 25,-724.7588531471658,0.05636719746272602,13.519482248562689,1.3479067935686455
28,1709,4 8 20 21 26,-724.7587293557893,0.05638426818883422,13.523576604659471,1.5312003150167162
28,1710,0 12 13 24 26,-724.7585205664855,0.056413060057232664,13.530482237212393,1.2519366729869017
28,1711,0 7 11 12 26,-724.7584586304279,0.05642160098718507,13.532530750462572,1.3099119808217365
28,1712,0 11 12 21 25,-724.7584564830137,0.05642189711378588,13.532601775429276,1.3949135075079535
28,1713,0 2 22 25 26,-724.7583900306873,0.05643106083337817,13.534799662674615,1.1723801570722066
28,1714,0 3 7 17 26,-724.7583127929818,0.056441711847643544,13.537354272532326,1.0449110247558249
28,1715,1 3 20 24 26,-724.7582754734655,0.0564468581773754,13.538588602365756,1.033916803420589
28,1716,0 4 8 15 26,-724.7582333384225,0.05645266856415331,13.53998220404257,1.3505432903106103
28,1717,3 5 19 21 26,-724.7581940815971,0.05645808204717049,13.541280609690675,1.293868384007286
28,1718,0 5 19 24 26,-724.7581009625264,0.05647092308825377,13.544360490096178,1.1851852054361107
28,1719,0 4 17 20 25,-724.7579546178972,0.05649110388883701,13.54920078706903,1.2347362288385948
28,1720,1 3 12 24 26,-724.7579458233438,0.056492316650315094,13.549491663820273,1.0586282101410398
28,1721,0 1 3 11 21,-724.757820715905,0.05650956886029477,13.553629548211685,1.2130616692724712
28,1722,3 7 20 24 25,-724.7578072850557,0.056511420963055566,13.554073768813812,0.9921425927206503
28,1723,0 3 7 9 20,-724.7577875396039,0.05651414384416001,13.55472684266551,1.17253345928325
28,1724,3 9 20 21 26,-724.7577476194992,0.05651964879282498,13.556047186040832,1.244795691324974
28,1725,3 4 20 22 26,-724.7573386764582,0.05657604169227831,13.569572832825177,1.3558275602811523
28,1726,4 21 25 26 27,-724.7571907734125,0.05659643739717084,13.574464673871981,1.3797520306327888
28,1727,0 9 13 21 26,-724.7571765789666,0.05659839479926119,13.574934150163246,1.1952510309720712
28,1728,0 3 4 7 24,-724.7571756289942,0.0565985257996422,13.574965570162917,1.0680182217320433
28,1729,0 2 19 25 26,-724.7571743822623,0.05659869772292032,13.575006805381468,1.221550557729862
28,1730,0 3 4 7 27,-724.7571654128722,0.056599934594233375,13.575303464795335,1.371094316700132
28,1731,0 3 8 17 25,-724.7570994118255,0.05660903608274021,13.577486426124663,1.1143464742002969
28,1732,0 4 10 15 26,-724.7570584842954,0.05661467995452305,13.578840089741373,1.3794763896720168
28,1733,0 2 3 4 25,-724.7570174868669,0.05662033346523881,13.580196065223646,1.0459764057962502
28,1734,0 2 13 21 26,-724.7569055297347,0.056635772259063646,13.583899007864922,1.2914846773302064
28,1735,0 1 2 25 26,-724.7568804323496,0.05663923316724072,13.58472909502146,0.9470516369005406
28,1736,0 4 7 18 20,-724.7568399653355,0.056644813534250014,13.586067527232368,1.3321414102227132
28,1737,0 3 9 10 21,-724.7568397228305,0.05664484697549163,13.586075548001409,1.343916594495978
28,1738,0 6 12 25 26,-724.7567658226376,0.05665503774958143,13.588519770804883,1.0176355065361882
28,1739,7 8 21 23 26,-724.7567466853328,0.056657676767722445,13.589152730407578,1.3480418560505631
28,1740,0 1 3 8 24,-724.756627854153,0.05667406348691048,13.593083029750938,1.1141189920172438
28,1741,0 2 23 25 26,-724.7565877073808,0.056679599692825475,13.594410870072279,1.0391856587324175
28,1742,2 4 21 25 26,-724.7565138799521,0.05668978043280418,13.59685268622804,1.1518892717577134
28,1743,0 3 4 11 25,-724.7564383682422,0.056700193433718286,13.599350209386001,1.0411463790902225
28,1744,0 8 17 21 25,-724.7564155937337,0.05670333401918729,13.600103468221095,1.318410106562532
28,1745,1 3 12 20 25,-724.7563247419578,0.05671586240223501,13.603108358651008,1.2268907002578933
28,1746,1 4 12 20 26,-724.7562926504586,0.05672028779282678,13.604169773662603,1.3836363741084632
28,1747,4 19 20 24 26,-724.7562803619644,0.05672198236578123,13.60457621127185,1.3662943666724505
28,1748,0 7 10 13 26,-724.7562560076005,0.056725340811956924,13.605381723262845,1.2876523691025759
28,1749,0 12 15 21 26,-724.7561091054333,0.05674559849655702,13.610240460607894,1.5046876771669484
28,1750,0 1 4 19 25,-724.756080739955,0.056749510072025264,13.61117863879463,1.2228953004592975
28,1751,3 4 7 8 26,-724.7560299545601,0.056756513335029055,13.612858347811994,1.178409928413212
28,1752,0 3 9 22 26,-724.7556804481396,0.05680470997477253,13.624418149341654,1.1332238405724562
28,1753,4 5 21 25 26,-724.7556430847807,0.056809862350368306,13.625653929255158,1.084985941746966
28,1754,4 8 20 24 26,-724.7556320078885,0.05681138984443021,13.626020293555394,1.321226095796002
28,1755,0 3 13 18 21,-724.7555543744287,0.056822095432868806,13.628587992844537,1.2535021141886558
28,1756,3 4 8 25 26,-724.7554148934204,0.05684132974593414,13.63320127797765,1.0849883589906673
28,1757,1 3 7 21 25,-724.7553859428268,0.056845322008297804,13.634158808644187,0.9999640587092872
28,1758,3 4 11 20 26,-724.755355454138,0.056849526372697065,13.635167211268776,1.2153279877057865
28,1759,3 6 12 21 26,-724.7550488913192,0.05689180112609459,13.645306668326196,1.1661115590260103
28,1760,3 8 22 25 26,-724.7549802558809,0.05690126589498148,13.64757676122974,1.183063458694821
28,1761,3 24 25 26 27,-724.754938362836,0.05690704291043861,13.64896235890779,1.0565152991692828
28,1762,0 18 23 25 26,-724.7546386152318,0.05694837785151677,13.658876405149329,1.0203573695301236
28,1763,0 3 11 21 23,-724.7546046387247,0.05695306318310606,13.66000016613269,1.2870226896433485
28,1764,0 5 12 24 26,-724.7546030963605,0.05695327587382496,13.660051179284455,1.191260098953303
28,1765,3 15 20 24 26,-724.7545250051891,0.056964044580309015,13.662634017223974,1.1388643807012875
28,1766,0 3 4 16 26,-724.7544798659,0.056970269250096135,13.664126983283639,1.1192768142431484
28,1767,0 4 8 12 25,-724.7544693429165,0.056971720360608234,13.664475027247008,1.4140445120913065
28,1768,0 3 7 20 27,-724.7544516351227,0.056974162250403,13.665060706280546,1.4798994174257178
28,1769,0 6 12 21 25,-724.7543774397526,0.056984393729177296,13.667514691965344,1.2118975487713328
28,1770,4 20 22 25 26,-724.754354604628,0.05698754267354182,13.668269955653345,1.2970014600366149
28,1771,0 3 20 22 24,-724.754342556165,0.05698920414639313,13.668668454314457,1.3444859518254204
28,1772,0 4 5 7 21,-724.7543017844389,0.05699482653294363,13.67001696477064,1.2836948170647406
28,1773,3 4 19 20 25,-724.7541403657004,0.05701708604043884,13.675355832587197,1.3208051071225697
28,1774,0 13 20 22 26,-724.754085293753,0.05702468041541384,13.677177317817701,1.42326836206518
28,1775,3 4 21 24 25,-724.7540795593845,0.05702547117996774,13.677366980029602,1.0509317706833095
28,1776,1 3 20 23 26,-724.7540567556259,0.057028615798991385,13.678121206299174,1.1306943081122636
28,1777,4 11 21 25 26,-724.7539913664232,0.05703763291473974,13.680283931106874,1.146509700987333
28,1778,3 16 21 25 26,-724.7539711919392,0.05704041495901946,13.68095119504667,1.0412588557816564
28,1779,3 12 20 21 25,-724.7538443111432,0.05705791171345868,13.685147732602132,1.4370359377274162
28,1780,0 4 18 21 24,-724.7537923036361,0.057065083504691784,13.686867862547045,1.268327787063771
28,1781,0 17 18 21 26,-724.7537268728474,0.05707410635510927,13.6890319627958,1.2480383127050243
28,1782,0 10 15 20 26,-724.7536959736959,0.057078367321966236,13.690053941329014,1.4874277326116834
28,1783,0 8 19 23 26,-724.7535134456505,0.05710353778504107,13.696090992025981,1.4556288432440145
28,1784,4 7 18 21 26,-724.75343981012,0.057113692062411195,13.6985264612143,1.223872439053615
28,1785,0 8 10 23 26,-724.7533568560831,0.057125131353929784,13.701270136713228,1.4416693769188968
28,1786,0 5 25 26 27,-724.7533453193967,0.05712672225322993,13.701651708546061,1.2020802184680008
28,1787,0 3 5 8 20,-724.7533342175622,0.05712825318681718,13.702018897804855,1.3497104629846026
28,1788,0 4 7 11 21,-724.7532558528645,0.057139059612334425,13.704610782527302,1.3371750777232598
28,1789,1 3 7 10 26,-724.753101142554,0.057160394033294135,13.709727771457592,1.0987461224042325
28,1790,0 6 21 23 26,-724.7530708242144,0.057164574906673545,13.710730539840279,1.1150759208242227
28,1791,0 7 10 18 26,-724.7529891847846,0.05717583291499034,13.713430735174523,1.2739429950634003
28,1792,0 1 3 21 22,-724.7529511717457,0.057181074880897374,13.714688003022093,1.350764393942847
28,1793,0 4 7 13 20,-724.7527708427262,0.05720594210015087,13.720652321711011,1.3420547309662818
28,1794,0 1 4 7 25,-724.7526453932236,0.05722324148045484,13.724801519745652,1.0079476157122553
28,1795,0 4 7 19 20,-724.7526028668271,0.05722910583455265,13.726208065302172,1.5100161455625403
28,1796,0 5 21 26 27,-724.7525966072586,0.05722996902375713,13.726415098322303,1.4482142156920166
28,1797,3 8 13 20 26,-724.752577702656,0.05723257595246469,13.727040361382588,1.3047719100135138
28,1798,0 10 20 23 25,-724.7525633345821,0.05723455729770876,13.727515580358537,1.3971934021206889
28,1799,15 21 24 25 26,-724.7525441179945,0.05723720724888265,13.728151162212304,1.0654869650514178
28,1800,0 4 18 20 21,-724.7525089727203,0.05724205375246434,13.729313579754592,1.4868456487020016
28,1801,4 12 24 25 26,-724.7523666080194,0.0572616857242944,13.734022242001572,1.1051070660213753
28,1802,0 4 17 25 26,-724.7523661487165,0.05726174906177528,13.734037433282795,1.035235420295255
28,1803,3 4 19 21 25,-724.7522958269698,0.057271446371171174,13.736363300243331,1.3160314237026887
28,1804,0 1 3 8 10,-724.7522310778538,0.05728037521949179,13.738504854406115,1.3523891050873855
28,1805,0 9 21 22 26,-724.7521517428709,0.05729131544653498,13.741128830973398,1.3333403697713688
28,1806,3 7 15 25 26,-724.7521153877904,0.05729632878138596,13.742331262433094,0.8937544255103853
28,1807,0 7 11 19 26,-724.7521124888731,0.05729672853962588,13.742427143099004,1.2999292751258151
28,1808,0 8 10 24 25,-724.7520426245699,0.057306362767943445,13.744737880275604,1.2835436249530618
28,1809,7 20 21 23 26,-724.7519951379932,0.05731291112670389,13.746308482044082,1.3773011134477062
28,1810,3 8 21 22 26,-724.7519751403543,0.05731566878419312,13.74696989689441,1.431288101973941
28,1811,1 12 20 24 26,-724.7519456625488,0.05731973374863319,13.747944864908826,1.2724241114720434
28,1812,0 10 17 25 26,-724.751851849013,0.057332670555872295,13.751047714503894,1.171204706042571
28,1813,0 6 19 25 26,-724.7517487275486,0.05734689091857942,13.75445842054998,1.0062896829020962
28,1814,0 20 23 26 27,-724.7516535779433,0.05736001196866295,13.757605460170039,1.5203679590100427
28,1815,0 4 7 22 25,-724.7516433916684,0.057361416647362204,13.75794236761966,1.2220666672069014
28,1816,0 1 6 21 26,-724.7515965179915,0.05736788048775324,13.75949269794222,1.0279855592129368
28,1817,0 1 4 10 21,-724.751536842257,0.057376109721065965,13.761466451804372,1.4504606985166173
28,1818,0 3 8 15 20,-724.751489609989,0.0573826230108715,13.763028642402261,1.4390803946574493
28,1819,0 8 18 20 25,-724.7514631981783,0.057386265177229376,13.763902203722283,1.3343310496118552
28,1820,1 3 7 19 26,-724.7513418250675,0.057403002426543843,13.767916576534525,1.1156109132664318
28,1821,13 20 24 25 26,-724.751318066794,0.05740627867235144,13.768702373044405,1.0204253495961866
28,1822,0 3 9 24 26,-724.7513178456377,0.05740630916962775,13.768709687713296,0.8831367528507881
28,1823,0 18 22 25 26,-724.751285169342,0.05741081520315574,13.769790444661222,1.152934048293825
28,1824,0 18 25 26 27,-724.7512616014035,0.057414065201949256,13.770569945913271,1.2470675254460069
28,1825,0 2 3 12 25,-724.7511732395087,0.057426250232495764,13.773492484403512,1.2028038905357332
28,1826,0 3 4 8 10,-724.7511118297084,0.057434718592014225,13.775523591879807,1.445605681320865
28,1827,0 3 12 14 26,-724.7510514206419,0.057443048951181803,13.777521600437263,1.17313395301146
28,1828,3 8 18 21 26,-724.7510381729234,0.05744487580036885,13.777959764054874,1.2879982065196165
28,1829,0 1 3 8 19,-724.750919377659,0.05746125756684105,13.78188887550604,1.3665345936641247
28,1830,4 20 25 26 27,-724.7508903141352,0.057465265402190914,13.782850141300806,1.3807374413306905
28,1831,0 8 9 20 25,-724.7508077483401,0.05747665115549349,13.785580975839148,1.2558516327160216
28,1832,0 7 8 18 26,-724.7507381351211,0.05748625075951195,13.787883408494356,1.2411926178018342
28,1833,3 7 10 12 26,-724.7507242695974,0.05748816280349767,13.788342005797166,1.3512405448098326
28,1834,3 10 20 24 25,-724.7505330535578,0.05751453133362133,13.794666408836065,1.188280650318411
28,1835,0 12 17 20 26,-724.7504586858779,0.05752478657377084,13.797126093606588,1.4460767682672497
28,1836,0 1 3 15 20,-724.750398626406,0.057533068724148526,13.799112539448341,1.2576310215732531
28,1837,0 2 7 24 26,-724.7503876058879,0.057534588444267024,13.799477039194464,1.0340984514718956
28,1838,3 10 13 25 26,-724.7503712958837,0.05753683758004805,13.800016486827749,1.0598314561463402
28,1839,8 19 21 25 26,-724.75036459659,0.057537761406989366,13.800238063604597,1.4192071990275734
28,1840,3 7 8 24 26,-724.7503283288731,0.05754276269446366,13.801437605541617,1.0477424996021507
28,1841,1 3 21 26 27,-724.7502978070311,0.05754697163066694,13.802447104697984,1.3365628416260478
28,1842,0 2 3 24 25,-724.7502697530795,0.057550840246864125,13.803374979248408,0.8990517323340335
28,1843,4 7 19 20 26,-724.7502687791807,0.057550974546677985,13.80340719060592,1.4184966330936963
28,1844,0 3 13 22 25,-724.7501885355584,0.05756204007431509,13.80606122009816,1.1411922974371393
28,1845,0 7 8 11 26,-724.750123299713,0.057571036042222704,13.808218872667563,1.252120360316204
28,1846,0 1 24 25 26,-724.74995201555,0.05759465598341785,13.813884035919843,0.8558393292458074
28,1847,0 3 13 20 23,-724.7498163507206,0.057613364048634465,13.818371102280883,1.2901227546838314
28,1848,0 3 12 15 25,-724.7497381592857,0.05762414658136921,13.82095725640001,1.2423966947447869
28,1849,0 3 4 8 12,-724.7497348422592,0.057624603996523284,13.82106696588237,1.4652503703112854
28,1850,0 3 4 6 21,-724.7497290202091,0.057625406852303336,13.821259528134092,1.1196677853081574
28,1851,1 7 20 21 26,-724.7496656062335,0.05763415158589459,13.823356922999846,1.3055708228018592
28,1852,0 1 3 4 19,-724.7496236220502,0.057639941169262444,13.824745535048901,1.280477054740525
28,1853,0 3 15 23 25,-724.7496150157054,0.05764112797692365,13.825030186864682,1.0551905847867338
28,1854,0 1 3 18 20,-724.7495950974171,0.05764387469203631,13.825688977222889,1.2019398400639563
28,1855,0 3 10 14 26,-724.7495714936023,0.05764712963813698,13.826469665069876,1.1475714076417423
28,1856,3 12 13 25 26,-724.749493360124,0.057657904178700044,13.829053902293575,1.086029163704308
28,1857,18 21 24 25 26,-724.7493833096132,0.05767308005104957,13.832693784105537,0.9994678235793252
28,1858,0 4 8 13 26,-724.7493063633455,0.05768369087628882,13.835238754760848,1.3067200236466172
28,1859,3 4 21 23 25,-724.7492215914223,0.057695380852790516,13.838042556207697,1.1460433800635752
28,1860,3 18 20 23 26,-724.7492099699871,0.057696983438873355,13.83842693107595,1.1710925334275246
28,1861,0 17 19 21 26,-724.7491896793164,0.05769978150520039,13.839098037849773,1.4354259377624201
28,1862,0 3 8 20 22,-724.7491267814867,0.0577084550627141,13.841178361373327,1.5233727262543326
28,1863,0 6 7 21 25,-724.7489899269499,0.057727327187575464,13.845704776886972,0.9850392852900707
28,1864,0 10 20 22 26,-724.7489028794073,0.05773933097006873,13.848583843642787,1.5682792048663756
28,1865,0 8 24 26 27,-724.7488681215648,0.057744124047150985,13.84973344701933,1.414916436665755
28,1866,0 9 18 20 26,-724.7488298280973,0.05774940468392394,13.850999989943702,1.1826028369174701
28,1867,4 12 21 23 26,-724.7487132755639,0.05776547717969612,13.854854923860291,1.4439879442712962
28,1868,0 20 24 25 27,-724.7487030027551,0.057766893791343324,13.855194693387244,1.3699510937248676
28,1869,0 4 11 19 26,-724.7486077173784,0.0577800335641902,13.858346223598957,1.3503783235519797
28,1870,3 11 19 25 26,-724.7485925710723,0.05778212222698345,13.858847182327217,1.0757485812297873
28,1871,0 2 8 24 26,-724.7485511760528,0.0577878305651552,13.860216307989939,1.1936482046610077
28,1872,0 9 11 21 26,-724.7484192022713,0.057806029637999155,13.864581294246648,1.1897964805586538
28,1873,0 5 21 23 25,-724.7483622482333,0.057813883551660325,13.866465028955902,1.1651849248880062
28,1874,3 8 20 23 25,-724.748321261845,0.057819535539935976,13.86782063928605,1.2436309988031091
28,1875,3 11 12 20 26,-724.7482606150016,0.05782789868834117,13.869826512231581,1.3537675083265237
28,1876,0 3 15 22 25,-724.7482254492156,0.057832748020487414,13.870989608195538,1.1850912526719797
28,1877,0 5 15 20 26,-724.7481879364864,0.05783792099412037,13.87223032847881,1.2738481395792325
28,1878,0 11 15 21 26,-724.7481574608133,0.05784212356365476,13.873238300611114,1.324176160512952
28,1879,0 18 19 20 25,-724.7481435141797,0.05784404679263922,13.873699580598158,1.37722289556047
28,1880,0 4 7 15 25,-724.7481337327686,0.057845395640957364,13.874023097319125,1.1145357751387936
28,1881,0 1 2 21 25,-724.7480813399369,0.05785262056812649,13.875755971739121,1.1487592159265638
28,1882,0 1 8 12 25,-724.7479767860239,0.05786703846429746,13.879214055520453,1.3152886929847776
28,1883,0 1 7 13 26,-724.7479027624054,0.05787724625867218,13.881662360581872,1.0434055180783453
28,1884,0 3 5 13 26,-724.7478816944679,0.057880151509432286,13.882359175180556,1.0077622271589168
28,1885,0 1 7 10 25,-724.7478548064796,0.05788385934027112,13.883248485904929,1.1447326637194737
28,1886,0 18 20 22 26,-724.7478423848054,0.05788557227864012,13.883659328396924,1.409412017622486
28,1887,0 12 20 21 24,-724.7478363290559,0.057886407361375077,13.883859620175112,1.5631431342982332
28,1888,0 1 23 25 26,-724.7478326770288,0.057886910972821615,13.883980409682456,0.9686030763778746
28,1889,0 4 8 20 23,-724.7477178093994,0.0579027511217467,13.887779615991208,1.489852609550966
28,1890,0 3 17 26 27,-724.7476979109111,0.0579054951064505,13.888437751470056,1.2904135315113785
28,1891,0 1 3 4 25,-724.7476162172852,0.05791676058836463,13.891139739321417,0.9754582241614163
28,1892,0 11 21 22 26,-724.7475654165653,0.05792376596467098,13.892819955207278,1.4155936768013269
28,1893,0 1 8 15 26,-724.7475371928049,0.05792765799735805,13.89375344612384,1.2452819820592014
28,1894,0 4 7 13 25,-724.7474541392621,0.05793911101065369,13.896500412744729,1.0668124445847829
28,1895,0 15 21 22 26,-724.7474086179658,0.05794538835891267,13.89800601355824,1.453710618788928
28,1896,3 20 21 23 25,-724.7473600033438,0.05795209227415967,13.8996139250255,1.2727899101665756
28,1897,1 3 13 20 26,-724.7472711202167,0.05796434918220265,13.902553703090906,1.1017593941544013
28,1898,0 7 18 21 24,-724.7470151979743,0.057999640642960766,13.911018240955517,1.209916013109398
28,1899,1 21 24 25 26,-724.7469971478789,0.05800212973584542,13.911615241491,0.9490965227974439
28,1900,0 7 9 20 25,-724.746986892063,0.05800354400418811,13.911954448984268,1.1014336160805205
28,1901,0 20 22 24 25,-724.7468619186171,0.058020777736660416,13.91608790160784,1.2831847495641566
28,1902,0 1 3 13 25,-724.746854969648,0.058021735993627505,13.916317736310283,0.90915005574725
28,1903,0 3 5 23 26,-724.7468537554944,0.05802190342438181,13.916357894012144,1.034972798174568
28,1904,0 3 9 12 25,-724.7468080095159,0.05802821175611778,13.917870926108144,1.097639273601037
28,1905,0 7 8 26 27,-724.7467057408044,0.05804231452493437,13.921253427656097,1.4670783366280482
28,1906,0 4 13 20 24,-724.7466732213073,0.05804679893606918,13.922328998545927,1.2813963089595999
28,1907,3 8 9 21 26,-724.7466705460266,0.05804716785501639,13.92241748251147,1.2050977758279926
28,1908,0 11 13 25 26,-724.7465577496597,0.05806272237860449,13.92614818254624,1.001892328522069
28,1909,0 4 16 25 26,-724.746419284914,0.05808181654990694,13.930727855150069,1.04661191171284
28,1910,20 23 24 25 26,-724.7463782781141,0.05808747135293544,13.93208414058919,1.045484963734651
28,1911,3 4 20 24 25,-724.7463593297995,0.05809008430949368,13.932710849409135,1.0520031814853499
28,1912,0 4 12 13 26,-724.7463051844283,0.0580975509103858,13.934501688456699,1.3574103547871335
28,1913,3 11 20 24 26,-724.7463050762749,0.05809756582464242,13.934505265590863,1.0869004109258418
28,1914,0 8 12 21 24,-724.746290519271,0.05809957322316028,13.934986733356682,1.5346773395964273
28,1915,4 11 20 25 26,-724.7460871968699,0.05812761121029581,13.94171155003069,1.1472332585230292
28,1916,3 8 12 21 25,-724.7460449397843,0.05813343842665974,13.943109188226957,1.4034570959776604
28,1917,0 1 4 21 23,-724.7459850408449,0.058141698439738376,13.94509032451218,1.3107034095053318
28,1918,0 1 10 21 24,-724.745984466837,0.05814177759494407,13.945109309621365,1.3438430312323755
28,1919,0 11 15 25 26,-724.7457572308336,0.05817311324758836,13.95262506024834,1.0513990110955407
28,1920,0 2 3 8 20,-724.7457272671975,0.05817724520767053,13.953616096941618,1.4014691379464432
28,1921,2 3 4 20 26,-724.7456199793476,0.05819204011142295,13.957164604720141,1.214778754657807
28,1922,0 3 15 21 23,-724.7455605322285,0.058200237818854805,13.959130797206068,1.3245895094684206
28,1923,0 3 4 18 25,-724.7455541141071,0.05820112287236918,13.959343074307204,1.0226092212600328
28,1924,0 3 8 14 26,-724.7454903550104,0.05820991519787917,13.961451883934195,1.1107686741170915
28,1925,0 1 4 13 26,-724.7454328687979,0.05821784249794738,13.963353220125727,1.104862721925875
28,1926,1 3 8 21 25,-724.7454225906304,0.05821925984856068,13.963693166891206,1.159998075274784
28,1927,3 4 9 21 26,-724.7454177240679,0.05821993094340596,13.963854126727002,1.108130511486977
28,1928,3 7 13 25 26,-724.7453164076551,0.058233902391036554,13.967205131331292,0.8327987727476296
28,1929,8 10 21 25 26,-724.745270418533,0.05824024425207364,13.968726205317106,1.4027618233377075
28,1930,0 3 9 20 24,-724.7452469347159,0.05824348265059191,13.969502924282255,1.100715396360463
28,1931,0 16 18 21 26,-724.7451989714916,0.05825009673864337,13.971089290999547,1.2562519936229817
28,1932,0 3 5 7 25,-724.7449783970264,0.058280513770815244,13.97838471360369,0.8968913298353419
28,1933,0 11 22 25 26,-724.7449173247419,0.05828893558719623,13.980404657865398,1.1619096549754442
28,1934,7 21 25 26 27,-724.7448829474265,0.05829367618990964,13.98154167544151,1.3231637954266642
28,1935,0 3 11 12 20,-724.7446379393924,0.05832746259056681,13.989645229715778,1.4464771405054881
28,1936,3 7 13 21 25,-724.7445928320565,0.058333682854039705,13.99113713893583,1.056558774065137
28,1937,0 5 18 20 26,-724.7445452446977,0.05834024511055509,13.99271107403397,1.217534505849121
28,1938,0 2 3 26 27,-724.7445257209222,0.058342937422690845,13.993356816021604,1.3179002560300799
28,1939,0 6 20 21 25,-724.7445212028261,0.05834356046431228,13.993506250453688,1.1852684269029172
28,1940,0 2 10 20 26,-724.7444831825173,0.058348803432736816,13.994763758751702,1.4494451831247999
28,1941,0 10 16 25 26,-724.7444095005968,0.05835896410725254,13.997200762273824,1.1805438795137289
28,1942,0 14 20 21 26,-724.744399502827,0.058360342791248465,13.997531434981505,1.3467106721318056
28,1943,7 19 24 25 26,-724.7442609853699,0.05837944423141814,14.002112850998625,1.0297312500709044
28,1944,0 1 3 4 7,-724.7442141118346,0.0583859080522909,14.003663176639794,1.0749597873368906
28,1945,0 8 20 26 27,-724.7440280108162,0.0584115712253065,14.009818402154695,1.6133578911889261
28,1946,0 12 25 26 27,-724.7440241072284,0.05841210952677149,14.009947511945988,1.4398244641849898
28,1947,3 4 5 20 26,-724.7439838758404,0.058417657401142374,14.011278150907133,1.1508986308463505
28,1948,3 13 20 23 26,-724.7439424461098,0.05842337052594444,14.012648424626997,1.1817914718907108
28,1949,0 2 12 20 26,-724.7437865505041,0.058444868398112186,14.017804616778395,1.469317253581116
28,1950,0 4 13 20 21,-724.7437103262912,0.058455379652592544,14.020325705722922,1.4937168413138258
28,1951,0 4 12 20 21,-724.7436631501107,0.058461885207977196,14.021886041246043,1.6527606554511654
28,1952,0 3 12 21 22,-724.7436614039286,0.058462126005008844,14.021943795602148,1.5630770480359033
28,1953,3 10 15 25 26,-724.7435418509901,0.05847861225410068,14.025897966857334,1.1042756458003755
28,1954,2 3 20 21 26,-724.7434091472915,0.05849691198189985,14.03028709486566,1.3314900090668726
28,1955,1 21 23 25 26,-724.7433634934919,0.058503207602246296,14.031797078177737,1.052637473278574
28,1956,0 1 7 22 26,-724.7433272511835,0.05850820538591823,14.032995779739576,1.1972518701688268
28,1957,0 7 13 21 24,-724.7432981890503,0.05851221302950315,14.033956999540163,1.22098132387574
28,1958,0 11 23 25 26,-724.7432818782443,0.058514462275856306,14.0344964736938,1.0281407519664336
28,1959,2 3 20 24 26,-724.7432500470119,0.05851885177587625,14.03554928047276,1.0898146606089278
28,1960,0 7 21 23 24,-724.743236500695,0.05852071980150964,14.03599732012219,1.244451823190731
28,1961,0 4 7 23 25,-724.7431691455126,0.05853000802419065,14.03822506901355,1.0911906444339683
28,1962,4 7 21 24 25,-724.7430633971354,0.05854459063596108,14.041722659276012,1.0739248331811448
28,1963,0 3 11 24 25,-724.7430101889274,0.058551928002835665,14.043482501980234,0.8903042845331282
28,1964,0 18 20 23 25,-724.7429607603766,0.058558744158184524,14.045117333857466,1.2140809355801259
28,1965,12 21 23 24 26,-724.7429152180205,0.058565024410572736,14.046623631216585,1.3368463890112219
28,1966,4 7 8 25 26,-724.7429100346579,0.058565739191881495,14.046795069103341,1.1065662225107316
28,1967,1 3 15 21 26,-724.7427955514718,0.05858152632641682,14.050581560089467,1.1413290609283901
28,1968,0 10 19 20 26,-724.7427523042714,0.0585874900787603,14.052011945980055,1.6040612738293736
28,1969,3 7 12 23 26,-724.7426992081367,0.05859481199082432,14.053768081900072,1.2000700289955741
28,1970,0 1 7 20 24,-724.7426980088076,0.058594977377303285,14.05380774928939,1.170849703379943
28,1971,0 4 10 18 26,-724.7426364662533,0.058603464043477695,14.055843247555385,1.322254155062595
28,1972,0 1 10 23 26,-724.7425558973832,0.05861457442251282,14.058508034504202,1.2560637463347692
28,1973,0 5 12 20 25,-724.7425309918964,0.05861800886808131,14.059331774693302,1.3397985713138338
28,1974,3 9 10 21 26,-724.7424491971454,0.05862928829504886,14.062037107218705,1.2356897883708633
28,1975,2 21 24 25 26,-724.7423793995642,0.0586389133224578,14.064345637588396,1.0142257592552466
28,1976,0 2 3 20 21,-724.7423683402164,0.058640438397164506,14.064711421614446,1.4266003348348515
28,1977,0 4 10 19 26,-724.7422949574498,0.05865055781861881,14.067138530728887,1.5025356956312537
28,1978,1 7 21 24 26,-724.7422743722158,0.05865339650497282,14.06781938007921,1.0500885006371519
28,1979,0 1 19 22 26,-724.7422643610423,0.05865477703732462,14.068150496108817,1.3836796892432115
28,1980,0 18 21 26 27,-724.7422541438754,0.05865618597600603,14.068488425300792,1.4827431031844978
28,1981,0 7 10 19 26,-724.7420848213328,0.058679535411399635,14.074088708648688,1.455496084010189
28,1982,0 4 12 23 25,-724.7420564287438,0.05868345072540673,14.07502778351136,1.2985640661924467
28,1983,0 1 5 21 25,-724.7420129288315,0.05868944932651719,14.076466527761196,1.0793563574561713
28,1984,0 7 11 24 26,-724.7420101036378,0.05868983891834511,14.07655997004747,1.0254602574002245
28,1985,0 3 10 12 20,-724.7419948984285,0.0586919357038394,14.077062876978186,1.5914138625872494
28,1986,0 1 4 10 25,-724.7417118104956,0.058730973290328836,14.086425910468003,1.1998840299691422
28,1987,0 5 10 21 25,-724.7416867812107,0.058734424807556807,14.087253745237065,1.3134986284673023
28,1988,0 3 7 8 22,-724.7415488867791,0.05875344033302532,14.091814554902804,1.3635135376579226
28,1989,0 3 6 8 26,-724.7414749867024,0.05876363109109291,14.094258773863402,1.016711155271966
28,1990,0 4 20 23 24,-724.7413448391364,0.058781578330354994,14.098563358684652,1.3015333249653147
28,1991,0 3 9 12 21,-724.7413419040678,0.05878198307384117,14.098660435045069,1.3586920213277653
28,1992,3 7 8 19 26,-724.7412064244694,0.05880066559586124,14.103141374956543,1.3099331550512103
28,1993,0 3 5 19 20,-724.741204990095,0.05880086339488318,14.103188816385003,1.3883106625423844
28,1994,0 3 11 19 21,-724.7411048291508,0.058814675504360064,14.106501604270397,1.4348667274988145
28,1995,0 1 3 9 21,-724.7411037756058,0.05881482078732719,14.106536449900187,1.1069832119948502
28,1996,3 9 12 21 26,-724.7410868137488,0.058817159813060065,14.107097457335325,1.2583483178318333
28,1997,0 15 21 23 25,-724.7410853463207,0.05881736217015271,14.107145992001671,1.2639284895013492
28,1998,0 6 8 21 25,-724.7410205082144,0.05882630329016109,14.109290489487385,1.1476171077483983
28,1999,18 19 21 25 26,-724.7409329430501,0.058838378452254855,14.112186676399697,1.2708691983740137
28,2000,3 17 20 25 26,-724.740808374215,0.05885555638924376,14.116306746664714,1.0254202410863595
30,1,0 3 13 23 27 28,-1115.9576980794068,0.0,0.0,1.552609162714545
30,2,0 3 21 23 27 28,-1115.9365202404683,0.0018977277521275127,0.5294558060320692,1.5354309528316288
30,3,0 3 7 23 27 28,-1115.930962705328,0.0023957336487519217,0.6683967648236562,1.3606101128707335
30,4,0 3 8 23 27 28,-1115.930715097401,0.00241792158002817,0.6745870779625562,1.4916331335473867
30,5,0 3 13 22 27 28,-1115.9211720615244,0.0032730647358062176,0.9131674055715562,1.5372831520274428
30,6,0 3 21 22 27 28,-1115.9122592669278,0.004071732517926722,1.1359914085721952,1.526586910016993
30,7,0 3 8 22 27 28,-1115.9052839148947,0.004696787754798876,1.3103784479574294,1.4821029932785175
30,8,0 3 11 23 27 28,-1115.8949249166108,0.005625048593154963,1.5693582145908906,1.5008672727637944
30,9,0 3 4 23 27 28,-1115.8928872015995,0.005807646465349451,1.6203020359551985,1.3913171915738074
30,10,0 3 7 22 27 28,-1115.8913141263301,0.005948608373855631,1.6596296480451245,1.342799311367763
30,11,0 3 22 23 27 28,-1115.8855673715111,0.006463570081536773,1.8033011866577136,1.497989992528347
30,12,0 3 4 22 27 28,-1115.875827016243,0.007336394856607842,2.0468145906704516,1.3863049104288931
30,13,0 4 7 23 27 28,-1115.871800195753,0.0076972347430082,2.1474869725168153,1.4030314463910163
30,14,0 3 7 8 23 28,-1115.8706180808774,0.007803163030214189,2.177040393243981,1.5342255199988768
30,15,0 3 14 23 27 28,-1115.8700120526532,0.007857468692984947,2.1921913802188846,1.3305950748570945
30,16,0 3 23 26 27 28,-1115.8676069749622,0.008072985615819598,2.252319439138321,1.2666277901164604
30,17,0 3 4 7 23 28,-1115.8633736099805,0.008452333774713681,2.358155529172247,1.453295138274924
30,18,0 3 13 23 26 28,-1115.8625671960795,0.008524595823932357,2.378316251104943,1.5259063826966073
30,19,0 3 11 22 27 28,-1115.8614791958894,0.008622090575923263,2.40551676099967,1.4880754133433813
30,20,0 3 7 21 27 28,-1115.8560022093657,0.009112878580983284,2.5424439669798793,1.3376038974755304
30,21,0 3 7 13 27 28,-1115.8493082824832,0.009712715554551641,2.7097952469368853,1.3412411717462542
30,22,0 3 7 13 23 28,-1115.8484174163373,0.00979254529607952,2.7320673142018506,1.5695493157900764
30,23,0 3 23 25 27 28,-1115.8456912301876,0.010036836468972701,2.8002232336722153,1.3403944963434655
30,24,0 3 19 23 27 28,-1115.8452519584084,0.010076199231555038,2.8112052321002388,1.2981240160252472
30,25,0 7 8 23 27 28,-1115.8425107362325,0.010321837769704422,2.8797370592090634,1.4690727494600262
30,26,0 3 21 23 26 28,-1115.8417930311532,0.01038615069845892,2.8976800194117693,1.5099245925034592
30,27,0 4 7 22 27 28,-1115.8406462989444,0.010488908375632041,2.926348857042818,1.3913346839303762
30,28,0 3 21 26 27 28,-1115.8371413149912,0.010802986943239667,3.013975083188095,1.268766653117678
30,29,0 13 23 26 27 28,-1115.8362845590257,0.010879760101128119,3.0353943801056253,1.4614493150130035
30,30,0 3 8 23 26 28,-1115.836223599545,0.010885222627235638,3.0369183954234105,1.4661889487430586
30,31,0 4 13 23 27 28,-1115.8362062020312,0.010886781603338362,3.037353341346569,1.5592763497168312
30,32,0 3 4 13 23 28,-1115.833958734533,0.011088175213687993,3.093541072267315,1.6073826640693
30,33,0 3 22 26 27 28,-1115.833781233106,0.011104080962388515,3.097978690355229,1.2530858968148133
30,34,0 3 4 7 22 28,-1115.8337170434074,0.011109832945525134,3.0995834626227308,1.4426712533548676
30,35,0 3 7 8 22 28,-1115.8325905171544,0.011210779984558331,3.127747141979768,1.5199371887374071
30,36,0 3 9 23 27 28,-1115.8315380996419,0.01130508620371826,3.1540580684143853,1.3732772097857664
30,37,0 3 14 22 27 28,-1115.8309562476445,0.011357225455803591,3.168604638494208,1.314678558718008
30,38,0 3 16 23 27 28,-1115.829952743141,0.011447148622724864,3.1936927169975045,1.3504117019432325
30,39,0 3 7 8 27 28,-1115.8288996418096,0.011541516118295785,3.2200207392202476,1.2772859427819703
30,40,0 3 20 23 27 28,-1115.8281312251702,0.0116103732659032,3.2392315119702806,1.2970929733019947
30,41,0 4 22 23 27 28,-1115.8273715279413,0.011678449074707964,3.258224295409109,1.5377028811093432
30,42,0 3 13 26 27 28,-1115.8260045203929,0.011800945433734554,3.2924001188019574,1.2704903142023931
30,43,0 3 7 23 26 28,-1115.8232115357905,0.012051222357955976,3.3622260306042824,1.3275705601189305
30,44,0 3 7 21 23 28,-1115.8232003836952,0.01205222168753261,3.362504838165533,1.5520761383265878
30,45,0 7 13 23 27 28,-1115.8221658882883,0.012144921922377046,3.388367703639202,1.50706031696305
30,46,0 3 7 11 27 28,-1115.8205841100682,0.012286663694736804,3.4279128935374983,1.3045054104744185
30,47,0 21 23 26 27 28,-1115.8197153488898,0.012364512629331362,3.4496323263530284,1.4472028771665164
30,48,0 3 13 22 26 28,-1115.8192676341225,0.012404631960736469,3.4608254034014854,1.5093310240167566
30,49,0 3 23 27 28 29,-1115.8180318202903,0.012515372164805888,3.4917213229768818,1.5145492540600305
30,50,0 3 4 13 27 28,-1115.8178945137606,0.012527676083669415,3.495154049969434,1.3772917437658179
30,51,0 3 7 11 23 28,-1115.8176833626824,0.012546597148384537,3.500432924960063,1.5364241062712443
30,52,0 3 4 22 23 28,-1115.8176056253503,0.012553563123186506,3.502376394353627,1.5830947886328037
30,53,0 1 3 13 23 28,-1115.8173304556951,0.012578220836975334,3.5092557634909207,1.5147006535476584
30,54,0 3 7 22 23 28,-1115.8161376485189,0.012685107251963972,3.539076496701068,1.5374312690152665
30,55,0 3 8 13 27 28,-1115.8147329951023,0.012810977024534627,3.5741934842756855,1.456804356086077
30,56,0 3 4 21 27 28,-1115.8143965198067,0.012841128283512,3.582605522887046,1.36878780159238
30,57,0 3 19 22 27 28,-1115.8140187174877,0.012874982821157841,3.592050756270511,1.286522759973675
30,58,0 1 3 23 27 28,-1115.8133883978655,0.012931465214999226,3.607809039472295,1.250256134057641
30,59,0 3 8 21 27 28,-1115.8129937760584,0.012966826932365122,3.6176747678675554,1.4495279646960442
30,60,0 3 21 22 26 28,-1115.810758513538,0.013167126865256023,3.6735573686768817,1.4992131383887932
30,61,0 2 3 23 27 28,-1115.8095543830464,0.013275027952706478,3.7036611900304828,1.3026393135174934
30,62,0 3 11 23 26 28,-1115.8086882210491,0.01335264397692746,3.72531564210816,1.481112965319908
30,63,0 3 22 25 27 28,-1115.8083000242755,0.013387429952625658,3.7350207416838264,1.3259547033270005
30,64,0 4 13 22 27 28,-1115.8081748663383,0.01339864524666471,3.7381497482226598,1.550141830428751
30,65,0 8 23 26 27 28,-1115.808085145895,0.013406685017664855,3.740392800963192,1.398977261447928
30,66,0 4 8 23 27 28,-1115.8079434002411,0.01341938672257784,3.7439365081177867,1.500367902265077
30,67,0 3 4 8 23 28,-1115.807551749339,0.013454482219734765,3.753727962510802,1.5509556082632416
30,68,0 3 4 13 22 28,-1115.8074247290758,0.01346586439518158,3.756903528062202,1.5990621135017773
30,69,0 4 21 23 27 28,-1115.8050022033428,0.013682944821899454,3.8174677961311314,1.5392169099349493
30,70,0 3 8 22 26 28,-1115.8040188729642,0.013771060203004238,3.84205151214327,1.454880350945379
30,71,0 7 23 26 27 28,-1115.8031080170115,0.013852681213755139,3.8648233338589097,1.2582959683063057
30,72,0 7 8 22 27 28,-1115.8029858422738,0.013863629185881327,3.8678777590260545,1.454323180644863
30,73,0 3 9 22 27 28,-1115.8029702816607,0.013865023558902052,3.8682667815772454,1.3634403911040118
30,74,0 4 23 26 27 28,-1115.8029672609628,0.013865294241019932,3.868342300428008,1.3122167333438517
30,75,0 7 21 23 27 28,-1115.8011538104365,0.01402779596750682,3.913679405543461,1.4912776201681897
30,76,0 3 16 22 27 28,-1115.800030807107,0.014128427320413148,3.941755010173991,1.3398983765081949
30,77,0 3 7 13 22 28,-1115.7992950172381,0.014194360811459174,3.9601500985143216,1.5509764592397968
30,78,0 3 4 21 23 28,-1115.7985497810546,0.014261140778552029,3.978781349105616,1.5859802553439133
30,79,0 3 5 23 27 28,-1115.7976621106818,0.01434068414962283,4.000973520557809,1.236953918271486
30,80,0 3 4 11 23 28,-1115.7974058004752,0.01436365188460637,4.007381394724591,1.572617454816972
30,81,0 7 22 23 27 28,-1115.797404555563,0.01436376344011221,4.007412518108962,1.477695377407571
30,82,0 3 22 23 26 28,-1115.7960582971273,0.014484400489166778,4.041069604049193,1.47717641005199
30,83,0 3 4 23 26 28,-1115.7945717841949,0.014617605621847555,4.0782331175257935,1.3656170340168698
30,84,0 3 12 23 27 28,-1115.7933989025773,0.014722706524826915,4.107555702516844,1.291068753673957
30,85,0 3 4 8 22 28,-1115.7921125792577,0.01483797284019284,4.139714382729006,1.5476007706800585
30,86,0 13 22 26 27 28,-1115.791487666833,0.01489397069976499,4.155337483483371,1.4444035485026563
30,87,0 4 8 22 27 28,-1115.791006899924,0.014937051804889053,4.167356879422879,1.4963266059583722
30,88,0 1 3 7 23 28,-1115.7908661753404,0.01494966201259302,4.170875059349716,1.3230465469583514
30,89,0 3 20 22 27 28,-1115.7906623343865,0.014967928023412565,4.175971177837001,1.282843248993218
30,90,0 3 22 27 28 29,-1115.7900886356583,0.015019336668130084,4.1903139124022815,1.505564374141494
30,91,0 4 21 22 27 28,-1115.7892359119917,0.015095748495218792,4.211632399975792,1.5357312011500206
30,92,0 3 7 19 23 28,-1115.788959316623,0.01512053396595018,4.218547412610906,1.3523216368826148
30,93,0 1 3 8 23 28,-1115.7889299304347,0.015123167236760271,4.21928208096241,1.454521034335844
30,94,0 3 19 21 27 28,-1115.7872306512786,0.015275438165940864,4.261764848816851,1.2871830351134117
30,95,0 21 22 26 27 28,-1115.787183501039,0.015279663257961228,4.262943626699344,1.4359528994009696
30,96,0 3 8 22 23 28,-1115.7870296949254,0.015293445690198164,4.266788850947611,1.6414600184407215
30,97,0 1 3 13 27 28,-1115.7868929699782,0.01530569749395669,4.270207038106989,1.2627866745754275
30,98,0 3 7 21 22 28,-1115.786343028938,0.015354977232884882,4.283955819440889,1.5392423682734897
30,99,0 1 3 21 27 28,-1115.784786656612,0.01549444240516049,4.3228658501962505,1.2544025017846197
30,100,0 3 4 21 22 28,-1115.7842808199389,0.015539769990058981,4.335512001874758,1.583195564715391
30,101,0 3 4 11 27 28,-1115.7833514609429,0.015623049042447565,4.358746408263426,1.339281199390478
30,102,0 1 3 21 23 28,-1115.7833131828042,0.015626479113200583,4.35970337950087,1.4932777610499692
30,103,0 3 7 8 23 27,-1115.7830211957826,0.015652643816592603,4.367003190608381,1.421383539146183
30,104,0 3 7 14 23 28,-1115.7822944955747,0.015717762791008637,4.3851710332026475,1.3680882351092791
30,105,0 3 8 23 25 28,-1115.78108396056,0.01582623778220141,4.415434970604577,1.5156567501740612
30,106,0 3 4 7 23 27,-1115.7806193637653,0.01586786989742401,4.427050106177785,1.3376153802059292
30,107,0 1 13 23 27 28,-1115.7805616552328,0.015873041108895036,4.428492846283412,1.4459978456408644
30,108,0 3 10 23 27 28,-1115.7794218659342,0.015975176637915405,4.456988107935863,1.191202686075718
30,109,0 4 11 23 27 28,-1115.7792817006898,0.015987736723715777,4.460492304121967,1.5146620374816877
30,110,0 4 22 26 27 28,-1115.7776362012962,0.016135188495088604,4.501630552943766,1.3042135982476355
30,111,0 22 23 26 27 28,-1115.7772940951666,0.016165844328213254,4.510183365020419,1.4154861846927471
30,112,0 1 3 22 27 28,-1115.7769965094192,0.016192510728551535,4.517623146869659,1.236699564337125
30,113,0 3 7 22 26 28,-1115.776789412718,0.01621106848405758,4.522800660550737,1.3093647680077805
30,114,0 3 11 13 27 28,-1115.7766189710617,0.016226341612835704,4.52706178109281,1.467394958382146
30,115,0 4 19 23 27 28,-1115.7762343663917,0.01626080570324442,4.536677076409039,1.3410336610113853
30,116,0 3 7 23 25 28,-1115.7746959154367,0.016398664957015002,4.575139064564218,1.385990973012067
30,117,0 3 13 19 27 28,-1115.774668731089,0.01640110092280897,4.5758186858805345,1.288476770302641
30,118,0 4 14 23 27 28,-1115.7745068976756,0.01641560267441091,4.579864596351451,1.3591902387368306
30,119,0 8 22 26 27 28,-1115.7743830890786,0.016426697055245843,4.582959868758571,1.3872424824327427
30,120,0 3 4 14 23 28,-1115.7742269624075,0.01644068743062844,4.586863108022782,1.414380268470387
30,121,0 3 11 26 27 28,-1115.7741354266022,0.016448889874630175,4.58915154565326,1.2214985181552322
30,122,0 3 4 11 22 28,-1115.7739520921787,0.016465318313082414,4.5937349913623855,1.5659231127133952
30,123,0 3 9 21 27 28,-1115.7733693205703,0.016517539970711693,4.608304552144453,1.3626049399913887
30,124,0 3 8 11 27 28,-1115.773052824775,0.016545900884013056,4.616217093969773,1.4172862449816728
30,125,0 3 7 27 28 29,-1115.7726659782877,0.016580565861727774,4.62588843576074,1.3381401243080855
30,126,0 3 7 11 22 28,-1115.7716412607444,0.0166723899107059,4.651506850104072,1.5196485422567134
30,127,0 7 13 22 27 28,-1115.7715461589537,0.016680911899569086,4.653884439027193,1.488034902452277
30,128,0 2 3 22 27 28,-1115.7714721477937,0.016687543975329906,4.655734752389408,1.28854669217889
30,129,0 1 3 13 22 28,-1115.7714647471478,0.01668820714078321,4.655919771973602,1.4978919944754117
30,130,0 3 14 23 26 28,-1115.771433502631,0.016691006934792453,4.656700899399402,1.3059243769732523
30,131,0 7 11 23 27 28,-1115.77106026735,0.01672445222412073,4.666031954709852,1.464240961655353
30,132,0 3 8 13 23 28,-1115.7707643867982,0.016750965823373827,4.673429105880573,1.6512027969505836
30,133,0 3 4 22 26 28,-1115.770738054764,0.016753325414083465,4.674087418960348,1.3584854167511369
30,134,0 3 7 20 23 28,-1115.770424494047,0.016781423317585656,4.681926582470438,1.3510558748104715
30,135,0 7 19 23 27 28,-1115.7700013924232,0.016819337086578703,4.6925043195032785,1.2854984708456472
30,136,0 3 11 22 26 28,-1115.7684689562532,0.016956657360693652,4.7308159352419255,1.466772703781715
30,137,0 3 9 13 27 28,-1115.7678547263902,0.017011697965195145,4.746171966995248,1.3669301660950006
30,138,0 3 13 23 25 28,-1115.767719136504,0.017023848057124827,4.749561777103035,1.5556588061789185
30,139,0 3 4 19 23 28,-1115.7666932950442,0.017115772819283434,4.7752082898804495,1.3927456887390328
30,140,0 4 23 25 27 28,-1115.7651121655217,0.017257456462419125,4.814737262038795,1.3764091108821286
30,141,0 3 19 23 26 28,-1115.7649913711425,0.01726828074181677,4.817757177601906,1.2832700453553114
30,142,0 3 12 22 27 28,-1115.7638520076698,0.017370378112950436,4.846241793409799,1.2812219299282597
30,143,0 7 21 22 27 28,-1115.7627991254435,0.01746472597471223,4.872564337905706,1.4779249499276328
30,144,0 3 8 19 23 28,-1115.7626182335143,0.017480935543362316,4.87708672012067,1.4706096271871723
30,145,0 11 23 26 27 28,-1115.7620340167118,0.017533286703582257,4.891692411426964,1.4068480092129774
30,146,0 3 4 7 27 28,-1115.761622341836,0.0175701765316159,4.90198447445552,1.1509272858625315
30,147,0 3 8 9 27 28,-1115.760698616983,0.01765295071334336,4.925078024653132,1.3117753856369796
30,148,0 3 13 22 23 28,-1115.7603085363417,0.017687905500794604,4.934830221797285,1.6730141890226615
30,149,0 1 7 23 27 28,-1115.7602764931523,0.017690776863156874,4.935631316407521,1.249406224407427
30,150,0 8 22 23 27 28,-1115.760261667099,0.017692105412915337,4.936001974623607,1.5822925065126483
30,151,0 3 4 23 25 28,-1115.7596970893578,0.01774269673391139,4.950116680279445,1.428648926245424
30,152,0 3 13 25 27 28,-1115.7595227596616,0.017758318266561324,4.954475003622377,1.323410688255351
30,153,0 3 5 22 27 28,-1115.7582297816396,0.017874180904035683,4.986800054486083,1.222293002307152
30,154,0 4 7 23 26 28,-1115.757860788699,0.01790724604093368,4.99602504931912,1.3715610415815902
30,155,0 4 7 22 23 28,-1115.7572307718572,0.017963701302892158,5.01177576287193,1.5770933484772254
30,156,0 3 23 24 27 28,-1115.757165688232,0.017969533390019738,5.013402883720809,1.4083683011093568
30,157,0 3 8 26 27 28,-1115.7570516186447,0.01797975506664731,5.0162546763616565,1.1802344046196687
30,158,0 4 9 23 27 28,-1115.7570343017585,0.017981306817779503,5.01668760655701,1.4112657217742688
30,159,0 3 13 23 26 27,-1115.7564985060262,0.018029319007954625,5.030082748626275,1.4047602805720527
30,160,0 3 13 19 23 28,-1115.756192785047,0.018056714399351574,5.037725915048526,1.5147479250476075
30,161,0 3 21 25 27 28,-1115.7552461973949,0.01814153729665143,5.061391045839558,1.314442214525216
30,162,0 7 22 26 27 28,-1115.755188563703,0.01814670180170988,5.062831914892253,1.2396198908098663
30,163,0 4 11 22 27 28,-1115.7543306621578,0.01822357761400421,5.08427985183528,1.5074193438885084
30,164,0 1 3 8 22 28,-1115.7541590572637,0.01823895497951226,5.088570053862725,1.4428000724059074
30,165,0 7 14 23 27 28,-1115.7540754352958,0.018246448271417887,5.09066064188373,1.2978656372675408
30,166,0 3 4 7 22 27,-1115.7539282538733,0.01825963707085139,5.094340245782041,1.3293371964750895
30,167,0 4 19 22 27 28,-1115.7534958076606,0.01829838820034698,5.105151601878162,1.3345911452310044
30,168,0 3 4 27 28 29,-1115.753453245774,0.018302202134038506,5.106215668804798,1.3804068098704847
30,169,0 7 23 25 27 28,-1115.751611996054,0.018467194922129147,5.152247766670297,1.3190542431625518
30,170,0 1 3 4 23 28,-1115.7513255139352,0.018492866335953737,5.159409952649422,1.356617732438529
30,171,0 1 21 23 27 28,-1115.750749337132,0.018544497038817342,5.173814640239622,1.426365868732757
30,172,0 1 8 23 27 28,-1115.7503053133764,0.018584285621872677,5.184915440282632,1.383233328932865
30,173,0 8 23 25 27 28,-1115.7499651063065,0.01861477128190486,5.193420774984441,1.450287428108911
30,174,0 1 3 21 22 28,-1115.7497125185985,0.018637405447021825,5.199735584957808,1.482257044891654
30,175,0 1 3 11 23 28,-1115.7493730587148,0.01866782415234071,5.208222239655777,1.4648950284817475
30,176,0 1 4 23 27 28,-1115.7492348272945,0.018680210949850055,5.211678089343444,1.2983065849870399
30,177,0 3 4 8 27 28,-1115.7488782233527,0.018712165919325664,5.220593353454152,1.2929734718268502
30,178,0 3 7 8 22 27,-1115.7479590887408,0.0187945287735323,5.243572145492256,1.4095353491435505
30,179,0 3 8 23 26 27,-1115.7473768515338,0.01884670254392064,5.258128345992419,1.3502459644012748
30,180,0 4 7 8 23 28,-1115.747135350625,0.01886834323058198,5.264165980835732,1.5452602718745736
30,181,0 19 23 26 27 28,-1115.746002337938,0.01896987151332315,5.292491824051924,1.2137780892915373
30,182,0 3 20 21 27 28,-1115.7458522559266,0.018983320232010728,5.296243944020052,1.2756007036828994
30,183,0 3 4 19 22 28,-1115.7454520665488,0.01901918085455323,5.306248864268368,1.3871009160829064
30,184,0 3 8 22 25 28,-1115.745313769923,0.019031573495054053,5.309706344119138,1.5038144798392163
30,185,0 3 7 9 23 28,-1115.745173610122,0.01904413309308273,5.31321040421957,1.411225746866146
30,186,0 3 4 14 22 28,-1115.7451631698236,0.01904506863915483,5.31347141652712,1.405259375093492
30,187,0 3 7 19 22 28,-1115.7451296944855,0.01904806833512642,5.314308315522093,1.336263720435819
30,188,0 4 14 22 27 28,-1115.7439457748565,0.01915415834472931,5.343906855925624,1.3493076551806864
30,189,0 3 7 13 23 27,-1115.7435985892005,0.0191852693497952,5.3525866585185735,1.4526895652971348
30,190,0 14 23 26 27 28,-1115.7431833333474,0.019222480066099935,5.362968247643815,1.233094388396443
30,191,0 3 22 23 25 28,-1115.7422107894524,0.01930962887976962,5.387282296555464,1.5274359159417645
30,192,0 1 3 7 22 28,-1115.7418779056773,0.019339458305718767,5.395604545487995,1.304516652100633
30,193,0 3 26 27 28 29,-1115.7402306172958,0.019487070386743553,5.436787519837941,1.2649925838598997
30,194,0 3 4 9 23 28,-1115.7399790226368,0.019509615565595877,5.443077503123486,1.4572989032600785
30,195,0 3 10 22 27 28,-1115.7397846875506,0.019527029763873216,5.447935970506384,1.1767690405320566
30,196,0 7 20 23 27 28,-1115.7396320282826,0.019540709428277996,5.451752523083834,1.2792091457804307
30,197,0 3 8 19 27 28,-1115.738484874343,0.019643504896388442,5.480431904182542,1.216648456059728
30,198,0 13 23 25 27 28,-1115.7384560988462,0.019646083443655944,5.4811513049608545,1.4928215555910322
30,199,0 3 21 23 26 27,-1115.7383800473833,0.019652898349186376,5.483052626842564,1.3901820212439002
30,200,0 3 4 13 23 27,-1115.7376768340598,0.01971591268429196,5.5006332864221585,1.4972369213562113
30,201,0 1 3 23 26 28,-1115.73737867232,0.019742630698821827,5.508087468352431,1.2389927969116175
30,202,0 3 8 21 23 28,-1115.7371142082295,0.01976632909624615,5.514699193398817,1.6318160996069244
30,203,0 4 9 22 27 28,-1115.736961165967,0.019780043080463054,5.51852532101872,1.4062265218523966
30,204,0 3 19 21 23 28,-1115.7368437457117,0.019790565007545665,5.5214608819169,1.500389032250665
30,205,0 8 13 23 27 28,-1115.7364779238787,0.019823345984240286,5.530606597586027,1.5895317238698565
30,206,0 3 7 21 26 28,-1115.7362593608223,0.01984293122988663,5.5360707754737115,1.3042534640658823
30,207,0 4 22 25 27 28,-1115.736215641799,0.019846848853592215,5.53716377135494,1.3674208394295269
30,208,0 3 4 7 13 28,-1115.7359336008478,0.019872122298239026,5.544214926080208,1.4174286991023406
30,209,0 3 8 13 22 28,-1115.7358593841911,0.01987877278837973,5.546070376955081,1.6402646658881823
30,210,0 8 19 23 27 28,-1115.7356253744442,0.019899742198539398,5.551920729275458,1.405656933956179
30,211,0 13 22 23 27 28,-1115.735396325111,0.019920267110339444,5.557647068951235,1.6159990761978564
30,212,0 4 7 13 27 28,-1115.7353444212915,0.019924918166515596,5.558944688535437,1.3622922040726144
30,213,0 3 4 20 23 28,-1115.7352110367583,0.019936870638679896,5.562279363794694,1.3859434448154702
30,214,0 3 13 20 23 28,-1115.7349292069862,0.019962125159761257,5.569325238947279,1.5123187205283881
30,215,0 4 13 23 26 28,-1115.7348870811873,0.019965900016012516,5.570378403478875,1.5357673084332943
30,216,0 3 11 19 27 28,-1115.7341332618216,0.020033449114596157,5.589224237607214,1.2468812146428483
30,217,0 4 16 23 27 28,-1115.7338415054635,0.020059593148428246,5.596518282019002,1.3798173630037465
30,218,0 7 9 23 27 28,-1115.733729893697,0.020069594581872765,5.599308627999823,1.3510073400365947
30,219,0 3 20 23 26 28,-1115.7336523775214,0.020076540739044545,5.601246568381465,1.2766267800995026
30,220,0 3 4 7 11 28,-1115.733429657171,0.020096498516187604,5.606814680547207,1.3955113939922654
30,221,3 7 13 23 27 28,-1115.7334088074567,0.02009836684097111,5.6073359330836,1.3543285766188906
30,222,0 1 13 22 27 28,-1115.73319861645,0.0201172018745153,5.612590805841614,1.428982777000237
30,223,0 1 3 22 23 28,-1115.7331483834705,0.020121703208171013,5.613846653650254,1.4597551748287583
30,224,0 3 8 19 22 28,-1115.733006007869,0.020134461362144432,5.617406109788208,1.4615066492836044
30,225,0 4 20 23 27 28,-1115.732917566541,0.020142386512745455,5.619617184055676,1.3288765849070603
30,226,0 3 8 9 23 28,-1115.7328460335132,0.02014879652522575,5.62140554296049,1.5305806505215618
30,227,0 7 8 23 26 28,-1115.7323952487268,0.020189190958380013,5.632675371912997,1.4412459429240339
30,228,0 3 4 22 25 28,-1115.7322978958705,0.02019791466327209,5.635109238520071,1.4204526997585596
30,229,0 4 7 21 27 28,-1115.732012188424,0.020223516659380814,5.642252057330924,1.3540222736827676
30,230,0 4 22 23 26 28,-1115.7316742160413,0.02025380207103902,5.650701523816584,1.5168170167688373
30,231,0 3 21 23 25 28,-1115.7315316147124,0.020266580452256752,5.654266623246591,1.534481873759389
30,232,0 3 14 22 23 28,-1115.7312736994556,0.020289692014385755,5.660714624411117,1.5034507088187454
30,233,0 13 19 23 27 28,-1115.7310557425726,0.020309222941356318,5.666163647681268,1.452373786661143
30,234,0 3 7 23 26 27,-1115.7306704999953,0.02034374419408461,5.675794890976309,1.2008230077741626
30,235,0 3 7 14 22 28,-1115.7306423093494,0.020346270333380344,5.676499670213201,1.3488175485036824
30,236,0 3 8 25 27 28,-1115.730278278504,0.02037889082122701,5.685600610359464,1.2566972033681703
30,237,0 3 7 9 27 28,-1115.729948451434,0.020408446338491294,5.693846440246451,1.1510364356717737
30,238,0 3 7 13 26 28,-1115.7291617599274,0.020478941081076313,5.7135140931616455,1.3081753641311913
30,239,3 13 23 26 27 28,-1115.728964288083,0.020496636361522033,5.7184509809532935,1.2951771041181062
30,240,0 3 11 21 27 28,-1115.7287489194575,0.020515935356983494,5.723835296583501,1.440303052508665
30,241,0 3 4 8 23 27,-1115.7284917909076,0.020538976423001464,5.730263629713321,1.4460114843863416
30,242,0 3 4 7 21 28,-1115.72839641319,0.020547523137427567,5.7326481169351196,1.407626114274847
30,243,0 3 7 16 27 28,-1115.728157645892,0.02056891886760854,5.738617410241765,1.1246931440871435
30,244,0 1 3 14 23 28,-1115.7275572510116,0.020622719731335448,5.753627561006446,1.2972062541035223
30,245,0 3 23 25 26 28,-1115.7275336216094,0.02062483714154394,5.754218307032781,1.3084372822500245
30,246,0 2 3 7 23 28,-1115.7272379116653,0.020651335452781076,5.761611192929516,1.3458903301221938
30,247,0 3 8 11 23 28,-1115.727074335231,0.02066599339497211,5.765700679732261,1.6153439985494578
30,248,0 3 19 22 26 28,-1115.7269845861472,0.020674035732417467,5.767944448497164,1.2700969203614516
30,249,0 4 7 13 23 28,-1115.7262145058696,0.02074304195719525,5.78719681297357,1.5814602337735912
30,250,0 1 4 7 23 28,-1115.726001571677,0.020762122805241597,5.792520266651701,1.3681724256580765
30,251,0 3 13 21 27 28,-1115.725799166375,0.02078026016853793,5.797580493173967,1.4593044947789542
30,252,0 3 20 22 23 28,-1115.7257201359728,0.020787342014239766,5.799556289923557,1.4906033610349598
30,253,0 3 14 22 26 28,-1115.7256041535477,0.02079773509860899,5.802455904399711,1.289214993710924
30,254,0 3 13 20 27 28,-1115.7255857937346,0.02079938030551452,5.802914908251703,1.2737455964344375
30,255,0 3 7 16 23 28,-1115.7253794428661,0.0208178712275982,5.808073775768455,1.38140018870634
30,256,0 3 5 7 23 28,-1115.7251554560407,0.020837942492466857,5.813673550397457,1.2878532381624659
30,257,0 1 3 4 22 28,-1115.724925637914,0.02085853629517304,5.819419110264431,1.3488681910729927
30,258,0 3 7 22 25 28,-1115.724708328308,0.020878009220221025,5.824851951311059,1.3677126894942355
30,259,0 7 19 22 27 28,-1115.7246744400502,0.02088104591756733,5.825699173489984,1.2689760795457985
30,260,0 3 16 23 26 28,-1115.7244384298122,0.020902194589998816,5.831599539017214,1.3249426262086572
30,261,0 7 11 22 27 28,-1115.7235208351763,0.020984419448295228,5.85453983094075,1.4474302933879735
30,262,0 3 20 21 23 28,-1115.7232847096534,0.021005578451299287,5.860443078642002,1.5012994545971243
30,263,0 3 23 26 28 29,-1115.7231762062718,0.0210153013450803,5.863155713559217,1.4943393528899636
30,264,0 3 8 16 27 28,-1115.7229010249769,0.021039960101893716,5.870035373694745,1.2719433921146936
30,265,0 3 4 22 23 27,-1115.7227208101876,0.02105610899262094,5.874540827096542,1.472917540223955
30,266,0 3 8 14 23 28,-1115.7226708535568,0.021060585562918566,5.875789766061855,1.4710450241136508
30,267,0 3 12 21 27 28,-1115.7221380730462,0.021108327561701848,5.889109526190275,1.275947525937826
30,268,0 3 7 14 27 28,-1115.7220043847265,0.021120307255907356,5.892451796252186,1.075083573484926
30,269,0 3 7 19 27 28,-1115.7217482152932,0.021143262376307998,5.898856151018386,1.0518114534817133
30,270,0 3 7 12 23 28,-1115.7215644797916,0.02115972675501758,5.9034496238654395,1.3398180491372584
30,271,0 3 4 9 22 28,-1115.7214032170805,0.021174177366487412,5.907481266515361,1.4530446000183304
30,272,0 1 4 22 27 28,-1115.7213376210377,0.02118005537090212,5.909121198039659,1.28988092113908
30,273,0 3 19 22 23 28,-1115.7212571597804,0.021187265434280907,5.91113276682948,1.4821487139809524
30,274,0 3 7 21 23 27,-1115.7210372628415,0.021206970207973852,5.916630292397404,1.436680932009595
30,275,0 1 3 11 27 28,-1115.7209454542383,0.02121519709716146,5.918925550102877,1.208712922706033
30,276,0 3 13 22 25 28,-1115.7208541104906,0.02122338233105373,5.921209186205649,1.5395890799911816
30,277,0 22 23 25 27 28,-1115.7204661868882,0.0212581438281107,5.930907456372457,1.4671719375496484
30,278,0 3 7 20 22 28,-1115.7203592220467,0.02126772885464808,5.933581627072389,1.3326948183871257
30,279,0 11 22 26 27 28,-1115.7203174216802,0.021271474549181216,5.9346266556419325,1.3924597223487725
30,280,0 3 4 16 23 28,-1115.7201648012995,0.02128515072893196,5.9384422360197044,1.4282785896613208
30,281,0 4 7 22 26 28,-1115.7199333478159,0.021305891074555414,5.9442286805701094,1.358767555963363
30,282,0 3 21 22 23 28,-1115.71948478222,0.021346086647977307,5.955443028729982,1.6511025417187901
30,283,0 4 7 19 23 28,-1115.719230691514,0.021368855495437305,5.961795414350543,1.3942547497024704
30,284,3 7 8 23 27 28,-1115.7188842258915,0.02139990197892307,5.970457215770683,1.2959088292607452
30,285,0 3 22 24 27 28,-1115.718845560101,0.021403366786824377,5.971423878485118,1.3955153084964997
30,286,0 3 7 23 28 29,-1115.718158025431,0.02146497617141497,5.98861256444968,1.542670341362366
30,287,0 3 8 22 26 27,-1115.718137581634,0.021466808122305166,5.98912366886605,1.3413138756975347
30,288,0 3 9 11 27 28,-1115.7176933142518,0.021506618536526106,6.000230559686499,1.3230051617604945
30,289,0 4 7 8 22 28,-1115.7176024690916,0.021514759092425877,6.002501730870369,1.53650776217078
30,290,3 4 7 23 27 28,-1115.7171922436426,0.02155151903859274,6.01275755755871,1.2057775740575527
30,291,0 3 9 23 26 28,-1115.7167323920742,0.021592725938207775,6.024254060271125,1.343731334530272
30,292,0 3 13 22 26 27,-1115.7161644007504,0.021643623147374665,6.038454107076588,1.3910544390231965
30,293,0 3 4 7 8 28,-1115.7161009569854,0.021649308288042523,6.04004023065587,1.3590065514113874
30,294,0 3 4 8 22 27,-1115.7160180775074,0.021656735046075466,6.0421122560852965,1.4443795702816526
30,295,0 19 21 23 27 28,-1115.7159116580278,0.02166627120320672,6.044772792484534,1.439583679854539
30,296,0 3 4 23 28 29,-1115.7159003798356,0.021667281832216403,6.045054752526653,1.586174888244868
30,297,0 1 3 8 27 28,-1115.7158831395045,0.02166882672331035,6.045485768808341,1.1733924589364573
30,298,0 1 21 22 27 28,-1115.7156513426908,0.021689597834450975,6.051280796772079,1.4150218705211197
30,299,0 3 13 19 22 28,-1115.7154857240253,0.021704438779209946,6.0554213403041155,1.501234407040024
30,300,0 3 21 24 27 28,-1115.7151013853918,0.021738879030316956,6.065029984583763,1.4063515871683734
30,301,0 3 8 21 22 28,-1115.7144742499643,0.021795076091245043,6.080708661441894,1.6260364175715072
30,302,0 1 3 27 28 29,-1115.7141936663074,0.02182021894901772,6.087723383133695,1.2647597761371598
30,303,0 3 4 13 22 27,-1115.7141082852836,0.02182786986840147,6.089857948370816,1.4909517599862754
30,304,0 1 8 22 27 28,-1115.71403710997,0.02183424782643706,6.0916373642584665,1.3713046971074532
30,305,0 4 7 8 27 28,-1115.7136559608334,0.02186840226949142,6.101166269633145,1.30102579208089
30,306,0 3 11 19 23 28,-1115.7136474345393,0.021869166303299364,6.101379430944174,1.4772614711977448
30,307,0 8 9 23 27 28,-1115.7133673822173,0.021894261548625463,6.108380869020213,1.4715063892136828
30,308,0 3 7 22 23 27,-1115.7127159066927,0.021952639704510123,6.124668059605863,1.420991428046387
30,309,0 8 22 25 27 28,-1115.712697585434,0.02195428145659026,6.125126099580207,1.4381046977358436
30,310,0 4 7 11 27 28,-1115.7124689103316,0.021974772833882463,6.1308430833091885,1.330740428126254
30,311,0 4 16 22 27 28,-1115.7124142516193,0.021979670753616287,6.132209576494338,1.3743979747209718
30,312,0 3 11 23 25 28,-1115.7121620204687,0.022002272967934944,6.138515472367325,1.5133509557827347
30,313,0 1 3 7 13 28,-1115.711923426159,0.022023653196776242,6.144480440883821,1.3116439572099152
30,314,0 4 23 27 28 29,-1115.7115618103821,0.022056057272444394,6.153521003199659,1.5352738350762016
30,315,0 7 13 23 26 28,-1115.7114110153113,0.022069569887757153,6.15729094998154,1.4800976075095202
30,316,0 7 21 26 27 28,-1115.7113450315046,0.0220754826393649,6.158940575785261,1.2337652202882448
30,317,0 3 4 23 26 27,-1115.710567675063,0.022145140874884846,6.178374847741624,1.2474024313785994
30,318,0 7 16 23 27 28,-1115.7105571514828,0.02214608388376202,6.178637942131534,1.3188403654872836
30,319,0 3 13 24 27 28,-1115.7105568685392,0.022146109238089955,6.1786450158522594,1.4110135172130114
30,320,0 3 21 22 26 27,-1115.7103109864493,0.022168142518599405,6.184792182261448,1.3819092302855434
30,321,0 2 3 23 26 28,-1115.709971050791,0.022198603857670605,6.1932907315463375,1.2808711786379081
30,322,0 1 7 22 27 28,-1115.7097908932537,0.022214747618095006,6.19779475362132,1.2307364238431047
30,323,0 3 18 23 27 28,-1115.7096932683808,0.02222349569816529,6.2002354207716275,1.2266305021874397
30,324,0 16 23 26 27 28,-1115.7095850294243,0.0222331948970405,6.20294144493794,1.2600358203632667
30,325,3 4 13 23 27 28,-1115.7094977130794,0.022241019238862677,6.205124394099899,1.3941671649114857
30,326,0 3 7 8 26 28,-1115.709392504725,0.022250446868115944,6.207754651806603,1.2457245331524878
30,327,0 3 7 11 26 28,-1115.709331775278,0.022255888781101615,6.2092729161745845,1.2770636197487815
30,328,0 3 12 13 27 28,-1115.7092337467327,0.022264673033905228,6.211723675322366,1.2774887741785808
30,329,0 1 3 13 23 27,-1115.7089041322738,0.022294209499263463,6.2199641898303355,1.3946417681997898
30,330,0 3 13 14 27 28,-1115.7084269554605,0.022336968899027525,6.231893831709762,1.2783954488351632
30,331,0 3 19 21 22 28,-1115.7084017290317,0.022339229417397032,6.23252450414106,1.492119581623324
30,332,0 3 8 13 26 28,-1115.707846144228,0.022389014889083087,6.246414382186358,1.4316536754694609
30,333,0 3 4 9 27 28,-1115.7077987770303,0.02239325942251374,6.24759858411745,1.1986182515131525
30,334,0 3 4 20 22 28,-1115.7077341584,0.022399049841856256,6.249214079879061,1.377954125792553
30,335,0 4 21 26 27 28,-1115.7076740896257,0.022404432552540505,6.2507158271242975,1.2861881821567382
30,336,0 4 8 23 26 28,-1115.7072636648682,0.022441210358567856,6.260976636617374,1.4781453127687731
30,337,0 3 4 13 26 28,-1115.7071837433377,0.022448372057488137,6.262974711984162,1.350259886841844
30,338,0 3 19 23 25 28,-1115.7071291102752,0.022453267678765935,6.264340563912479,1.3405539682800252
30,339,0 8 21 23 27 28,-1115.7070327001006,0.022461906910768912,6.266750863039161,1.5717663050911634
30,340,0 3 7 11 23 27,-1115.706982539363,0.022466401770895532,6.268004904768104,1.4167887705959359
30,341,0 3 5 21 27 28,-1115.7068737429306,0.022476150924703196,6.270724866091102,1.2131368556512163
30,342,0 1 23 26 27 28,-1115.7067578811275,0.022486533200243162,6.273621464962198,1.1628139323922724
30,343,0 3 11 14 27 28,-1115.7066033975475,0.022500376339661114,6.277483626186499,1.2548022746992031
30,344,0 1 3 11 22 28,-1115.7065876473287,0.022501787703090293,6.277877388969998,1.4504766059974237
30,345,0 4 13 26 27 28,-1115.7065634547766,0.02250395557666294,6.278482214002722,1.292818720349139
30,346,0 3 8 21 26 28,-1115.7065105991965,0.022508691919292258,6.279803628047301,1.424613693284026
30,347,0 19 22 26 27 28,-1115.7064982227073,0.022509800965736237,6.2801130460227,1.2002017352679992
30,348,0 21 23 25 27 28,-1115.7064735318454,0.022512013492423804,6.2807303290336165,1.4732685747137724
30,349,0 3 5 13 23 28,-1115.7061704352545,0.0225391737146608,6.288307884528803,1.4621325119995052
30,350,0 3 4 16 27 28,-1115.7059879174074,0.02255552898041085,6.29287091544873,1.173323826235093
30,351,0 3 11 25 27 28,-1115.7059755248665,0.022556639465231215,6.293180734723382,1.277306381855755
30,352,0 3 8 9 22 28,-1115.705899230807,0.0225634761096296,6.295088121631985,1.5230011109973545
30,353,0 1 3 7 21 28,-1115.705777919089,0.022574346747305622,6.298120970904695,1.3019698484189173
30,354,0 4 5 23 27 28,-1115.705556051339,0.022594228123671782,6.303667767665806,1.273708840386765
30,355,0 3 8 14 27 28,-1115.705458484867,0.022602970970485588,6.306106974765786,1.2224500992450937
30,356,0 2 7 23 27 28,-1115.7053655608102,0.0226112978145052,6.3084301193302075,1.2787812886616958
30,357,0 9 23 26 27 28,-1115.7052575666441,0.022620975077916418,6.311130023620393,1.2812169109422837
30,358,0 3 4 21 23 27,-1115.7049235868647,0.02265090271586118,6.319479673169921,1.4774146922078886
30,359,0 8 19 22 27 28,-1115.7045158185633,0.02268744247915427,6.3296740700242005,1.396160408919727
30,360,0 23 25 26 27 28,-1115.7044185932214,0.02269615475759706,6.33210474871356,1.2391368668936251
30,361,0 14 22 23 27 28,-1115.7043939559953,0.022698362478021945,6.3327206908031135,1.4403805818867663
30,362,0 3 12 23 26 28,-1115.704280362036,0.022708541534059285,6.335560592529194,1.2746420733684363
30,363,0 3 7 19 23 27,-1115.70416761284,0.0227186448915765,6.338379374776494,1.2331728182669375
30,364,0 3 4 21 26 28,-1115.7040894233962,0.022725651379709395,6.3403341471708465,1.3421063341015733
30,365,0 4 21 23 26 28,-1115.7040867565113,0.022725890356952286,6.34040082053251,1.5170776211800592
30,366,0 3 7 9 22 28,-1115.7040094109243,0.022732821227819583,6.34233449611766,1.3973906712803386
30,367,0 4 20 22 27 28,-1115.7039433579466,0.02273874017777495,6.3439858512269325,1.320229094895264
30,368,0 1 22 23 27 28,-1115.7038980181014,0.022742803041921052,6.3451193684076035,1.3940204815683745
30,369,0 19 22 23 27 28,-1115.7036385523993,0.02276605353811599,6.351606131427082,1.4223047230997705
30,370,0 2 4 23 27 28,-1115.7032088978926,0.022804554505258413,6.362347693576105,1.3301897819081692
30,371,0 20 23 26 27 28,-1115.7028288027523,0.02283861450063512,6.371850248558192,1.2023175053084516
30,372,0 3 7 10 23 28,-1115.7027388982247,0.022846670767263107,6.374097903489911,1.2430611058645893
30,373,0 5 7 23 27 28,-1115.7026983197316,0.022850306970783087,6.375112384657405,1.2179600326451667
30,374,0 3 7 8 13 28,-1115.7021886572848,0.022895977379946402,6.38785418245652,1.4815780488791321
30,375,0 1 13 23 26 28,-1115.7015482262477,0.022953365848893688,6.403865255725259,1.4337317974114447
30,376,0 3 5 22 23 28,-1115.701546328616,0.022953535894032682,6.403912697401773,1.4418480339252806
30,377,0 3 14 19 23 28,-1115.7013616865215,0.022970081511729464,6.408528835488034,1.3162832084160339
30,378,0 4 7 11 23 28,-1115.7013291136695,0.022973000336702347,6.4093431719106055,1.552671818154266
30,379,0 1 3 19 23 28,-1115.7011437562699,0.022989610052286176,6.4139771929615925,1.2660298164358936
30,380,0 3 7 26 27 28,-1115.7009618127322,0.023005913854658593,6.418525865876766,0.9910744723141921
30,381,0 7 14 22 27 28,-1115.7009259188349,0.023009130275622354,6.419423229975488,1.278376215379421
30,382,0 3 8 27 28 29,-1115.7008153195877,0.023019040978091362,6.422188262503567,1.438343941785373
30,383,3 7 21 23 27 28,-1115.7007872804263,0.02302155354299012,6.422889254556925,1.3334348475096214
30,384,3 21 23 26 27 28,-1115.700785628769,0.02302170154657376,6.422930546758393,1.2757528794707595
30,385,0 1 3 23 25 28,-1115.7005179349749,0.023045689354939478,6.429623015896276,1.3077245312693682
30,386,0 4 12 23 27 28,-1115.7004760066907,0.02304944651206672,6.430671242467742,1.3253935424024996
30,387,0 3 4 16 22 28,-1115.700234877691,0.023071053872287233,6.436699579413838,1.4236077436271608
30,388,0 4 10 23 27 28,-1115.70019586904,0.02307454940361146,6.437674813797538,1.2362234915644943
30,389,0 7 22 25 27 28,-1115.7001270786895,0.02308071364716793,6.439394604498343,1.300420406570287
30,390,0 4 13 22 26 28,-1115.7000822014197,0.023084735060336762,6.440516557079952,1.5250106006079556
30,391,0 8 13 22 27 28,-1115.7000755910358,0.023085327411099324,6.440681819747421,1.5782495857156924
30,392,0 7 13 26 27 28,-1115.7000424758194,0.0230882948368779,6.441509715532617,1.2362113389418405
30,393,0 3 5 23 26 28,-1115.6996471736172,0.023123717523851686,6.451392454119595,1.2167281831604215
30,394,0 3 4 5 23 28,-1115.699514192101,0.023135633882002713,6.4547170537639555,1.3290430269902023
30,395,0 3 11 16 27 28,-1115.6991282336844,0.023170219280478348,6.46436619337649,1.2925389297063374
30,396,0 21 22 23 27 28,-1115.6987775257799,0.023201645911178456,6.473134053818824,1.5956114866833129
30,397,0 3 11 22 23 28,-1115.6986057894662,0.023217035053072255,6.477427541394366,1.6306483951428894
30,398,0 1 3 13 26 28,-1115.6984878914143,0.02322759979509991,6.4803750474312585,1.2471053100149176
30,399,0 13 20 23 27 28,-1115.6979576229473,0.023275116691829825,6.493632005301045,1.4453513917879652
30,400,0 3 4 22 28 29,-1115.697949207629,0.02327587078118722,6.493842392164015,1.5823560427002528
30,401,0 1 3 8 23 27,-1115.6977255490553,0.02329591263171113,6.499433960349502,1.3394945166690242
30,402,0 3 4 12 23 28,-1115.6975720099729,0.02330967113552717,6.503272508697414,1.3800885939285619
30,403,0 3 7 13 22 27,-1115.6974416467824,0.02332135286779078,6.506531648984816,1.4369463564655878
30,404,0 3 9 13 23 28,-1115.6973928377067,0.023325726606666628,6.507751898538153,1.5613809627242887
30,405,0 3 4 14 27 28,-1115.696981764641,0.02336256250703646,6.5180289160394045,1.1245400957965388
30,406,0 3 21 22 25 28,-1115.6969316330412,0.023367054756137897,6.519282229306405,1.5238467212447995
30,407,3 4 7 22 27 28,-1115.6968625075485,0.02337324903149614,6.521010398717906,1.2010495567041544
30,408,0 1 3 21 26 28,-1115.6967852520604,0.023380171828682385,6.522941821789593,1.2390393316121304
30,409,0 3 11 23 26 27,-1115.6967375348133,0.02338444772974504,6.52413477512081,1.3579106670129906
30,410,0 2 3 4 23 28,-1115.6965822532006,0.02339836238018145,6.5280168875335125,1.3831808417554325
30,411,0 1 7 8 23 28,-1115.6964886328542,0.023406751618106382,6.530357439660948,1.436334246640919
30,412,0 3 7 8 21 28,-1115.6964102445372,0.02341377592710248,6.5323171839800045,1.4729476537602848
30,413,0 20 22 23 27 28,-1115.696266987027,0.023426613108159043,6.535898688247867,1.4261032289872488
30,414,0 7 12 23 27 28,-1115.6959694809623,0.023453272368204287,6.543336477993867,1.2709713667148028
30,415,0 1 3 7 23 27,-1115.6959675061769,0.023453449327007887,6.543385848545512,1.1972458111693023
30,416,0 1 3 9 23 28,-1115.6959309779884,0.02345672258625107,6.544299070217592,1.345589194537492
30,417,0 14 22 26 27 28,-1115.6958566540284,0.023463382691749236,6.546157203725328,1.2161983647798191
30,418,0 2 3 7 27 28,-1115.6956003663772,0.023486348405556825,6.552564513994922,1.0660062436824163
30,419,0 3 19 27 28 29,-1115.6955556985479,0.023490351050945605,6.553681230467134,1.287725303099105
30,420,0 3 8 11 22 28,-1115.6952496297847,0.02351777760696047,6.561333091649675,1.6060262974268968
30,421,0 3 4 11 23 27,-1115.6952419038194,0.02351846992400565,6.561526244370751,1.4598491748741655
30,422,3 13 22 26 27 28,-1115.694991556605,0.023540903320438462,6.567785040964233,1.2844207904167617
30,423,0 3 19 21 26 28,-1115.6949783850066,0.023542083615922266,6.568114337037409,1.2697020950823112
30,424,0 3 4 10 23 28,-1115.6943588058823,0.023597603563082516,6.583604102806833,1.293064459322746
30,425,0 1 3 22 26 28,-1115.6942132397992,0.023610647613351653,6.587243322469097,1.2240460778860265
30,426,0 3 4 21 22 27,-1115.69362008243,0.023663799929984058,6.602072532092834,1.476339308428777
30,427,3 7 13 22 27 28,-1115.6936132388366,0.023664413178442707,6.602243625104784,1.3411322026883794
30,428,0 4 7 23 25 28,-1115.693405817679,0.02368300000821842,6.607429250350265,1.4222065223136686
30,429,0 3 8 10 23 28,-1115.6933994989504,0.02368356622399422,6.607587221497405,1.376649121904396
30,430,0 3 8 20 23 28,-1115.6926034399953,0.023754900375498784,6.627489064973173,1.4478964499917428
30,431,0 3 5 21 23 28,-1115.6925649420477,0.02375835014314118,6.628451531536504,1.450201818460695
30,432,0 3 7 8 11 28,-1115.6925475960986,0.023759904498574888,6.628885188317931,1.4577458218575243
30,433,3 4 13 22 27 28,-1115.692290538101,0.023782939242468583,6.635311757609183,1.390705873690527
30,434,0 7 22 23 26 28,-1115.69227149153,0.02378464598914922,6.635787930726468,1.4540686173964326
30,435,0 1 11 23 27 28,-1115.692232690969,0.02378812287371945,6.636757962766389,1.3873286534991678
30,436,0 4 22 27 28 29,-1115.6921133079395,0.02379882068328872,6.639742593929593,1.5308773621443277
30,437,0 3 6 23 27 28,-1115.6918713411983,0.02382050311279573,6.645791874801678,1.0447225220442604
30,438,0 3 22 23 26 27,-1115.6913866923846,0.02386393207201952,6.657908320158598,1.3575491743537038
30,439,0 7 9 22 27 28,-1115.6910683642636,0.02389245717844238,6.665866670979118,1.3365952569063795
30,440,0 1 3 23 28 29,-1115.6910140653135,0.023897322860195684,6.667224169941602,1.4909509123994666
30,441,0 3 14 23 25 28,-1115.690993439172,0.023899171150826452,6.66773983305745,1.3525089294344068
30,442,0 4 7 21 23 28,-1115.6909713134773,0.023901153815102296,6.66829298569543,1.561462503962762
30,443,0 7 21 23 26 28,-1115.690802611472,0.023916271055265604,6.672510614154873,1.4653913923435258
30,444,0 3 17 23 27 28,-1115.6907538110866,0.02392064401541822,6.673730646448626,1.2306042657864533
30,445,0 20 21 23 27 28,-1115.6905180804051,0.023941767637024162,6.6796240229306605,1.4358875087166971
30,446,0 3 4 19 23 27,-1115.6904385179248,0.023948897161777664,6.681613121878471,1.2812632881255688
30,447,0 3 20 23 25 28,-1115.6904329115637,0.023949399542928657,6.681753283509631,1.3407326262566528
30,448,0 23 26 27 28 29,-1115.6903075322662,0.023960634672874053,6.684887824159336,1.4286289265442897
30,449,3 7 8 22 27 28,-1115.6901834926475,0.023971749755359154,6.6879888722151835,1.2875397365576944
30,450,0 1 4 13 23 28,-1115.6901364842313,0.02397596213870599,6.6891641044463155,1.5271407779997266
30,451,0 1 3 7 8 28,-1115.6900972422309,0.02397947858027715,6.690145172676116,1.2488012321599802
30,452,0 13 22 25 27 28,-1115.6900937425976,0.023979792179376857,6.690232665133303,1.4764236487703366
30,453,0 4 19 23 26 28,-1115.6897855416094,0.024007409802227576,6.697937832932385,1.3262195239721473
30,454,0 3 16 26 27 28,-1115.6897630910057,0.024009421581318857,6.698499108446819,1.0393315767424847
30,455,0 3 4 22 26 27,-1115.6896994023134,0.024015128669716307,6.700091355324266,1.242471211597189
30,456,0 3 20 22 26 28,-1115.6894099426631,0.024041066897551807,6.707327980973172,1.2613743195625315
30,457,0 13 19 22 27 28,-1115.6888513513154,0.02409112178302708,6.721293024012377,1.4384680338694968
30,458,0 1 14 23 27 28,-1115.6888209183194,0.02409384885736687,6.7220538630426665,1.2206250564384045
30,459,0 3 20 21 22 28,-1115.6886070431108,0.02411301402903684,6.727400842556927,1.4906676335779878
30,460,0 3 5 13 27 28,-1115.6885682766128,0.024116487861244262,6.72837002300409,1.2126608781350785
30,461,0 3 22 26 28 29,-1115.6884594775654,0.024126237249382017,6.731090049703918,1.483679322573428
30,462,0 7 20 22 27 28,-1115.6880694260467,0.024161189427173185,6.740841518766988,1.2607068642650896
30,463,0 2 23 26 27 28,-1115.688067590931,0.024161353870292963,6.740887397510359,1.211257462549563
30,464,0 3 11 13 23 28,-1115.6880311763039,0.024164616953404234,6.741797780096529,1.642998141315274
30,465,0 3 13 20 22 28,-1115.6879864961018,0.02416862070750582,6.7429148058936335,1.4966270027605328
30,466,0 3 16 22 26 28,-1115.687742949704,0.024190444688664617,6.749003578913003,1.3131465218611225
30,467,0 3 8 22 23 27,-1115.6873022408834,0.02422993622328031,6.760021504043704,1.5340626314281884
30,468,0 3 7 22 26 27,-1115.687213833604,0.02423785832280214,6.762231727076536,1.1858371690832286
30,469,0 1 3 16 23 28,-1115.6871885107885,0.024240127478296247,6.762864809219008,1.3198819405570241
30,470,0 3 7 21 22 27,-1115.6871453647655,0.02424399375594205,6.763943479826532,1.4262767990396656
30,471,0 4 11 23 26 28,-1115.6868567676115,0.024269854696230074,6.7711585426665994,1.4968655335283183
30,472,0 8 14 23 27 28,-1115.6864168584075,0.024309274577896747,6.782156477011038,1.4030743321062158
30,473,0 7 8 22 26 28,-1115.686096810694,0.024337953775514065,6.790157818443605,1.4256154970366708
30,474,0 4 7 14 23 28,-1115.6860783075049,0.02433961183021197,6.790620406760365,1.3985768698107608
30,475,0 3 8 23 25 27,-1115.6860464558622,0.024342466028246853,6.791416712615848,1.4032514764075024
30,476,0 19 21 22 27 28,-1115.6859723111124,0.024349110074870475,6.793270365784214,1.4308571234269185
30,477,0 4 7 13 22 28,-1115.68558678896,0.02438365638007466,6.802908598584892,1.5686296266720499
30,478,0 1 4 7 22 28,-1115.6855079842035,0.024390718005867097,6.804878754088831,1.354844465915985
30,479,0 3 19 20 23 28,-1115.6853663907639,0.024403406071000507,6.808418655818499,1.2976533773636854
30,480,0 7 23 27 28 29,-1115.6853204604304,0.024407521848290117,6.809566935480784,1.4788286126464691
30,481,0 2 3 8 27 28,-1115.6852556935858,0.02441332554897947,6.811186136666519,1.2163041208066767
30,482,0 3 8 14 22 28,-1115.6852360638236,0.02441508455491652,6.811676889834445,1.4592484672953354
30,483,0 19 23 25 27 28,-1115.6851596764673,0.024421929559566926,6.813586609208263,1.273599719650646
30,484,3 7 22 23 27 28,-1115.685014030269,0.02443498078888189,6.81722783178559,1.3137683260512152
30,485,0 8 9 22 27 28,-1115.6849232492757,0.0244431155948417,6.819497398767228,1.463449703152431
30,486,0 4 7 19 22 28,-1115.683895751566,0.024535188772113303,6.84518531856058,1.3832143289522498
30,487,0 3 4 14 23 27,-1115.6835696860535,0.024564407219474036,6.853337107762714,1.2978138674840949
30,488,0 4 8 22 26 28,-1115.683553620477,0.024565846841836214,6.853738754636082,1.4720556841757362
30,489,0 3 22 25 26 28,-1115.6833688716224,0.02458240202621516,6.858357561775062,1.2934151024035616
30,490,0 3 7 14 23 27,-1115.6831002925574,0.024606469162945573,6.865072163098776,1.2442779937005424
30,491,0 3 13 14 23 28,-1115.6830300189367,0.0246127663210496,6.866829036241377,1.5016475713039688
30,492,0 8 21 22 27 28,-1115.6828954115995,0.024624828367620945,6.870194282169127,1.565573770071424
30,493,0 3 7 16 22 28,-1115.6828611256155,0.024627900704859918,6.871051447685855,1.3672764391657568
30,494,3 7 11 23 27 28,-1115.6826573222534,0.024646163347120796,6.876146626363444,1.3108519001414336
30,495,0 3 4 19 27 28,-1115.6825271067962,0.024657831841130178,6.879402073249327,1.0960396791421239
30,496,0 3 13 19 26 28,-1115.6820127908047,0.02470391925039132,6.892260211826335,1.2713720901342396
30,497,0 4 21 22 26 28,-1115.6815469210858,0.024745665431249148,6.903907171096472,1.511500614084928
30,498,0 3 4 11 26 28,-1115.6815348782854,0.024746744576126797,6.904208246696165,1.3177436230299182
30,499,0 3 8 19 23 27,-1115.6815208175153,0.024748004549524635,6.904559772477553,1.3621469557317534
30,500,0 3 9 22 26 28,-1115.6813910300184,0.02475963469438946,6.907804520158971,1.3326494010569796
30,501,1 3 13 23 27 28,-1115.6810565962098,0.02478960301748548,6.916165520646235,1.2856435695541386
30,502,0 3 4 7 28 29,-1115.680899201071,0.024803707059158058,6.920100472192205,1.4259315388365985
30,503,0 3 7 25 27 28,-1115.6808124912227,0.02481147705335193,6.922268258659028,1.0826836133961675
30,504,0 5 22 23 27 28,-1115.6804285091255,0.02484588535555547,6.931867989366951,1.3793935314711743
30,505,0 7 10 23 27 28,-1115.6800769658353,0.02487738684443921,6.940656734838714,1.1715373381977843
30,506,0 3 10 23 26 28,-1115.6799577173872,0.024888072594291356,6.943638001405892,1.171588752283016
30,507,0 9 13 23 27 28,-1115.6797700030068,0.02490489351687364,6.9483309480701445,1.504568307029689
30,508,0 4 12 22 27 28,-1115.6794237939725,0.024935917007710372,6.956986334665233,1.3204340744632077
30,509,0 3 7 12 22 28,-1115.6794212036675,0.024936149122694165,6.957051093493624,1.325823787439975
30,510,0 3 11 14 23 28,-1115.6791965797838,0.024956277473803044,6.962666794875713,1.4805155199432292
30,511,0 1 3 14 22 28,-1115.679161755338,0.024959398062135374,6.96353742218721,1.2803800438858581
30,512,3 21 22 26 27 28,-1115.6790779416326,0.02496690853548318,6.965632803737903,1.2705400260616158
30,513,0 1 3 4 13 28,-1115.6790444997603,0.024969905232616454,6.966468866073162,1.3491197080702313
30,514,0 3 19 23 26 27,-1115.6789498044432,0.024978390797729302,6.968836292966417,1.1601420078500775
30,515,0 3 7 8 19 28,-1115.6789285578093,0.02498029469013621,6.969367468677879,1.2752704012721694
30,516,0 3 8 24 27 28,-1115.678853973035,0.02498697816696865,6.971232122661807,1.3478639142523872
30,517,0 12 23 26 27 28,-1115.6786542542018,0.025004874798144224,6.976225186220951,1.2032867787308072
30,518,0 7 8 26 27 28,-1115.6784174040208,0.02502609873713061,6.982146550710991,1.1705748360798856
30,519,0 3 12 13 23 28,-1115.6782550976618,0.025040642868982138,6.986204285042932,1.4986683075323517
30,520,0 3 4 12 22 28,-1115.6780171274904,0.02506196716933806,6.9921536498137,1.375751215036681
30,521,0 1 3 7 11 28,-1115.67801501956,0.025062156059151443,6.992206349052715,1.2748842140776107
30,522,0 3 11 13 26 28,-1115.6779869224815,0.025064673813949195,6.992908789059897,1.4472373903071127
30,523,0 3 7 24 27 28,-1115.6776973922686,0.0250906183648462,7.000147178808858,1.2072797387097862
30,524,0 3 7 22 28 29,-1115.6776184595826,0.025097691454271855,7.002120532604625,1.529877914338086
30,525,0 1 7 13 23 28,-1115.677561328165,0.025102810950981488,7.003548844570785,1.476196878519007
30,526,0 1 3 21 23 27,-1115.677542565666,0.025104492242214275,7.0040179157554325,1.3749781441514666
30,527,0 5 13 23 27 28,-1115.677534180671,0.02510524361433288,7.004227544523436,1.3972833428779772
30,528,0 3 6 13 23 28,-1115.6774721902748,0.02511079851989679,7.005777333211238,1.3324131293354167
30,529,0 5 23 26 27 28,-1115.6771589283035,0.02513886965304577,7.01360902793719,1.1440905399554147
30,530,0 3 8 16 23 28,-1115.6770450797924,0.02514907151923545,7.016455293572727,1.4882546944143433
30,531,3 4 22 23 27 28,-1115.6770295945273,0.025150459140387514,7.016842432388983,1.361426596320207
30,532,0 4 7 23 26 27,-1115.6768341090572,0.025167976423568987,7.021729659904068,1.2571478707663966
30,533,0 2 3 7 22 28,-1115.676559295196,0.025192602254957563,7.028600134023673,1.3282593740468929
30,534,0 3 11 19 22 28,-1115.6760206706788,0.025240867930099446,7.042065997031302,1.46552826237051
30,535,0 3 7 23 25 27,-1115.6759641229548,0.02524593512252445,7.043479716384193,1.2641101118247189
30,536,0 1 3 8 13 28,-1115.6756595017996,0.025273231959650228,7.051095386696414,1.4285807085672895
30,537,0 3 7 20 27 28,-1115.6753940334236,0.02529702035023934,7.0577322193503305,1.0398926023007597
30,538,0 3 7 23 24 28,-1115.675167051086,0.025317360040354727,7.063406883175221,1.4489302749989794
30,539,0 3 8 11 26 28,-1115.6750601616664,0.02532693830840166,7.066079168292773,1.3975905460679212
30,540,0 1 3 20 23 28,-1115.6750036380267,0.025332003342650844,7.067492285526251,1.2625095184659199
30,541,0 3 4 11 22 27,-1115.6747536522041,0.025354404355077242,7.073742047156633,1.4551401551327665
30,542,0 1 3 7 27 28,-1115.6747416422515,0.025355480556495173,7.074042301546939,0.993170546041387
30,543,0 4 5 22 27 28,-1115.6746184044864,0.025366523785584395,7.077123302892929,1.2645666889516942
30,544,0 4 7 20 23 28,-1115.6744998023255,0.02537715162220528,7.080088411980985,1.3826475466950128
30,545,0 3 7 19 21 28,-1115.6744514944953,0.025381480444907716,7.081296130164228,1.3189819258042874
30,546,0 14 19 23 27 28,-1115.6742571118175,0.02539889890782556,7.086155787358822,1.2462460366470545
30,547,0 7 19 23 26 28,-1115.674116815508,0.02541147073826781,7.089663260236656,1.2672576774374273
30,548,0 1 9 23 27 28,-1115.67396998915,0.025424627720663284,7.093333987352985,1.2790822406347198
30,549,0 2 3 8 23 28,-1115.6738154967152,0.02543847165355579,7.097196369952406,1.4533256575135074
30,550,0 4 7 27 28 29,-1115.6737239845631,0.025446671978012245,7.099484216241185,1.3688924461286118
30,551,0 3 14 26 27 28,-1115.6736898499505,0.02544973075100087,7.100337597405236,0.9826768722874448
30,552,0 2 4 22 27 28,-1115.6736213448296,0.025455869435381598,7.10205025723388,1.3216647572400257
30,553,0 8 21 26 27 28,-1115.6735613350083,0.025461246863339455,7.103550530626951,1.356546756047983
30,554,3 7 21 22 27 28,-1115.673256756148,0.02548853991045471,7.111165143546678,1.325789110734827
30,555,0 3 5 7 22 28,-1115.673126745782,0.025500190026432775,7.11441546306096,1.269536459657521
30,556,0 3 7 20 23 27,-1115.6724844536916,0.025557745262750307,7.130473063526413,1.2273684018890103
30,557,0 8 11 23 27 28,-1115.672416305028,0.025563852005297608,7.132176811755836,1.5452579408598281
30,558,0 1 7 13 27 28,-1115.6723179786427,0.025572662947281395,7.134635017040917,1.235852604833847
30,559,0 3 4 19 22 27,-1115.6721627461104,0.025586573199663384,7.138515902420162,1.2775705144800744
30,560,0 1 21 23 26 28,-1115.6721395821594,0.02558864890119467,7.139095011950544,1.4152574406757665
30,561,0 1 8 23 26 28,-1115.6719312698624,0.025607315585187192,7.14430291609176,1.3724452760621249
30,562,0 1 19 23 27 28,-1115.6716685596568,0.0256308568185165,7.150870793203419,1.1927213065722275
30,563,0 16 22 26 27 28,-1115.6713922190802,0.025655619457559436,7.157779435920617,1.247781284191254
30,564,0 19 21 26 27 28,-1115.6711785412638,0.025674766941087376,7.163121480538664,1.199127265652199
30,565,0 3 7 8 9 28,-1115.6710704527154,0.02568445266201971,7.165823744431618,1.3529898436875383
30,566,0 4 7 8 23 27,-1115.6710528216836,0.02568603256346707,7.166264528413052,1.443752917206138
30,567,0 3 9 21 23 28,-1115.670996472362,0.025691081977225003,7.167673287613733,1.5450326300213284
30,568,0 3 14 23 26 27,-1115.6709894366973,0.02569171243703598,7.167849182500138,1.1778602001767198
30,569,0 8 13 26 27 28,-1115.670691925249,0.025718372179494357,7.1752871068368,1.3621165691588912
30,570,0 3 14 21 27 28,-1115.6705578348972,0.02573038789944969,7.178639427888582,1.2550750124692418
30,571,0 3 11 20 23 28,-1115.6704261353716,0.02574218937954241,7.181931977174356,1.4664082581391547
30,572,0 3 10 22 23 28,-1115.6703964938763,0.025744845528189772,7.1826730283190505,1.3977364443831748
30,573,0 1 7 21 27 28,-1115.6703774263626,0.025746554151528208,7.183149725013738,1.2276874176847297
30,574,0 21 22 25 27 28,-1115.6703762199386,0.02574666225813771,7.183179886174636,1.4622339014496744
30,575,0 3 4 5 22 28,-1115.670073875484,0.025773755082102938,7.19073863791556,1.3206236261380726
30,576,0 4 7 9 23 28,-1115.6699587791468,0.02578406876490097,7.193616099781662,1.4496948686622346
30,577,0 4 14 23 26 28,-1115.6697401101367,0.025803663504960217,7.199082926559332,1.3367886696657036
30,578,0 3 8 13 23 27,-1115.6696398474453,0.02581264795764588,7.201589540394278,1.5445017319717829
30,579,0 3 4 23 25 27,-1115.6695022235394,0.025824980316309122,7.20503020193754,1.3140018482341167
30,580,0 1 4 22 23 28,-1115.6692504458128,0.025847541899693748,7.211324761999107,1.501252513894498
30,581,0 7 11 23 26 28,-1115.6691995821388,0.025852099749340975,7.212596377464517,1.4430082169488587
30,582,0 4 10 22 27 28,-1115.669053372846,0.02586520143706903,7.216251677666909,1.2270633029029745
30,583,0 1 7 23 26 28,-1115.6686427779573,0.025901994488406847,7.226516740519368,1.2335924986063809
30,584,0 2 3 4 22 28,-1115.6684920303733,0.025915502848471873,7.2302855001100825,1.3753742210486763
30,585,0 9 22 26 27 28,-1115.6684188743525,0.025922058295951244,7.232114434595127,1.26962121347721
30,586,0 8 22 23 26 28,-1115.6683882747475,0.025924800299976132,7.232879438927026,1.5652958508894343
30,587,0 3 11 22 25 28,-1115.6683772916167,0.02592578448878518,7.233154022295793,1.4992906448611132
30,588,0 11 19 23 27 28,-1115.6681388247819,0.0259471532947224,7.239115803883668,1.4059933122711348
30,589,0 5 21 23 27 28,-1115.6681336422546,0.02594761769648994,7.239245369471714,1.3868675809975586
30,590,0 3 12 22 26 28,-1115.6679599230538,0.025963184523180697,7.243588430147134,1.2632720379990567
30,591,0 1 4 13 27 28,-1115.6679380477908,0.025965144746494823,7.244135321877847,1.2875692669386947
30,592,3 7 23 26 27 28,-1115.6678882829103,0.02596960413420928,7.245379466995143,1.0600272961255088
30,593,0 3 13 16 27 28,-1115.667887265596,0.025969695294868048,7.245404900327197,1.3016465048327315
30,594,0 3 18 22 27 28,-1115.667431337748,0.026010550593302442,7.256803308206837,1.2126318061760264
30,595,0 1 4 23 26 28,-1115.6670368642322,0.026045899022414457,7.266665329250944,1.286504917247011
30,596,0 1 23 25 27 28,-1115.6669167431787,0.026056662965675794,7.269668411357494,1.2346049756775037
30,597,0 3 7 12 27 28,-1115.6668560814906,0.02606209880686147,7.271184981726028,1.0489860254221388
30,598,3 4 21 23 27 28,-1115.6666842652126,0.026077495114292627,7.275480468447842,1.3698238808464325
30,599,0 7 16 22 27 28,-1115.6665415039968,0.026090287822836126,7.2790495651244544,1.3042354599610877
30,600,0 1 3 13 22 27,-1115.6660038804075,0.026138463805687268,7.29249040446679,1.3806815219092239
30,601,0 3 7 13 19 28,-1115.6659287680093,0.026145194562450243,7.294368249296297,1.3223874525381893
30,602,0 1 3 8 22 27,-1115.6659201325654,0.02614596837707905,7.294584139403589,1.3301332165826198
30,603,3 8 23 26 27 28,-1115.6658954454433,0.026148180568642605,7.295201328916713,1.2136168927955762
30,604,0 1 2 3 23 28,-1115.6657997356676,0.026156757038507266,7.297594117745361,1.2733082697786842
30,605,0 3 19 22 25 28,-1115.6655568612239,0.026178520806450677,7.30366609160244,1.327055138693648
30,606,0 4 7 22 23 27,-1115.6653233861844,0.026199442301944986,7.309503075989646,1.4706094765683368
30,607,0 3 5 11 23 28,-1115.6652440528026,0.026206551297378013,7.311486447367786,1.4253439132218904
30,608,0 4 23 24 27 28,-1115.665189809385,0.026211412002902404,7.312842557989247,1.4399694594947527
30,609,0 2 3 22 26 28,-1115.665115271464,0.026218091281271547,7.314706040624563,1.2658604591806752
30,610,0 7 8 13 27 28,-1115.6650655473109,0.026222547019439057,7.315949167537948,1.4141172022685373
30,611,0 1 3 4 23 27,-1115.6649637714354,0.026231667067236515,7.318493611677651,1.2393459588323048
30,612,0 3 4 10 22 28,-1115.6647136399238,0.026254081134727696,7.324747015600684,1.2846127922417736
30,613,0 3 5 8 23 28,-1115.6646324444719,0.02626135698864689,7.326776939596387,1.3969310335402707
30,614,0 4 8 22 23 28,-1115.6645136306788,0.02627200378944012,7.329747339586229,1.65425219108266
30,615,0 3 9 26 27 28,-1115.6640536915536,0.026313218534946413,7.341246031259985,1.0550843554089646
30,616,0 3 7 11 22 27,-1115.6639058941064,0.02632646253581244,7.3449410360602,1.4028407220389938
30,617,0 4 7 11 22 28,-1115.663781693921,0.02633759200654384,7.348046098359149,1.5412938061836543
30,618,0 2 3 13 27 28,-1115.663694806314,0.026345377929539792,7.350218328875832,1.2619495484202403
30,619,0 7 8 21 27 28,-1115.663492089354,0.026363543220251442,7.3552863469963246,1.4069712834939785
30,620,0 3 7 19 22 27,-1115.6633034473837,0.02638044726334829,7.360002483835768,1.2198741535315143
30,621,0 3 11 20 27 28,-1115.66309260336,0.02639934081317581,7.365273682321178,1.22385230070007
30,622,0 4 7 9 27 28,-1115.662972669735,0.026410087961137377,7.36827207862969,1.204408086279044
30,623,0 1 3 4 21 28,-1115.6627070718537,0.026433887956577154,7.374912148974341,1.335606069455245
30,624,0 8 10 23 27 28,-1115.6627026316905,0.026434285835739254,7.375023155114309,1.3078699848892907
30,625,0 4 7 21 22 28,-1115.6626086409096,0.026442708267974697,7.3773729682753215,1.5537569841991117
30,626,0 11 23 25 27 28,-1115.6625274155278,0.02644998680388435,7.379403640531897,1.4418648871143427
30,627,0 1 22 26 27 28,-1115.6620951183709,0.026488724576626124,7.390211270165753,1.1478128981629958
30,628,0 3 14 20 23 28,-1115.662043414987,0.02649335767194412,7.391503878767414,1.3072076667708867
30,629,0 4 22 23 25 28,-1115.6618873577,0.026507341829887954,7.395405383399748,1.5602626726466677
30,630,0 1 16 23 27 28,-1115.661848946992,0.02651078378006187,7.396365668931542,1.251070097499966
30,631,3 4 21 22 27 28,-1115.661742134576,0.026520355147891524,7.399036028925697,1.3715728380946788
30,632,0 1 21 26 27 28,-1115.6613536503294,0.026555166883782826,7.408748315456282,1.1620576098401447
30,633,0 1 3 8 21 28,-1115.6610808488035,0.026579612391558087,7.4155684802604815,1.4162653748284049
30,634,0 3 9 20 23 28,-1115.6610114376267,0.026585832266821215,7.4173037919073534,1.3675823038197255
30,635,0 2 3 11 27 28,-1115.6609736644693,0.02658921708664356,7.418248138379233,1.2379592862944646
30,636,3 13 23 25 27 28,-1115.6609682114859,0.026589705723757344,7.418384465498152,1.348233467434335
30,637,0 3 11 24 27 28,-1115.66096193349,0.026590268289517566,7.418541418310635,1.3697222543188743
30,638,0 1 3 19 22 28,-1115.6605708246843,0.026625315209870264,7.428319320037306,1.2529409163962961
30,639,0 4 11 26 27 28,-1115.6605430224413,0.026627806544719895,7.429014389021477,1.2507640076075501
30,640,0 1 4 8 23 28,-1115.6604561391862,0.026635592077742985,7.431186510737836,1.4691741929920026
30,641,0 3 19 26 27 28,-1115.6603267279804,0.026647188503484288,7.43442185096568,0.9522686888068304
30,642,0 4 19 22 26 28,-1115.6602734388036,0.026651963700328032,7.4357541051264935,1.3178873291504114
30,643,0 4 7 19 27 28,-1115.6602586394604,0.026653289856622978,7.436124095579168,1.1132784157097912
30,644,0 7 11 26 27 28,-1115.6598409238868,0.026690720986341867,7.446567178857995,1.1955882288983615
30,645,0 14 23 25 27 28,-1115.6597628692846,0.02669771539144892,7.448518580153316,1.2825643371789033
30,646,0 7 8 22 23 28,-1115.65953748611,0.02671791178196207,7.454153264162174,1.6099397641407833
30,647,0 3 11 22 26 27,-1115.6594837266985,0.02672272911612716,7.455497274408346,1.3463646320422664
30,648,0 3 9 13 22 28,-1115.6593511996246,0.02673460475210599,7.4588105127863304,1.549880207605838
30,649,0 3 12 21 23 28,-1115.6592484644507,0.026743810761800206,7.46137893983153,1.4849839190453407
30,650,0 1 13 26 27 28,-1115.658851334893,0.02677939719652367,7.47130736315737,1.1686910279490457
30,651,0 22 25 26 27 28,-1115.658756512999,0.026787894104080678,7.473677954531362,1.2238414524006043
30,652,0 3 14 19 27 28,-1115.6586566555695,0.026796842241593084,7.476174436628861,1.0273250538702603
30,653,0 1 3 16 27 28,-1115.658638361952,0.02679848151677507,7.476631785561983,1.039006690591723
30,654,0 3 12 22 23 28,-1115.6585877469336,0.026803017084607805,7.477897184521343,1.4730009340701702
30,655,0 3 10 13 23 28,-1115.6583399898623,0.02682521838056365,7.484091226333758,1.4117296830167014
30,656,0 3 9 22 23 28,-1115.6582227813117,0.026835721336974375,7.487021494516813,1.5287496107789365
30,657,0 3 14 19 22 28,-1115.6581248383736,0.02684449791857989,7.4894701134417065,1.3021649865918858
30,658,0 1 3 9 22 28,-1115.6580234693422,0.026853581509436526,7.492004386291579,1.3337745625446078
30,659,0 3 8 12 23 28,-1115.657951772916,0.02686000616391034,7.493796830233602,1.4436803813544306
30,660,0 3 13 19 23 27,-1115.6578734270058,0.026867026672871528,7.495755514363417,1.402232914965263
30,661,0 9 21 23 27 28,-1115.6575785924526,0.02689344654108832,7.503126515080616,1.4896624313201932
30,662,0 3 4 14 22 27,-1115.6574713501511,0.0269030564305756,7.5058076224094545,1.2909449202975287
30,663,0 3 7 11 19 28,-1115.657432407883,0.026906546013387482,7.506781197190299,1.296960747349471
30,664,0 10 23 26 27 28,-1115.6572646759932,0.02692157632234532,7.510974572312342,1.097154060080571
30,665,0 3 5 13 22 28,-1115.6572642861115,0.026921611259308847,7.51098431953671,1.4460031113291878
30,666,0 20 22 26 27 28,-1115.6570890376584,0.026937315120975143,7.515365612231102,1.186981124181511
30,667,0 3 10 11 23 28,-1115.6570008795868,0.026945214889192194,7.517569604950361,1.390529246347035
30,668,0 3 8 20 22 28,-1115.656755564487,0.02696719736220783,7.5237025963428446,1.437099369071488
30,669,0 20 23 25 27 28,-1115.656628936191,0.02697854441381384,7.5268683625321255,1.269244986892346
30,670,0 3 7 8 25 28,-1115.6560192890051,0.027033174368601566,7.542109825230452,1.3073769503445334
30,671,0 3 4 23 24 28,-1115.6560016272294,0.027034757024981013,7.54255137782308,1.4881208790980882
30,672,0 3 5 21 22 28,-1115.6559238372465,0.02704172771778222,7.54449616351298,1.439095676700895
30,673,0 7 23 24 27 28,-1115.6558562376945,0.027047785254923275,7.5461861836994855,1.3879003253779907
30,674,0 3 9 23 25 28,-1115.6558382644398,0.02704939582266273,7.546635523410994,1.3976113529991674
30,675,0 1 4 21 27 28,-1115.6558055746746,0.027052325124132203,7.547452782719601,1.275484999671488
30,676,0 3 6 21 23 28,-1115.6557554098256,0.027056820352675183,7.548706927234722,1.3166196629788123
30,677,0 19 20 23 27 28,-1115.6556884105744,0.027062824097379694,7.550381939621601,1.2261184079474867
30,678,0 3 13 23 25 27,-1115.655459689764,0.027083319570527908,7.556100066072316,1.4394136774039448
30,679,0 3 8 10 22 28,-1115.6553833358423,0.027090161579131338,7.558008949565191,1.3648711599573593
30,680,0 3 4 26 27 28,-1115.6553669742184,0.0270916277300391,7.558417997759677,1.035487315824963
30,681,0 4 11 22 26 28,-1115.6551321850052,0.027112666987496026,7.564287837099215,1.4878221407242032
30,682,3 11 23 26 27 28,-1115.6550678815045,0.027118429168341424,7.565895454472457,1.240923145439626
30,683,0 3 9 19 27 28,-1115.65498110176,0.027126205425858013,7.5680649883725355,1.0995034847082814
30,684,0 3 8 19 22 27,-1115.6548740485514,0.0271357983709023,7.570741368293178,1.3550752902506038
30,685,0 3 4 7 13 27,-1115.654747726003,0.02714711802473481,7.5738994906514465,1.306998077918428
30,686,0 20 21 22 27 28,-1115.6543430836266,0.02718337767661485,7.584015737932473,1.4249703266274718
30,687,0 8 16 23 27 28,-1115.6541878535388,0.027197287709947827,7.587896562198222,1.4271899760073785
30,688,0 3 10 11 27 28,-1115.654113342836,0.02720396454931587,7.589759364365388,1.1368796076566687
30,689,0 22 26 27 28 29,-1115.654093473324,0.027205745039008532,7.590256111385241,1.4176883818371018
30,690,0 7 13 22 26 28,-1115.6540177419024,0.027212531265926713,7.592149432088832,1.46059457503348
30,691,0 13 19 26 27 28,-1115.6540079922715,0.027213404921879753,7.592393177387013,1.199436996532013
30,692,0 1 3 22 25 28,-1115.6537870383981,0.027233204406553347,7.597917126807643,1.292181919282134
30,693,0 8 20 23 27 28,-1115.6537760393605,0.02723419002076006,7.598192107854669,1.3786868574291924
30,694,0 1 3 22 28 29,-1115.653731190017,0.02723820893148079,7.599313362266759,1.4796834089470834
30,695,0 3 4 7 19 28,-1115.653554215167,0.02725406749405616,7.603737815680289,1.174577472465933
30,696,0 3 10 13 27 28,-1115.6534425718714,0.027264071752807182,7.6065289499063855,1.1611081297567503
30,697,0 3 5 22 26 28,-1115.6534413005006,0.02726418567924206,7.606560734767169,1.2012816580835708
30,698,0 4 19 21 27 28,-1115.6533855478954,0.027269181621771502,7.607954575783538,1.3049307152036398
30,699,0 11 22 23 27 28,-1115.6533220109525,0.027274875112035385,7.60954302885507,1.5653383951538198
30,700,0 3 8 22 25 27,-1115.6532417219066,0.027282069743695042,7.611550292278498,1.3936881327857826
30,701,0 2 7 22 27 28,-1115.6531896141053,0.027286739078514446,7.6128530115055675,1.2608489335828508
30,702,0 3 6 11 23 28,-1115.6530901561125,0.027295651422854884,7.615339507501166,1.300550372924702
30,703,0 8 19 23 26 28,-1115.6530004692104,0.027303688188252295,7.617581721694748,1.3934951514624074
30,704,3 4 11 23 27 28,-1115.652927347473,0.027310240563625722,7.619409799078807,1.3497665031772752
30,705,0 3 7 26 28 29,-1115.6527947250406,0.0273221247445945,7.622725421462892,1.3097107156006123
30,706,0 1 4 13 22 28,-1115.6527654578736,0.027324747350013626,7.623457114227848,1.5159180154590997
30,707,0 3 9 19 23 28,-1115.652621180552,0.02733767591548455,7.627064114254366,1.3571335160270674
30,708,0 4 19 22 23 28,-1115.652495200677,0.027348964862642197,7.6302136696159835,1.5211988410377866
30,709,0 7 12 22 27 28,-1115.6523288746025,0.027363869197713633,7.634371898703256,1.256721541032206
30,710,0 3 4 7 8 27,-1115.6521370241826,0.02738106074720104,7.6391682482747845,1.2529396152333132
30,711,0 4 7 22 25 28,-1115.6519129127394,0.02740114317896495,7.644771138407325,1.4091198275699814
30,712,0 3 11 12 27 28,-1115.651851383112,0.027406656795429037,7.6463094076589995,1.2303458856144114
30,713,0 3 25 27 28 29,-1115.6514729035512,0.027440572020125634,7.655771572402263,1.3108174765191665
30,714,0 3 17 22 27 28,-1115.6512225093718,0.02746300962504612,7.662031543141104,1.2181033878670067
30,715,3 13 22 23 27 28,-1115.6509052629754,0.027491437799069263,7.66996285034498,1.4785271178524144
30,716,0 4 13 19 27 28,-1115.6508497874556,0.02749640891220603,7.671349764094727,1.310853960225606
30,717,0 3 5 19 23 28,-1115.6508182548341,0.02749923452302982,7.672138094272525,1.2394997274912396
30,718,0 7 19 21 27 28,-1115.6506827597573,0.027511376119174598,7.675525534102152,1.2510620521204932
30,719,0 3 7 10 22 28,-1115.650505338624,0.027527274672814732,7.679961144807031,1.2250932082101937
30,720,0 3 6 22 27 28,-1115.650501157506,0.02752764933917854,7.680065674701492,1.0315012826036698
30,721,0 3 4 9 23 27,-1115.6504623243643,0.027531129143268156,7.681036521271571,1.3457163230533256
30,722,0 3 11 19 26 28,-1115.6503715093029,0.02753926700203902,7.683306939971025,1.235377968864557
30,723,0 3 4 13 19 28,-1115.6503244814369,0.027543481128262992,7.684482658455477,1.3666136434737224
30,724,0 1 3 7 22 27,-1115.649944693195,0.027577513622729186,7.693977540831877,1.181936465821407
30,725,0 3 4 7 21 27,-1115.6498662446286,0.027584543330628538,7.695938791415818,1.2980404708778532
30,726,0 3 5 11 27 28,-1115.6496517754008,0.027603761731841626,7.701300621685474,1.1723730654781093
30,727,0 13 20 22 27 28,-1115.649517581827,0.027615786701427524,7.704655523334288,1.4295030646787885
30,728,0 3 16 21 27 28,-1115.649419857692,0.02762454367628159,7.707098672081292,1.2870654849649366
30,729,0 3 23 24 26 28,-1115.6494162788454,0.02762486437362083,7.707188144909019,1.385422846795448
30,730,0 1 3 9 27 28,-1115.6493774674375,0.027628342230168874,7.708158448125506,1.0618309578196894
30,731,0 5 7 22 27 28,-1115.6491722792373,0.02764672896656139,7.713288248396428,1.1994155001315003
30,732,0 7 8 19 27 28,-1115.6490990516847,0.02765329082393949,7.715118971208641,1.2028375450206452
30,733,0 10 22 23 27 28,-1115.6490738783052,0.027655546588613186,7.7157483173844525,1.3340684874642093
30,734,0 3 16 23 25 28,-1115.6489970618668,0.027662430042937204,7.717668764009801,1.3737368668331091
30,735,0 3 4 25 27 28,-1115.6488585782251,0.02767483944177799,7.721130919347023,1.1288523898015146
30,736,0 7 8 9 27 28,-1115.6487551543653,0.027684107164025255,7.723716563861631,1.2871420093780632
30,737,0 3 4 7 9 28,-1115.648754037667,0.02768420723038868,7.723744481837244,1.2587573472572122
30,738,0 3 8 16 22 28,-1115.648744159034,0.027685092446103038,7.723991452246478,1.480633096366496
30,739,0 3 4 19 21 28,-1115.6486552870863,0.02769305618415178,7.7262132922037114,1.3592455161285701
30,740,0 3 16 19 27 28,-1115.6486518303896,0.027693365935743394,7.726299711226894,1.0707931968366964
30,741,0 1 7 8 27 28,-1115.6486359781184,0.027694786443995385,7.7266960253666275,1.1699887309731218
30,742,0 13 14 23 27 28,-1115.6486318403831,0.02769515722285545,7.726799470668515,1.4364080632563203
30,743,0 1 3 7 28 29,-1115.6486309906982,0.02769523336238721,7.726820713187159,1.3188401243425756
30,744,0 3 6 7 23 28,-1115.6484119417905,0.02771486214473401,7.732297037579423,1.1205803778231314
30,745,0 9 22 23 27 28,-1115.648118381705,0.027741167809011723,7.739636176013665,1.4742866294848922
30,746,0 7 8 19 23 28,-1115.6480382746618,0.027748346131574446,7.741638889287023,1.4446111236497121
30,747,0 2 3 4 27 28,-1115.6479896209944,0.02775270594444613,7.7428552535603155,1.106250817843695
30,748,0 1 11 22 27 28,-1115.6479499493475,0.02775626088626105,7.7438470631504455,1.3730832953155245
30,749,0 3 7 21 26 27,-1115.6479424026809,0.027756937136505906,7.7440357333209,1.183505389360714
30,750,0 1 3 16 22 28,-1115.6479268840899,0.027758327743965812,7.744423705300936,1.3076258227888864
30,751,0 13 19 23 26 28,-1115.6477914518673,0.027770463707794107,7.747809573744647,1.439886148436342
30,752,0 7 8 23 25 28,-1115.6476753335592,0.02778086896852594,7.7507125853602865,1.4815711290862017
30,753,0 1 23 27 28 29,-1115.6476592278993,0.02778231218271338,7.751115234333527,1.4216260852362979
30,754,0 1 7 8 22 28,-1115.6476240482307,0.02778546460226457,7.751994742383382,1.4203199746931068
30,755,0 8 14 22 27 28,-1115.6474847384386,0.02779794803172746,7.755477551864831,1.3910731864182095
30,756,0 1 13 22 26 28,-1115.6474116433903,0.02780449801551185,7.7573049620084475,1.4155375209154761
30,757,0 3 10 19 23 28,-1115.6473044902468,0.02781409991562882,7.759983840346066,1.20244006300235
30,758,0 3 7 9 23 27,-1115.6471199851862,0.027830633253846347,7.764596552523852,1.293074767876098
30,759,0 3 9 14 27 28,-1115.64709895239,0.027832517984445762,7.765122382194388,1.1181428818384098
30,760,0 3 7 11 13 28,-1115.6469300958395,0.02784764907327066,7.769343874355708,1.4866026535771775
30,761,0 1 3 21 22 27,-1115.6469073581416,0.02784968657863107,7.769912327360457,1.366358167681779
30,762,0 3 9 21 26 28,-1115.6465719339967,0.0278797436449005,7.7782980867144,1.331322586029231
30,763,0 7 8 23 26 27,-1115.6465259302054,0.02788386600468341,7.779448202856806,1.3305398540862736
30,764,0 12 13 23 27 28,-1115.646480980558,0.027887893903545066,7.780571964911728,1.434443557398621
30,765,0 3 8 19 26 28,-1115.6464683195302,0.0278890284472459,7.780888496484254,1.2018534749593996
30,766,3 4 8 23 27 28,-1115.6463654817799,0.02789824364872674,7.783459487988338,1.3175913108285227
30,767,0 3 4 7 11 27,-1115.6463617861436,0.027898574811478703,7.783551880609762,1.2814615258676973
30,768,3 22 23 26 27 28,-1115.6463403797618,0.027900493018762403,7.78408705009463,1.2393560980795875
30,769,0 3 8 12 27 28,-1115.6463211167734,0.027902219158422528,7.784568633748584,1.1960229284995325
30,770,3 7 23 25 27 28,-1115.6462246455349,0.02791086386231115,7.7869804595018435,1.1456214417523025
30,771,0 3 9 27 28 29,-1115.6461590349381,0.027916743170893706,7.788620754881938,1.3480700068487022
30,772,0 1 4 21 23 28,-1115.6460930515905,0.027922655881364822,7.790270369208758,1.503802103005105
30,773,0 4 7 19 23 27,-1115.6459533438845,0.027935174967549926,7.793763126723366,1.2864137060676168
30,774,3 7 11 22 27 28,-1115.6459420507945,0.0279361869315341,7.794045459216166,1.2996849995730053
30,775,0 3 8 10 27 28,-1115.645892775746,0.027940602425826848,7.795277358305578,1.0991195499734892
30,776,0 3 4 20 23 27,-1115.6458079230665,0.027948206000732834,7.797398714688788,1.2702442709115007
30,777,0 3 4 8 13 28,-1115.6457840607522,0.027950344281987224,7.797995283624348,1.5053699309729187
30,778,0 7 21 22 26 28,-1115.6456743824046,0.02796017246344853,7.800737293236418,1.4510137393570532
30,779,0 3 9 11 23 28,-1115.645221544328,0.02800075089015819,7.812058455398373,1.5220708785168022
30,780,0 3 9 21 22 28,-1115.6452198786217,0.028000900152657358,7.812100098830481,1.538474842821026
30,781,0 3 11 13 22 28,-1115.6451116354815,0.028010599726428102,7.814806227590626,1.6299711802159143
30,782,0 3 4 22 25 27,-1115.6450684867334,0.028014466248265375,7.815884966326253,1.3079447818690542
30,783,0 3 16 20 23 28,-1115.6450485921905,0.028016248980974347,7.816382339135557,1.3395780328181723
30,784,3 7 19 23 27 28,-1115.6449843349233,0.028022007018877675,7.817988800650307,1.0984845990132994
30,785,1 3 13 22 27 28,-1115.6445177181415,0.028063820143385303,7.82965443683763,1.2745552242147535
30,786,0 4 7 8 22 27,-1115.6444853968314,0.028066716427906518,7.830462484595777,1.4368363468754484
30,787,0 3 7 8 23 26,-1115.6439898876781,0.028111118572734906,7.842850443486777,1.3847654705685097
30,788,0 3 19 22 26 27,-1115.643908476129,0.028118413790945925,7.844885770015446,1.1497006796997447
30,789,0 2 8 23 27 28,-1115.6439082109896,0.028118437549848843,7.844892398621198,1.3882715797900615
30,790,0 4 7 26 27 28,-1115.6438501149166,0.028123643488484524,7.846344827418436,1.0584872935559013
30,791,0 3 19 20 22 28,-1115.643716456841,0.028135620472541655,7.84968634136357,1.2844382834951338
30,792,0 1 7 21 23 28,-1115.6437098163603,0.028136215520249752,7.849852356464295,1.4565841025178314
30,793,0 3 13 22 23 27,-1115.6433591402572,0.028167639301254765,7.85861942185707,1.5618746857716754
30,794,0 7 22 27 28 29,-1115.643283564346,0.02817441159302051,7.860508854728302,1.4657672978614158
30,795,3 7 14 23 27 28,-1115.6431812722305,0.028183577900625145,7.86306620510467,1.1196393296575775
30,796,0 2 3 22 23 28,-1115.6431370340442,0.028187542046075785,7.8641721803018205,1.4702691445009475
30,797,0 3 4 26 28 29,-1115.64301774466,0.028198231464178908,7.867154470291234,1.356610588809318
30,798,3 8 22 26 27 28,-1115.643017549342,0.028198248966462395,7.867159353333916,1.208302934451854
30,799,0 4 7 14 22 28,-1115.6429208034692,0.02820691828008343,7.869578045069768,1.3849021653496958
30,800,0 13 22 23 26 28,-1115.642883547288,0.02821025677412513,7.870509466898742,1.5994665461269657
30,801,0 3 12 19 23 28,-1115.6427221294116,0.028224721289818514,7.874544988752032,1.2907638592710673
30,802,0 3 16 25 27 28,-1115.6426880219046,0.028227777633891546,7.875397692261734,1.1159218127794157
30,803,0 3 20 22 25 28,-1115.6426250126497,0.028233423838499586,7.876972952890355,1.3250179964943103
30,804,0 1 4 7 23 27,-1115.642617258667,0.028234118666142765,7.877166806054732,1.2542790839839926
30,805,0 9 19 23 27 28,-1115.6422919497018,0.02826326931996143,7.885299681224324,1.2966068775783945
30,806,0 1 3 5 23 28,-1115.6421760136188,0.028273658251649448,7.88819813712482,1.204117837828426
30,807,0 4 18 23 27 28,-1115.642112241051,0.02827937285605046,7.889792480926719,1.276318967062618
30,808,0 19 22 25 27 28,-1115.6420900971802,0.028281357149084425,7.890346087979429,1.2597876740598668
30,809,0 4 7 22 26 27,-1115.6418721248551,0.028300889459806647,7.895795497308828,1.2467516209985163
30,810,0 2 22 26 27 28,-1115.6417144813686,0.028315015755706295,7.899736657664105,1.1959918173046031
30,811,0 3 14 22 25 28,-1115.6415986260326,0.02832539745172703,7.902633094852463,1.3361750030739843
30,812,0 6 13 23 27 28,-1115.6415831921595,0.028326780467694896,7.9030189488471665,1.260057456349278
30,813,0 3 4 24 27 28,-1115.6415768814938,0.028327345960961415,7.903176718418116,1.2469989391595802
30,814,0 1 3 4 22 27,-1115.6415293520954,0.028331605029071744,7.904364975446433,1.2337866420365342
30,815,0 3 6 8 23 28,-1115.6414996639955,0.02833426535391279,7.905107191726637,1.2653138543171492
30,816,0 1 3 11 26 28,-1115.6414345634398,0.028340098958165194,7.906734735845158,1.1997850058017312
30,817,0 9 23 25 27 28,-1115.6413830384063,0.02834471607166598,7.908022885606029,1.3369258076950257
30,818,0 1 3 23 26 27,-1115.6412301402402,0.028358417143522906,7.9118454107471505,1.1102281159948775
30,819,0 3 19 21 23 27,-1115.6411800939538,0.02836290174777081,7.913096591141254,1.3890533649007732
30,820,3 8 22 23 27 28,-1115.6409011754545,0.02838789539222899,7.920069683123206,1.4272943036753747
30,821,0 2 3 26 27 28,-1115.6408799636708,0.028389796161735682,7.920599987562353,0.9717027345624397
30,822,0 12 22 26 27 28,-1115.6408364849844,0.028393692249057655,7.9216869749087255,1.19169296849063
30,823,0 4 23 25 26 28,-1115.6407663194268,0.028399979723732163,7.923441146426725,1.346534333923219
30,824,3 8 13 23 27 28,-1115.6407508766965,0.02840136353337833,7.923827221853395,1.44562757532313
30,825,0 1 7 22 23 28,-1115.640748631111,0.02840156475835519,7.923883362536481,1.4435272359369562
30,826,0 3 9 13 26 28,-1115.6406536658042,0.02841007451700528,7.92625753929612,1.3357810323809884
30,827,0 3 8 20 27 28,-1115.6406507215302,0.028410338350841145,7.926331147513142,1.1822732694486016
30,828,0 4 13 23 26 27,-1115.6403327472872,0.028438831746561834,7.934280651218812,1.4269681187737164
30,829,3 4 8 22 27 28,-1115.6402531421777,0.028445965091276757,7.936270815915254,1.31900542426996
30,830,0 9 13 22 27 28,-1115.6402310346891,0.02844794612412539,7.9368235133938425,1.4926000421080472
30,831,0 3 5 23 25 28,-1115.640141172803,0.02845599856969172,7.939070102269971,1.2774911390726889
30,832,0 3 4 7 8 23,-1115.6399866746042,0.02846984301908433,7.942932628970135,1.483321517505437
30,833,0 7 14 23 26 28,-1115.639872895624,0.02848003865467314,7.945777156301641,1.2727918746701512
30,834,1 3 21 23 27 28,-1115.6396348289304,0.028501371604297023,7.951728934171512,1.2614583678228521
30,835,0 4 7 16 27 28,-1115.6395744243987,0.028506784401917142,7.95323907550956,1.1705405783491247
30,836,0 3 10 21 27 28,-1115.639553088679,0.028508696277235557,7.953772478410272,1.1476259301880298
30,837,0 3 20 21 26 28,-1115.639381729272,0.028524051644851365,7.958056543144442,1.2541525819833466
30,838,0 1 3 4 11 28,-1115.6393172127582,0.028529832913605013,7.95966948594112,1.311337553266311
30,839,0 3 12 13 22 28,-1115.6392343826535,0.028537255247340854,7.961740277015521,1.4869078066022543
30,840,0 8 11 22 27 28,-1115.6390942693463,0.028549810679098352,7.965243174748769,1.5358172685125728
30,841,0 4 13 22 23 28,-1115.6390722918793,0.02855178006082525,7.965792621627242,1.6865507114370286
30,842,0 8 13 23 26 28,-1115.638982722583,0.028559806287664555,7.968031895619962,1.571113012583697
30,843,0 1 14 22 27 28,-1115.6389280924104,0.028564701649979186,7.969397675298952,1.2039051236192222
30,844,0 9 20 23 27 28,-1115.6388476652119,0.028571908661382293,7.971408392604021,1.3025747395836227
30,845,0 3 4 8 26 28,-1115.638806838401,0.028575567116439868,7.972429081830476,1.2698384577876443
30,846,3 4 11 22 27 28,-1115.6388004696555,0.028576137814193707,7.972588303425312,1.3479159997230228
30,847,0 3 8 21 23 27,-1115.63864537516,0.028590035697223383,7.976465737821985,1.5265609653923404
30,848,0 4 9 13 27 28,-1115.6385495768905,0.02859862009694369,7.978860739037581,1.3847240764951756
30,849,0 4 22 23 26 27,-1115.638516967452,0.028601542200398435,7.979675990138908,1.4076500335566546
30,850,0 3 8 9 23 27,-1115.6384866963613,0.028604254766545732,7.9804327814617535,1.421662183651921
30,851,0 3 4 7 26 28,-1115.638291285203,0.02862176539070632,7.985318151145932,1.1226019032951624
30,852,0 3 7 13 26 27,-1115.6381890955026,0.0286309225209904,7.98787294109937,1.1870442332226625
30,853,0 2 3 19 23 28,-1115.6381042376324,0.028638526561031722,7.989994427252833,1.2925908142097213
30,854,0 3 6 22 23 28,-1115.6379811218383,0.028649558860408247,7.993072379267939,1.2963892637617214
30,855,0 7 13 19 27 28,-1115.637955078481,0.02865189258304044,7.9937234752936455,1.253092890479419
30,856,0 3 9 14 23 28,-1115.6378180407007,0.028664172419490652,7.997149483422788,1.369630305664448
30,857,0 3 4 7 23 26,-1115.6377641361123,0.02866900276283657,7.998497123160238,1.299466556988377
30,858,0 3 8 13 22 27,-1115.6377003015195,0.02867472292524733,8.000093017616871,1.5356128414787589
30,859,3 8 23 25 27 28,-1115.637607789437,0.028683012852610466,8.002405862633275,1.287181651766917
30,860,0 3 16 20 27 28,-1115.6375925158193,0.028684381508225082,8.002787710166885,1.0748088537798852
30,861,0 2 3 8 22 28,-1115.637354276738,0.028705729905358524,8.008743797808597,1.4425369736063236
30,862,0 4 7 9 22 28,-1115.6372892621384,0.02871155580715795,8.010369192984287,1.440418135611635
30,863,0 3 16 22 23 28,-1115.6372799450442,0.028712390703883692,8.010602124667129,1.5011900927036859
30,864,4 7 22 23 27 28,-1115.6371905922788,0.0287203975275765,8.01283598528664,1.367712843494992
30,865,0 4 8 13 27 28,-1115.6371599463255,0.028723143684832725,8.013602148347678,1.4508559949339364
30,866,0 3 8 18 23 28,-1115.6366868224716,0.028765539902424322,8.025430464360081,1.4124945114300156
30,867,0 3 4 7 14 28,-1115.6365839577188,0.028774757523570622,8.028002130937775,1.188373818899059
30,868,0 4 8 26 27 28,-1115.6363307332442,0.028797448748787004,8.034332860371082,1.2091634618510685
30,869,0 4 8 23 25 28,-1115.6361846752172,0.02881053688171859,8.03798437885838,1.5228294988450624
30,870,0 3 7 13 25 28,-1115.636080123617,0.02881990565980901,8.040598217408105,1.3506007157731648
30,871,0 4 9 23 26 28,-1115.6360403566741,0.028823469141010815,8.041592409441114,1.3830927452816637
30,872,0 4 14 22 23 28,-1115.6360241773914,0.028824918952483628,8.041996899021386,1.5315232574361421
30,873,0 3 4 11 19 28,-1115.6360092409077,0.028826257397813592,8.042370318048542,1.3396567701775963
30,874,0 1 3 14 27 28,-1115.635938788301,0.02883257059470265,8.044131665925649,0.9803250787560852
30,875,0 4 26 27 28 29,-1115.6358114191469,0.02884398403397208,8.047315953914913,1.2974476943070068
30,876,0 3 7 8 26 27,-1115.6356417823422,0.028859185040692764,8.051556952792007,1.1285051197564893
30,877,0 3 9 20 27 28,-1115.635551999541,0.028867230399531294,8.053801564509305,1.0998619822696452
30,878,0 4 22 24 27 28,-1115.6353643634438,0.028884044307206796,8.058492554052407,1.4318393217018734
30,879,0 3 5 7 23 27,-1115.6352456321715,0.02889468371338927,8.061460890985735,1.1660030982734684
30,880,0 11 13 23 27 28,-1115.635228962697,0.02889617745051665,8.061877635586688,1.57548156496812
30,881,0 1 3 11 23 27,-1115.635064739111,0.02891089338342415,8.06598330148651,1.3433835511881924
30,882,0 7 8 11 27 28,-1115.6350529188414,0.028911952587506208,8.066278813711795,1.38153600884921
30,883,0 1 3 12 23 28,-1115.6350061258352,0.028916145668154102,8.067448660594048,1.256979526212945
30,884,0 1 3 9 13 28,-1115.6349592784006,0.02892034362607071,8.06861986820796,1.3441282568933084
30,885,0 3 15 23 27 28,-1115.634903758257,0.028925318737916643,8.070007897575996,1.1095349547680182
30,886,0 3 4 9 22 27,-1115.6348519754893,0.028929958946755242,8.071302490811535,1.343295703776001
30,887,0 1 9 22 27 28,-1115.6345651502681,0.028955661105681495,8.078473254508173,1.2669453436706533
30,888,0 3 13 14 22 28,-1115.634500393827,0.028961463874123818,8.080092195602017,1.486177833865195
30,889,0 3 20 23 26 27,-1115.6344624742496,0.028964861814515783,8.081040202642049,1.1496277325542419
30,890,0 3 7 14 22 27,-1115.6344135630131,0.028969244707933203,8.0822630062631,1.2282001687458268
30,891,0 12 22 23 27 28,-1115.634332064923,0.028976547681001073,8.084300496354999,1.4111512207272092
30,892,0 1 4 8 22 28,-1115.6341799482047,0.028990178727994736,8.088103484937001,1.4624742311079948
30,893,0 5 8 23 27 28,-1115.6341403732922,0.028993725001532043,8.089092876124436,1.329686196917318
30,894,0 3 8 9 26 28,-1115.6341369418683,0.02899403248844898,8.0891786633156,1.2813459706820876
30,895,0 4 9 21 27 28,-1115.6340380113209,0.02900289756887344,8.091651972933596,1.3763400532131935
30,896,0 4 7 14 27 28,-1115.6340272459329,0.029003862245938535,8.09192111263105,1.1241010636252542
30,897,3 13 19 23 27 28,-1115.6339381482312,0.029011846213595063,8.094148596539732,1.2967944531931237
30,898,0 1 3 10 23 28,-1115.6339041587023,0.029014891985756512,8.094998350543129,1.1642779841524973
30,899,0 1 3 11 13 28,-1115.6337787868297,0.0290261264503642,8.098132705567203,1.4397701696324563
30,900,0 3 11 14 22 28,-1115.633747251835,0.029028952273839344,8.098921095073578,1.4662330885032169
30,901,0 1 20 23 27 28,-1115.6336938998488,0.029033733098985732,8.100254919500472,1.1849025823175765
30,902,0 3 10 22 26 28,-1115.6335469949292,0.029046897121226687,8.103927610695715,1.1564517078551328
30,903,0 1 2 23 27 28,-1115.6334101123994,0.02905916304583319,8.107349737495506,1.2000910723249012
30,904,0 3 4 11 13 28,-1115.633314268638,0.02906775152203311,8.109745876026928,1.5269239083735011
30,905,0 1 3 13 19 28,-1115.633272202614,0.02907152102190324,8.11079754615708,1.2625014048693006
30,906,0 3 8 23 24 28,-1115.6332458896945,0.02907387889976813,8.11145538136241,1.553555708650314
30,907,0 19 21 23 26 28,-1115.633051041335,0.02909133909202318,8.116326680816986,1.4277461343051563
30,908,0 1 3 19 21 28,-1115.632994688851,0.029096388789153244,8.11773551907696,1.2552320573585047
30,909,0 4 7 20 22 28,-1115.6329292125147,0.02910225606678784,8.11937245788747,1.3697539433473993
30,910,0 4 7 13 23 27,-1115.6329100348862,0.029103974557417606,8.119851907503215,1.4760054881444473
30,911,0 3 5 9 23 28,-1115.6328957445094,0.029105255105673494,8.120209173559013,1.3147704414732704
30,912,1 3 7 23 27 28,-1115.6328719709707,0.02910738543182792,8.120803523064595,1.0582088894733708
30,913,0 3 4 16 23 27,-1115.6325494223192,0.02913628873631395,8.128867389104641,1.3167007451162034
30,914,0 3 12 21 22 28,-1115.632492793784,0.029141363170172286,8.130283128778371,1.4781168328260732
30,915,0 4 14 22 26 28,-1115.632405443243,0.029149190576276508,8.132466932858492,1.3255834342734365
30,916,0 1 4 22 26 28,-1115.6323661139008,0.029152714844464415,8.133450184672144,1.2763718501041414
30,917,0 4 5 7 23 28,-1115.6323383636056,0.029155201524313553,8.13414395493629,1.3244402345833866
30,918,0 4 20 23 26 28,-1115.6322504813754,0.0291630765746286,8.136341051494226,1.3100199163900468
30,919,0 12 21 23 27 28,-1115.6316793021372,0.02921425945003982,8.150620797640903,1.4222588145492596
30,920,0 3 7 20 21 28,-1115.6316590098058,0.029216077828224142,8.151128115345548,1.3089371050734333
30,921,0 3 4 18 23 28,-1115.6315944739529,0.029221860829952796,8.152741541632905,1.3292882526620728
30,922,0 3 9 25 27 28,-1115.6315258627635,0.02922800901903567,8.154456853222179,1.1364944657815483
30,923,0 3 22 23 25 27,-1115.631348428023,0.029243908792003174,8.158892804112817,1.4114515010016502
30,924,0 16 23 25 27 28,-1115.631163260875,0.029260501459314237,8.163522068787664,1.3109105176588973
30,925,0 2 3 23 25 28,-1115.6310486182888,0.02927077448187934,8.16638818666811,1.3305520569179936
30,926,0 3 12 23 25 28,-1115.630911651242,0.029283047979966597,8.169812426428178,1.3269102265893282
30,927,0 3 19 25 27 28,-1115.6308307659574,0.02929029604006776,8.171834596098579,1.0422316861127838
30,928,3 7 22 26 27 28,-1115.6307929903166,0.029293681082423202,8.172779004655995,1.049048493999412
30,929,0 4 20 22 23 28,-1115.630762110257,0.029296448217753925,8.173551020486656,1.5192987727668275
30,930,0 3 11 21 26 28,-1115.63052054489,0.029318094680455282,8.179590266813976,1.4221058759888163
30,931,0 3 7 9 21 28,-1115.630518316053,0.029318294404607127,8.179645988774979,1.380120765573269
30,932,0 3 4 9 13 28,-1115.6305100630973,0.02931903394479839,8.17985231649908,1.434928950362388
30,933,0 1 22 23 26 28,-1115.6305063980603,0.029319362365576605,8.17994394412462,1.3864509599732715
30,934,0 3 4 8 11 28,-1115.6303241191633,0.02933569621920869,8.184501001179138,1.4799729814527602
30,935,0 9 21 22 27 28,-1115.6303046684766,0.029337439178353433,8.18498727737857,1.4826139940038434
30,936,0 9 21 26 27 28,-1115.6302862980283,0.029339085338267873,8.185446547114905,1.2674851449434281
30,937,0 1 21 22 26 28,-1115.6302680436438,0.02934072109780582,8.185902915202302,1.402333561342854
30,938,0 4 8 9 27 28,-1115.6301136476986,0.029354556384343963,8.189762885515496,1.3312394426440668
30,939,0 23 24 26 27 28,-1115.6300743564493,0.029358077239067235,8.19074518499093,1.3224401480481152
30,940,0 3 8 12 22 28,-1115.6300258932838,0.029362419981233543,8.191956786629508,1.4363576712413226
30,941,0 5 21 22 27 28,-1115.6299952072177,0.029365169732963742,8.192723952529395,1.37541734510455
30,942,0 4 8 23 26 27,-1115.6299312730105,0.02937089882173916,8.194322337393618,1.3740791731286968
30,943,0 3 4 8 21 28,-1115.6298137271683,0.02938143200255424,8.19726103802245,1.4931151977758659
30,944,3 4 23 26 27 28,-1115.6297961187415,0.029383009878383947,8.197701256867488,1.104644829432694
30,945,0 1 19 22 27 28,-1115.6295982978359,0.029400736437912973,8.202646871354652,1.1795186666730662
30,946,0 7 20 23 26 28,-1115.6295291909842,0.029406929042867097,8.204374574732414,1.2565681296568096
30,947,0 14 19 22 27 28,-1115.629522933434,0.029407489776508748,8.204531016393698,1.2319403609553103
30,948,0 10 13 23 27 28,-1115.6294989391984,0.029409639879115976,8.205130883422932,1.3458387895312132
30,949,0 5 19 23 27 28,-1115.6294756041,0.029411730917012525,8.205714271716493,1.1696187514414556
30,950,0 5 22 26 27 28,-1115.6294557249512,0.02941351227026891,8.206211259665967,1.1284855290601798
30,951,0 8 23 25 26 28,-1115.62944317976,0.029414636433947636,8.206524895268315,1.4226106697621967
30,952,0 4 8 19 23 28,-1115.6292804208206,0.029429221121142837,8.210593944322378,1.4840734186988946
30,953,0 3 7 16 23 27,-1115.6292271372222,0.029433995818112273,8.211926059020957,1.2632438630649157
30,954,0 3 7 12 23 27,-1115.629180663958,0.029438160246940723,8.21308791220014,1.2206974924227372
30,955,0 3 5 14 23 28,-1115.6290941973175,0.029445908447499294,8.215249618360275,1.2505624020166413
30,956,0 3 7 9 13 28,-1115.6290429155767,0.029450503759744624,8.216531685688475,1.3861389008239797
30,957,0 11 19 22 27 28,-1115.6290147306856,0.029453029383355242,8.217236321052,1.3941820491932335
30,958,0 3 13 25 26 28,-1115.6289697980646,0.02945705575649393,8.218359657438445,1.2914304188483663
30,959,0 3 7 22 25 27,-1115.6289419925074,0.02945954738832602,8.219054809279122,1.2488702180722848
30,960,0 1 8 22 26 28,-1115.6288895223813,0.029464249190749463,8.220366586792581,1.3589997685020039
30,961,0 1 3 8 11 28,-1115.6287950972883,0.029472710541318697,8.222727257958784,1.3894695413088405
30,962,0 3 4 6 23 28,-1115.628743955022,0.029477293355382118,8.224005838361649,1.1702100878153439
30,963,0 3 4 7 16 28,-1115.6287343672889,0.029478152503815025,8.224245536139973,1.2274654197222574
30,964,0 4 7 16 23 28,-1115.6285571720964,0.029494030811099324,8.228675498220788,1.4128882622166619
30,965,0 3 16 19 23 28,-1115.628288547467,0.0295181020308089,8.235391238673664,1.325736839165643
30,966,0 2 3 21 27 28,-1115.6282784531809,0.029519006571023194,8.235643600514138,1.240302939881539
30,967,0 1 3 20 22 28,-1115.6281950565785,0.02952647966812112,8.23772855429273,1.2473722234083433
30,968,0 3 14 22 26 27,-1115.628125544295,0.02953270860346844,8.239466393654219,1.1643491528103094
30,969,0 1 3 8 26 28,-1115.6281174464116,0.029533434247769434,8.23966884449989,1.1616744686196214
30,970,0 1 4 11 23 28,-1115.6280277487058,0.029541471981273444,8.241911328789994,1.4835938143615701
30,971,0 1 8 13 27 28,-1115.6280191194126,0.029542245244744685,8.242127065127297,1.3555564853722997
30,972,0 1 3 4 28 29,-1115.6279531005084,0.02954816114140001,8.243777568382328,1.361143048049244
30,973,0 4 7 12 23 28,-1115.6279305508126,0.029550181800055128,8.244341321247175,1.37414863022401
30,974,0 3 7 21 25 28,-1115.6277643676465,0.02956507332922469,8.248495977556901,1.3405661110003741
30,975,0 3 4 13 25 28,-1115.6277430325438,0.02956698514924602,8.249029365030022,1.396709746181443
30,976,0 3 4 22 24 28,-1115.6276735115239,0.029573214867452645,8.250767422805035,1.4806836794176266
30,977,0 1 3 9 21 28,-1115.627634438628,0.02957671615570537,8.251744263340733,1.3344552909673912
30,978,0 3 23 25 26 27,-1115.627551966211,0.029584106437359974,8.253806112057365,1.1837661345824684
30,979,0 4 6 23 27 28,-1115.6275330707283,0.029585799645156834,8.25427850789911,1.1057653444960918
30,980,0 3 12 14 23 28,-1115.6272477490947,0.029611367068908313,8.261411681208783,1.3037482720186846
30,981,0 3 8 14 23 27,-1115.6271709383236,0.029618250015391496,8.26333198614928,1.3587671393484761
30,982,0 5 13 22 27 28,-1115.6271307012923,0.02962185562081369,8.264337930612548,1.3809130118760367
30,983,0 3 16 23 26 27,-1115.6270362612518,0.029630318310819484,8.266698975474327,1.2026361092091922
30,984,0 2 3 7 23 27,-1115.6269767571125,0.029635650425051663,8.268186606582365,1.2236629507102954
30,985,0 3 5 8 22 28,-1115.626821130705,0.029649595972259423,8.27207733902761,1.3856676604967748
30,986,0 2 3 20 23 28,-1115.6268153572632,0.029650113325352768,8.272221677749924,1.2954583064001837
30,987,0 3 6 13 22 28,-1115.6266281864814,0.02966688553653517,8.276901034196369,1.3157296673534404
30,988,0 3 11 20 22 28,-1115.626563721648,0.029672662174269424,8.278512684963617,1.4528365215126073
30,989,0 1 4 19 23 28,-1115.6264240701648,0.029685176222367854,8.282004036879218,1.3112277157348322
30,990,0 1 3 8 9 28,-1115.6263856257385,0.029688621194016444,8.282965165386148,1.289239848758807
30,991,0 1 4 14 23 28,-1115.6263500019456,0.029691813411153706,8.283855776747838,1.3300386415966172
30,992,0 7 10 22 27 28,-1115.6263460759992,0.02969216521180322,8.283953927231353,1.1534183384317322
30,993,0 1 3 22 23 27,-1115.6261191453598,0.02971250026928961,8.289627298577741,1.3417341319386906
30,994,0 1 3 26 28 29,-1115.6260638570525,0.029717454606482622,8.291009531929673,1.2520418655387053
30,995,0 19 22 23 26 28,-1115.625996070638,0.029723528888210678,8.292704223765627,1.4129122661455682
30,996,0 3 4 12 27 28,-1115.6259085247536,0.02973137379885998,8.294892911519401,1.092913446706172
30,997,0 3 6 21 27 28,-1115.6259007933525,0.02973206660300449,8.295086200138563,1.0370820106251217
30,998,0 10 19 23 27 28,-1115.6257570434323,0.029744947908491772,8.298680014884576,1.130848164248523
30,999,3 4 14 23 27 28,-1115.6256613264904,0.029753525020507668,8.301072982869954,1.170150273013329
30,1000,0 4 8 21 27 28,-1115.625394567532,0.029777429059056046,8.307742080680672,1.4399790677959046
30,1001,0 3 7 20 22 27,-1115.6253846383725,0.02977831880242866,8.307990314282135,1.212133397619225
30,1002,0 3 21 25 26 28,-1115.6250969098105,0.02980410190894233,8.315183661919015,1.2828784136040083
30,1003,0 3 24 27 28 29,-1115.6249693538102,0.02981553209133178,8.31837262114845,1.4080937206918704
30,1004,0 3 4 7 22 23,-1115.6248829874162,0.02982327130888387,8.320531821098234,1.5058959324516408
30,1005,0 1 3 14 23 27,-1115.6247555517098,0.02983469071184483,8.323717772925265,1.1706142549758014
30,1006,0 3 4 13 26 27,-1115.6247480055763,0.029835366914310886,8.32390642976569,1.2365984918782058
30,1007,0 11 14 23 27 28,-1115.624426833947,0.02986414682504756,8.331935869615288,1.4066500641260793
30,1008,0 8 16 22 27 28,-1115.6243896025449,0.02986748309864818,8.332866671953179,1.4191750310730329
30,1009,0 3 19 22 23 27,-1115.6243348870498,0.029872386106631333,8.334234584732444,1.370031263700399
30,1010,0 8 12 23 27 28,-1115.624321839216,0.02987355531168635,8.334560786635814,1.3771298875935585
30,1011,0 3 4 21 26 27,-1115.6243093919184,0.02987467070321696,8.334871974856156,1.2291500922387504
30,1012,0 3 7 22 24 28,-1115.6242505417388,0.02987994421669206,8.336343256669076,1.4325346158705101
30,1013,3 11 22 26 27 28,-1115.624175447187,0.02988667337424031,8.338220655326303,1.2324644953923185
30,1014,0 4 13 25 27 28,-1115.6241423433792,0.029889639777715426,8.339048265894348,1.3406375275556466
30,1015,0 4 13 19 23 28,-1115.6241347921373,0.02989031643794116,8.339237050447256,1.5278407498214888
30,1016,0 4 13 23 25 28,-1115.6240996709453,0.02989346361745108,8.34011509655386,1.5630312121842507
30,1017,0 6 21 23 27 28,-1115.6240713665006,0.02989599995414997,8.340822720811229,1.2458353128312631
30,1018,0 2 3 19 27 28,-1115.6240517722406,0.029897755778772375,8.341312586409527,1.0158121079844113
30,1019,0 3 4 8 9 28,-1115.6239299505014,0.029908672119005955,8.344358186449265,1.3838882673290844
30,1020,0 16 22 23 27 28,-1115.6237969704791,0.029920588343294825,8.347682748746806,1.4447642636188627
30,1021,0 3 19 23 28 29,-1115.6234626657952,0.029950545095647527,8.3560405210591,1.4913803027659664
30,1022,0 3 13 20 23 27,-1115.6234615123728,0.029950648452819546,8.356069357152558,1.3956061976631406
30,1023,3 13 22 25 27 28,-1115.6234300159517,0.029953470819757813,8.356856782303792,1.3370811017736848
30,1024,0 3 4 20 27 28,-1115.6232254892166,0.02997179828284288,8.36197004564167,1.0795740911973086
30,1025,0 8 10 22 27 28,-1115.6231891383466,0.02997505565272951,8.362878834268983,1.2958861318812471
30,1026,0 14 20 23 27 28,-1115.623104298718,0.029982658058144783,8.364999864370596,1.2329586239887866
30,1027,0 1 3 4 7 28,-1115.6230434215595,0.029988113207449076,8.366521821600074,1.128639721249555
30,1028,0 4 7 10 23 28,-1115.6228018682384,0.03000975859073653,8.372560766776736,1.2871837915892592
30,1029,3 7 20 23 27 28,-1115.6227458570615,0.03001477770364402,8.373961072203592,1.097778096474064
30,1030,0 2 22 23 27 28,-1115.6226040000076,0.030027489391026847,8.377507564413426,1.4100112284867548
30,1031,0 3 13 23 24 28,-1115.622339479985,0.030051192800498904,8.384120687794093,1.5934381038670484
30,1032,0 11 13 26 27 28,-1115.6223169528155,0.030053211440586043,8.384683877489362,1.3717556494166965
30,1033,4 7 13 23 27 28,-1115.6222893356605,0.030055686189853274,8.38537431918551,1.3809784357311063
30,1034,0 4 16 23 26 28,-1115.622138954618,0.030069161704443997,8.389133915066076,1.3563721122711414
30,1035,0 1 11 23 26 28,-1115.6221134497496,0.03007144717355824,8.389771548620564,1.381363028117882
30,1036,0 7 8 25 27 28,-1115.6220637876977,0.030075897346890465,8.391013122974924,1.2352861311677883
30,1037,0 3 9 20 22 28,-1115.6220269266432,0.030079200433963723,8.391934666450695,1.355881451024088
30,1038,0 7 19 22 26 28,-1115.6220163190603,0.03008015097025433,8.392199860948347,1.2500337195576892
30,1039,0 3 21 23 25 27,-1115.6219278742558,0.03008807643236502,8.394411022125334,1.4199459750319283
30,1040,0 3 8 21 26 27,-1115.621887928839,0.030091655906467903,8.395409676091472,1.3146614789239564
30,1041,0 3 5 7 27 28,-1115.621866250027,0.030093598525971117,8.3959516564539,0.9642396466073567
30,1042,0 3 4 9 21 28,-1115.6217935427374,0.03010011376305146,8.397769372454519,1.4251748089276866
30,1043,3 4 23 25 27 28,-1115.6217734068828,0.030101918119490628,8.398272778167904,1.192342324575764
30,1044,0 1 7 19 23 28,-1115.6216562538727,0.030112416098959323,8.40120165781098,1.2570714469745838
30,1045,0 3 14 25 27 28,-1115.6216160853357,0.030116015566669173,8.402205889885611,1.0612081282456152
30,1046,0 3 20 27 28 29,-1115.6213885171487,0.030136407754242266,8.407895200218016,1.264736794517032
30,1047,0 3 4 20 22 27,-1115.6212965013892,0.030144653206525117,8.410195636926927,1.2644054480651192
30,1048,0 1 7 11 23 28,-1115.6212714730425,0.030146895974935584,8.4108213572154,1.4342491810816003
30,1049,0 1 16 22 27 28,-1115.621089990058,0.030163158507543825,8.41535851608899,1.2385773433357532
30,1050,0 3 12 21 26 28,-1115.6210278534986,0.030168726510653887,8.416911958921515,1.2576758170397544
30,1051,0 1 4 21 22 28,-1115.6209870695745,0.03017238112266545,8.41793157595886,1.4976759908349015
30,1052,3 4 7 22 23 28,-1115.6207837323445,0.030190601995226718,8.423015101115576,1.4152367749642667
30,1053,0 3 8 13 26 27,-1115.620567767587,0.030209954409553545,8.428414320321064,1.3210106034759175
30,1054,0 2 4 7 23 28,-1115.6201813934194,0.030244577063110383,8.43807385390029,1.374614797908657
30,1055,0 9 13 26 27 28,-1115.6201630750452,0.030246218556716345,8.438531821761734,1.2705592844843157
30,1056,0 3 13 19 22 27,-1115.6201318226654,0.030249019055325455,8.439313145767095,1.3910927136234774
30,1057,0 3 8 11 23 27,-1115.6200677996958,0.030254756098019104,8.4409137497316,1.5064357398479182
30,1058,0 3 14 22 23 27,-1115.619948927491,0.0302654081330468,8.443885610044623,1.3864705822244094
30,1059,0 3 13 27 28 29,-1115.6198873027088,0.030270930276245056,8.445426258209134,1.4539536538822369
30,1060,0 3 9 19 22 28,-1115.6198723194316,0.030272272914700124,8.445800847095574,1.3479639973537147
30,1061,0 16 20 23 27 28,-1115.6195062448176,0.03030507654288884,8.454952882409366,1.272425373852468
30,1062,0 3 5 11 22 28,-1115.6194182008203,0.03031296608900852,8.4571540232186,1.4110168038008024
30,1063,3 22 23 25 27 28,-1115.6193448550655,0.030319538538387713,8.458987701141982,1.3119609446671492
30,1064,0 5 9 23 27 28,-1115.6190673015494,0.030344409867878827,8.465926667907917,1.2514788904280263
30,1065,0 3 8 21 22 27,-1115.618970873576,0.03035305069481783,8.468337412013147,1.522527101769742
30,1066,0 3 11 12 23 28,-1115.6188628528012,0.030362730342625804,8.471037981537165,1.4559229577571364
30,1067,0 3 13 20 26 28,-1115.6187115930672,0.03037628459599686,8.474819545112705,1.2530586275159348
30,1068,0 6 7 23 27 28,-1115.6187020619498,0.030377138671155893,8.47505782747498,1.0415677310491036
30,1069,0 1 22 25 27 28,-1115.618688516366,0.0303783524791428,8.475396473355751,1.2190366622547644
30,1070,0 3 13 21 26 28,-1115.6186766040419,0.03037941993216958,8.475694286992116,1.4377463315983705
30,1071,0 1 3 7 13 27,-1115.6185931283662,0.030386900114956192,8.477781217639631,1.190847355548929
30,1072,0 1 2 3 22 28,-1115.6183778097504,0.030406194629091603,8.483164283004042,1.2581163540011042
30,1073,0 3 5 27 28 29,-1115.618327784793,0.030410677322065,8.484414930162869,1.2193524156470634
30,1074,0 3 16 24 27 28,-1115.618312296124,0.03041206524824756,8.484802154080988,1.2281377092894588
30,1075,0 1 3 4 27 28,-1115.6182458939284,0.030418015491324443,8.486462239802359,1.0332023259159926
30,1076,0 12 19 23 27 28,-1115.6182416161573,0.030418398818671696,8.48656918606448,1.2220558461716777
30,1077,0 9 14 23 27 28,-1115.618227673771,0.030419648183809385,8.486917752198512,1.3061452245320473
30,1078,0 3 4 5 23 27,-1115.6181412948954,0.030427388519813407,8.489077264190353,1.2148570037530848
30,1079,0 1 4 7 27 28,-1115.6181160878646,0.030429647299951224,8.489707451664387,1.0607693082379643
30,1080,0 1 7 11 27 28,-1115.61803800476,0.030436644259136007,8.491659565533617,1.190222091104166
30,1081,3 7 13 23 26 28,-1115.6179856382705,0.030441336774765324,8.492968752081612,1.3295330017314964
30,1082,0 7 23 25 26 28,-1115.6178303978263,0.03045524773612776,8.496849835262573,1.2862483214337415
30,1083,0 1 8 21 27 28,-1115.6176454212068,0.030471823330329224,8.50147433663194,1.3447803768945934
30,1084,0 1 7 13 22 28,-1115.6176019081654,0.03047572249617519,8.502562182869902,1.4563877695980236
30,1085,0 8 11 26 27 28,-1115.6175343754044,0.03048177404823121,8.504250533249968,1.319454049820874
30,1086,0 3 9 23 26 27,-1115.6174289042217,0.030491225229298355,8.506887361785699,1.2223886259417047
30,1087,3 21 23 25 27 28,-1115.6173761953064,0.030495948429414433,8.508205109139979,1.3240869838437987
30,1088,0 2 19 23 27 28,-1115.617346372352,0.030498620838463067,8.508950696848915,1.2255387197785386
30,1089,0 13 23 25 26 28,-1115.6172947868286,0.030503243372403233,8.510240358883133,1.465398885524043
30,1090,0 11 22 25 27 28,-1115.6172453564402,0.03050767278656735,8.511476141541568,1.4278208353393869
30,1091,0 3 6 21 22 28,-1115.617176450374,0.03051384739930656,8.513198825188423,1.3051126985137715
30,1092,0 7 26 27 28 29,-1115.6170894039806,0.030521647551014452,8.515375025438985,1.2371089790595369
30,1093,0 1 3 13 25 28,-1115.6170611381126,0.03052418043089123,8.516081685261627,1.2976286780983737
30,1094,0 3 9 22 25 28,-1115.616931438328,0.030535802715928456,8.519324240093542,1.3860440890606402
30,1095,0 8 19 26 27 28,-1115.6166077044008,0.030564812231947416,8.527417738578347,1.1268943066592192
30,1096,0 3 7 19 26 28,-1115.6164719887988,0.03057697358916205,8.53081069163987,1.034376975314159
30,1097,0 8 20 22 27 28,-1115.6164308336167,0.03058066146928149,8.53183959029986,1.3677319076289765
30,1098,0 5 11 23 27 28,-1115.6162362309353,0.030598099646529507,8.536704747686228,1.351942381889377
30,1099,0 1 3 7 8 23,-1115.616211801846,0.03060028871600319,8.537315486261004,1.3842200326868526
30,1100,0 4 11 19 27 28,-1115.6161629796434,0.03060466363117492,8.538536063994545,1.2749309608374015
30,1101,0 3 7 8 13 27,-1115.6161601435606,0.030604917770089893,8.538606967380936,1.374540644533102
30,1102,0 4 19 23 25 28,-1115.6159839300756,0.030620708107422834,8.543012386319852,1.3761839983147937
30,1103,1 3 8 23 27 28,-1115.6159308248443,0.030625466821067333,8.544340041756993,1.2047980378203762
30,1104,0 3 13 18 27 28,-1115.6158975980168,0.030628444248223523,8.545170727872593,1.2128856997161832
30,1105,0 1 4 9 23 28,-1115.615725086017,0.03064390289868424,8.549483607963358,1.3854846900341324
30,1106,0 3 6 13 27 28,-1115.6157066142769,0.03064555813526792,8.549945410041452,1.0412779201656908
30,1107,0 3 19 21 22 27,-1115.6157035339552,0.030645834160217728,8.550022419513502,1.382819701007079
30,1108,0 3 20 22 23 27,-1115.61564952667,0.030650673706128524,8.551372626716908,1.3736521956619954
30,1109,0 3 4 16 22 27,-1115.6155849553918,0.030656459882285148,8.552986938652547,1.3138823427063087
30,1110,0 2 3 9 27 28,-1115.6155674908553,0.030658024864234783,8.553423560174595,1.107992189473001
30,1111,0 3 7 13 20 28,-1115.6154317413175,0.030670189262402357,8.556817361645585,1.30945487415556
30,1112,0 3 14 24 27 28,-1115.6154077975075,0.0306723348464181,8.557415968012169,1.1848126393267058
30,1113,1 3 21 22 27 28,-1115.615360995204,0.030676528760189836,8.558586047331477,1.255778228825169
30,1114,3 4 22 26 27 28,-1115.6152892197895,0.030682960492732177,8.56038046601644,1.1032173409997865
30,1115,0 4 19 23 26 27,-1115.6152583310632,0.03068572840466716,8.561152698515501,1.2150706947062537
30,1116,3 4 7 13 27 28,-1115.615194074358,0.03069148639220409,8.562759145978298,1.1886731836861546
30,1117,3 8 13 22 27 28,-1115.615172704568,0.030693401320516924,8.563293400647984,1.4393553702428907
30,1118,0 8 19 22 26 28,-1115.6151173692547,0.030698359869885436,8.564676809174161,1.3823561749285016
30,1119,0 1 3 7 21 27,-1115.6151033275794,0.030699618132211132,8.565027857575652,1.181955400249306
30,1120,0 3 7 8 16 28,-1115.6150640499538,0.030703137766119683,8.566009816450364,1.3087230581967437
30,1121,0 3 4 7 8 22,-1115.6149165799877,0.030716352421691018,8.569696634071656,1.4772518552978104
30,1122,0 3 19 23 25 27,-1115.6148967868892,0.030718126064059284,8.57019147072494,1.2223758565165703
30,1123,0 7 11 22 26 28,-1115.6148866058907,0.030719038374492993,8.570446000414716,1.425405215878487
30,1124,0 3 10 20 23 28,-1115.614786329605,0.030728024045344665,8.572952954111408,1.1971310045455148
30,1125,0 3 4 8 19 28,-1115.6147166215023,0.030734270527881434,8.5746956890441,1.301612764875137
30,1126,0 5 23 25 27 28,-1115.6146725268852,0.03073822180822116,8.575798074944702,1.2078797980789473
30,1127,0 16 19 23 27 28,-1115.614580741659,0.03074644660261882,8.578092748215079,1.263008472004496
30,1128,0 3 7 11 25 28,-1115.614571997963,0.030747230117628952,8.578311344676433,1.3207213288293518
30,1129,0 4 17 23 27 28,-1115.6145626232062,0.030748070181433957,8.578545717946518,1.2769913798282986
30,1130,0 3 8 9 22 27,-1115.6145053503365,0.030753202353545138,8.579977566281336,1.4160183488633593
30,1131,0 3 24 26 27 28,-1115.6144930781954,0.030754302049442378,8.580284375504634,1.118132520654225
30,1132,0 3 7 8 14 28,-1115.6144772530401,0.030755720127861905,8.58068001173422,1.268620664846047
30,1133,0 3 20 21 23 27,-1115.6144727213234,0.030756126211062763,8.580793306756744,1.3855876919549965
30,1134,0 3 8 18 27 28,-1115.614349568889,0.030767161793729594,8.583872174792134,1.1561282010236271
30,1135,0 7 9 21 27 28,-1115.6142637890896,0.03077484844705589,8.586016709606469,1.318459923581994
30,1136,0 1 4 23 25 28,-1115.614236776221,0.03077726904673745,8.586692043860312,1.346666168190154
30,1137,0 1 3 4 7 23,-1115.6140334491306,0.030795489010706785,8.591775315524778,1.3009461488729357
30,1138,0 1 3 7 8 27,-1115.61398888648,0.03079948223111983,8.592889402479603,1.131929077318565
30,1139,0 3 9 16 27 28,-1115.6137951239332,0.03081684512463703,8.59773355611117,1.1490749395081914
30,1140,3 14 23 26 27 28,-1115.613725980171,0.03082304103710704,8.599462182268024,1.0409633353412195
30,1141,0 3 4 12 23 27,-1115.6137251208029,0.0308231180443386,8.599483666870233,1.2682074990641767
30,1142,4 7 23 26 27 28,-1115.6136209744905,0.030832450504933037,8.602087373034486,1.1243885238734022
30,1143,0 4 7 19 22 27,-1115.6135838606176,0.03083577624684185,8.603015237087174,1.2774668499959119
30,1144,3 4 7 13 23 28,-1115.6134009108193,0.0308521702193542,8.607589066984989,1.4308921897418296
30,1145,0 4 8 19 27 28,-1115.6133861109251,0.03085349642501718,8.60795907121108,1.2429984245757077
30,1146,3 4 19 23 27 28,-1115.6132659007717,0.030864268352453268,8.610964380859315,1.144134478763541
30,1147,0 3 14 21 23 28,-1115.6132499388486,0.030865698686513593,8.61136343634657,1.4684031970233016
30,1148,0 3 19 21 26 27,-1115.613160895961,0.03087367774232544,8.613589549877082,1.1516870799786183
30,1149,0 3 9 12 27 28,-1115.6131220459133,0.03087715906135978,8.614560819108569,1.1028382905831613
30,1150,0 11 20 23 27 28,-1115.613082984049,0.030880659361090388,8.61553738385193,1.3912552315821576
30,1151,0 3 7 8 21 27,-1115.6130374370964,0.03088474078395116,8.616676078813882,1.3667061629748243
30,1152,0 3 7 8 19 27,-1115.6129271674388,0.030894621952190348,8.619432871451158,1.1647857675141038
30,1153,0 1 3 19 23 27,-1115.6127445562024,0.03091098558646457,8.623998237144187,1.14476885664475
30,1154,0 3 14 20 22 28,-1115.612570916976,0.030926545246721483,8.628339298423219,1.2913224123366023
30,1155,0 19 20 22 27 28,-1115.612541146416,0.030929212960733227,8.62908357624219,1.2127774246547776
30,1156,0 3 10 21 23 28,-1115.6125395471454,0.030929356269993102,8.62912355875265,1.3872949532981185
30,1157,0 3 7 11 26 27,-1115.6124771146708,0.030934950789811018,8.630684399603629,1.152668609279708
30,1158,4 13 23 26 27 28,-1115.6123676118625,0.03094476324134825,8.633422020651732,1.322024964922319
30,1159,0 3 18 21 27 28,-1115.6123389568609,0.030947330991155604,8.63413840899691,1.2040933300566443
30,1160,0 4 21 23 26 27,-1115.6121881288946,0.030960846554206792,8.63790917818191,1.409659188292122
30,1161,0 3 7 10 27 28,-1115.6121544328616,0.030963866026447812,8.638751594649378,0.9167704635155661
30,1162,0 3 9 24 27 28,-1115.612146078538,0.03096461465013387,8.638960456619525,1.248845366371449
30,1163,0 3 12 26 27 28,-1115.6121184219026,0.030967092937212875,8.639651885346076,0.9551891373657593
30,1164,0 3 19 24 27 28,-1115.611864075288,0.030989884716421754,8.646010668800876,1.1626410731918624
30,1165,0 8 9 26 27 28,-1115.6117905345136,0.030996474641332383,8.64784922230326,1.213271550751267
30,1166,0 3 13 22 25 27,-1115.611560120432,0.03101712184705236,8.653609681323017,1.4259989452797663
30,1167,0 1 7 22 26 28,-1115.6113836339841,0.031032936644342875,8.658021924458152,1.2144009725975662
30,1168,3 8 22 25 27 28,-1115.6111644292791,0.03105257938755505,8.663502143856547,1.280647394288082
30,1169,0 3 4 10 23 27,-1115.6110682123933,0.031061201299119254,8.665907610674243,1.1760568519149501
30,1170,0 4 7 23 28 29,-1115.6109769824302,0.031069376336871596,8.668188402108976,1.5655490674799184
30,1171,0 3 10 11 22 28,-1115.6109701782632,0.031069986052367656,8.668358509443424,1.3761942465786388
30,1172,0 3 7 9 11 28,-1115.6109206125793,0.031074427590246013,8.669597674552733,1.358192741997536
30,1173,0 3 7 10 23 27,-1115.6109113780722,0.031075255086411558,8.669828541519202,1.1187287948587044
30,1174,0 8 18 23 27 28,-1115.6106706591524,0.03109682569971771,8.67584662627441,1.3481518413181328
30,1175,0 3 12 23 26 27,-1115.6106466832857,0.031098974156309397,8.676446034074187,1.1516881100165441
30,1176,0 4 23 26 28 29,-1115.6105179588467,0.031110509041480976,8.679664204815042,1.516353333021124
30,1177,0 3 10 23 25 28,-1115.6105042214872,0.03111174003433303,8.680007645180487,1.2310375181547506
30,1178,3 7 19 22 27 28,-1115.610481543265,0.031113772210125484,8.680574611264523,1.0888729105451729
30,1179,0 1 4 27 28 29,-1115.610260611587,0.031133569705896744,8.686098005792129,1.2982426021815414
30,1180,0 3 9 11 22 28,-1115.610260203407,0.031133606282539264,8.68610821047809,1.5122708527751494
30,1181,0 3 18 23 26 28,-1115.6101446384948,0.031143961953943294,8.68899738693877,1.209885335444015
30,1182,0 8 21 23 26 28,-1115.6099411728176,0.031162194336551482,8.694084123336486,1.5543868906938938
30,1183,0 4 21 25 27 28,-1115.6098396213627,0.031171294274218733,8.69662295685834,1.3282793401492037
30,1184,3 7 9 23 27 28,-1115.6097307929476,0.03118104629396017,8.699343717761401,1.1748497493505679
30,1185,0 4 5 22 23 28,-1115.6096959021866,0.03118417282475354,8.700216002987474,1.4737958360236085
30,1186,0 2 3 13 23 28,-1115.6096453042298,0.031188706863705215,8.701480975397265,1.4754486296841762
30,1187,0 6 22 23 27 28,-1115.6096105588163,0.03119182037003669,8.702349626868727,1.2264884233507962
30,1188,0 3 11 19 23 27,-1115.6094460803158,0.031206559145594257,8.706461665744698,1.3624284171190904
30,1189,0 10 22 26 27 28,-1115.6093566232994,0.031214575311133783,8.708698132689053,1.0819380617263323
30,1190,0 3 4 21 25 28,-1115.609235355737,0.031225441992072642,8.711729878053436,1.3830190016696375
30,1191,0 3 10 13 22 28,-1115.609228991378,0.03122601229675666,8.711888989983912,1.396231378374864
30,1192,0 1 5 23 27 28,-1115.6092016048965,0.031228466375567473,8.712573664734222,1.1281432978075636
30,1193,0 4 9 22 26 28,-1115.609193676808,0.031229176804692258,8.71277187062781,1.3763788284718916
30,1194,0 4 8 22 26 27,-1115.6091866853003,0.031229803307623445,8.712946661566098,1.3697587311900536
30,1195,0 7 11 19 27 28,-1115.6090871510714,0.031238722483416345,8.715435063500083,1.2186688653883897
30,1196,0 4 7 13 26 28,-1115.6090096612193,0.031245666281761696,8.717372345781877,1.3331456050504145
30,1197,0 3 12 19 22 28,-1115.6089941913651,0.031247052521953443,8.717759099317652,1.2813250162667125
30,1198,3 13 20 23 27 28,-1115.6089709148846,0.03124913830715599,8.718341022137924,1.2942991208968515
30,1199,0 3 7 9 22 27,-1115.6089212426696,0.031253589391199134,8.719582850575716,1.281831939662372
30,1200,0 4 8 22 25 28,-1115.6089091667695,0.031254671502111746,8.71988475368316,1.5159757585047726
30,1201,0 1 22 27 28 29,-1115.608879022367,0.03125737271583125,8.72063837773989,1.4102427561877746
30,1202,0 14 22 25 27 28,-1115.6088707259096,0.03125811615418226,8.72084579302953,1.2661362723707121
30,1203,0 7 22 23 25 28,-1115.6088437076721,0.03126053723497297,8.721521261510231,1.4952187754444692
30,1204,0 3 16 22 25 28,-1115.6087361177024,0.031270178278707414,8.724211060705976,1.3617190249314135
30,1205,0 3 14 19 23 27,-1115.6086669526,0.031276376103450305,8.725940220376646,1.1966748524683612
30,1206,0 3 11 16 23 28,-1115.6086531020467,0.031277617239508664,8.726286490641934,1.488662135480069
30,1207,0 3 4 23 27 29,-1115.6086193155375,0.031280644819252836,8.727131169059046,1.4761254220269489
30,1208,0 1 3 4 8 28,-1115.6086106660978,0.03128141988802947,8.727347409066814,1.2689388405845639
30,1209,0 7 9 13 27 28,-1115.608583433823,0.03128386014851671,8.728028228579387,1.3230954605706902
30,1210,0 4 13 22 26 27,-1115.608493324201,0.03129193479348163,8.730281010967976,1.4183144289199296
30,1211,0 3 5 23 26 27,-1115.6084874868316,0.031292457875080684,8.73042694791248,1.0909884113558659
30,1212,0 2 3 23 26 27,-1115.6084600333218,0.031294917960247776,8.731113298403793,1.1548423732797604
30,1213,0 14 22 23 26 28,-1115.6084335114774,0.03129729455968278,8.731776356826195,1.423864211686303
30,1214,0 4 18 22 27 28,-1115.6083449926077,0.03130522665870775,8.733989369666464,1.2668747777073377
30,1215,0 7 13 23 26 27,-1115.608319754748,0.03130748820139781,8.734620327877671,1.3659702785716568
30,1216,0 1 7 8 23 27,-1115.6082616809647,0.03131269214267563,8.736072199422843,1.326136742368286
30,1217,0 3 11 21 23 28,-1115.6082501651751,0.031313724062573475,8.736360099507909,1.6074751830735345
30,1218,0 4 8 19 22 28,-1115.6081628773645,0.03132154584746546,8.738542335300133,1.4795647760203965
30,1219,0 3 8 13 25 28,-1115.6081404892864,0.03132355202370215,8.739102047648364,1.4671765374013634
30,1220,0 9 19 22 27 28,-1115.6080457583457,0.03133204078100977,8.741470365146737,1.2869710255017912
30,1221,0 3 19 20 27 28,-1115.6079210100368,0.03134321936861909,8.74458913078968,0.9917611001047969
30,1222,0 1 4 11 27 28,-1115.6078391935052,0.03135055087694242,8.746634582063924,1.2408130905413883
30,1223,0 10 11 23 27 28,-1115.6077882616396,0.03135511483718318,8.747907902351972,1.3158846479637825
30,1224,0 4 7 25 27 28,-1115.6077614427406,0.031357518055423944,8.748578387277592,1.1380891113759528
30,1225,0 3 12 13 26 28,-1115.6077198531727,0.031361244860478595,8.749618145784535,1.2595665673799743
30,1226,0 1 19 23 26 28,-1115.6075254267334,0.031378667244824146,8.754478897036307,1.1915604678830352
30,1227,0 3 4 13 23 26,-1115.6074418926169,0.0313861526644532,8.756567288734612,1.4664277532248804
30,1228,0 1 3 23 24 28,-1115.607431545104,0.031387079896096105,8.756825981361267,1.3793613478544384
30,1229,0 1 7 14 23 28,-1115.6073836972423,0.03139136750141787,8.758022200117638,1.2709702351109018
30,1230,0 20 22 25 27 28,-1115.6073237070411,0.031396743171237904,8.759521982999738,1.2534854625206524
30,1231,0 3 13 21 23 28,-1115.607310293333,0.031397945161967304,8.759857331929407,1.6251855667981425
30,1232,0 9 11 23 27 28,-1115.607227142345,0.031405396249783495,8.761936145237117,1.456918849802422
30,1233,0 3 5 19 22 28,-1115.6072048826527,0.03140739092147446,8.762492647879148,1.226063190308621
30,1234,3 19 21 23 27 28,-1115.6071846145082,0.03140920713229395,8.762999360900695,1.2792438030649587
30,1235,0 3 11 27 28 29,-1115.6070487371576,0.031421382983662864,8.766396357753077,1.4290636442816023
30,1236,0 7 19 22 23 28,-1115.6067187461485,0.03145095319135147,8.774646286189206,1.4578318307904
30,1237,0 21 22 23 26 28,-1115.6066684219693,0.03145546269734282,8.775904414035404,1.5802467523599537
30,1238,0 3 4 9 11 28,-1115.6065688796966,0.03146438259393351,8.778393017068087,1.4054601984097854
30,1239,4 7 8 23 27 28,-1115.6064849343106,0.03147190486705729,8.780491690692624,1.3247053253344494
30,1240,0 3 7 18 23 28,-1115.6064701588582,0.03147322888251533,8.780861083863352,1.2676929454203276
30,1241,0 1 14 23 26 28,-1115.6063598226392,0.03148311601526105,8.783619540565773,1.2114323042535946
30,1242,0 4 7 23 25 27,-1115.6061883813504,0.03149847872023454,8.78790565238316,1.3117240620776742
30,1243,0 4 11 13 27 28,-1115.6061744035242,0.0314997312611042,8.788255104529279,1.4662258112787914
30,1244,0 2 23 25 27 28,-1115.6061647578254,0.031500595603796304,8.788496251477898,1.2635843187898304
30,1245,0 3 23 26 27 29,-1115.6061083523937,0.03150565004553503,8.789906413458098,1.3750600223713372
30,1246,0 4 7 21 26 28,-1115.6060811023642,0.03150809189700559,8.790587676846435,1.3252142055814566
30,1247,0 3 23 25 28 29,-1115.6060521936831,0.031510682378807706,8.791310407295528,1.520843359309867
30,1248,0 12 13 22 27 28,-1115.605962935314,0.031518680743736545,8.79354190796552,1.4224313298454578
30,1249,0 2 8 22 27 28,-1115.6059496607768,0.031519870263484344,8.793873777558593,1.3772186339441426
30,1250,3 4 14 22 27 28,-1115.6059243643858,0.03152213705110562,8.79450619907732,1.1665125475972324
30,1251,0 8 23 24 27 28,-1115.6059001414324,0.03152430764892598,8.795111784160458,1.4936512218731528
30,1252,0 3 4 7 19 23,-1115.6057377763598,0.03153885704204927,8.799170986358844,1.3274320889583027
30,1253,0 3 8 16 26 28,-1115.6056307441008,0.031548448109804145,8.801846842525867,1.247299109536653
30,1254,0 3 12 19 27 28,-1115.605598811007,0.03155130960660693,8.802645184698225,1.00385097986165
30,1255,3 7 22 25 27 28,-1115.6055638888852,0.031554438947609106,8.803518253957398,1.1334660029361727
30,1256,0 3 8 19 21 28,-1115.605349586007,0.0315736424423847,8.808875925411398,1.4225079457429133
30,1257,0 3 6 11 22 28,-1115.6053264494801,0.03157571568645535,8.809454349323522,1.2854904307453026
30,1258,0 3 8 10 23 27,-1115.605266266582,0.03158110862367866,8.810958949717993,1.2630903325588736
30,1259,0 3 8 13 19 28,-1115.6052600054472,0.031581669678528365,8.811115480994593,1.4288700868855937
30,1260,0 3 21 22 23 27,-1115.6051910924189,0.03158784491514266,8.81283833869923,1.5416748997483267
30,1261,0 3 4 7 25 28,-1115.6051830136307,0.03158856884833076,8.813040312153635,1.1993249668947736
30,1262,0 4 12 23 26 28,-1115.6051692286326,0.03158980411004089,8.813384943507456,1.309871243111157
30,1263,0 4 22 25 26 28,-1115.6050962516297,0.03159634351588277,8.815209402462171,1.3363749235624822
30,1264,0 1 4 7 22 27,-1115.6050891278746,0.03159698186938419,8.815387499645633,1.2433608242987315
30,1265,0 22 23 25 26 28,-1115.604926683814,0.03161153834055564,8.819448676581272,1.4426111154441676
30,1266,0 2 3 11 23 28,-1115.604914281145,0.03161264973294921,8.81975874906395,1.4539535277135514
30,1267,0 1 3 21 26 27,-1115.6048607976345,0.031617442343874105,8.821095861659474,1.1147711399963247
30,1268,0 2 3 4 23 27,-1115.6048580253114,0.03161769076934032,8.821165171024479,1.268456846858884
30,1269,0 3 16 20 22 28,-1115.6047099631548,0.0316309584905806,8.824866793681156,1.3275582665103784
30,1270,0 3 11 14 26 28,-1115.6045236822724,0.03164765095864975,8.829523902229159,1.2369414419035536
30,1271,0 3 5 8 27 28,-1115.6044209806166,0.03165685396481945,8.83209149130722,1.1205734120348985
30,1272,0 20 22 23 26 28,-1115.6044062448827,0.03165817442113334,8.832459891495931,1.4114578410609944
30,1273,0 7 8 19 22 28,-1115.6043323375643,0.03166479719174238,8.834307608770994,1.4313866871240652
30,1274,0 3 22 24 26 28,-1115.6043226066404,0.03166566917138262,8.834550886386946,1.371560617908971
30,1275,0 3 4 7 22 26,-1115.604299482146,0.03166774133724147,8.835129009483794,1.2901909018554223
30,1276,3 7 8 23 26 28,-1115.6041004421766,0.03168557713601278,8.84010510113029,1.272279774264462
30,1277,0 1 9 13 27 28,-1115.6039825242333,0.03169614366048534,8.843053104459699,1.275249950071353
30,1278,0 7 13 25 27 28,-1115.6039804389052,0.03169633052492558,8.84310523863053,1.2815210254098321
30,1279,0 3 7 13 23 26,-1115.6039278956248,0.031701038882642016,8.844418845035374,1.4179905863336635
30,1280,0 1 3 13 26 27,-1115.603907730705,0.03170284584358645,8.844922977391677,1.1222370663153107
30,1281,0 6 8 23 27 28,-1115.603754849284,0.031716545414923976,8.848745083895981,1.1902782582150606
30,1282,0 20 21 26 27 28,-1115.6037473439642,0.03171721796012105,8.848932720378091,1.179510056846592
30,1283,3 4 22 25 27 28,-1115.6037010438745,0.03172136687094327,8.850090244117242,1.1893471517506227
30,1284,3 8 19 23 27 28,-1115.6036383505939,0.03172698476136198,8.851657605239774,1.2316206695402139
30,1285,3 4 13 23 26 28,-1115.6035102960261,0.03173845961995095,8.85485902888788,1.3738432652772827
30,1286,0 3 10 19 22 28,-1115.6034862687243,0.031740612685598045,8.855459722589252,1.1889843070229602
30,1287,0 7 22 24 27 28,-1115.6034423981114,0.031744543893113736,8.85655650828023,1.3711360565772475
30,1288,0 12 21 22 27 28,-1115.603426301235,0.03174598632022429,8.856958937663265,1.4150481440692073
30,1289,0 7 9 23 26 28,-1115.60330019648,0.031757286457789656,8.860111615088273,1.320386327075431
30,1290,0 3 8 23 28 29,-1115.603229624573,0.03176361034506951,8.861875945526746,1.6142864598440272
30,1291,0 7 8 22 26 27,-1115.6031929488536,0.031766896824433385,8.862792855541187,1.317335998408311
30,1292,0 3 19 26 28 29,-1115.6031750275724,0.03176850273487001,8.863240895890327,1.273789223739919
30,1293,0 1 2 3 27 28,-1115.6028338385174,0.031799076389731125,8.871770780674746,0.969876978134458
30,1294,0 3 5 13 23 27,-1115.6027329571273,0.031808116283476844,8.874292862266383,1.3470979884258254
30,1295,3 21 22 23 27 28,-1115.6026770144663,0.031813129256736385,8.875691454764583,1.4538452554712378
30,1296,0 1 3 19 27 28,-1115.6026043030777,0.03181964486111248,8.877509273238736,0.9423699577694827
30,1297,3 13 19 22 27 28,-1115.6025579176885,0.03182380141554538,8.878668929504034,1.288372641109347
30,1298,0 3 4 17 23 28,-1115.6024706760447,0.031831619063465086,8.880850011103313,1.3291563095329118
30,1299,0 1 7 27 28 29,-1115.60243950623,0.03183441216349036,8.88162927094369,1.2426237692048885
30,1300,3 19 23 26 27 28,-1115.6024220903275,0.03183597278738122,8.882064676590854,1.013358382471782
30,1301,0 3 17 21 27 28,-1115.6023424495565,0.03184310932769349,8.884055732841718,1.2122973508952632
30,1302,0 3 7 23 27 29,-1115.6023400344693,0.031843325741563115,8.884116111143953,1.4269188867015214
30,1303,0 12 23 25 27 28,-1115.6023051428042,0.03184645235336652,8.884988418971389,1.258346784745545
30,1304,0 1 7 23 25 28,-1115.6022017644295,0.03185571599972503,8.88757292633502,1.2910656120831103
30,1305,0 3 7 8 22 26,-1115.6021542365618,0.0318599749306725,8.888761145095637,1.3722279591014352
30,1306,0 4 7 11 23 27,-1115.6021426465036,0.031861013505720015,8.889050901931567,1.444532311723729
30,1307,0 11 19 26 27 28,-1115.6019951434864,0.03187423112296611,8.892738545844141,1.1544983745429263
30,1308,0 1 8 22 23 28,-1115.6019171056685,0.03188122402404931,8.89468952752492,1.5495561054599494
30,1309,0 3 6 8 22 28,-1115.6017504955782,0.03189615380951566,8.898854857135087,1.2535452239608562
30,1310,0 4 5 23 26 28,-1115.6013528767578,0.03193178408664244,8.908795512254956,1.2549128853803269
30,1311,3 4 19 22 27 28,-1115.601351502755,0.03193190720983539,8.908829862961632,1.1437204248437163
30,1312,0 4 8 11 27 28,-1115.6013284374533,0.03193397407149286,8.909406506214903,1.4170339056185697
30,1313,0 3 20 26 27 28,-1115.6011683750653,0.03194831712304868,8.913408140229022,0.9372352605311004
30,1314,0 1 3 22 26 27,-1115.6010301644005,0.03196070206066866,8.916863471017587,1.098386347353123
30,1315,0 9 22 25 27 28,-1115.6009788820586,0.03196529742678485,8.918145553375465,1.3249322954983693
30,1316,0 1 3 13 23 26,-1115.6009748826898,0.0319656558067492,8.91824553945233,1.3735980714974507
30,1317,0 1 9 21 27 28,-1115.600862639251,0.03197571384379669,8.921051677533047,1.2669812990256941
30,1318,3 7 14 22 27 28,-1115.600855916484,0.03197631626510917,8.92121974982962,1.1069069620769862
30,1319,0 1 10 23 27 28,-1115.6007249538995,0.03198805170855479,8.924493875247071,1.086552787891129
30,1320,0 3 7 8 11 27,-1115.600637086192,0.031995925457513695,8.926690608733663,1.3475449025328887
30,1321,0 3 5 16 23 28,-1115.6005983010114,0.03199940096385382,8.92766025625482,1.2798462826242378
30,1322,0 13 20 23 26 28,-1115.600475071859,0.0320104434211676,8.930741042279626,1.4284453166377897
30,1323,0 3 4 11 25 28,-1115.600416026487,0.03201573442565894,8.932217203991728,1.3654105760594242
30,1324,0 3 8 25 26 28,-1115.6003647023786,0.032020333534434724,8.933500330531444,1.2268247717569685
30,1325,0 4 7 21 23 27,-1115.6003225487773,0.03202411088202984,8.934554190134538,1.457420607683638
30,1326,3 4 7 21 27 28,-1115.6002523923123,0.03203039754191779,8.936308134331481,1.17525310209688
30,1327,0 3 4 7 13 23,-1115.599988071211,0.0320540831262072,8.942916284582344,1.5141166505884667
30,1328,0 1 3 21 25 28,-1115.5999451418934,0.03205792998507907,8.943989537456691,1.2839896427291437
30,1329,0 7 21 25 27 28,-1115.599869637725,0.03206469584801794,8.945877176719902,1.2728989962435218
30,1330,0 3 5 20 23 28,-1115.5997567051195,0.03207481564071109,8.948700544292633,1.226733465940935
30,1331,3 8 21 23 27 28,-1115.5996962037398,0.032080237116796195,8.950213106875598,1.4235478755268995
30,1332,0 2 3 7 8 28,-1115.5996755474564,0.032082088108406695,8.950729523550223,1.265319738342827
30,1333,0 3 5 22 23 27,-1115.5995059357992,0.032097286861679196,8.954969893727426,1.326399518761457
30,1334,3 4 7 8 23 28,-1115.5994523260656,0.03210209078334514,8.956310161958687,1.3770886816589003
30,1335,0 3 9 11 26 28,-1115.5993864414313,0.03210799464819675,8.957957308405383,1.2979251669462961
30,1336,0 3 4 18 22 28,-1115.5993245557452,0.03211354017077732,8.959504479291445,1.3205436937410424
30,1337,3 7 13 26 27 28,-1115.599280346895,0.03211750168743598,8.960609721069817,1.0600354523126194
30,1338,0 3 5 9 27 28,-1115.5991775610337,0.0321267122391934,8.963179415326147,1.0351555980317062
30,1339,0 3 4 8 25 28,-1115.5990745481981,0.03213594312990992,8.965754784042357,1.335935863250725
30,1340,3 7 21 26 27 28,-1115.5989734534019,0.03214500214679185,8.968282200885842,1.0517136097690547
30,1341,0 3 4 8 23 26,-1115.598896234936,0.03215192162643781,8.970212698381687,1.415834299461644
30,1342,0 1 12 23 27 28,-1115.5988938545925,0.032152134926962984,8.970272208077612,1.1823990461768836
30,1343,0 1 8 23 25 28,-1115.598866237704,0.032154609652351,8.970962643111589,1.4209761785660924
30,1344,0 13 19 22 26 28,-1115.5988135165358,0.03215933395044238,8.972280696795059,1.4246703807345666
30,1345,0 1 19 21 27 28,-1115.5987086816997,0.0321687281090423,8.974901616370024,1.181345845855127
30,1346,0 13 14 22 27 28,-1115.598604885038,0.03217802923774205,8.977496581104674,1.4207766746408408
30,1347,3 4 7 23 26 28,-1115.5985845403793,0.03217985230493234,8.978005207016688,1.1813749762166519
30,1348,0 5 14 23 27 28,-1115.598490410504,0.03218828720130347,8.980358497604325,1.1780170220574058
30,1349,0 3 7 11 14 28,-1115.5984776283162,0.03218943260204024,8.980678058231309,1.2927376943693603
30,1350,0 3 7 14 26 28,-1115.5984101954757,0.032195475200307175,8.98236391055252,1.0499304432438397
30,1351,0 4 7 14 23 27,-1115.598398460641,0.03219652674865558,8.982657286869413,1.2868784242871287
30,1352,0 9 20 22 27 28,-1115.5983658239925,0.03219945129037794,8.983473218234252,1.2905708172335304
30,1353,0 3 8 20 23 27,-1115.5983576874241,0.03220018040119943,8.983676636220444,1.3362365881957081
30,1354,7 13 23 26 27 28,-1115.5983439585598,0.03220141063280979,8.984019864203564,1.2648175001646917
30,1355,0 3 8 17 23 28,-1115.5983231496705,0.03220327529930558,8.984540096097415,1.4084361677940163
30,1356,2 3 7 23 27 28,-1115.5982962212724,0.03220568832966283,8.985213318550608,1.1042277404341725
30,1357,0 3 9 12 23 28,-1115.5982594216764,0.03220898590950025,8.986133325537288,1.3531209054257722
30,1358,0 1 3 23 25 27,-1115.5981786462087,0.032216224129001,8.988152749733258,1.183805551213341
30,1359,0 3 4 22 23 26,-1115.5981076776886,0.03222258355643908,8.989926995684163,1.4448527211586717
30,1360,0 3 15 22 27 28,-1115.5980580129656,0.03222703396913396,8.99116863681941,1.0991278189304465
30,1361,0 7 20 22 23 28,-1115.5979330914386,0.03223822807866146,8.994291732993796,1.4611408802500734
30,1362,0 7 8 22 25 28,-1115.5978114314698,0.03224912992278479,8.997333288696966,1.4661148446234613
30,1363,3 14 22 23 27 28,-1115.5977658116262,0.03225321787734459,8.998473805967716,1.2816703683343174
30,1364,0 3 7 8 28 29,-1115.59767784998,0.032261100044053075,9.000672887961034,1.4710513465835222
30,1365,0 3 7 16 26 28,-1115.597627693335,0.03226559453745443,9.001926827375607,1.0957887122831365
30,1366,0 3 13 19 26 27,-1115.5975395954758,0.03227348891008931,9.004129314756545,1.1531556730061878
30,1367,0 3 13 14 26 28,-1115.5974530524197,0.03228124395817602,9.006292931340095,1.2568173035780341
30,1368,0 2 4 23 26 28,-1115.597437328121,0.03228265299892359,9.006686046107955,1.31050323333884
30,1369,1 3 13 23 26 28,-1115.5973748710155,0.03228824972589824,9.008247502743757,1.275560345372354
30,1370,0 3 4 6 22 28,-1115.5973657837544,0.03228906402747267,9.008474688490478,1.1619528874680038
30,1371,0 1 3 7 9 28,-1115.597324097168,0.032292799526273376,9.009516872505673,1.1330809493957308
30,1372,0 3 9 14 22 28,-1115.5972466154922,0.03229974259194244,9.011453950374735,1.3576478257372444
30,1373,0 21 25 26 27 28,-1115.5971710708843,0.03230651207863382,9.013342600645347,1.212880887168811
30,1374,0 3 4 12 22 27,-1115.5971356950015,0.032309682080765414,9.01422701414029,1.2657100220554673
30,1375,0 3 12 14 27 28,-1115.5970454211715,0.032317771440258,9.016483901802722,1.023691956426415
30,1376,0 3 5 21 26 28,-1115.5968671268604,0.032333748238610974,9.020941342360409,1.1925262436604205
30,1377,0 13 23 24 27 28,-1115.596849548319,0.03233532343644367,9.021380814058727,1.5356297871413886
30,1378,0 13 25 26 27 28,-1115.596839004348,0.03233626827250873,9.0216444182242,1.2200644175651159
30,1379,0 6 11 23 27 28,-1115.596829590714,0.032337111820091656,9.021879763449531,1.2194637044164467
30,1380,0 2 4 7 27 28,-1115.5967828974076,0.032341295966713986,9.023047117786842,1.1118704436060447
30,1381,0 3 8 22 24 28,-1115.5965467768387,0.032362454525792825,9.028950241635354,1.54328019331025
30,1382,0 4 20 22 26 28,-1115.5965027287066,0.03236640164065599,9.030051465390466,1.2999316155228018
30,1383,0 19 21 22 26 28,-1115.5963381503452,0.03238114936466445,9.034166000835969,1.417332648371894
30,1384,0 3 7 19 28 29,-1115.5962226036784,0.03239150340111644,9.037054721153845,1.3278710951883514
30,1385,0 8 9 23 26 28,-1115.5961973566814,0.03239376576258652,9.037685907800261,1.446603365006532
30,1386,0 3 25 26 27 28,-1115.5961966555626,0.03239382858923131,9.037703436095255,0.9780497473584405
30,1387,0 1 3 12 22 28,-1115.5961195402629,0.03240073882425891,9.039631354392444,1.2456434584969103
30,1388,0 7 20 21 27 28,-1115.5960557335031,0.03240645649257522,9.041226553010182,1.2368928814389006
30,1389,0 3 8 18 22 28,-1115.596045907114,0.03240733702676116,9.04147221729824,1.4005417906005369
30,1390,0 1 7 21 22 28,-1115.5960154407026,0.032410067095436444,9.04223389173198,1.4419470118983204
30,1391,0 7 8 13 23 28,-1115.5959028028126,0.03242016047891896,9.045049891277404,1.6030282457502245
30,1392,0 2 3 19 22 28,-1115.5958409592406,0.03242570222768693,9.046596009290107,1.2799075453105322
30,1393,0 8 13 22 26 28,-1115.5958068456657,0.03242875911550112,9.047448864500659,1.5584352864328141
30,1394,0 7 8 9 23 28,-1115.595708434701,0.03243757763656872,9.049909184309241,1.4973852342510487
30,1395,0 4 16 26 27 28,-1115.595702665088,0.03243809464657151,9.050053427311143,1.088807962771823
30,1396,0 1 3 8 19 28,-1115.5956708026135,0.03244094981523947,9.05085000396802,1.1931383111636595
30,1397,0 1 4 8 27 28,-1115.5956483975322,0.03244295751512091,9.051410141404913,1.2045246793575413
30,1398,0 3 13 18 23 28,-1115.595625546386,0.032445005186486985,9.051981430670402,1.4446617267432695
30,1399,0 3 21 24 26 28,-1115.5953602969996,0.03246877395359697,9.058612788479497,1.3805388009708093
30,1400,0 4 14 19 23 28,-1115.5952904160101,0.032475035928365904,9.060359845661392,1.347267008312506
30,1401,0 4 7 13 22 27,-1115.5952477746578,0.03247885698291294,9.061425899268306,1.4652845276839612
30,1402,0 1 3 11 22 27,-1115.5952447844058,0.03247912493678966,9.061500656954502,1.331707777432367
30,1403,0 3 8 14 26 28,-1115.5951239672977,0.0324899512529092,9.064521140752033,1.2016906203486406
30,1404,3 4 9 23 27 28,-1115.5950837928892,0.03249355124675641,9.06552551961615,1.2242083792330372
30,1405,0 4 7 11 26 28,-1115.5950283380246,0.03249852050900945,9.066911916979322,1.3061903021968653
30,1406,0 3 7 11 21 28,-1115.595020850532,0.032499191456723656,9.067099107772329,1.460681344749506
30,1407,0 3 21 23 24 28,-1115.594973037313,0.03250347595774736,9.068294460446285,1.577606786590337
30,1408,0 8 12 22 27 28,-1115.5948986293483,0.032510143590821945,9.07015469410724,1.3695443940162992
30,1409,0 1 13 23 26 27,-1115.5948494693998,0.0325145487711068,9.071383715644084,1.316016167166599
30,1410,0 5 8 22 27 28,-1115.5948317292898,0.03251613844695697,9.071827226631179,1.3182118576136672
30,1411,3 7 16 23 27 28,-1115.5948214208242,0.03251706217960202,9.072084943056305,1.144593962591642
30,1412,0 1 13 19 27 28,-1115.5947812406723,0.032520662688115605,9.073089465509566,1.1872853079775352
30,1413,0 4 19 21 23 28,-1115.5947595930525,0.03252260251252809,9.073630666056754,1.5108704554134977
30,1414,0 4 6 22 27 28,-1115.5946575692253,0.032531744779059776,9.076181309103458,1.0970405697052332
30,1415,0 7 19 26 27 28,-1115.5946463085402,0.03253275383927425,9.076462831460178,0.9549153060660363
30,1416,0 4 10 23 26 28,-1115.5945434829769,0.03254196794868846,9.079033518283563,1.2173903604322838
30,1417,0 4 7 16 22 28,-1115.5945335370357,0.03254285919584043,9.079282171431355,1.4035283707049326
30,1418,0 3 6 7 22 28,-1115.5944453768814,0.03255075915069026,9.081486216220153,1.1031393341519133
30,1419,0 1 4 19 22 28,-1115.594345820769,0.032559680287451695,9.083975165253783,1.3026182453134836
30,1420,0 7 13 19 23 28,-1115.5942849962444,0.03256513072026449,9.085495806607573,1.4711592402540583
30,1421,0 4 7 12 22 28,-1115.5942819568781,0.03256540307523147,9.085571792174209,1.3649233756125259
30,1422,0 1 3 9 23 27,-1115.5942698567678,0.032566487355607514,9.08587430055025,1.2246865217264402
30,1423,0 1 3 4 13 27,-1115.5942511286307,0.03256816556770506,9.086342512672777,1.235903748501969
30,1424,0 4 9 11 27 28,-1115.5942368262067,0.032569447195497106,9.08670007991334,1.3465861307642917
30,1425,0 2 20 23 27 28,-1115.5942229504183,0.03257069059284793,9.087046981067028,1.2241370426953873
30,1426,0 3 8 26 28 29,-1115.5942037380219,0.032572412199002254,9.087527299897316,1.417936739020422
30,1427,0 3 16 19 22 28,-1115.5941855682943,0.03257404037250859,9.087981551522816,1.3163285165658223
30,1428,0 4 8 9 23 28,-1115.5940220149525,0.0325886962453985,9.092070461001708,1.5416802867971244
30,1429,0 3 11 23 25 27,-1115.5940205775464,0.032588825050112964,9.092106396822238,1.3953747941823864
30,1430,0 4 16 22 26 28,-1115.5939381566996,0.03259621071060956,9.094166956260713,1.3492752931093586
30,1431,0 3 19 20 23 27,-1115.5939258195044,0.03259731623594905,9.094475391866958,1.1782482191421397
30,1432,0 1 7 9 23 28,-1115.593885835632,0.03260089915603468,9.095475007243694,1.3274202267027757
30,1433,0 3 7 19 21 27,-1115.593883868366,0.03260107544102468,9.095524189804976,1.2057701332185389
30,1434,0 3 7 12 21 28,-1115.593817135263,0.032607055336423475,9.097192548364209,1.3046570764832122
30,1435,0 11 19 23 26 28,-1115.5937687218423,0.03261139362100032,9.098402906359373,1.3988276553044698
30,1436,0 1 4 11 22 28,-1115.593737019509,0.03261423443954316,9.099195479408749,1.4741857117233435
30,1437,0 3 4 22 27 29,-1115.5936336000118,0.03262350177085995,9.101781014855863,1.474014986401226
30,1438,0 4 8 25 27 28,-1115.5936180424374,0.03262489587159242,9.102169961440099,1.277236133845307
30,1439,0 3 7 8 24 28,-1115.593591661141,0.0326272598766359,9.102829506095205,1.3911698049163252
30,1440,0 1 8 9 27 28,-1115.5935530549755,0.03263071934160341,9.10379467815993,1.2175726334991246
30,1441,0 12 14 23 27 28,-1115.5935060997608,0.032634926957603345,9.104968580326995,1.2323196126463347
30,1442,0 20 21 23 26 28,-1115.5934392033291,0.03264092148874061,9.106641022178314,1.419407727192094
30,1443,0 1 3 5 22 28,-1115.5934039939118,0.032644076574043585,9.107521273958536,1.1888188344368096
30,1444,0 4 19 26 27 28,-1115.5933599477235,0.03264802351472294,9.108622449117306,1.0185783687442884
30,1445,0 3 6 11 27 28,-1115.593334461355,0.032650307326065414,9.109259620162412,1.005771914486537
30,1446,0 3 16 22 26 27,-1115.593306237825,0.03265283641208083,9.109965221518202,1.1934440651799454
30,1447,0 4 7 24 27 28,-1115.5932495296056,0.03265791798635446,9.111382953329278,1.2517763265424169
30,1448,0 1 4 13 23 27,-1115.5932245169633,0.03266015934750079,9.112008280998651,1.4189844100580233
30,1449,0 3 4 11 26 27,-1115.593217144342,0.03266082000170411,9.112192599957645,1.2010667911774164
30,1450,1 3 7 22 27 28,-1115.5932105317868,0.03266141254702523,9.112357916905902,1.0468253876017413
30,1451,0 3 20 22 26 27,-1115.5931854960725,0.032663655975638965,9.112983821387527,1.137428752495071
30,1452,1 3 11 23 27 28,-1115.5930817676813,0.032672950986675144,9.115577079327037,1.227507419555888
30,1453,4 22 23 26 27 28,-1115.5930397373477,0.03267671728836032,9.116627857180843,1.2947365805405362
30,1454,0 2 3 4 7 28,-1115.5929928997698,0.032680914363031194,9.11779881837396,1.1736183655139325
30,1455,0 3 8 17 27 28,-1115.5929284445842,0.03268669013622373,9.119410227938731,1.1602245636807715
30,1456,0 3 4 20 21 28,-1115.5929153666868,0.03268786203524957,9.11973718144543,1.3446089372500873
30,1457,0 3 4 7 20 28,-1115.5928385082498,0.0326947492530358,9.121658678056436,1.1581075703108652
30,1458,0 3 4 19 28 29,-1115.592819353315,0.03269646571010177,9.12213756031885,1.3763213689057734
30,1459,0 3 8 14 22 27,-1115.5927016052715,0.032707017010005376,9.12508131607564,1.3492357796056977
30,1460,3 4 7 11 27 28,-1115.5926726991331,0.03270960726395658,9.125803982955558,1.1559542472848092
30,1461,0 4 21 22 26 27,-1115.5926137501503,0.032714889631099205,9.127277734893958,1.4058712372796434
30,1462,0 3 14 27 28 29,-1115.5925244643092,0.03272289045776737,9.129509922375947,1.2654633896252963
30,1463,0 3 4 7 19 27,-1115.5923954636762,0.03273445009244221,9.132734998094705,1.0604931345570225
30,1464,0 1 4 7 13 28,-1115.5922574708795,0.03274681550709174,9.13618488207983,1.3372928899230268
30,1465,0 18 23 26 27 28,-1115.5921323010416,0.032758031867545605,9.139314186142643,1.1409100206834182
30,1466,3 21 22 25 27 28,-1115.5921030441143,0.03276065355538753,9.140045622908508,1.3181639062395751
30,1467,0 3 12 27 28 29,-1115.5920205180503,0.032768048644303174,9.142108812825041,1.2640296648113067
30,1468,1 3 7 13 23 28,-1115.5919511630434,0.032774263486226946,9.143842720197382,1.3301150635135899
30,1469,0 3 5 9 22 28,-1115.5919477952675,0.032774565269699116,9.143926916158224,1.3026804794742914
30,1470,0 4 13 19 22 28,-1115.5919224133054,0.032776839725278915,9.144561476996012,1.5192722372056386
30,1471,0 3 7 8 9 27,-1115.591807141192,0.03278716915923152,9.147443333349276,1.2425390062875756
30,1472,0 3 5 21 23 27,-1115.5917831702038,0.03278931717866242,9.148042619183547,1.3361840455485503
30,1473,0 3 19 23 24 28,-1115.5917486542091,0.032792410126965384,9.14890553507595,1.4016620084793214
30,1474,0 19 23 27 28 29,-1115.591739586369,0.032793222688250266,9.149132235291276,1.4279332919641172
30,1475,0 3 4 5 22 27,-1115.5916664349593,0.03279977772252956,9.150961054495728,1.2085722544215187
30,1476,0 3 13 17 27 28,-1115.5916034872482,0.03280541841224084,9.152534776497905,1.2154381556291747
30,1477,0 4 9 26 27 28,-1115.5916007054298,0.0328056676885773,9.152604323251119,1.1125602617234203
30,1478,0 3 14 20 27 28,-1115.5915190247415,0.0328129870241036,9.154646378380656,1.00871078775179
30,1479,0 4 10 22 23 28,-1115.5914261298956,0.03282131125055773,9.156968792658429,1.4366248668205492
30,1480,0 3 8 21 25 28,-1115.5913915873896,0.03282440657451669,9.157832371346036,1.4546637533300808
30,1481,0 3 19 22 28 29,-1115.591338438024,0.032829169243003505,9.159161130162849,1.4828250009798472
30,1482,0 7 11 13 27 28,-1115.5912912351782,0.032833399049009275,9.160341223221842,1.4135153991461473
30,1483,0 3 4 11 14 28,-1115.591252949752,0.032836829772793646,9.161298376651512,1.3408588958282077
30,1484,0 7 12 23 26 28,-1115.5912269507712,0.03283915951888441,9.16194836324361,1.252371164656906
30,1485,0 3 8 11 22 27,-1115.5912085509308,0.03284080831260301,9.162408367797099,1.4991221627754792
30,1486,0 7 19 23 26 27,-1115.5910526782984,0.032854775923798735,9.166305255975967,1.1497651038273455
30,1487,0 3 12 22 25 28,-1115.591025748204,0.03285718910617205,9.166978520840823,1.3152595269492946
30,1488,4 7 13 22 27 28,-1115.59098844923,0.032860531434824626,9.167911012505545,1.372703096240061
30,1489,0 11 13 22 27 28,-1115.5908120916388,0.03287633468539366,9.172320034167674,1.56240833381972
30,1490,0 3 12 16 27 28,-1115.5907576157826,0.0328812162195437,9.173681955863337,1.0682500086231435
30,1491,0 12 21 26 27 28,-1115.5905909351263,0.032896152328377185,9.177849049658825,1.1857151178507732
30,1492,0 7 22 23 26 27,-1115.5905773162772,0.03289737270162035,9.178189527210673,1.339942462012556
30,1493,3 7 23 27 28 29,-1115.5905455005902,0.03290022367769294,9.178984934156059,1.3290699251531055
30,1494,1 3 8 22 27 28,-1115.5904867821523,0.032905485385911266,9.180452922366019,1.1989484003077227
30,1495,0 1 3 8 23 26,-1115.5904356849426,0.032910064162492356,9.181730376333093,1.3193853218275673
30,1496,0 3 13 24 26 28,-1115.5904121061346,0.03291217703899129,9.18231985747892,1.385226928350759
30,1497,0 3 5 22 25 28,-1115.59036983563,0.03291596486218651,9.183376639717933,1.2618738421719873
30,1498,0 7 21 23 26 27,-1115.590367057192,0.032916213835611455,9.183446101960467,1.3524646164893002
30,1499,0 2 3 25 27 28,-1115.590323830013,0.03292008738557872,9.18452680150645,1.0515589576173348
30,1500,0 3 21 22 25 27,-1115.5902933492657,0.032922818738862096,9.18528883433892,1.4115553787797464
30,1501,0 1 8 13 23 28,-1115.590184726777,0.03293255230573573,9.188004446991403,1.5622963496087838
30,1502,0 2 7 23 26 28,-1115.5901582389054,0.032934925860896705,9.188666656077773,1.2557001532221277
30,1503,0 3 7 9 26 28,-1115.5901271046378,0.03293771577557312,9.189445027223007,1.118092636025225
30,1504,0 3 11 16 26 28,-1115.5901127551033,0.03293900162489268,9.189803772246975,1.2720091072053088
30,1505,0 3 7 12 22 27,-1115.590002844515,0.03294885061723324,9.192551587982097,1.2093468573773882
30,1506,3 20 21 23 27 28,-1115.5899219231642,0.032956101909198815,9.194574659325236,1.279962501337378
30,1507,0 3 7 16 22 27,-1115.5896742766529,0.03297829329796955,9.200765937086446,1.2517349484818403
30,1508,0 3 4 7 11 23,-1115.5895922501118,0.03298564362507095,9.202816638698259,1.4910407850511926
30,1509,0 7 16 23 26 28,-1115.5894188485047,0.033001181992463345,9.207151759382953,1.293017964032484
30,1510,0 16 22 25 27 28,-1115.589404986475,0.033002424156896845,9.207498316559358,1.2985349560122472
30,1511,0 7 8 16 27 28,-1115.5893701766458,0.03300554343545826,9.208368578451836,1.2408908205224793
30,1512,0 6 13 22 27 28,-1115.5892418581302,0.03301704194618641,9.211576600919187,1.2434097731935767
30,1513,0 3 7 17 23 28,-1115.5892084807488,0.033020032864345704,9.212411050951879,1.2726415965568698
30,1514,0 5 7 23 26 28,-1115.5890593930176,0.033033392486439314,9.216138313450902,1.1960815295181078
30,1515,3 4 7 11 23 28,-1115.5888696543543,0.033050394803246924,9.220881868125534,1.4013364858904456
30,1516,0 4 5 7 22 28,-1115.5888043355362,0.033056247965799604,9.222514868904327,1.3113768543190982
30,1517,0 1 13 23 25 28,-1115.5887747734982,0.03305889699434531,9.22325393357907,1.4644766796816915
30,1518,0 3 4 7 27 29,-1115.5887141624014,0.033064328302086304,9.224769239140992,1.314357250765391
30,1519,0 4 19 22 26 27,-1115.5887116849387,0.03306455030536317,9.224831176857696,1.208786153400442
30,1520,0 7 18 23 27 28,-1115.5884889304093,0.033084511145260155,9.230400143515263,1.2013173662470022
30,1521,0 1 3 7 16 28,-1115.5883761809273,0.03309461452840881,9.233218932913598,1.1045375994686182
30,1522,0 3 14 23 24 28,-1115.5883713859473,0.033095044202400455,9.233338809639498,1.4180911939281866
30,1523,0 2 3 5 23 28,-1115.5882814405395,0.03310310413226723,9.23558748659508,1.2370562349319179
30,1524,0 4 21 22 23 28,-1115.588222378008,0.033108396674421156,9.237064077306748,1.662744644089251
30,1525,0 4 7 20 23 27,-1115.5880741181236,0.0331216821138766,9.240770643249881,1.2710500987687416
30,1526,3 19 21 22 27 28,-1115.5880694283073,0.03312210236423726,9.240887890833568,1.275797531282259
30,1527,0 4 7 8 26 28,-1115.5879605862322,0.03313185560805338,9.243608993246864,1.2734033188553067
30,1528,3 5 13 23 27 28,-1115.587942375414,0.03313348746364515,9.244064272154336,1.2429571487803435
30,1529,0 10 21 23 27 28,-1115.5879034512718,0.03313697542222211,9.2450373937824,1.3229864445771993
30,1530,0 4 7 20 27 28,-1115.5877083909782,0.033154454605707186,9.24991399168771,1.0921445363670936
30,1531,0 13 21 26 27 28,-1115.5875831564495,0.033165676763044445,9.25304491304972,1.3727344055997512
30,1532,0 1 3 11 19 28,-1115.5875524991625,0.03316842393590083,9.253811359457725,1.2217705109841415
30,1533,0 14 19 23 26 28,-1115.5875451544173,0.033169082092138494,9.253994981497774,1.2355847181878117
30,1534,0 4 11 19 23 28,-1115.5874381030849,0.033178674869050274,9.256671314510358,1.495043026470323
30,1535,0 1 3 16 23 27,-1115.58742870886,0.033179516677382774,9.256906174494201,1.1985824310121773
30,1536,0 7 13 23 25 28,-1115.5869826795529,0.03321948497617053,9.268057114257127,1.5047213261392696
30,1537,0 3 4 7 24 28,-1115.5868979945044,0.033227073529806875,9.270174279787136,1.3068982045172965
30,1538,4 13 22 26 27 28,-1115.586889562574,0.03322782910776444,9.270385081961521,1.3160681293396628
30,1539,0 3 10 23 26 27,-1115.5868803343183,0.0332286560437464,9.270615792639793,1.0431495296901205
30,1540,0 3 4 13 20 28,-1115.5868800190347,0.03322868429603722,9.270623674876532,1.3490251332076104
30,1541,0 3 4 10 27 28,-1115.5868192536013,0.03323412943373577,9.272142838922012,0.9730802304749666
30,1542,0 4 19 27 28 29,-1115.5867586223817,0.03323956254466318,9.27365864756322,1.3189595283863185
30,1543,0 3 4 19 26 28,-1115.586686632435,0.0332460135012579,9.275458429655096,1.0834362594617932
30,1544,0 7 19 23 25 28,-1115.5866742784576,0.03324712053043788,9.275767284824722,1.3149524041787486
30,1545,0 1 8 26 27 28,-1115.5866250732943,0.03325152976238589,9.276997436753733,1.0807390552875944
30,1546,0 1 4 14 22 28,-1115.5864491884615,0.033267290649473764,9.281394639233136,1.3184473959400154
30,1547,0 4 11 23 26 27,-1115.5864204375293,0.03326986699553396,9.282113425886484,1.3858911933210154
30,1548,0 1 3 8 25 28,-1115.5863991137007,0.03327177780529331,9.282646531501964,1.2327294809549394
30,1549,3 8 21 22 27 28,-1115.5863830759536,0.033273214933887026,9.283047482627387,1.422148574766542
30,1550,0 3 22 25 26 27,-1115.5863526729054,0.033275939324626747,9.283807572947733,1.1716815831575662
30,1551,4 7 19 23 27 28,-1115.586339148486,0.03327715123609048,9.284145689708764,1.159003170685367
30,1552,0 3 20 25 27 28,-1115.586315207952,0.03327929652654672,9.28474421417383,1.0331209359926248
30,1553,0 1 4 9 22 28,-1115.5863122595601,0.03327956072938982,9.28481792534188,1.3779848160915997
30,1554,4 7 8 22 27 28,-1115.5862788832565,0.03328255155097276,9.28565234843029,1.3207915468160492
30,1555,0 3 5 7 22 27,-1115.586182378594,0.033291199249950734,9.288065009797325,1.1507392402910426
30,1556,0 1 3 8 13 27,-1115.586023491791,0.03330543695836617,9.292037253643521,1.3183753750583675
30,1557,3 4 9 22 27 28,-1115.585834817812,0.03332234386973989,9.29675419071674,1.2247053689810796
30,1558,0 3 9 13 23 27,-1115.585811558513,0.033324428115323886,9.29733568399174,1.4492647777497714
30,1559,0 4 20 21 27 28,-1115.5858110859313,0.03332447046295348,9.297347498751964,1.2856834636776053
30,1560,3 7 21 23 26 28,-1115.5857677852528,0.03332835059914264,9.298430035818326,1.3102961153641015
30,1561,0 4 13 22 25 28,-1115.5857293271217,0.03333179679885936,9.299391506949641,1.5522577899046235
30,1562,0 21 23 25 26 28,-1115.5857158938402,0.03333300054354976,9.299727345224968,1.4472969307301207
30,1563,0 3 12 14 22 28,-1115.58569724696,0.03333467147427946,9.30019352588514,1.2915078086092984
30,1564,0 3 10 14 23 28,-1115.5856362369552,0.033340138527821105,9.301718804332623,1.1982509590072108
30,1565,0 1 8 19 23 28,-1115.5855915989157,0.03334413850377027,9.302834776045584,1.3777203903393433
30,1566,0 7 13 22 23 28,-1115.5854884975763,0.03335337732523893,9.305412357398858,1.6255905872711867
30,1567,0 8 14 23 26 28,-1115.585473990417,0.03335467729917579,9.305775043114863,1.3854316320259341
30,1568,0 8 22 25 26 28,-1115.5854021148132,0.03336111800961056,9.307571966583382,1.4094950417375336
30,1569,3 11 23 25 27 28,-1115.5853936639026,0.033361875288371375,9.307783243272702,1.2969365129650303
30,1570,0 1 20 22 27 28,-1115.5853879881652,0.033362383886268394,9.30792513934247,1.1699544765951397
30,1571,0 1 4 16 23 28,-1115.5853751790228,0.033363531702391924,9.30824537384933,1.3527311897297882
30,1572,3 5 7 23 27 28,-1115.585207051316,0.03337859748015559,9.312448644576872,1.0329306512098102
30,1573,0 3 9 22 26 27,-1115.5850529988472,0.033392401988075596,9.316300027821633,1.2138225934332463
30,1574,0 3 20 23 25 27,-1115.5850522516055,0.03339246894776034,9.316318709212478,1.2184105130532745
30,1575,0 5 22 23 26 28,-1115.5850316775654,0.03339431256961728,9.316833069765616,1.3641564505345074
30,1576,4 7 22 26 27 28,-1115.5850203640862,0.03339532636066709,9.317115911999872,1.1174744959019487
30,1577,0 3 7 11 20 28,-1115.584977660084,0.0333991530292137,9.318183531882385,1.2757448202510515
30,1578,0 4 8 13 23 28,-1115.5849522887454,0.0334014265328237,9.318817827125734,1.6414432624530066
30,1579,0 3 7 12 13 28,-1115.584952002653,0.03340145216932165,9.318824979570373,1.3081547258176405
30,1580,0 2 3 20 27 28,-1115.584943532578,0.033402211165368914,9.319036735373347,1.0090914479441193
30,1581,0 1 3 10 22 28,-1115.584927289654,0.03340366667969561,9.319442816019093,1.149075633027357
30,1582,0 3 4 16 26 28,-1115.584893716983,0.03340667509757117,9.320282148378224,1.1488261339522456
30,1583,0 3 5 16 27 28,-1115.5848834792498,0.03340759249195513,9.3205380964627,1.0025904963832133
30,1584,0 10 23 25 27 28,-1115.5848307794895,0.03341231487170197,9.321855614938388,1.1600151119190225
30,1585,0 3 8 16 23 27,-1115.5845870619326,0.03343415419028552,9.327948667016527,1.3802456819832285
30,1586,0 1 2 22 27 28,-1115.5844908562465,0.033442775098250284,9.330353853835392,1.1849071014797357
30,1587,0 3 4 10 22 27,-1115.5843885031159,0.03345194687338036,9.332912729621865,1.1698206168957264
30,1588,0 5 19 22 27 28,-1115.5843649016829,0.03345406177728992,9.33350277640432,1.1559962857533441
30,1589,0 3 14 23 25 27,-1115.5843586165518,0.03345462498243042,9.33365990760045,1.230420931790124
30,1590,0 3 11 25 26 28,-1115.5843167510354,0.03345837651498358,9.334706564946092,1.2517313715780212
30,1591,0 4 22 26 28 29,-1115.58429591233,0.03346024385328245,9.335227542258593,1.5100844053711524
30,1592,0 3 17 23 26 28,-1115.5841573862256,0.033472657057170334,9.33869075918343,1.2118475394961319
30,1593,0 6 21 22 27 28,-1115.5839950768134,0.03348720146261411,9.342748569846133,1.2342053033799338
30,1594,0 4 9 22 23 28,-1115.5839746163417,0.03348903490770753,9.343260091137141,1.5652463597397064
30,1595,1 3 4 23 27 28,-1115.583878896993,0.03349761223541061,9.345653119298081,1.0987305122830486
30,1596,0 8 11 23 26 28,-1115.5838152914982,0.03350331186854164,9.347243286196413,1.531983682500811
30,1597,0 3 8 11 19 28,-1115.5838076474085,0.03350399684877925,9.347434391987752,1.4005244355026498
30,1598,0 1 3 26 27 28,-1115.583800597399,0.033504628594013305,9.347610645500264,0.8811382084950926
30,1599,0 3 8 19 25 28,-1115.5837484632966,0.033509300285642044,9.348914022264426,1.2626057053017585
30,1600,3 9 13 23 27 28,-1115.583670365416,0.03351629856888044,9.350866505537473,1.3566990006036441
30,1601,3 20 22 23 27 28,-1115.5836468345024,0.033518407153620075,9.351454789305604,1.264350339037076
30,1602,3 4 7 13 22 28,-1115.5835973546243,0.03352284100251317,9.352691809229503,1.423268292369765
30,1603,0 4 17 22 27 28,-1115.583526003681,0.033529234698561616,9.354475615937845,1.2689278868625762
30,1604,0 22 24 26 27 28,-1115.5834833540084,0.03353305649868216,9.355541877555746,1.308249969187442
30,1605,0 4 7 9 23 27,-1115.5834195103644,0.033538777472171266,9.357137998298864,1.3421058280845115
30,1606,0 5 16 23 27 28,-1115.5833912830935,0.03354130689339219,9.357843693175184,1.214386731665326
30,1607,0 4 6 7 23 28,-1115.5833626382282,0.03354387373489286,9.358559828107692,1.1773764687874773
30,1608,3 8 19 22 27 28,-1115.5833529554277,0.03354474140223603,9.358801902616024,1.2278210507148044
30,1609,0 4 11 22 23 28,-1115.583218206459,0.0335568161402846,9.36217068939746,1.648940995696608
30,1610,0 14 21 23 27 28,-1115.5830567150856,0.03357128724197575,9.366208048708598,1.4049155915304476
30,1611,0 3 6 19 23 28,-1115.5830388913812,0.03357288440864629,9.36665364959417,1.0756903837966474
30,1612,0 12 19 22 27 28,-1115.5830163478752,0.033574904512639385,9.367217247711304,1.2123837453339699
30,1613,0 3 11 12 22 28,-1115.5829224349536,0.03358331996796697,9.36956511435266,1.445981127780766
30,1614,0 4 19 22 25 28,-1115.5829063632139,0.03358476014260733,9.369966915308662,1.3673062091045483
30,1615,3 19 22 23 27 28,-1115.5828875135958,0.03358644924050997,9.37043816451209,1.256599069210518
30,1616,0 3 7 23 24 27,-1115.5828372409676,0.03359095412705478,9.371695003557623,1.3388812861005017
30,1617,0 3 4 14 26 28,-1115.5828233275229,0.03359220089875071,9.372042846135392,1.103754854019926
30,1618,0 3 20 21 22 27,-1115.5827605114619,0.03359782979141624,9.37361327682544,1.3772380397298072
30,1619,0 3 7 13 19 27,-1115.5827054355968,0.03360276509184164,9.374990199021898,1.2087934252555173
30,1620,0 2 3 22 25 28,-1115.5826273749053,0.033609760042605075,9.376941752552408,1.3156595444686112
30,1621,7 8 23 26 27 28,-1115.58260294587,0.03361194910724994,9.377552489779971,1.2047876694110415
30,1622,0 1 3 20 21 28,-1115.5825969084945,0.03361249011121923,9.377703426969095,1.2430319110660484
30,1623,0 1 3 7 14 28,-1115.5825323504723,0.03361827509950712,9.379317407495762,1.056495662715619
30,1624,0 4 7 23 24 28,-1115.582480139147,0.033622953711014765,9.38062271486881,1.480914797768524
30,1625,0 1 8 23 26 27,-1115.5824544550567,0.03362525524004266,9.381264829052578,1.2592001738904863
30,1626,0 1 13 19 23 28,-1115.5824395102984,0.0336265944268508,9.381638454948146,1.424951243813934
30,1627,0 1 4 23 26 27,-1115.5824026883056,0.03362989401364259,9.38255902186427,1.1700452860985073
30,1628,3 8 9 23 27 28,-1115.5823983151176,0.0336302858912161,9.382668353593395,1.305638560751305
30,1629,0 3 8 9 13 28,-1115.5823876595136,0.03363124073063513,9.382934748640663,1.4931688143915987
30,1630,0 3 5 23 28 29,-1115.5823128567245,0.0336379437436001,9.384804853100187,1.4444386166330734
30,1631,0 1 7 20 23 28,-1115.5822675047273,0.03364200769667513,9.385938674086153,1.2492581815531691
30,1632,0 2 3 14 23 28,-1115.5820289762387,0.03366338202735011,9.391901997046062,1.2898667953109841
30,1633,3 7 20 22 27 28,-1115.5820074155401,0.03366531406281876,9.39244102451994,1.0860658143383575
30,1634,0 3 8 11 26 27,-1115.5818997888432,0.03367495839764705,9.395131741913113,1.2842789133365438
30,1635,0 3 7 21 23 26,-1115.5817702432782,0.033686566863199346,9.398370441183276,1.4032316607317805
30,1636,0 2 13 23 27 28,-1115.5815938351004,0.03370237464678519,9.402780727532644,1.4130640417722946
30,1637,0 4 7 12 27 28,-1115.5814612017878,0.03371425980272686,9.40609662192891,1.1017374982204402
30,1638,0 1 3 8 16 28,-1115.5814309230336,0.03371697305558499,9.406853604840371,1.249123477919256
30,1639,0 1 11 26 27 28,-1115.581426439635,0.03371737480904799,9.40696569188939,1.1129950837936753
30,1640,0 10 20 23 27 28,-1115.5814043412258,0.033719355028291806,9.407518162376624,1.1214710523805569
30,1641,0 3 4 7 12 28,-1115.5813938521242,0.03372029494758149,9.40778039478829,1.165159100745596
30,1642,0 9 12 23 27 28,-1115.5812931161963,0.03372932180657606,9.410298839754672,1.2906863348309563
30,1643,0 3 6 13 23 27,-1115.5812145701177,0.033736360252455064,9.412262528187801,1.2138230859383543
30,1644,0 4 14 23 26 27,-1115.5808104003563,0.033772577553710416,9.422366959872988,1.2216987833280062
30,1645,0 1 4 8 23 27,-1115.5807661139604,0.03377654601918015,9.423474140332164,1.3656152414868046
30,1646,1 3 22 23 27 28,-1115.5807595146161,0.03377713738068711,9.423639127002655,1.2247692813222675
30,1647,3 4 7 8 22 28,-1115.5807436052469,0.033778563005448216,9.424036868620833,1.3737274929602354
30,1648,0 1 3 7 19 28,-1115.580622780542,0.033789390002308774,9.427057542341439,1.0331579508750928
30,1649,0 1 3 4 21 27,-1115.5805694070077,0.033794172758350574,9.428391905477733,1.2234010431347409
30,1650,0 3 11 18 27 28,-1115.5805256992307,0.033798089374279895,9.429484620194822,1.175606527641643
30,1651,3 23 25 26 27 28,-1115.5804680525916,0.03380325503953817,9.430925812937007,1.0537800292171238
30,1652,0 10 19 22 27 28,-1115.5804414916738,0.03380563514031413,9.43158984821465,1.117254103625161
30,1653,0 4 14 26 27 28,-1115.5802355067322,0.03382409327201685,9.436739567391998,1.036354422582512
30,1654,3 4 16 23 27 28,-1115.5801543666846,0.033831364161198495,9.438768106252704,1.1949716695260972
30,1655,0 7 14 22 26 28,-1115.5799498350884,0.0338496920598755,9.443881491118384,1.2532897350190109
30,1656,0 7 16 26 27 28,-1115.5799376458929,0.03385078432310194,9.444186226666622,1.0217799429046508
30,1657,0 8 16 26 27 28,-1115.5799057617883,0.03385364143002058,9.444983344084985,1.1770841028373087
30,1658,0 1 26 27 28 29,-1115.579841263579,0.03385942105852475,9.446595829260906,1.1735826513208756
30,1659,0 2 3 4 22 27,-1115.579733259165,0.03386909924024667,9.449295989754821,1.2627482175595743
30,1660,0 3 7 8 20 28,-1115.5796803156588,0.03387384346185586,9.450619601992285,1.243091000833658
30,1661,0 3 4 8 22 26,-1115.5796489774614,0.03387665165050971,9.451403071478648,1.4122411535187689
30,1662,4 7 21 23 27 28,-1115.5796416488804,0.033877308358285486,9.451586289405645,1.358105952094887
30,1663,0 1 3 9 11 28,-1115.5796136320776,0.03387981891965283,9.452286722484548,1.3011709738036419
30,1664,0 4 19 20 23 28,-1115.5795866166009,0.03388223975305323,9.452962121944687,1.3299250012975985
30,1665,0 3 13 19 25 28,-1115.5795845139805,0.03388242816703453,9.453014688429118,1.3130279643359437
30,1666,3 4 13 22 26 28,-1115.5795295769733,0.033887351024534364,9.454388139116466,1.3684866883143672
30,1667,0 3 13 20 22 27,-1115.5794842581695,0.03389141200318003,9.455521130252684,1.3825687345266808
30,1668,0 3 13 16 23 28,-1115.5794220151981,0.033896989541778506,9.45707723343504,1.4972177935008242
30,1669,1 3 7 13 27 28,-1115.5793710616379,0.03390155544605639,9.458351096098957,1.0649386781572978
30,1670,0 3 7 19 23 26,-1115.5793672153256,0.03390190011075269,9.458447255690018,1.2067951134551735
30,1671,0 1 3 14 22 27,-1115.5793255127173,0.033905637045260686,9.459489840259803,1.156953334714961
30,1672,0 3 4 5 27 28,-1115.579269899169,0.03391062052701627,9.460880204787482,1.0114988181172153
30,1673,0 2 3 7 22 27,-1115.5792635973244,0.03391118522984407,9.461037753830292,1.2090612212524903
30,1674,0 3 8 19 26 27,-1115.5792170662432,0.03391535483960663,9.46220105246214,1.0876333906691573
30,1675,3 7 12 23 27 28,-1115.5792085281748,0.03391611992850101,9.462414508136595,1.0925949822364027
30,1676,0 3 12 20 23 28,-1115.579147773674,0.03392156408654047,9.463933398862473,1.2732969634885547
30,1677,1 4 7 23 27 28,-1115.5790908059794,0.0339266689121818,9.465357617679716,1.1229820176813892
30,1678,0 13 21 23 27 28,-1115.5790846017994,0.03392722486335849,9.465512725059073,1.5675453606947911
30,1679,0 4 7 10 22 28,-1115.5790629908277,0.03392916140376754,9.466053009387023,1.2741746107052958
30,1680,0 11 21 26 27 28,-1115.5790555300146,0.03392982996074844,9.466239533178333,1.3485845592135224
30,1681,0 8 21 22 26 28,-1115.579030340242,0.03393208719438103,9.466869289185752,1.5464364690279089
30,1682,0 16 19 22 27 28,-1115.5789804322503,0.03393655940617164,9.46811701215112,1.2532135519800802
30,1683,0 4 7 22 28 29,-1115.5789320987715,0.033940890527228235,9.469325371562773,1.557189155322783
30,1684,0 10 13 22 27 28,-1115.5788906104783,0.033944608257141747,9.47036259815429,1.3301648613789985
30,1685,0 13 20 26 27 28,-1115.5788722529692,0.03394625325758986,9.470821544405776,1.1773246938151576
30,1686,0 19 23 25 26 28,-1115.578868660511,0.03394657517464359,9.470911357527266,1.2548103403108477
30,1687,0 1 4 23 28 29,-1115.5788419613168,0.03394896766624686,9.471578849778888,1.5141618478169412
30,1688,3 4 23 27 28 29,-1115.578835442422,0.0339495518187571,9.471741825178183,1.3743310949539178
30,1689,0 1 3 7 11 27,-1115.5788027255846,0.033952483546126705,9.472559761299843,1.151404140477573
30,1690,0 3 7 22 23 26,-1115.5786670220607,0.033964643821034216,9.475952412403515,1.3898874760834452
30,1691,0 1 3 24 27 28,-1115.5786335344242,0.03396764461905606,9.476789618864569,1.1162478544813572
30,1692,0 1 13 22 23 28,-1115.578469306935,0.033982360901716656,9.480895382343615,1.5849635355901213
30,1693,0 3 5 8 23 27,-1115.5784169083868,0.03398705629010529,9.482205370375961,1.2867185814176758
30,1694,0 8 22 23 25 28,-1115.5783364722583,0.033994264101706625,9.48421631093202,1.6007558227041956
30,1695,0 2 3 20 22 28,-1115.5783164290087,0.03399606015989416,9.484717401477962,1.2805808489880453
30,1696,0 1 3 7 13 23,-1115.5782067385185,0.03400588942944902,9.487459714662263,1.4183848142702202
30,1697,0 3 5 13 26 28,-1115.57815798653,0.03401025805279374,9.48867853701001,1.1927028480038961
30,1698,0 4 9 19 27 28,-1115.578150237619,0.03401095242597795,9.488872263382785,1.1528379121629617
30,1699,3 4 20 23 27 28,-1115.5780799871998,0.03401724750502135,9.490628556478683,1.1384333526397794
30,1700,0 3 6 23 26 28,-1115.5780692861076,0.034018206420594,9.490896088750825,1.0255391371364655
30,1701,0 1 3 4 7 22,-1115.578002648574,0.034024177752095076,9.492562058028788,1.2909814945245393
30,1702,0 2 4 7 22 28,-1115.5779974591396,0.034024642772807,9.49269179629898,1.3622746802992582
30,1703,3 7 9 22 27 28,-1115.5778934242287,0.034033965250809345,9.49529271737389,1.1666413851088793
30,1704,0 4 21 23 25 28,-1115.5778859894044,0.03403463147895546,9.495478591432855,1.5401624494275503
30,1705,0 3 5 7 21 28,-1115.577880573292,0.03403511681207819,9.49561399675609,1.2450043551900825
30,1706,0 3 9 10 23 28,-1115.577772490904,0.034044801980997214,9.498316106640308,1.2595990812881293
30,1707,0 16 20 22 27 28,-1115.5776702855462,0.034053960514327845,9.50087128803617,1.2601880108044523
30,1708,0 3 5 14 22 28,-1115.5776582610479,0.034055038019180146,9.501171906077632,1.2345026627285773
30,1709,0 2 3 9 23 28,-1115.5776340136051,0.03405721081146376,9.501778103404185,1.3488365765914565
30,1710,0 1 23 24 27 28,-1115.5776034592993,0.03405994875626645,9.502541975234987,1.3128889470860878
30,1711,0 3 11 21 22 28,-1115.5775956686946,0.034060646865590335,9.502736743970576,1.5996681172890133
30,1712,0 11 14 22 27 28,-1115.5774801757627,0.034070996086896246,9.50562412088867,1.3925059455904378
30,1713,0 3 4 9 26 28,-1115.5774131823669,0.034076999306909994,9.507298986889658,1.1701972625920114
30,1714,0 1 4 9 27 28,-1115.5774106247422,0.03407722849342988,9.50736292869242,1.1192619845066751
30,1715,4 7 11 23 27 28,-1115.5773865119122,0.03407938922318466,9.507965760638493,1.342871006239414
30,1716,0 4 12 22 26 28,-1115.5773434718399,0.03408324600668243,9.50904178242993,1.3030985784777607
30,1717,0 3 12 22 26 27,-1115.577291700985,0.03408788514802636,9.510336077840215,1.142920192805662
30,1718,0 2 3 8 23 27,-1115.5772486299466,0.03409174470636237,9.51141287379655,1.341994062239842
30,1719,3 14 22 26 27 28,-1115.5772234615665,0.0340940000230359,9.512042094982732,1.0311762588345594
30,1720,0 3 19 21 25 28,-1115.5771367513173,0.03410177005315047,9.514209891471236,1.305252127784043
30,1721,0 3 20 23 28 29,-1115.5771148436897,0.03410373317662795,9.514757592331883,1.4806416442389974
30,1722,0 3 4 13 22 26,-1115.5770997997663,0.03410508124954023,9.515133697402572,1.4586657545591906
30,1723,3 8 11 23 27 28,-1115.577043393581,0.03411013575880091,9.51654387822103,1.4012151407785052
30,1724,0 3 14 21 22 28,-1115.576985358081,0.03411533626956042,9.517994792670097,1.458412581668066
30,1725,3 23 26 27 28 29,-1115.5769693823154,0.034116767844035986,9.518394194226513,1.2672215170902026
30,1726,0 3 8 22 28 29,-1115.5769074552163,0.03412231707759339,9.519942400455095,1.6080608827591927
30,1727,0 4 13 20 23 28,-1115.576675147464,0.034143133973503714,9.525750202122605,1.516691382357046
30,1728,3 4 22 23 26 28,-1115.576663986418,0.03414413410513268,9.526029233452132,1.344545380769232
30,1729,0 3 4 19 21 27,-1115.5766245876207,0.034147664597136654,9.527014221676893,1.252944533534295
30,1730,0 5 9 22 27 28,-1115.5766220220721,0.03414789449371684,9.527078361582648,1.2390188196577026
30,1731,0 3 7 21 24 28,-1115.5766162332484,0.03414841322518291,9.527223084863515,1.4265881609604323
30,1732,0 5 13 23 26 28,-1115.576515540167,0.034157436244737785,9.529740458646934,1.3799352835267629
30,1733,0 4 11 25 27 28,-1115.576443770039,0.034163867503567015,9.531534745168493,1.3007534521827868
30,1734,0 4 8 22 23 27,-1115.57630053279,0.034176702869049315,9.535115742900926,1.5565993029649492
30,1735,0 3 19 22 25 27,-1115.576289994519,0.03417764719435995,9.53537920456867,1.2114542322819761
30,1736,0 3 5 10 23 28,-1115.5762724481015,0.034179219513585775,9.535817873151199,1.135768922893261
30,1737,0 3 23 24 25 28,-1115.5762525216317,0.03418100510723671,9.536316044147876,1.433686179619211
30,1738,0 3 7 11 23 26,-1115.576206033553,0.03418517086358249,9.53747826769723,1.3871680885227533
30,1739,0 9 14 22 27 28,-1115.576158918327,0.03418939281805319,9.53865617022029,1.293842303596988
30,1740,3 7 11 23 26 28,-1115.576128340833,0.03419213284073478,9.539420621768098,1.2917870091404207
30,1741,0 3 7 13 24 28,-1115.5761109100995,0.034193694793630325,9.5398563982004,1.432754133244429
30,1742,0 1 4 7 21 28,-1115.5760858040594,0.034195944524075074,9.540484060858882,1.32441643952721
30,1743,0 3 7 8 25 27,-1115.576077809936,0.03419666087053883,9.540683917658118,1.1946094250915074
30,1744,0 7 14 22 23 28,-1115.5760492344514,0.034199221494885974,9.541398318038333,1.4636100010106852
30,1745,4 7 23 25 27 28,-1115.5760179864487,0.03420202160126062,9.542179532612396,1.19912926569342
30,1746,1 3 7 8 23 28,-1115.5760090382234,0.034202823443956046,9.542403242399082,1.2724913017664914
30,1747,0 1 4 22 25 28,-1115.5760005618336,0.034203583005891824,9.542615156081899,1.3358694681542869
30,1748,3 7 8 13 27 28,-1115.575896642147,0.03421289515874128,9.545213196494847,1.2621397398537255
30,1749,0 7 9 26 27 28,-1115.575815632154,0.03422015439384684,9.547238483931196,1.0466970584880355
30,1750,0 3 11 22 23 27,-1115.5757743971994,0.034223849422307356,9.548269376939784,1.5180004690831563
30,1751,0 3 10 21 22 28,-1115.5756935930026,0.034231090216199474,9.550289519377058,1.3770510395351956
30,1752,0 3 4 13 19 27,-1115.575638075688,0.03423606507454268,9.551677478019197,1.2596600076448647
30,1753,0 7 13 20 27 28,-1115.5756235102244,0.03423737027307675,9.552041621369641,1.2362410113790507
30,1754,0 3 22 23 28 29,-1115.5756080237647,0.03423875800127779,9.552428790051986,1.6305876531026293
30,1755,0 4 13 20 27 28,-1115.5755707834885,0.03424209507008483,9.553359814248175,1.2887516501578287
30,1756,0 4 8 9 22 28,-1115.575569894436,0.03424217473730211,9.553382040972053,1.538325795639694
30,1757,0 1 7 23 26 27,-1115.5754716753675,0.03425097606272632,9.555837563288888,1.1102450284485792
30,1758,0 3 8 9 21 28,-1115.575429914064,0.03425471825685573,9.556881615264675,1.4844955756282683
30,1759,0 1 3 7 23 26,-1115.575417970383,0.03425578851974495,9.557180212837505,1.173215298767642
30,1760,0 7 8 14 27 28,-1115.5753866108366,0.03425859862144591,9.557964216053692,1.1939749954580745
30,1761,0 1 3 25 27 28,-1115.5753061588985,0.03426580784974489,9.55997555186075,0.9833720200099908
30,1762,0 1 3 13 21 28,-1115.5753037823747,0.034266020807974126,9.560034966057959,1.4314147786721299
30,1763,3 16 23 26 27 28,-1115.5752861086546,0.03426760453468034,9.56047681726598,1.072458976979087
30,1764,0 1 9 23 26 28,-1115.5752817359244,0.034267996371239465,9.560586137552313,1.2635469637829555
30,1765,3 7 22 23 26 28,-1115.5752126700265,0.03427418530635338,9.562312817064452,1.293358477650008
30,1766,0 1 3 13 20 28,-1115.5751698802546,0.03427801966064566,9.563382581228549,1.2473477038873018
30,1767,0 1 3 19 22 27,-1115.575137081298,0.034280958746664585,9.564202570373672,1.134346648878287
30,1768,0 7 19 21 23 28,-1115.5751017179962,0.0342841276214201,9.565086669336768,1.457859443362799
30,1769,0 3 4 21 23 26,-1115.5750923194341,0.034284969818401095,9.565321637751447,1.448157070161399
30,1770,0 1 3 8 28 29,-1115.5750916950199,0.03428502577162143,9.565337248398095,1.4208278142941566
30,1771,0 3 4 19 23 26,-1115.5750738725433,0.034286622828268276,9.56578281858765,1.258754068081054
30,1772,0 4 7 21 22 27,-1115.5749253328906,0.03429993333751817,9.569496378868198,1.45152970302626
30,1773,0 2 3 14 27 28,-1115.574897501329,0.034302427299590904,9.570192180833446,1.0194205692047185
30,1774,0 3 4 7 19 22,-1115.5748656233288,0.03430528385948806,9.570989145635764,1.3194974255283178
30,1775,0 7 23 26 28 29,-1115.5748408567622,0.03430750317001228,9.571608321300513,1.4574025513634623
30,1776,0 4 19 21 22 28,-1115.5748122585624,0.03431006582985883,9.572323289574081,1.506985527674056
30,1777,0 3 11 19 22 27,-1115.5747847731363,0.034312528775010266,9.573010437985598,1.353028985370491
30,1778,3 11 13 23 27 28,-1115.574725480759,0.03431784191343611,9.57449277494603,1.4480198495171583
30,1779,0 3 13 22 24 28,-1115.5745455317535,0.03433396698751836,9.578991583632352,1.5793534011625054
30,1780,1 3 4 7 23 28,-1115.5745405352768,0.03433441471745716,9.57911649787011,1.1837350331155507
30,1781,0 1 13 25 27 28,-1115.5744441809877,0.0343430489416096,9.581525399833508,1.2228057481979835
30,1782,0 4 11 23 25 28,-1115.5743912163653,0.03434779505542253,9.582849539985606,1.5260202890887389
30,1783,0 3 22 26 27 29,-1115.5743570803684,0.03435085395245267,9.583702955756571,1.366781026940939
30,1784,0 3 4 7 9 27,-1115.574333365023,0.03435297906395278,9.584295850401725,1.1454035645666374
30,1785,0 3 10 19 27 28,-1115.5743051047803,0.03435551143975805,9.585002369591136,0.8804203657391347
30,1786,4 21 23 26 27 28,-1115.5741627927987,0.03436826389281318,9.58856023520364,1.3005520406607025
30,1787,0 3 7 11 16 28,-1115.574146721257,0.03436970404970712,9.588962031208489,1.3226592173101774
30,1788,0 1 3 8 21 27,-1115.574100545078,0.03437384185699959,9.590116457122736,1.3070338699531334
30,1789,0 1 4 20 23 28,-1115.574087885309,0.03437497628790577,9.590432957226158,1.2983244299563277
30,1790,0 2 3 8 26 28,-1115.5739163937833,0.0343903434945597,9.594720324988103,1.1960968319069598
30,1791,0 3 4 11 23 26,-1115.573901150142,0.034391709464007034,9.595101423095532,1.4341222439872126
30,1792,0 4 6 22 23 28,-1115.5738984842815,0.03439194834946163,9.59516807084876,1.3452298840510921
30,1793,0 8 17 23 27 28,-1115.5738811664141,0.03439350018851091,9.595601025572504,1.3452316047464061
30,1794,0 3 8 9 19 28,-1115.5738140025983,0.03439951867971107,9.597280152152123,1.2989857238087963
30,1795,3 19 22 26 27 28,-1115.5737421358112,0.03440595860007386,9.599076855194824,1.00683791220625
30,1796,0 1 4 22 23 27,-1115.5737355638555,0.03440654750731903,9.599241157139513,1.3931474653183502
30,1797,0 1 3 7 26 28,-1115.5737162774774,0.03440827574291009,9.599723325546892,0.9807211061876779
30,1798,0 1 3 4 9 28,-1115.573709265088,0.03440890411703863,9.59989863853915,1.1804765127409464
30,1799,0 21 23 24 27 28,-1115.5736880604372,0.03441080424736881,9.600428764651497,1.521204539507709
30,1800,0 3 8 11 25 28,-1115.57367636572,0.034411852200815364,9.600721138010167,1.4345331120460338
30,1801,0 8 19 23 26 27,-1115.5736306197848,0.03441595145433959,9.601864807631042,1.2861963993576397
30,1802,0 3 4 8 26 27,-1115.573593042682,0.034419318705884605,9.602804252648314,1.1611913489859458
30,1803,0 2 19 22 27 28,-1115.5735857637246,0.03441997096693066,9.60298622996171,1.212612784086504
30,1804,0 3 13 21 22 28,-1115.5735754996913,0.034420890718042454,9.603242835560536,1.6163094718892683
30,1805,0 19 23 24 27 28,-1115.5735523263925,0.03442296725722078,9.60382217878992,1.3406546860622137
30,1806,0 8 19 21 27 28,-1115.5735459163982,0.03442354165124088,9.603982431623107,1.3569367484528387
30,1807,0 1 3 20 23 27,-1115.573456101387,0.03443158989638794,9.606227848604918,1.1374944323098088
30,1808,0 4 14 23 25 28,-1115.5733606960116,0.03444013908919955,9.608613027282905,1.3781262867000232
30,1809,0 1 4 13 26 28,-1115.5733447317098,0.03444156963642059,9.609012142240848,1.2737125475403421
30,1810,0 2 3 12 23 28,-1115.5731714325836,0.03445709882058376,9.613344700854125,1.2852982792778322
30,1811,0 3 6 9 23 28,-1115.5731494015595,0.03445907300152368,9.613895486687142,1.1626305498484841
30,1812,0 4 20 23 25 28,-1115.5730916647517,0.03446424674671805,9.615338933687916,1.3668974059778995
30,1813,0 12 13 26 27 28,-1115.5730779800097,0.03446547302456596,9.615681058592635,1.1864127647352773
30,1814,0 19 20 23 26 28,-1115.5730761555476,0.03446563651302647,9.61572667099122,1.2178020523579285
30,1815,0 1 3 11 21 28,-1115.573069301273,0.03446625071860973,9.615898031035774,1.410442706574211
30,1816,0 3 4 17 22 28,-1115.572931386755,0.034478609118780354,9.619345958019121,1.3217532449279443
30,1817,0 3 18 22 23 28,-1115.5728736744516,0.034483780668166736,9.620788792401308,1.4179277877659993
30,1818,0 7 17 23 27 28,-1115.5728014323631,0.03449025421896173,9.622594878153182,1.2074035254451312
30,1819,0 1 7 9 27 28,-1115.5725264612756,0.03451489413927103,9.62946928300567,1.0581865282575715
30,1820,0 1 16 23 26 28,-1115.5724520880055,0.03452155866340212,9.631328649288157,1.2397215433128617
30,1821,0 3 12 13 23 27,-1115.5723436275703,0.03453127770879892,9.634040210526937,1.3861604507025271
30,1822,0 3 11 16 22 28,-1115.572337643073,0.03453181397439422,9.634189825735277,1.478717881628693
30,1823,0 3 4 23 24 27,-1115.5722087437744,0.03454336452858973,9.637412368049286,1.3842147073950337
30,1824,0 14 20 22 27 28,-1115.5721344704716,0.034550020094734527,9.63926923510192,1.2171872015612861
30,1825,0 1 7 13 23 27,-1115.5721124342335,0.03455199474288801,9.639820151285,1.3626497798352353
30,1826,0 1 8 9 23 28,-1115.5718346871734,0.034576883415698756,9.646763956743563,1.447427831070603
30,1827,0 1 3 7 8 22,-1115.5718100041395,0.034579095240924174,9.647381044050322,1.3711180749847656
30,1828,0 2 3 24 27 28,-1115.5717688704,0.03458278119958173,9.64840940663281,1.1704094754212346
30,1829,0 2 3 12 27 28,-1115.571621670221,0.03459597167976973,9.65208947945256,1.0166885738810711
30,1830,0 1 3 23 27 29,-1115.5715885780673,0.034598937038916276,9.652916798658566,1.3723525045253118
30,1831,3 4 7 22 26 28,-1115.5714812602107,0.03460855369883362,9.655599794900871,1.1750912048669073
30,1832,0 3 7 14 19 28,-1115.5714797984808,0.03460868468317853,9.655636338826538,1.0870660580558391
30,1833,0 13 18 23 27 28,-1115.5714651996625,0.034609992870608036,9.656001316062685,1.3828909507951739
30,1834,3 7 13 22 26 28,-1115.5714165255758,0.03461435451323482,9.65721819082778,1.315552527244543
30,1835,3 19 23 25 27 28,-1115.5714118124386,0.03461477685337323,9.657336021448192,1.0975709996199092
30,1836,3 11 19 23 27 28,-1115.5713753661757,0.03461804277132639,9.658247194939957,1.2502568767420341
30,1837,3 13 20 22 27 28,-1115.571355034479,0.03461986467701287,9.658755496798674,1.2838023795602478
30,1838,0 3 7 8 12 28,-1115.5712230192394,0.03463169444796583,9.66205593908185,1.250700049121377
30,1839,0 3 4 11 21 28,-1115.5712131024943,0.03463258307887668,9.66230386231248,1.4978634808557676
30,1840,0 21 24 26 27 28,-1115.571207564065,0.03463307937272248,9.66244232561833,1.3164730843811052
30,1841,0 7 20 22 26 28,-1115.571193044674,0.0346343804427398,9.662805317134868,1.2378816840011904
30,1842,0 1 11 22 26 28,-1115.5710571640532,0.03464655658713848,9.666202395740974,1.3656951382475309
30,1843,0 2 3 7 26 28,-1115.5710013948935,0.034651554013092896,9.667596650624908,1.042100150262509
30,1844,0 1 3 4 13 23,-1115.5708198257016,0.03466782427066822,9.672135964722642,1.4626132146523272
30,1845,0 9 11 22 27 28,-1115.570768471188,0.0346724261040177,9.673419851403724,1.446914504860154
30,1846,0 3 11 23 24 28,-1115.570734663696,0.034675455564026,9.674265054404383,1.5562347295874877
30,1847,0 4 8 16 27 28,-1115.5707086158982,0.034677789684556835,9.674916261441666,1.2863281664195616
30,1848,0 7 19 20 23 28,-1115.5704915961921,0.034697236631911176,9.680341854851896,1.2753334919973969
30,1849,0 4 15 23 27 28,-1115.5704878384317,0.03469757336155628,9.680435800606476,1.167288994114927
30,1850,0 8 22 23 26 27,-1115.5703883872786,0.034706485093003635,9.682922125608211,1.4596505687617625
30,1851,7 21 23 26 27 28,-1115.5703310603321,0.034711622110884154,9.684355325886537,1.2469979610759436
30,1852,0 3 20 23 24 28,-1115.5703084173583,0.03471365112810019,9.684921410744792,1.4005004097805807
30,1853,0 3 13 14 23 27,-1115.5703081616614,0.034713674040880174,9.68492780328681,1.386549793668497
30,1854,0 3 8 10 22 27,-1115.570215560155,0.03472197198143171,9.68724288393955,1.2536203906151933
30,1855,3 4 22 27 28 29,-1115.570211100694,0.03472237158986061,9.687354372535626,1.3748076586426135
30,1856,0 23 25 27 28 29,-1115.5702031190735,0.03472308681593681,9.687553916752782,1.4571849951149292
30,1857,3 4 7 19 23 28,-1115.5701571197956,0.034727208771280785,9.688703920058908,1.2139053842266239
30,1858,0 3 4 7 23 25,-1115.5700988090093,0.034732433950187144,9.690161716787879,1.353618072006217
30,1859,0 7 9 11 27 28,-1115.5700895635423,0.034733262428456764,9.690392857756084,1.2866828039661509
30,1860,0 1 3 21 23 26,-1115.5700169900945,0.03473976567207868,9.692207227646502,1.3553294709110848
30,1861,0 3 8 19 23 26,-1115.5699800916825,0.034743072106724615,9.693129705076991,1.340928059659659
30,1862,0 7 8 19 23 27,-1115.5699182881526,0.03474861026735515,9.694674822018706,1.3408154729581336
30,1863,0 3 4 11 16 28,-1115.5697749342935,0.03476145608215411,9.698258735054123,1.3707501315959134
30,1864,0 3 5 12 23 28,-1115.569721561708,0.034766238753172043,9.699593074469218,1.2261811822820217
30,1865,0 11 22 23 26 28,-1115.5697034208952,0.03476786433566121,9.700046603214904,1.55423148314231
30,1866,0 3 24 25 27 28,-1115.5696956198258,0.03476856338271293,9.700241633571501,1.1905035571635356
30,1867,0 5 21 26 27 28,-1115.5695680710082,0.03477999292146379,9.703430413229242,1.1194882238152115
30,1868,3 4 16 22 27 28,-1115.569551273555,0.03478149812666609,9.703850357361235,1.1950621145620608
30,1869,0 3 4 7 26 27,-1115.5693832016998,0.034796558899615054,9.708052231772472,1.0026318296636578
30,1870,0 3 8 12 23 27,-1115.5692622448664,0.03480739773638986,9.711076208765283,1.3354808237209213
30,1871,0 8 13 19 27 28,-1115.5692513810482,0.03480837123370787,9.711347809265725,1.3619685162982431
30,1872,3 11 22 23 27 28,-1115.5691850845521,0.03481431200513046,9.71300525244664,1.4278022469828937
30,1873,0 3 7 9 19 28,-1115.5691573122303,0.034816800658763865,9.713699573385949,1.155312716639439
30,1874,0 1 4 7 8 28,-1115.5691514671664,0.034817324429865085,9.71384570269784,1.2772136669088034
30,1875,0 1 23 26 28 29,-1115.568921068223,0.03483797027905409,9.719605783252769,1.413197960723837
30,1876,0 5 11 22 27 28,-1115.5689130487176,0.0348386888999724,9.719806274612559,1.3377254147200626
30,1877,0 1 3 13 14 28,-1115.5686838274826,0.03485922921574115,9.725536911912513,1.2569154718846618
30,1878,3 7 8 22 26 28,-1115.5686261648584,0.034864396313406,9.726978504288407,1.262659111485695
30,1879,0 19 26 27 28 29,-1115.5685841920872,0.03486815745697681,9.728027843056125,1.2013813412682481
30,1880,3 8 14 23 27 28,-1115.5685527289916,0.034870976837647984,9.72881443505495,1.2379239434009959
30,1881,0 8 18 22 27 28,-1115.5685324135593,0.034872797285887304,9.729322330293773,1.3359457314850902
30,1882,0 3 14 19 22 27,-1115.5683955611332,0.034885060512916656,9.73274370448409,1.1852316149166333
30,1883,0 3 8 9 25 28,-1115.5683852188681,0.03488598727431016,9.733002265913699,1.3370879142093082
30,1884,0 3 7 11 19 27,-1115.568327079288,0.03489119711157419,9.734455782407219,1.179974269392111
30,1885,0 3 4 8 13 27,-1115.5682924736916,0.034894298089019005,9.735320938386883,1.405069449664681
30,1886,0 1 7 13 26 28,-1115.5682889104291,0.034894617389872366,9.735410021602583,1.2187534515023772
30,1887,0 3 7 13 14 28,-1115.5682620770876,0.03489702190229735,9.73608086759862,1.3030679922822188
30,1888,0 1 21 23 26 27,-1115.5680965315946,0.03491185629013334,9.740219581784515,1.2990273362629954
30,1889,0 8 13 25 27 28,-1115.568005869704,0.03491998042340802,9.742486171144574,1.4000643309040954
30,1890,0 3 4 8 16 28,-1115.5679034936593,0.03492915425184504,9.745045619792608,1.3413437629175853
30,1891,3 4 13 26 27 28,-1115.5678499177325,0.03493395514411053,9.746385042837483,1.107334970740768
30,1892,0 3 22 25 28 29,-1115.5677700009205,0.03494111642021384,9.748383000240617,1.510244613837837
30,1893,0 11 20 22 27 28,-1115.56772324009,0.03494530661762979,9.74955204271671,1.3778504926068404
30,1894,0 17 23 26 27 28,-1115.5677192288354,0.03494566606266422,9.74965232594238,1.1441166057056538
30,1895,0 8 22 24 27 28,-1115.5677036983411,0.034947057736763064,9.750040595508922,1.4830581296001382
30,1896,0 4 7 22 25 27,-1115.5676609330922,0.03495088989357662,9.751109746588307,1.3009190563920394
30,1897,0 3 4 15 23 28,-1115.5676248725133,0.034954121250725036,9.752011277801977,1.2267522791939347
30,1898,0 1 11 13 27 28,-1115.567622653755,0.03495432007172499,9.752066747788476,1.361362257651392
30,1899,0 3 4 12 13 28,-1115.5676212678404,0.03495444426233111,9.752101396297668,1.3519382394315738
30,1900,0 3 11 13 26 27,-1115.5676046076162,0.03495593717055223,9.752517909638247,1.330189239123535
30,1901,0 4 7 11 22 27,-1115.567560683436,0.034959873178177434,9.753616034533882,1.4352613661099543
30,1902,0 4 9 19 23 28,-1115.567551267135,0.03496071696473589,9.7538514464321,1.3955594349017038
30,1903,0 5 21 23 26 28,-1115.567518675763,0.03496363744927353,9.754666245864286,1.3700324742942551
30,1904,0 1 3 19 28 29,-1115.567509038808,0.03496450100843396,9.754907174211795,1.2711452451928782
30,1905,0 3 4 7 14 23,-1115.5674440291955,0.034970326463353824,9.756532444710498,1.331522390220339
30,1906,0 3 5 19 23 27,-1115.5674079000607,0.03497356396373614,9.757435689853287,1.1213427073553464
30,1907,0 7 8 14 23 28,-1115.567404843332,0.034973837874539976,9.757512109490014,1.431554186154231
30,1908,3 20 23 26 27 28,-1115.5673794414204,0.03497611411778062,9.758147169075535,1.008547529575116
30,1909,0 7 14 26 27 28,-1115.5673233791376,0.03498113781024086,9.759548752172908,0.9683257816010403
30,1910,0 5 7 22 23 28,-1115.5672946900193,0.034983708617219465,9.760265993452371,1.4110606485862194
30,1911,0 11 16 23 27 28,-1115.5672801251055,0.03498501376648737,9.76063012305782,1.421838412516142
30,1912,1 13 23 26 27 28,-1115.5672159188916,0.03499076722954451,9.762235308215162,1.2050499057157795
30,1913,3 5 22 23 27 28,-1115.5672032594064,0.034991901635022984,9.762551801224395,1.2142471802167587
30,1914,0 3 9 12 22 28,-1115.5671969065693,0.03499247090723654,9.762710625101182,1.3451810250409697
30,1915,1 3 14 23 27 28,-1115.5671787770627,0.03499409547657051,9.763163871182032,1.0355966860420023
30,1916,0 3 12 25 27 28,-1115.567116009953,0.034999719982754494,9.764733078067389,1.0382333732467568
30,1917,0 4 19 22 23 27,-1115.5670872841001,0.035002294081478924,9.765451237726182,1.4185459411917796
30,1918,0 1 7 19 22 28,-1115.566989610835,0.03501104649792924,9.767893114703128,1.2399367907441132
30,1919,3 5 21 23 27 28,-1115.5669323878192,0.03501617420267108,9.769323716665996,1.2277596144804919
30,1920,0 2 7 8 27 28,-1115.5669316146766,0.03501624348330557,9.769343045589304,1.1933417204088688
30,1921,0 3 4 13 14 28,-1115.5668562789265,0.035022994254437396,9.771226474319759,1.3528207131083059
30,1922,0 3 11 17 27 28,-1115.5668489652053,0.035023649630641265,9.771409320745377,1.1826777043818064
30,1923,1 3 4 22 27 28,-1115.5668058514507,0.03502751301674222,9.772487184627487,1.0965793526807965
30,1924,0 1 7 21 26 28,-1115.5667520321615,0.03503233571649785,9.773832691844476,1.210896115906318
30,1925,0 11 12 23 27 28,-1115.5667171684136,0.03503545982666815,9.774704301729768,1.3837295465149824
30,1926,0 5 20 23 27 28,-1115.5665795128202,0.03504779502481873,9.778145755474679,1.1529142134975277
30,1927,1 3 4 13 23 28,-1115.56657491099,0.035048207390820575,9.77826080336479,1.3702727485904458
30,1928,0 2 3 22 26 27,-1115.566569710676,0.035048673386444275,9.778390813630107,1.1428335766123614
30,1929,3 4 7 21 23 28,-1115.5665482692489,0.03505059473410973,9.778926859264546,1.4069726202951442
30,1930,0 3 8 22 23 26,-1115.5665130279328,0.03505375267782819,9.77980790852727,1.5087258892903412
30,1931,0 3 10 22 23 27,-1115.5664384047764,0.03506043959406233,9.781673522085718,1.2805996349571482
30,1932,0 8 25 26 27 28,-1115.5663780920663,0.03506584416362185,9.783181367839246,1.1526851869556605
30,1933,0 3 4 12 21 28,-1115.5662944796138,0.03507333660286425,9.785271717971808,1.3447762204900278
30,1934,0 3 7 8 19 23,-1115.566236651046,0.03507851857059766,9.786717459016618,1.3936436846701405
30,1935,0 3 7 8 10 28,-1115.5659461332882,0.035104551614527184,9.793980537844297,1.157320007759922
30,1936,0 4 12 22 23 28,-1115.5659204839603,0.035106850028519515,9.794621782949944,1.5045667261500553
30,1937,1 3 7 21 27 28,-1115.5658210601796,0.03511575930715169,9.797107423629473,1.051590686933077
30,1938,0 3 6 7 23 27,-1115.5656819758915,0.035128222529398644,9.800584595406683,0.9945328146442634
30,1939,3 13 14 23 27 28,-1115.5656371404764,0.03513224019200248,9.801705501600889,1.2895103421517646
30,1940,0 3 8 20 22 27,-1115.5654752685969,0.035146745390524405,9.805752373743887,1.3276247966499437
30,1941,0 1 3 6 23 28,-1115.5653317031142,0.03515961016872147,9.80934157746508,1.0335991915621061
30,1942,0 3 5 22 26 27,-1115.565247070396,0.03516719403308699,9.811457434713827,1.0785726606553498
30,1943,0 3 5 19 27 28,-1115.565114128717,0.035179106821478616,9.814781038414571,0.9211101136040714
30,1944,0 3 11 20 26 28,-1115.5651125904583,0.03517924466349829,9.814819495594508,1.2095006119457996
30,1945,0 1 4 16 27 28,-1115.5650640794624,0.0351835916916986,9.816032293013452,1.0893655324855944
30,1946,0 7 10 23 26 28,-1115.564988827639,0.03519033494224254,9.817913623540454,1.1506068505850293
30,1947,1 4 13 23 27 28,-1115.564946063418,0.03519416700694182,9.818982748920451,1.3146503911581966
30,1948,0 1 23 25 26 28,-1115.5648765889425,0.03520039255433371,9.820719643060649,1.218471354401429
30,1949,3 8 9 22 27 28,-1115.5647783428903,0.03520919629773227,9.823175839979287,1.3028656804144976
30,1950,0 7 8 20 23 28,-1115.5647748502404,0.03520950927106205,9.82326315785004,1.4198338618670137
30,1951,0 3 7 22 27 29,-1115.5647659253023,0.03521030902701555,9.823486285446986,1.4165429794851117
30,1952,0 1 3 4 16 28,-1115.564741294766,0.03521251614797431,9.824102060288725,1.1529879924331854
30,1953,0 3 10 20 22 28,-1115.5647324582196,0.03521330798322044,9.824322978051041,1.1818724153492255
30,1954,3 20 21 22 27 28,-1115.5645710871004,0.03522776830904869,9.828357330954557,1.2742821808907074
30,1955,0 3 4 8 14 28,-1115.5644638051451,0.03523738175187331,9.831039429645347,1.3013754527546575
30,1956,0 1 7 11 22 28,-1115.564392350204,0.03524378476709136,9.83282583635174,1.4165427679594735
30,1957,0 2 9 23 27 28,-1115.5643903560995,0.03524396345705661,9.832875689888148,1.287964275868382
30,1958,0 4 12 21 27 28,-1115.5643876657932,0.03524420453306253,9.832942948793374,1.2881361951032761
30,1959,0 1 3 8 14 28,-1115.5642978136345,0.03525225610695598,9.835189294477471,1.2013664793076773
30,1960,0 1 4 7 11 28,-1115.564197725735,0.0352612248966894,9.837691538433232,1.305270882288091
30,1961,0 2 5 23 27 28,-1115.5640243631499,0.035276759767365905,9.842025683553054,1.1673589836822522
30,1962,3 4 7 23 25 28,-1115.563961952941,0.03528235229196531,9.84358596774883,1.2539340369124488
30,1963,0 7 8 11 23 28,-1115.563880293103,0.03528966975912634,9.845627501614535,1.5732981190916968
30,1964,0 3 4 7 13 22,-1115.5638231412186,0.0352947910898494,9.84705632526055,1.5043369485539313
30,1965,0 3 11 13 23 27,-1115.5638026987265,0.03529662292380886,9.847567397053874,1.5309659782163292
30,1966,0 4 13 24 27 28,-1115.5637796380756,0.03529868936870067,9.848143924031774,1.4232789936218477
30,1967,0 9 10 23 27 28,-1115.5637392518638,0.03530230834206242,9.849153598078068,1.194931835445318
30,1968,0 4 5 22 26 28,-1115.5636416858306,0.03531105114955294,9.851592794207065,1.2444960650394923
30,1969,0 3 5 7 13 28,-1115.563614300678,0.03531350510929367,9.852277435737463,1.2467418162783221
30,1970,0 3 4 13 24 28,-1115.5636072212492,0.035314139490756485,9.852454424743579,1.4747278521921845
30,1971,0 1 7 16 23 28,-1115.5635559827185,0.03531873093098289,9.853735411799383,1.2940647985763225
30,1972,0 3 19 20 21 28,-1115.5635400953552,0.03532015458381384,9.854132603259684,1.2664931903097014
30,1973,0 1 3 13 24 28,-1115.5635343990753,0.03532066502250908,9.854275012902223,1.3854309030706053
30,1974,3 7 10 23 27 28,-1115.563422850158,0.035330660824085355,9.857063787622188,0.9837471671948548
30,1975,0 7 12 21 27 28,-1115.5634113258952,0.03533169350326892,9.857351899543874,1.2353335297456374
30,1976,0 7 8 24 27 28,-1115.5634092658247,0.035331878104399576,9.857403402263545,1.3252836756303703
30,1977,0 7 11 19 23 28,-1115.5634071875947,0.03533206433278063,9.857455358977296,1.4400670407493543
30,1978,0 5 22 25 27 28,-1115.563403859477,0.03533236256252834,9.857538563468182,1.1921598506154094
30,1979,0 6 7 22 27 28,-1115.563238166805,0.0353472101389449,9.861680957196914,1.0243885402608524
30,1980,0 3 4 7 21 23,-1115.563195630312,0.03535102179712238,9.862744389267405,1.494619358137394
30,1981,7 22 23 26 27 28,-1115.563089425409,0.03536053872622818,9.865399561151262,1.230815988500072
30,1982,3 8 13 26 27 28,-1115.5629598299743,0.03537215166057605,9.868639507191286,1.1981219061231303
30,1983,0 1 3 18 23 28,-1115.5629565071065,0.03537244941987061,9.868722580428281,1.2031469000511177
30,1984,0 4 8 14 23 28,-1115.5628454779023,0.035382398650415293,9.871498362081645,1.4763943900949013
30,1985,0 3 4 9 19 28,-1115.5628171199767,0.03538493977950166,9.872207323389263,1.2082510398791002
30,1986,0 7 8 22 23 27,-1115.5627874615577,0.035387597444662605,9.872948797633066,1.5073056468004278
30,1987,3 7 8 21 27 28,-1115.5627137350116,0.03539420401642252,9.874791995516606,1.250088058331482
30,1988,3 9 23 26 27 28,-1115.562695275784,0.03539585813176292,9.875253484773872,1.0931667818547117
30,1989,0 3 20 24 27 28,-1115.5626044791434,0.0354039943398728,9.877523442947815,1.1515106084497593
30,1990,0 3 14 19 26 28,-1115.5625530485904,0.035408602987050584,9.878809230650237,1.0167380154195385
30,1991,0 4 22 23 25 27,-1115.5625393524242,0.03540983028860781,9.879151641164336,1.454138399067459
30,1992,0 6 8 22 27 28,-1115.5625083506313,0.03541260833233923,9.87992670037995,1.1785464146890048
30,1993,3 7 23 24 27 28,-1115.5624869068993,0.03541452988654361,9.880462803637633,1.2325826521241858
30,1994,0 3 6 8 23 27,-1115.5624639858806,0.035416583819113424,9.881035839745191,1.1509874701906808
30,1995,2 3 23 26 27 28,-1115.5624350612825,0.035419175727230065,9.881758968128345,1.023741245854817
30,1996,0 7 8 21 23 28,-1115.5624183853306,0.035420670044793545,9.882175874667837,1.5853055413974142
30,1997,0 1 7 8 22 27,-1115.5623625530225,0.03542567312942938,9.883571708293362,1.3125568506177752
30,1998,0 8 23 27 28 29,-1115.5623571247013,0.03542615955657471,9.883707418843002,1.5518608022488671
30,1999,0 3 4 14 19 28,-1115.5622666605454,0.03543426597100261,9.885969064740387,1.1415572467683466
30,2000,0 13 22 25 26 28,-1115.5621588865054,0.035443923509122045,9.888663465780567,1.44846254354623
