n_assets,n_select,feasible_set_size,solution,rank,rank_ties,solution_index,f,f_star,delta_F,penalty_label,penalty,threshold,threshold_kind,threshold_binding_m,a_margin,a_margin_target,a_heur,E_A,E_A_star,abs_E_star,g_off,g_F,deflation_D,c_max_all_states,c_max_cardinality,c_max_proven,r_all,r_all_of_worst_feasible
8,2,28,optimum,1,1,130,-0.25261168083239516,-0.25261168083239516,0.6360036898294753,1.1xAcrit,0.01178830224062556,0.01071663840056869,"A_crit (exact, all states)",1,0.17759388197785167,-0.08573543725511219,8.999999999986137,-0.2997648897948974,-0.2997648897948974,0.2997648897948974,0.0,0.0,0.47132570862170636,4.709662805357285,8,True,1.0,0.8730386526099657
8,2,28,rank_2,2,1,6,-0.15076860308166284,-0.25261168083239516,0.6360036898294753,1.1xAcrit,0.01178830224062556,0.01071663840056869,"A_crit (exact, all states)",1,0.17759388197785167,-0.08573543725511219,8.999999999986137,-0.1979218120441651,-0.2997648897948974,0.2997648897948974,0.3397431828004091,0.16012969638279675,0.47132570862170636,4.709662805357285,8,True,0.9796697179900832,0.8730386526099657
8,2,28,rank_5,5,1,132,-0.1106168733586747,-0.25261168083239516,0.6360036898294753,1.1xAcrit,0.01178830224062556,0.01071663840056869,"A_crit (exact, all states)",1,0.17759388197785167,-0.08573543725511219,8.999999999986137,-0.15777008232117695,-0.2997648897948974,0.2997648897948974,0.4736872539371603,0.22326098062700228,0.47132570862170636,4.709662805357285,8,True,0.9716544850799754,0.8730386526099657
8,2,28,rank_10,10,1,144,-0.007801302507254748,-0.25261168083239516,0.6360036898294753,1.1xAcrit,0.01178830224062556,0.01071663840056869,"A_crit (exact, all states)",1,0.17759388197785167,-0.08573543725511219,8.999999999986137,-0.05495451146975699,-0.2997648897948974,0.2997648897948974,0.816674622877424,0.3849197453410667,0.47132570862170636,4.709662805357285,8,True,0.9511300704944693,0.8730386526099657
8,2,28,median,15,1,12,0.13477892610017317,-0.25261168083239516,0.6360036898294753,1.1xAcrit,0.01178830224062556,0.01071663840056869,"A_crit (exact, all states)",1,0.17759388197785167,-0.08573543725511219,8.999999999986137,0.08762571713767092,-0.2997648897948974,0.2997648897948974,1.2923148111095515,0.6091011941085359,0.47132570862170636,4.709662805357285,8,True,0.9226676916991015,0.8730386526099657
8,2,28,worst_feasible,28,1,5,0.38339200899708015,-0.25261168083239516,0.6360036898294753,1.1xAcrit,0.01178830224062556,0.01071663840056869,"A_crit (exact, all states)",1,0.17759388197785167,-0.08573543725511219,8.999999999986137,0.3362388000345779,-0.2997648897948974,0.2997648897948974,2.1216750576247816,1.0,0.47132570862170636,4.709662805357285,8,True,0.8730386526099657,0.8730386526099657
8,2,28,published_qaoa,1,1,130,-0.25261168083239516,-0.25261168083239516,0.6360036898294753,1.1xAcrit,0.01178830224062556,0.01071663840056869,"A_crit (exact, all states)",1,0.17759388197785167,-0.08573543725511219,8.999999999986137,-0.2997648897948974,-0.2997648897948974,0.2997648897948974,0.0,0.0,0.47132570862170636,4.709662805357285,8,True,1.0,0.8730386526099657
8,2,28,optimum,1,1,130,-0.25261168083239516,-0.25261168083239516,0.6360036898294753,2xAcrit,0.02143327680113738,0.01071663840056869,"A_crit (exact, all states)",1,0.17759388197785167,-0.08573543725511219,8.999999999986137,-0.3383447880369447,-0.3383447880369447,0.3383447880369447,0.0,0.0,0.531985574058008,5.018301991293662,8,True,1.0,0.8812683165364595
8,2,28,rank_2,2,1,6,-0.15076860308166284,-0.25261168083239516,0.6360036898294753,2xAcrit,0.02143327680113738,0.01071663840056869,"A_crit (exact, all states)",1,0.17759388197785167,-0.08573543725511219,8.999999999986137,-0.23650171028621236,-0.3383447880369447,0.3383447880369447,0.30100383204251346,0.16012969638279675,0.531985574058008,5.018301991293662,8,True,0.9809875315759651,0.8812683165364595
8,2,28,rank_5,5,1,132,-0.1106168733586747,-0.25261168083239516,0.6360036898294753,2xAcrit,0.02143327680113738,0.01071663840056869,"A_crit (exact, all states)",1,0.17759388197785167,-0.08573543725511219,8.999999999986137,-0.19634998056322422,-0.3383447880369447,0.3383447880369447,0.4196748775045877,0.22326098062700228,0.531985574058008,5.018301991293662,8,True,0.9734918479184351,0.8812683165364595
8,2,28,rank_10,10,1,144,-0.007801302507254748,-0.25261168083239516,0.6360036898294753,2xAcrit,0.02143327680113738,0.01071663840056869,"A_crit (exact, all states)",1,0.17759388197785167,-0.08573543725511219,8.999999999986137,-0.09353440971180427,-0.3383447880369447,0.3383447880369447,0.7235529760795635,0.3849197453410667,0.531985574058008,5.018301991293662,8,True,0.9542978306372979,0.8812683165364595
8,2,28,median,15,1,12,0.13477892610017317,-0.25261168083239516,0.6360036898294753,2xAcrit,0.02143327680113738,0.01071663840056869,"A_crit (exact, all states)",1,0.17759388197785167,-0.08573543725511219,8.999999999986137,0.04904581889562365,-0.3383447880369447,0.3383447880369447,1.1449581037739178,0.6091011941085359,0.531985574058008,5.018301991293662,8,True,0.9276803898238408,0.8812683165364595
8,2,28,worst_feasible,28,1,5,0.38339200899708015,-0.25261168083239516,0.6360036898294753,2xAcrit,0.02143327680113738,0.01071663840056869,"A_crit (exact, all states)",1,0.17759388197785167,-0.08573543725511219,8.999999999986137,0.29765890179253063,-0.3383447880369447,0.3383447880369447,1.8797502202399186,1.0,0.531985574058008,5.018301991293662,8,True,0.8812683165364595,0.8812683165364595
8,2,28,published_qaoa,1,1,130,-0.25261168083239516,-0.25261168083239516,0.6360036898294753,2xAcrit,0.02143327680113738,0.01071663840056869,"A_crit (exact, all states)",1,0.17759388197785167,-0.08573543725511219,8.999999999986137,-0.3383447880369447,-0.3383447880369447,0.3383447880369447,0.0,0.0,0.531985574058008,5.018301991293662,8,True,1.0,0.8812683165364595
8,2,28,optimum,1,1,130,-0.25261168083239516,-0.25261168083239516,0.6360036898294753,5xAcrit,0.05358319200284345,0.01071663840056869,"A_crit (exact, all states)",1,0.17759388197785167,-0.08573543725511219,8.999999999986137,-0.46694444884376896,-0.46694444884376896,0.46694444884376896,0.0,0.0,0.7341851255123467,6.047099277748256,8,True,1.0,0.9023642277325922
8,2,28,rank_2,2,1,6,-0.15076860308166284,-0.25261168083239516,0.6360036898294753,5xAcrit,0.05358319200284345,0.01071663840056869,"A_crit (exact, all states)",1,0.17759388197785167,-0.08573543725511219,8.999999999986137,-0.36510137109303664,-0.46694444884376896,0.46694444884376896,0.2181053399454956,0.16012969638279675,0.7341851255123467,6.047099277748256,8,True,0.98436561343072,0.9023642277325922
8,2,28,rank_5,5,1,132,-0.1106168733586747,-0.25261168083239516,0.6360036898294753,5xAcrit,0.05358319200284345,0.01071663840056869,"A_crit (exact, all states)",1,0.17759388197785167,-0.08573543725511219,8.999999999986137,-0.3249496413700485,-0.46694444884376896,0.46694444884376896,0.3040935764957114,0.22326098062700228,0.7341851255123467,6.047099277748256,8,True,0.9782017417393039,0.9023642277325922
8,2,28,rank_10,10,1,144,-0.007801302507254748,-0.25261168083239516,0.6360036898294753,5xAcrit,0.05358319200284345,0.01071663840056869,"A_crit (exact, all states)",1,0.17759388197785167,-0.08573543725511219,8.999999999986137,-0.22213407051862855,-0.46694444884376896,0.46694444884376896,0.5242815905218084,0.3849197453410667,0.7341851255123467,6.047099277748256,8,True,0.962418063402651,0.9023642277325922
8,2,28,median,15,1,12,0.13477892610017317,-0.25261168083239516,0.6360036898294753,5xAcrit,0.05358319200284345,0.01071663840056869,"A_crit (exact, all states)",1,0.17759388197785167,-0.08573543725511219,8.999999999986137,-0.07955384191120063,-0.46694444884376896,0.46694444884376896,0.8296288945972289,0.6091011941085359,0.7341851255123467,6.047099277748256,8,True,0.9405299345242129,0.9023642277325922
8,2,28,worst_feasible,28,1,5,0.38339200899708015,-0.25261168083239516,0.6360036898294753,5xAcrit,0.05358319200284345,0.01071663840056869,"A_crit (exact, all states)",1,0.17759388197785167,-0.08573543725511219,8.999999999986137,0.16905924098570635,-0.46694444884376896,0.46694444884376896,1.36205429019303,1.0,0.7341851255123467,6.047099277748256,8,True,0.9023642277325922,0.9023642277325922
8,2,28,published_qaoa,1,1,130,-0.25261168083239516,-0.25261168083239516,0.6360036898294753,5xAcrit,0.05358319200284345,0.01071663840056869,"A_crit (exact, all states)",1,0.17759388197785167,-0.08573543725511219,8.999999999986137,-0.46694444884376896,-0.46694444884376896,0.46694444884376896,0.0,0.0,0.7341851255123467,6.047099277748256,8,True,1.0,0.9023642277325922
8,2,28,optimum,1,1,130,-0.25261168083239516,-0.25261168083239516,0.6360036898294753,10xAcrit,0.1071663840056869,0.01071663840056869,"A_crit (exact, all states)",1,0.17759388197785167,-0.08573543725511219,8.999999999986137,-0.6812772168551428,-0.6812772168551428,0.6812772168551428,0.0,0.0,1.0711843779362447,7.761761421839247,8,True,1.0,0.9246712330659398
8,2,28,rank_2,2,1,6,-0.15076860308166284,-0.25261168083239516,0.6360036898294753,10xAcrit,0.1071663840056869,0.01071663840056869,"A_crit (exact, all states)",1,0.17759388197785167,-0.08573543725511219,8.999999999986137,-0.5794341391044104,-0.6812772168551428,0.6812772168551428,0.14948845379103115,0.16012969638279675,1.0711843779362447,7.761761421839247,8,True,0.9879376274219585,0.9246712330659398
8,2,28,rank_5,5,1,132,-0.1106168733586747,-0.25261168083239516,0.6360036898294753,10xAcrit,0.1071663840056869,0.01071663840056869,"A_crit (exact, all states)",1,0.17759388197785167,-0.08573543725511219,8.999999999986137,-0.5392824093814224,-0.6812772168551428,0.6812772168551428,0.20842441807930331,0.22326098062700228,1.0711843779362447,7.761761421839247,8,True,0.9831820256248788,0.9246712330659398
8,2,28,rank_10,10,1,144,-0.007801302507254748,-0.25261168083239516,0.6360036898294753,10xAcrit,0.1071663840056869,0.01071663840056869,"A_crit (exact, all states)",1,0.17759388197785167,-0.08573543725511219,8.999999999986137,-0.43646683853000234,-0.6812772168551428,0.6812772168551428,0.3593403276499021,0.3849197453410667,1.0711843779362447,7.761761421839247,8,True,0.9710044702148851,0.9246712330659398
8,2,28,median,15,1,12,0.13477892610017317,-0.25261168083239516,0.6360036898294753,10xAcrit,0.1071663840056869,0.01071663840056869,"A_crit (exact, all states)",1,0.17759388197785167,-0.08573543725511219,8.999999999986137,-0.2938866099225744,-0.6812772168551428,0.6812772168551428,0.5686240451732847,0.6091011941085359,1.0711843779362447,7.761761421839247,8,True,0.9541171581097403,0.9246712330659398
8,2,28,worst_feasible,28,1,5,0.38339200899708015,-0.25261168083239516,0.6360036898294753,10xAcrit,0.1071663840056869,0.01071663840056869,"A_crit (exact, all states)",1,0.17759388197785167,-0.08573543725511219,8.999999999986137,-0.04527352702566745,-0.6812772168551428,0.6812772168551428,0.9335461014905864,1.0,1.0711843779362447,7.761761421839247,8,True,0.9246712330659398,0.9246712330659398
8,2,28,published_qaoa,1,1,130,-0.25261168083239516,-0.25261168083239516,0.6360036898294753,10xAcrit,0.1071663840056869,0.01071663840056869,"A_crit (exact, all states)",1,0.17759388197785167,-0.08573543725511219,8.999999999986137,-0.6812772168551428,-0.6812772168551428,0.6812772168551428,0.0,0.0,1.0711843779362447,7.761761421839247,8,True,1.0,0.9246712330659398
8,2,28,optimum,1,1,130,-0.25261168083239516,-0.25261168083239516,0.6360036898294753,Aheur,8.999999999986137,0.01071663840056869,"A_crit (exact, all states)",1,0.17759388197785167,-0.08573543725511219,8.999999999986137,-36.252611680776944,-36.252611680776944,36.252611680776944,0.0,0.0,57.0006310663024,292.3324371332136,8,True,1.0,0.9980644168317302
8,2,28,rank_2,2,1,6,-0.15076860308166284,-0.25261168083239516,0.6360036898294753,Aheur,8.999999999986137,0.01071663840056869,"A_crit (exact, all states)",1,0.17759388197785167,-0.08573543725511219,8.999999999986137,-36.150768603026215,-36.252611680776944,36.252611680776944,0.002809261816707537,0.16012969638279675,57.0006310663024,292.3324371332136,8,True,0.9996900556549413,0.9980644168317302
8,2,28,rank_5,5,1,132,-0.1106168733586747,-0.25261168083239516,0.6360036898294753,Aheur,8.999999999986137,0.01071663840056869,"A_crit (exact, all states)",1,0.17759388197785167,-0.08573543725511219,8.999999999986137,-36.11061687330322,-36.252611680776944,36.252611680776944,0.003916815944849944,0.22326098062700228,57.0006310663024,292.3324371332136,8,True,0.999567859803767,0.9980644168317302
8,2,28,rank_10,10,1,144,-0.007801302507254748,-0.25261168083239516,0.6360036898294753,Aheur,8.999999999986137,0.01071663840056869,"A_crit (exact, all states)",1,0.17759388197785167,-0.08573543725511219,8.999999999986137,-36.0078013024518,-36.252611680776944,36.252611680776944,0.006752903224761372,0.3849197453410667,57.0006310663024,292.3324371332136,8,True,0.9992549558197831,0.9980644168317302
8,2,28,median,15,1,12,0.13477892610017317,-0.25261168083239516,0.6360036898294753,Aheur,8.999999999986137,0.01071663840056869,"A_crit (exact, all states)",1,0.17759388197785167,-0.08573543725511219,8.999999999986137,-35.865221073844374,-36.252611680776944,36.252611680776944,0.010685867554694917,0.6091011941085359,57.0006310663024,292.3324371332136,8,True,0.9988210339809105,0.9980644168317302
8,2,28,worst_feasible,28,1,5,0.38339200899708015,-0.25261168083239516,0.6360036898294753,Aheur,8.999999999986137,0.01071663840056869,"A_crit (exact, all states)",1,0.17759388197785167,-0.08573543725511219,8.999999999986137,-35.61660799094747,-36.252611680776944,36.252611680776944,0.01754366541726201,1.0,57.0006310663024,292.3324371332136,8,True,0.9980644168317302,0.9980644168317302
8,2,28,published_qaoa,1,1,130,-0.25261168083239516,-0.25261168083239516,0.6360036898294753,Aheur,8.999999999986137,0.01071663840056869,"A_crit (exact, all states)",1,0.17759388197785167,-0.08573543725511219,8.999999999986137,-36.252611680776944,-36.252611680776944,36.252611680776944,0.0,0.0,57.0006310663024,292.3324371332136,8,True,1.0,0.9980644168317302
8,2,28,optimum,1,1,130,-0.25261168083239516,-0.25261168083239516,0.6360036898294753,Amargin,0.17759388197785167,0.01071663840056869,"A_crit (exact, all states)",1,0.17759388197785167,-0.08573543725511219,8.999999999986137,-0.9629872087438018,-0.9629872087438018,0.9629872087438018,0.0,0.0,1.5141220469994396,10.015441356948521,8,True,1.0,0.9420678755594412
8,2,28,rank_2,2,1,6,-0.15076860308166284,-0.25261168083239516,0.6360036898294753,Amargin,0.17759388197785167,0.01071663840056869,"A_crit (exact, all states)",1,0.17759388197785167,-0.08573543725511219,8.999999999986137,-0.8611441309930695,-0.9629872087438018,0.9629872087438018,0.10575745640856916,0.16012969638279675,1.5141220469994396,10.015441356948521,8,True,0.990723346502523,0.9420678755594412
8,2,28,rank_5,5,1,132,-0.1106168733586747,-0.25261168083239516,0.6360036898294753,Amargin,0.17759388197785167,0.01071663840056869,"A_crit (exact, all states)",1,0.17759388197785167,-0.08573543725511219,8.999999999986137,-0.8209924012700813,-0.9629872087438018,0.9629872087438018,0.14745243361949734,0.22326098062700228,1.5141220469994396,10.015441356948521,8,True,0.9870660170875953,0.9420678755594412
8,2,28,rank_10,10,1,144,-0.007801302507254748,-0.25261168083239516,0.6360036898294753,Amargin,0.17759388197785167,0.01071663840056869,"A_crit (exact, all states)",1,0.17759388197785167,-0.08573543725511219,8.999999999986137,-0.7181768304186614,-0.9629872087438018,0.9629872087438018,0.2542197612826974,0.3849197453410667,1.5141220469994396,10.015441356948521,8,True,0.9777007814132731,0.9420678755594412
8,2,28,median,15,1,12,0.13477892610017317,-0.25261168083239516,0.6360036898294753,Amargin,0.17759388197785167,0.01071663840056869,"A_crit (exact, all states)",1,0.17759388197785167,-0.08573543725511219,8.999999999986137,-0.5755966018112335,-0.9629872087438018,0.9629872087438018,0.40228011692690274,0.6091011941085359,1.5141220469994396,10.015441356948521,8,True,0.9647134738260112,0.9420678755594412
8,2,28,worst_feasible,28,1,5,0.38339200899708015,-0.25261168083239516,0.6360036898294753,Amargin,0.17759388197785167,0.01071663840056869,"A_crit (exact, all states)",1,0.17759388197785167,-0.08573543725511219,8.999999999986137,-0.32698351891432653,-0.9629872087438018,0.9629872087438018,0.660448741223811,1.0,1.5141220469994396,10.015441356948521,8,True,0.9420678755594412,0.9420678755594412
8,2,28,published_qaoa,1,1,130,-0.25261168083239516,-0.25261168083239516,0.6360036898294753,Amargin,0.17759388197785167,0.01071663840056869,"A_crit (exact, all states)",1,0.17759388197785167,-0.08573543725511219,8.999999999986137,-0.9629872087438018,-0.9629872087438018,0.9629872087438018,0.0,0.0,1.5141220469994396,10.015441356948521,8,True,1.0,0.9420678755594412
12,2,66,optimum,1,1,1028,-0.25261168083239516,-0.25261168083239516,0.6490147388383165,1.1xAcrit,0.01178830224062556,0.01071663840056869,"A_crit (exact, all states)",1,0.19822334062316602,-0.06510597860979783,12.999999999979208,-0.2997648897948974,-0.2997648897948974,0.2997648897948974,0.0,0.0,0.4618768601949659,10.40777210932148,12,True,1.0,0.9393871121909851
12,2,66,rank_2,2,1,6,-0.19909386996995387,-0.25261168083239516,0.6490147388383165,1.1xAcrit,0.01178830224062556,0.01071663840056869,"A_crit (exact, all states)",1,0.19822334062316602,-0.06510597860979783,12.999999999979208,-0.24624707893245612,-0.2997648897948974,0.2997648897948974,0.17853261901038106,0.08246008551089888,0.4618768601949659,10.40777210932148,12,True,0.9950018560882061,0.9393871121909851
12,2,66,rank_5,5,1,260,-0.11710947655384518,-0.25261168083239516,0.6490147388383165,1.1xAcrit,0.01178830224062556,0.01071663840056869,"A_crit (exact, all states)",1,0.19822334062316602,-0.06510597860979783,12.999999999979208,-0.16426268551634743,-0.2997648897948974,0.2997648897948974,0.4520282691253874,0.20878139766299897,0.4618768601949659,10.40777210932148,12,True,0.9873451565668433,0.9393871121909851
12,2,66,rank_10,10,1,36,-0.06798763830809368,-0.25261168083239516,0.6490147388383165,1.1xAcrit,0.01178830224062556,0.01071663840056869,"A_crit (exact, all states)",1,0.19822334062316602,-0.06510597860979783,12.999999999979208,-0.11514084727059593,-0.2997648897948974,0.2997648897948974,0.6158961533174327,0.2844681815004132,0.4618768601949659,10.40777210932148,12,True,0.982757562029481,0.9393871121909851
12,2,66,rank_50,50,1,72,0.22495747975088365,-0.25261168083239516,0.6490147388383165,1.1xAcrit,0.01178830224062556,0.01071663840056869,"A_crit (exact, all states)",1,0.19822334062316602,-0.06510597860979783,12.999999999979208,0.1778042707883814,-0.2997648897948974,0.2997648897948974,1.593145751358797,0.735837157470551,0.4618768601949659,10.40777210932148,12,True,0.955398784928533,0.9393871121909851
12,2,66,median,34,1,2560,0.1577108972711171,-0.25261168083239516,0.6490147388383165,1.1xAcrit,0.01178830224062556,0.01071663840056869,"A_crit (exact, all states)",1,0.19822334062316602,-0.06510597860979783,12.999999999979208,0.11055768830861484,-0.2997648897948974,0.2997648897948974,1.3688146680028461,0.6322238210459692,0.4618768601949659,10.40777210932148,12,True,0.9616790884647539,0.9393871121909851
12,2,66,worst_feasible,66,1,144,0.39640305800592135,-0.25261168083239516,0.6490147388383165,1.1xAcrit,0.01178830224062556,0.01071663840056869,"A_crit (exact, all states)",1,0.19822334062316602,-0.06510597860979783,12.999999999979208,0.3492498490434191,-0.2997648897948974,0.2997648897948974,2.1650792368725367,1.0,0.4618768601949659,10.40777210932148,12,True,0.9393871121909851,0.9393871121909851
12,2,66,published_qaoa,1,1,1028,-0.25261168083239516,-0.25261168083239516,0.6490147388383165,1.1xAcrit,0.01178830224062556,0.01071663840056869,"A_crit (exact, all states)",1,0.19822334062316602,-0.06510597860979783,12.999999999979208,-0.2997648897948974,-0.2997648897948974,0.2997648897948974,0.0,0.0,0.4618768601949659,10.40777210932148,12,True,1.0,0.9393871121909851
12,2,66,optimum,1,1,1028,-0.25261168083239516,-0.25261168083239516,0.6490147388383165,2xAcrit,0.02143327680113738,0.01071663840056869,"A_crit (exact, all states)",1,0.19822334062316602,-0.06510597860979783,12.999999999979208,-0.3383447880369447,-0.3383447880369447,0.3383447880369447,0.0,0.0,0.5213206538923203,11.333689667130614,12,True,1.0,0.9443957485448494
12,2,66,rank_2,2,1,6,-0.19909386996995387,-0.25261168083239516,0.6490147388383165,2xAcrit,0.02143327680113738,0.01071663840056869,"A_crit (exact, all states)",1,0.19822334062316602,-0.06510597860979783,12.999999999979208,-0.2848269771745034,-0.3383447880369447,0.3383447880369447,0.15817536653349465,0.08246008551089888,0.5213206538923203,11.333689667130614,12,True,0.9954148686702388,0.9443957485448494
12,2,66,rank_5,5,1,260,-0.11710947655384518,-0.25261168083239516,0.6490147388383165,2xAcrit,0.02143327680113738,0.01071663840056869,"A_crit (exact, all states)",1,0.19822334062316602,-0.06510597860979783,12.999999999979208,-0.2028425837583947,-0.3383447880369447,0.3383447880369447,0.4004855670002346,0.20878139766299897,0.5213206538923203,11.333689667130614,12,True,0.9883908666651888,0.9443957485448494
12,2,66,rank_10,10,1,36,-0.06798763830809368,-0.25261168083239516,0.6490147388383165,2xAcrit,0.02143327680113738,0.01071663840056869,"A_crit (exact, all states)",1,0.19822334062316602,-0.06510597860979783,12.999999999979208,-0.1537207455126432,-0.3383447880369447,0.3383447880369447,0.5456683509016901,0.2844681815004132,0.5213206538923203,11.333689667130614,12,True,0.9841823597048617,0.9443957485448494
12,2,66,rank_50,50,1,72,0.22495747975088365,-0.25261168083239516,0.6490147388383165,2xAcrit,0.02143327680113738,0.01071663840056869,"A_crit (exact, all states)",1,0.19822334062316602,-0.06510597860979783,12.999999999979208,0.13922437254633413,-0.3383447880369447,0.3383447880369447,1.4114866771085945,0.735837157470551,0.5213206538923203,11.333689667130614,12,True,0.9590843256659644,0.9443957485448494
12,2,66,median,34,1,2560,0.1577108972711171,-0.25261168083239516,0.6490147388383165,2xAcrit,0.02143327680113738,0.01071663840056869,"A_crit (exact, all states)",1,0.19822334062316602,-0.06510597860979783,12.999999999979208,0.07197779006656757,-0.3383447880369447,0.3383447880369447,1.2127350342358698,0.6322238210459692,0.5213206538923203,11.333689667130614,12,True,0.9648456676786239,0.9443957485448494
12,2,66,worst_feasible,66,1,144,0.39640305800592135,-0.25261168083239516,0.6490147388383165,2xAcrit,0.02143327680113738,0.01071663840056869,"A_crit (exact, all states)",1,0.19822334062316602,-0.06510597860979783,12.999999999979208,0.31066995080137183,-0.3383447880369447,0.3383447880369447,1.918205220786345,1.0,0.5213206538923203,11.333689667130614,12,True,0.9443957485448494,0.9443957485448494
12,2,66,published_qaoa,1,1,1028,-0.25261168083239516,-0.25261168083239516,0.6490147388383165,2xAcrit,0.02143327680113738,0.01071663840056869,"A_crit (exact, all states)",1,0.19822334062316602,-0.06510597860979783,12.999999999979208,-0.3383447880369447,-0.3383447880369447,0.3383447880369447,0.0,0.0,0.5213206538923203,11.333689667130614,12,True,1.0,0.9443957485448494
12,2,66,optimum,1,1,1028,-0.25261168083239516,-0.25261168083239516,0.6490147388383165,5xAcrit,0.05358319200284345,0.01071663840056869,"A_crit (exact, all states)",1,0.19822334062316602,-0.06510597860979783,12.999999999979208,-0.46694444884376896,-0.46694444884376896,0.46694444884376896,0.0,0.0,0.719466632883502,14.420081526494396,12,True,1.0,0.9564040030618961
12,2,66,rank_2,2,1,6,-0.19909386996995387,-0.25261168083239516,0.6490147388383165,5xAcrit,0.05358319200284345,0.01071663840056869,"A_crit (exact, all states)",1,0.19822334062316602,-0.06510597860979783,12.999999999979208,-0.41342663798132767,-0.46694444884376896,0.46694444884376896,0.11461280029125555,0.08246008551089888,0.719466632883502,14.420081526494396,12,True,0.9964050703645511,0.9564040030618961
12,2,66,rank_5,5,1,260,-0.11710947655384518,-0.25261168083239516,0.6490147388383165,5xAcrit,0.05358319200284345,0.01071663840056869,"A_crit (exact, all states)",1,0.19822334062316602,-0.06510597860979783,12.999999999979208,-0.331442244565219,-0.46694444884376896,0.46694444884376896,0.29018913194936924,0.20878139766299897,0.719466632883502,14.420081526494396,12,True,0.9908979668267508,0.9564040030618961
12,2,66,rank_10,10,1,36,-0.06798763830809368,-0.25261168083239516,0.6490147388383165,5xAcrit,0.05358319200284345,0.01071663840056869,"A_crit (exact, all states)",1,0.19822334062316602,-0.06510597860979783,12.999999999979208,-0.2823204063194675,-0.46694444884376896,0.46694444884376896,0.3953875947801947,0.2844681815004132,0.719466632883502,14.420081526494396,12,True,0.9875983260303199,0.9564040030618961
12,2,66,rank_50,50,1,72,0.22495747975088365,-0.25261168083239516,0.6490147388383165,5xAcrit,0.05358319200284345,0.01071663840056869,"A_crit (exact, all states)",1,0.19822334062316602,-0.06510597860979783,12.999999999979208,0.010624711739509851,-0.46694444884376896,0.46694444884376896,1.0227536953610186,0.735837157470551,0.719466632883502,14.420081526494396,12,True,0.9679204455359708,0.9564040030618961
12,2,66,median,34,1,2560,0.1577108972711171,-0.25261168083239516,0.6490147388383165,5xAcrit,0.05358319200284345,0.01071663840056869,"A_crit (exact, all states)",1,0.19822334062316602,-0.06510597860979783,12.999999999979208,-0.05662187074025671,-0.46694444884376896,0.46694444884376896,0.8787395997950896,0.6322238210459692,0.719466632883502,14.420081526494396,12,True,0.9724375722334835,0.9564040030618961
12,2,66,worst_feasible,66,1,144,0.39640305800592135,-0.25261168083239516,0.6490147388383165,5xAcrit,0.05358319200284345,0.01071663840056869,"A_crit (exact, all states)",1,0.19822334062316602,-0.06510597860979783,12.999999999979208,0.18207028999454755,-0.46694444884376896,0.46694444884376896,1.3899185233819213,1.0,0.719466632883502,14.420081526494396,12,True,0.9564040030618961,0.9564040030618961
12,2,66,published_qaoa,1,1,1028,-0.25261168083239516,-0.25261168083239516,0.6490147388383165,5xAcrit,0.05358319200284345,0.01071663840056869,"A_crit (exact, all states)",1,0.19822334062316602,-0.06510597860979783,12.999999999979208,-0.46694444884376896,-0.46694444884376896,0.46694444884376896,0.0,0.0,0.719466632883502,14.420081526494396,12,True,1.0,0.9564040030618961
12,2,66,optimum,1,1,1028,-0.25261168083239516,-0.25261168083239516,0.6490147388383165,10xAcrit,0.1071663840056869,0.01071663840056869,"A_crit (exact, all states)",1,0.19822334062316602,-0.06510597860979783,12.999999999979208,-0.6812772168551428,-0.6812772168551428,0.6812772168551428,0.0,0.0,1.0497099312021378,19.564067958767367,12,True,1.0,0.9679425204555268
12,2,66,rank_2,2,1,6,-0.19909386996995387,-0.25261168083239516,0.6490147388383165,10xAcrit,0.1071663840056869,0.01071663840056869,"A_crit (exact, all states)",1,0.19822334062316602,-0.06510597860979783,12.999999999979208,-0.6277594059927014,-0.6812772168551428,0.6812772168551428,0.07855511609427644,0.08246008551089888,1.0497099312021378,19.564067958767367,12,True,0.9973565374954988,0.9679425204555268
12,2,66,rank_5,5,1,260,-0.11710947655384518,-0.25261168083239516,0.6490147388383165,10xAcrit,0.1071663840056869,0.01071663840056869,"A_crit (exact, all states)",1,0.19822334062316602,-0.06510597860979783,12.999999999979208,-0.5457750125765928,-0.6812772168551428,0.6812772168551428,0.19889437210896965,0.20878139766299897,1.0497099312021378,19.564067958767367,12,True,0.9933069946151518,0.9679425204555268
12,2,66,rank_10,10,1,36,-0.06798763830809368,-0.25261168083239516,0.6490147388383165,10xAcrit,0.1071663840056869,0.01071663840056869,"A_crit (exact, all states)",1,0.19822334062316602,-0.06510597860979783,12.999999999979208,-0.4966531743308413,-0.6812772168551428,0.6812772168551428,0.27099694215014,0.2844681815004132,1.0497099312021378,19.564067958767367,12,True,0.990880667090497,0.9679425204555268
12,2,66,rank_50,50,1,72,0.22495747975088365,-0.25261168083239516,0.6490147388383165,10xAcrit,0.1071663840056869,0.01071663840056869,"A_crit (exact, all states)",1,0.19822334062316602,-0.06510597860979783,12.999999999979208,-0.20370805627186395,-0.6812772168551428,0.6812772168551428,0.7009909457823869,0.735837157470551,1.0497099312021378,19.564067958767367,12,True,0.9764109153763245,0.9679425204555268
12,2,66,median,34,1,2560,0.1577108972711171,-0.25261168083239516,0.6490147388383165,10xAcrit,0.1071663840056869,0.01071663840056869,"A_crit (exact, all states)",1,0.19822334062316602,-0.06510597860979783,12.999999999979208,-0.2709546387516305,-0.6812772168551428,0.6812772168551428,0.6022843094586524,0.6322238210459692,1.0497099312021378,19.564067958767367,12,True,0.9797324977892901,0.9679425204555268
12,2,66,worst_feasible,66,1,144,0.39640305800592135,-0.25261168083239516,0.6490147388383165,10xAcrit,0.1071663840056869,0.01071663840056869,"A_crit (exact, all states)",1,0.19822334062316602,-0.06510597860979783,12.999999999979208,-0.032262478016826246,-0.6812772168551428,0.6812772168551428,0.9526441260346945,1.0,1.0497099312021378,19.564067958767367,12,True,0.9679425204555268,0.9679425204555268
12,2,66,published_qaoa,1,1,1028,-0.25261168083239516,-0.25261168083239516,0.6490147388383165,10xAcrit,0.1071663840056869,0.01071663840056869,"A_crit (exact, all states)",1,0.19822334062316602,-0.06510597860979783,12.999999999979208,-0.6812772168551428,-0.6812772168551428,0.6812772168551428,0.0,0.0,1.0497099312021378,19.564067958767367,12,True,1.0,0.9679425204555268
12,2,66,optimum,1,1,1028,-0.25261168083239516,-0.25261168083239516,0.6490147388383165,Aheur,12.999999999979208,0.01071663840056869,"A_crit (exact, all states)",1,0.19822334062316602,-0.06510597860979783,12.999999999979208,-52.252611680749226,-52.252611680749226,52.252611680749226,0.0,0.0,80.51067033435503,1257.2760950922252,12,True,1.0,0.9995043905983263
12,2,66,rank_2,2,1,6,-0.19909386996995387,-0.25261168083239516,0.6490147388383165,Aheur,12.999999999979208,0.01071663840056869,"A_crit (exact, all states)",1,0.19822334062316602,-0.06510597860979783,12.999999999979208,-52.19909386988679,-52.252611680749226,52.252611680749226,0.0010242131281288315,0.08246008551089888,80.51067033435503,1257.2760950922252,12,True,0.9999591320063581,0.9995043905983263
12,2,66,rank_5,5,1,260,-0.11710947655384518,-0.25261168083239516,0.6490147388383165,Aheur,12.999999999979208,0.01071663840056869,"A_crit (exact, all states)",1,0.19822334062316602,-0.06510597860979783,12.999999999979208,-52.117109476470674,-52.252611680749226,52.252611680749226,0.0025932140025159995,0.20878139766299897,80.51067033435503,1257.2760950922252,12,True,0.9998965259764236,0.9995043905983263
12,2,66,rank_10,10,1,36,-0.06798763830809368,-0.25261168083239516,0.6490147388383165,Aheur,12.999999999979208,0.01071663840056869,"A_crit (exact, all states)",1,0.19822334062316602,-0.06510597860979783,12.999999999979208,-52.06798763822493,-52.252611680749226,52.252611680749226,0.003533297888578461,0.2844681815004132,80.51067033435503,1257.2760950922252,12,True,0.9998590148947714,0.9995043905983263
12,2,66,rank_50,50,1,72,0.22495747975088365,-0.25261168083239516,0.6490147388383165,Aheur,12.999999999979208,0.01071663840056869,"A_crit (exact, all states)",1,0.19822334062316602,-0.06510597860979783,12.999999999979208,-51.77504252016595,-52.252611680749226,52.252611680749226,0.009139622790552757,0.735837157470551,80.51067033435503,1257.2760950922252,12,True,0.9996353121866568,0.9995043905983263
12,2,66,median,34,1,2560,0.1577108972711171,-0.25261168083239516,0.6490147388383165,Aheur,12.999999999979208,0.01071663840056869,"A_crit (exact, all states)",1,0.19822334062316602,-0.06510597860979783,12.999999999979208,-51.842289102645715,-52.252611680749226,52.252611680749226,0.007852671185327226,0.6322238210459692,80.51067033435503,1257.2760950922252,12,True,0.9996866639303276,0.9995043905983263
12,2,66,worst_feasible,66,1,144,0.39640305800592135,-0.25261168083239516,0.6490147388383165,Aheur,12.999999999979208,0.01071663840056869,"A_crit (exact, all states)",1,0.19822334062316602,-0.06510597860979783,12.999999999979208,-51.60359694191091,-52.252611680749226,52.252611680749226,0.012420713873665092,1.0,80.51067033435503,1257.2760950922252,12,True,0.9995043905983263,0.9995043905983263
12,2,66,published_qaoa,1,1,1028,-0.25261168083239516,-0.25261168083239516,0.6490147388383165,Aheur,12.999999999979208,0.01071663840056869,"A_crit (exact, all states)",1,0.19822334062316602,-0.06510597860979783,12.999999999979208,-52.252611680749226,-52.252611680749226,52.252611680749226,0.0,0.0,80.51067033435503,1257.2760950922252,12,True,1.0,0.9995043905983263
12,2,66,optimum,1,1,1028,-0.25261168083239516,-0.25261168083239516,0.6490147388383165,Amargin,0.19822334062316602,0.01071663840056869,"A_crit (exact, all states)",1,0.19822334062316602,-0.06510597860979783,12.999999999979208,-1.0455050433250592,-1.0455050433250592,1.0455050433250592,0.0,0.0,1.6109110945560774,28.305535794045365,12,True,1.0,0.9778878458711429
12,2,66,rank_2,2,1,6,-0.19909386996995387,-0.25261168083239516,0.6490147388383165,Amargin,0.19822334062316602,0.01071663840056869,"A_crit (exact, all states)",1,0.19822334062316602,-0.06510597860979783,12.999999999979208,-0.991987232462618,-1.0455050433250592,1.0455050433250592,0.051188476998864176,0.08246008551089888,1.6109110945560774,28.305535794045365,12,True,0.9981766298797042,0.9778878458711429
12,2,66,rank_5,5,1,260,-0.11710947655384518,-0.25261168083239516,0.6490147388383165,Amargin,0.19822334062316602,0.01071663840056869,"A_crit (exact, all states)",1,0.19822334062316602,-0.06510597860979783,12.999999999979208,-0.9100028390465092,-1.0455050433250592,1.0455050433250592,0.12960454389354947,0.20878139766299897,1.6109110945560774,28.305535794045365,12,True,0.9953833935556375,0.9778878458711429
12,2,66,rank_10,10,1,36,-0.06798763830809368,-0.25261168083239516,0.6490147388383165,Amargin,0.19822334062316602,0.01071663840056869,"A_crit (exact, all states)",1,0.19822334062316602,-0.06510597860979783,12.999999999979208,-0.8608810008007577,-1.0455050433250592,1.0455050433250592,0.17658838061376983,0.2844681815004132,1.6109110945560774,28.305535794045365,12,True,0.9937097957259071,0.9778878458711429
12,2,66,rank_50,50,1,72,0.22495747975088365,-0.25261168083239516,0.6490147388383165,Amargin,0.19822334062316602,0.01071663840056869,"A_crit (exact, all states)",1,0.19822334062316602,-0.06510597860979783,12.999999999979208,-0.5679358827417804,-1.0455050433250592,1.0455050433250592,0.45678322035104446,0.735837157470551,1.6109110945560774,28.305535794045365,12,True,0.9837290553602711,0.9778878458711429
12,2,66,median,34,1,2560,0.1577108972711171,-0.25261168083239516,0.6490147388383165,Amargin,0.19822334062316602,0.01071663840056869,"A_crit (exact, all states)",1,0.19822334062316602,-0.06510597860979783,12.999999999979208,-0.635182465221547,-1.0455050433250592,1.0455050433250592,0.3924635091176106,0.6322238210459692,1.6109110945560774,28.305535794045365,12,True,0.9860201694250965,0.9778878458711429
12,2,66,worst_feasible,66,1,144,0.39640305800592135,-0.25261168083239516,0.6490147388383165,Amargin,0.19822334062316602,0.01071663840056869,"A_crit (exact, all states)",1,0.19822334062316602,-0.06510597860979783,12.999999999979208,-0.3964903044867427,-1.0455050433250592,1.0455050433250592,0.6207667222476808,1.0,1.6109110945560774,28.305535794045365,12,True,0.9778878458711429,0.9778878458711429
12,2,66,published_qaoa,1,1,1028,-0.25261168083239516,-0.25261168083239516,0.6490147388383165,Amargin,0.19822334062316602,0.01071663840056869,"A_crit (exact, all states)",1,0.19822334062316602,-0.06510597860979783,12.999999999979208,-1.0455050433250592,-1.0455050433250592,1.0455050433250592,0.0,0.0,1.6109110945560774,28.305535794045365,12,True,1.0,0.9778878458711429
16,3,560,optimum,1,1,16394,-0.2671105968767471,-0.2671105968767471,1.2705106296258624,1.1xAcrit,0.04852299130632842,0.04411181027848038,"A_crit (exact, all states)",2,0.31113031231330396,-9.30948419234634e-05,16.999999999972275,-0.7038175186337029,-0.7038175186337029,0.7038175186337029,0.0,0.0,0.5539642898076041,23.322914568838666,16,True,1.0,0.9471209557337883
16,3,560,rank_2,2,1,16402,-0.26084886763190396,-0.2671105968767471,1.2705106296258624,1.1xAcrit,0.04852299130632842,0.04411181027848038,"A_crit (exact, all states)",2,0.31113031231330396,-9.30948419234634e-05,16.999999999972275,-0.6975557893888598,-0.7038175186337029,0.7038175186337029,0.008896807878551847,0.004928513857996672,0.5539642898076041,23.322914568838666,16,True,0.9997393848975364,0.9471209557337883
16,3,560,rank_5,5,1,8202,-0.23187921177598703,-0.2671105968767471,1.2705106296258624,1.1xAcrit,0.04852299130632842,0.04411181027848038,"A_crit (exact, all states)",2,0.31113031231330396,-9.30948419234634e-05,16.999999999972275,-0.6685861335329428,-0.7038175186337029,0.7038175186337029,0.05005755635232491,0.027730098654219795,0.5539642898076041,23.322914568838666,16,True,0.9985336588857572,0.9471209557337883
16,3,560,rank_10,10,1,22,-0.1939724416855046,-0.2671105968767471,1.2705106296258624,1.1xAcrit,0.04852299130632842,0.04411181027848038,"A_crit (exact, all states)",2,0.31113031231330396,-9.30948419234634e-05,16.999999999972275,-0.6306793634424603,-0.7038175186337029,0.7038175186337029,0.10391636078229927,0.05756595300015718,0.5539642898076041,23.322914568838666,16,True,0.996955967423078,0.9471209557337883
16,3,560,rank_50,50,1,12290,-0.06771649523951706,-0.2671105968767471,1.2705106296258624,1.1xAcrit,0.04852299130632842,0.04411181027848038,"A_crit (exact, all states)",2,0.31113031231330396,-9.30948419234634e-05,16.999999999972275,-0.5044234169964729,-0.7038175186337029,0.7038175186337029,0.2833036921620068,0.1569401286283982,0.5539642898076041,23.322914568838666,16,True,0.9917011559911141,0.9471209557337883
16,3,560,rank_100,100,1,12292,0.03791900471369991,-0.2671105968767471,1.2705106296258624,1.1xAcrit,0.04852299130632842,0.04411181027848038,"A_crit (exact, all states)",2,0.31113031231330396,-9.30948419234634e-05,16.999999999972275,-0.3987879170432559,-0.7038175186337029,0.7038175186337029,0.4333930223598166,0.2400842578391269,0.5539642898076041,23.322914568838666,16,True,0.9873045739021041,0.9471209557337883
16,3,560,median,281,1,1060,0.24951710557241713,-0.2671105968767471,1.2705106296258624,1.1xAcrit,0.04852299130632842,0.04411181027848038,"A_crit (exact, all states)",2,0.31113031231330396,-9.30948419234634e-05,16.999999999972275,-0.18718981618453867,-0.7038175186337029,0.7038175186337029,0.7340364352567923,0.4066299725499344,0.5539642898076041,23.322914568838666,16,True,0.9784977956815636,0.9471209557337883
16,3,560,worst_feasible,560,1,289,1.0034000327491153,-0.2671105968767471,1.2705106296258624,1.1xAcrit,0.04852299130632842,0.04411181027848038,"A_crit (exact, all states)",2,0.31113031231330396,-9.30948419234634e-05,16.999999999972275,0.5666931109921595,-0.7038175186337029,0.7038175186337029,1.805170510805502,1.0,0.5539642898076041,23.322914568838666,16,True,0.9471209557337883,0.9471209557337883
16,3,560,published_qaoa,1,1,16394,-0.2671105968767471,-0.2671105968767471,1.2705106296258624,1.1xAcrit,0.04852299130632842,0.04411181027848038,"A_crit (exact, all states)",2,0.31113031231330396,-9.30948419234634e-05,16.999999999972275,-0.7038175186337029,-0.7038175186337029,0.7038175186337029,0.0,0.0,0.5539642898076041,23.322914568838666,16,True,1.0,0.9471209557337883
16,3,560,optimum,1,1,16394,-0.2671105968767471,-0.2671105968767471,1.2705106296258624,2xAcrit,0.08822362055696076,0.04411181027848038,"A_crit (exact, all states)",2,0.31113031231330396,-9.30948419234634e-05,16.999999999972275,-1.061123181889394,-1.061123181889394,1.061123181889394,0.0,0.0,0.8351942574473947,29.675015248939836,16,True,1.0,0.9586639475715173
16,3,560,rank_2,2,1,16402,-0.26084886763190396,-0.2671105968767471,1.2705106296258624,2xAcrit,0.08822362055696076,0.04411181027848038,"A_crit (exact, all states)",2,0.31113031231330396,-9.30948419234634e-05,16.999999999972275,-1.0548614526445508,-1.061123181889394,1.061123181889394,0.005901038966742534,0.004928513857996672,0.8351942574473947,29.675015248939836,16,True,0.9997962746927714,0.9586639475715173
16,3,560,rank_5,5,1,8202,-0.23187921177598703,-0.2671105968767471,1.2705106296258624,2xAcrit,0.08822362055696076,0.04411181027848038,"A_crit (exact, all states)",2,0.31113031231330396,-9.30948419234634e-05,16.999999999972275,-1.0258917967886338,-1.061123181889394,1.061123181889394,0.033201974758508675,0.027730098654219795,0.8351942574473947,29.675015248939836,16,True,0.9988537471881822,0.9586639475715173
16,3,560,rank_10,10,1,22,-0.1939724416855046,-0.2671105968767471,1.2705106296258624,2xAcrit,0.08822362055696076,0.04411181027848038,"A_crit (exact, all states)",2,0.31113031231330396,-9.30948419234634e-05,16.999999999972275,-0.9879850266981514,-1.061123181889394,1.061123181889394,0.06892522606189377,0.05756595300015718,0.8351942574473947,29.675015248939836,16,True,0.99762045074869,0.9586639475715173
16,3,560,rank_50,50,1,12290,-0.06771649523951706,-0.2671105968767471,1.2705106296258624,2xAcrit,0.08822362055696076,0.04411181027848038,"A_crit (exact, all states)",2,0.31113031231330396,-9.30948419234634e-05,16.999999999972275,-0.8617290802521639,-1.061123181889394,1.061123181889394,0.18790853412720357,0.1569401286283982,0.8351942574473947,29.675015248939836,16,True,0.9935127146148838,0.9586639475715173
16,3,560,rank_100,100,1,12292,0.03791900471369991,-0.2671105968767471,1.2705106296258624,2xAcrit,0.08822362055696076,0.04411181027848038,"A_crit (exact, all states)",2,0.31113031231330396,-9.30948419234634e-05,16.999999999972275,-0.7560935802989469,-1.061123181889394,1.061123181889394,0.287459181739224,0.2400842578391269,0.8351942574473947,29.675015248939836,16,True,0.9900758645307085,0.9586639475715173
16,3,560,median,281,1,1060,0.24951710557241713,-0.2671105968767471,1.2705106296258624,2xAcrit,0.08822362055696076,0.04411181027848038,"A_crit (exact, all states)",2,0.31113031231330396,-9.30948419234634e-05,16.999999999972275,-0.5444954794402297,-1.061123181889394,1.061123181889394,0.48686873613417564,0.4066299725499344,0.8351942574473947,29.675015248939836,16,True,0.9831915221356834,0.9586639475715173
16,3,560,worst_feasible,560,1,289,1.0034000327491153,-0.2671105968767471,1.2705106296258624,2xAcrit,0.08822362055696076,0.04411181027848038,"A_crit (exact, all states)",2,0.31113031231330396,-9.30948419234634e-05,16.999999999972275,0.20938744773646845,-1.061123181889394,1.061123181889394,1.1973262400729399,1.0,0.8351942574473947,29.675015248939836,16,True,0.9586639475715173,0.9586639475715173
16,3,560,published_qaoa,1,1,16394,-0.2671105968767471,-0.2671105968767471,1.2705106296258624,2xAcrit,0.08822362055696076,0.04411181027848038,"A_crit (exact, all states)",2,0.31113031231330396,-9.30948419234634e-05,16.999999999972275,-1.061123181889394,-1.061123181889394,1.061123181889394,0.0,0.0,0.8351942574473947,29.675015248939836,16,True,1.0,0.9586639475715173
16,3,560,optimum,1,1,16394,-0.2671105968767471,-0.2671105968767471,1.2705106296258624,5xAcrit,0.2205590513924019,0.04411181027848038,"A_crit (exact, all states)",2,0.31113031231330396,-9.30948419234634e-05,16.999999999972275,-2.2521420594083645,-2.2521420594083645,2.2521420594083645,0.0,0.0,1.772627482913363,50.84868418261042,16,True,1.0,0.9760736184436146
16,3,560,rank_2,2,1,16402,-0.26084886763190396,-0.2671105968767471,1.2705106296258624,5xAcrit,0.2205590513924019,0.04411181027848038,"A_crit (exact, all states)",2,0.31113031231330396,-9.30948419234634e-05,16.999999999972275,-2.245880330163521,-2.2521420594083645,2.2521420594083645,0.0027803438147627727,0.004928513857996672,1.772627482913363,50.84868418261042,16,True,0.9998820784969277,0.9760736184436146
16,3,560,rank_5,5,1,8202,-0.23187921177598703,-0.2671105968767471,1.2705106296258624,5xAcrit,0.2205590513924019,0.04411181027848038,"A_crit (exact, all states)",2,0.31113031231330396,-9.30948419234634e-05,16.999999999972275,-2.2169106743076044,-2.2521420594083645,2.2521420594083645,0.01564350035273322,0.027730098654219795,1.772627482913363,50.84868418261042,16,True,0.999336519079003,0.9760736184436146
16,3,560,rank_10,10,1,22,-0.1939724416855046,-0.2671105968767471,1.2705106296258624,5xAcrit,0.2205590513924019,0.04411181027848038,"A_crit (exact, all states)",2,0.31113031231330396,-9.30948419234634e-05,16.999999999972275,-2.179003904217122,-2.2521420594083645,2.2521420594083645,0.03247492976107192,0.05756595300015718,1.772627482913363,50.84868418261042,16,True,0.9986226550438613,0.9760736184436146
16,3,560,rank_50,50,1,12290,-0.06771649523951706,-0.2671105968767471,1.2705106296258624,5xAcrit,0.2205590513924019,0.04411181027848038,"A_crit (exact, all states)",2,0.31113031231330396,-9.30948419234634e-05,16.999999999972275,-2.0527479577711345,-2.2521420594083645,2.2521420594083645,0.08853531277223724,0.1569401286283982,1.772627482913363,50.84868418261042,16,True,0.9962449906009287,0.9760736184436146
16,3,560,rank_100,100,1,12292,0.03791900471369991,-0.2671105968767471,1.2705106296258624,5xAcrit,0.2205590513924019,0.04411181027848038,"A_crit (exact, all states)",2,0.31113031231330396,-9.30948419234634e-05,16.999999999972275,-1.9471124578179173,-2.2521420594083645,2.2521420594083645,0.1354397695812217,0.2400842578391269,1.772627482913363,50.84868418261042,16,True,0.9942556524412595,0.9760736184436146
16,3,560,median,281,1,1060,0.24951710557241713,-0.2671105968767471,1.2705106296258624,5xAcrit,0.2205590513924019,0.04411181027848038,"A_crit (exact, all states)",2,0.31113031231330396,-9.30948419234634e-05,16.999999999972275,-1.7355143569592002,-2.2521420594083645,2.2521420594083645,0.22939392312795837,0.4066299725499344,1.772627482913363,50.84868418261042,16,True,0.9902708161245077,0.9760736184436146
16,3,560,worst_feasible,560,1,289,1.0034000327491153,-0.2671105968767471,1.2705106296258624,5xAcrit,0.2205590513924019,0.04411181027848038,"A_crit (exact, all states)",2,0.31113031231330396,-9.30948419234634e-05,16.999999999972275,-0.981631429782502,-2.2521420594083645,2.2521420594083645,0.5641343201767761,1.0,1.772627482913363,50.84868418261042,16,True,0.9760736184436146,0.9760736184436146
16,3,560,published_qaoa,1,1,16394,-0.2671105968767471,-0.2671105968767471,1.2705106296258624,5xAcrit,0.2205590513924019,0.04411181027848038,"A_crit (exact, all states)",2,0.31113031231330396,-9.30948419234634e-05,16.999999999972275,-2.2521420594083645,-2.2521420594083645,2.2521420594083645,0.0,0.0,1.772627482913363,50.84868418261042,16,True,1.0,0.9760736184436146
16,3,560,optimum,1,1,16394,-0.2671105968767471,-0.2671105968767471,1.2705106296258624,10xAcrit,0.4411181027848038,0.04411181027848038,"A_crit (exact, all states)",2,0.31113031231330396,-9.30948419234634e-05,16.999999999972275,-4.237173521939981,-4.237173521939981,4.237173521939981,0.0,0.0,3.3350161920233097,86.13813240539471,16,True,1.0,0.9859418386849235
16,3,560,rank_2,2,1,16402,-0.26084886763190396,-0.2671105968767471,1.2705106296258624,10xAcrit,0.4411181027848038,0.04411181027848038,"A_crit (exact, all states)",2,0.31113031231330396,-9.30948419234634e-05,16.999999999972275,-4.230911792695139,-4.237173521939981,4.237173521939981,0.001477808074750788,0.004928513857996672,3.3350161920233097,86.13813240539471,16,True,0.9999307141571407,0.9859418386849235
16,3,560,rank_5,5,1,8202,-0.23187921177598703,-0.2671105968767471,1.2705106296258624,10xAcrit,0.4411181027848038,0.04411181027848038,"A_crit (exact, all states)",2,0.31113031231330396,-9.30948419234634e-05,16.999999999972275,-4.201942136839222,-4.237173521939981,4.237173521939981,0.008314831790185797,0.027730098654219795,3.3350161920233097,86.13813240539471,16,True,0.999610165799836,0.9859418386849235
16,3,560,rank_10,10,1,22,-0.1939724416855046,-0.2671105968767471,1.2705106296258624,10xAcrit,0.4411181027848038,0.04411181027848038,"A_crit (exact, all states)",2,0.31113031231330396,-9.30948419234634e-05,16.999999999972275,-4.164035366748739,-4.237173521939981,4.237173521939981,0.017261071516787057,0.05756595300015718,3.3350161920233097,86.13813240539471,16,True,0.9991907285464676,0.9859418386849235
16,3,560,rank_50,50,1,12290,-0.06771649523951706,-0.2671105968767471,1.2705106296258624,10xAcrit,0.4411181027848038,0.04411181027848038,"A_crit (exact, all states)",2,0.31113031231330396,-9.30948419234634e-05,16.999999999972275,-4.037779420302751,-4.237173521939981,4.237173521939981,0.047058280857456565,0.1569401286283982,3.3350161920233097,86.13813240539471,16,True,0.9977937103549331,0.9859418386849235
16,3,560,rank_100,100,1,12292,0.03791900471369991,-0.2671105968767471,1.2705106296258624,10xAcrit,0.4411181027848038,0.04411181027848038,"A_crit (exact, all states)",2,0.31113031231330396,-9.30948419234634e-05,16.999999999972275,-3.9321439203495343,-4.237173521939981,4.237173521939981,0.07198893319119719,0.2400842578391269,3.3350161920233097,86.13813240539471,16,True,0.9966248567740871,0.9859418386849235
16,3,560,median,281,1,1060,0.24951710557241713,-0.2671105968767471,1.2705106296258624,10xAcrit,0.4411181027848038,0.04411181027848038,"A_crit (exact, all states)",2,0.31113031231330396,-9.30948419234634e-05,16.999999999972275,-3.7205458194908174,-4.237173521939981,4.237173521939981,0.12192743577152991,0.4066299725499344,3.3350161920233097,86.13813240539471,16,True,0.994283530250348,0.9859418386849235
16,3,560,worst_feasible,560,1,289,1.0034000327491153,-0.2671105968767471,1.2705106296258624,10xAcrit,0.4411181027848038,0.04411181027848038,"A_crit (exact, all states)",2,0.31113031231330396,-9.30948419234634e-05,16.999999999972275,-2.966662892314119,-4.237173521939981,4.237173521939981,0.299848619143679,1.0,3.3350161920233097,86.13813240539471,16,True,0.9859418386849235,0.9859418386849235
16,3,560,published_qaoa,1,1,16394,-0.2671105968767471,-0.2671105968767471,1.2705106296258624,10xAcrit,0.4411181027848038,0.04411181027848038,"A_crit (exact, all states)",2,0.31113031231330396,-9.30948419234634e-05,16.999999999972275,-4.237173521939981,-4.237173521939981,4.237173521939981,0.0,0.0,3.3350161920233097,86.13813240539471,16,True,1.0,0.9859418386849235
16,3,560,optimum,1,1,16394,-0.2671105968767471,-0.2671105968767471,1.2705106296258624,Aheur,16.999999999972275,0.04411181027848038,"A_crit (exact, all states)",2,0.31113031231330396,-9.30948419234634e-05,16.999999999972275,-153.2671105966272,-153.2671105966272,153.2671105966272,0.0,0.0,120.63426076313978,2735.5592359553902,16,True,1.0,0.9995601983375905
16,3,560,rank_2,2,1,16402,-0.26084886763190396,-0.2671105968767471,1.2705106296258624,Aheur,16.999999999972275,0.04411181027848038,"A_crit (exact, all states)",2,0.31113031231330396,-9.30948419234634e-05,16.999999999972275,-153.26084886738235,-153.2671105966272,153.2671105966272,4.085500940461349e-05,0.004928513857996672,120.63426076313978,2735.5592359553902,16,True,0.9999978324314119,0.9995601983375905
16,3,560,rank_5,5,1,8202,-0.23187921177598703,-0.2671105968767471,1.2705106296258624,Aheur,16.999999999972275,0.04411181027848038,"A_crit (exact, all states)",2,0.31113031231330396,-9.30948419234634e-05,16.999999999972275,-153.23187921152643,-153.2671105966272,153.2671105966272,0.00022986918043678038,0.027730098654219795,120.63426076313978,2735.5592359553902,16,True,0.9999878042565131,0.9995601983375905
16,3,560,rank_10,10,1,22,-0.1939724416855046,-0.2671105968767471,1.2705106296258624,Aheur,16.999999999972275,0.04411181027848038,"A_crit (exact, all states)",2,0.31113031231330396,-9.30948419234634e-05,16.999999999972275,-153.19397244143596,-153.2671105966272,153.2671105966272,0.00047719406274794086,0.05756595300015718,120.63426076313978,2735.5592359553902,16,True,0.9999746823981723,0.9995601983375905
16,3,560,rank_50,50,1,12290,-0.06771649523951706,-0.2671105968767471,1.2705106296258624,Aheur,16.999999999972275,0.04411181027848038,"A_crit (exact, all states)",2,0.31113031231330396,-9.30948419234634e-05,16.999999999972275,-153.06771649498998,-153.2671105966272,153.2671105966272,0.0013009581824896615,0.1569401286283982,120.63426076313978,2735.5592359553902,16,True,0.9999309774705304,0.9995601983375905
16,3,560,rank_100,100,1,12292,0.03791900471369991,-0.2671105968767471,1.2705106296258624,Aheur,16.999999999972275,0.04411181027848038,"A_crit (exact, all states)",2,0.31113031231330396,-9.30948419234634e-05,16.999999999972275,-152.96208099503676,-153.2671105966272,153.2671105966272,0.0019901830236314214,0.2400842578391269,120.63426076313978,2735.5592359553902,16,True,0.9998944105442839,0.9995601983375905
16,3,560,median,281,1,1060,0.24951710557241713,-0.2671105968767471,1.2705106296258624,Aheur,16.999999999972275,0.04411181027848038,"A_crit (exact, all states)",2,0.31113031231330396,-9.30948419234634e-05,16.999999999972275,-152.75048289417805,-153.2671105966272,153.2671105966272,0.003370766894724335,0.4066299725499344,120.63426076313978,2735.5592359553902,16,True,0.999821163462087,0.9995601983375905
16,3,560,worst_feasible,560,1,289,1.0034000327491153,-0.2671105968767471,1.2705106296258624,Aheur,16.999999999972275,0.04411181027848038,"A_crit (exact, all states)",2,0.31113031231330396,-9.30948419234634e-05,16.999999999972275,-151.99659996700134,-153.2671105966272,153.2671105966272,0.008289519027794743,1.0,120.63426076313978,2735.5592359553902,16,True,0.9995601983375905,0.9995601983375905
16,3,560,published_qaoa,1,1,16394,-0.2671105968767471,-0.2671105968767471,1.2705106296258624,Aheur,16.999999999972275,0.04411181027848038,"A_crit (exact, all states)",2,0.31113031231330396,-9.30948419234634e-05,16.999999999972275,-153.2671105966272,-153.2671105966272,153.2671105966272,0.0,0.0,120.63426076313978,2735.5592359553902,16,True,1.0,0.9995601983375905
16,3,560,optimum,1,1,16394,-0.2671105968767471,-0.2671105968767471,1.2705106296258624,Amargin,0.31113031231330396,0.04411181027848038,"A_crit (exact, all states)",2,0.31113031231330396,-9.30948419234634e-05,16.999999999972275,-3.0672834076964826,-3.0672834076964826,3.0672834076964826,0.0,0.0,2.414213101546211,65.34008592995475,16,True,1.0,0.981427284195731
16,3,560,rank_2,2,1,16402,-0.26084886763190396,-0.2671105968767471,1.2705106296258624,Amargin,0.31113031231330396,0.04411181027848038,"A_crit (exact, all states)",2,0.31113031231330396,-9.30948419234634e-05,16.999999999972275,-3.0610216784516395,-3.0672834076964826,3.0672834076964826,0.0020414576720009297,0.004928513857996672,2.414213101546211,65.34008592995475,16,True,0.999908464112778,0.981427284195731
16,3,560,rank_5,5,1,8202,-0.23187921177598703,-0.2671105968767471,1.2705106296258624,Amargin,0.31113031231330396,0.04411181027848038,"A_crit (exact, all states)",2,0.31113031231330396,-9.30948419234634e-05,16.999999999972275,-3.032052022595723,-3.0672834076964826,3.0672834076964826,0.01148618514101333,0.027730098654219795,2.414213101546211,65.34008592995475,16,True,0.9994849767584708,0.981427284195731
16,3,560,rank_10,10,1,22,-0.1939724416855046,-0.2671105968767471,1.2705106296258624,Amargin,0.31113031231330396,0.04411181027848038,"A_crit (exact, all states)",2,0.31113031231330396,-9.30948419234634e-05,16.999999999972275,-2.9941452525052403,-3.0672834076964826,3.0672834076964826,0.02384460301507286,0.05756595300015718,2.414213101546211,65.34008592995475,16,True,0.9989308439149261,0.981427284195731
16,3,560,rank_50,50,1,12290,-0.06771649523951706,-0.2671105968767471,1.2705106296258624,Amargin,0.31113031231330396,0.04411181027848038,"A_crit (exact, all states)",2,0.31113031231330396,-9.30948419234634e-05,16.999999999972275,-2.8678893060592525,-3.0672834076964826,3.0672834076964826,0.06500674216699598,0.1569401286283982,2.414213101546211,65.34008592995475,16,True,0.9970851955926994,0.981427284195731
16,3,560,rank_100,100,1,12292,0.03791900471369991,-0.2671105968767471,1.2705106296258624,Amargin,0.31113031231330396,0.04411181027848038,"A_crit (exact, all states)",2,0.31113031231330396,-9.30948419234634e-05,16.999999999972275,-2.7622538061060355,-3.0672834076964826,3.0672834076964826,0.09944617469160537,0.2400842578391269,2.414213101546211,65.34008592995475,16,True,0.995540983310075,0.981427284195731
16,3,560,median,281,1,1060,0.24951710557241713,-0.2671105968767471,1.2705106296258624,Amargin,0.31113031231330396,0.04411181027848038,"A_crit (exact, all states)",2,0.31113031231330396,-9.30948419234634e-05,16.999999999972275,-2.5506557052473187,-3.0672834076964826,3.0672834076964826,0.16843168164794708,0.4066299725499344,2.414213101546211,65.34008592995475,16,True,0.9924477770823324,0.981427284195731
16,3,560,worst_feasible,560,1,289,1.0034000327491153,-0.2671105968767471,1.2705106296258624,Amargin,0.31113031231330396,0.04411181027848038,"A_crit (exact, all states)",2,0.31113031231330396,-9.30948419234634e-05,16.999999999972275,-1.7967727780706204,-3.0672834076964826,3.0672834076964826,0.41421364143850364,1.0,2.414213101546211,65.34008592995475,16,True,0.981427284195731,0.981427284195731
16,3,560,published_qaoa,1,1,16394,-0.2671105968767471,-0.2671105968767471,1.2705106296258624,Amargin,0.31113031231330396,0.04411181027848038,"A_crit (exact, all states)",2,0.31113031231330396,-9.30948419234634e-05,16.999999999972275,-3.0672834076964826,-3.0672834076964826,3.0672834076964826,0.0,0.0,2.414213101546211,65.34008592995475,16,True,1.0,0.981427284195731
20,4,4845,optimum,1,1,278546,-0.15232144256321223,-0.15232144256321223,1.9296468975432697,1.1xAcrit,0.12626806974488836,0.11478915431353487,"A_crit (exact, all states)",3,0.4877661783330567,0.22065458145630962,20.999999999965347,-2.172610558481426,-2.172610558481426,2.172610558481426,0.0,0.0,1.1259109432132302,51.569084877627205,20,True,1.0,0.9640940450076171
20,4,4845,rank_2,2,1,262194,-0.1428670914133393,-0.15232144256321223,1.9296468975432697,1.1xAcrit,0.12626806974488836,0.11478915431353487,"A_crit (exact, all states)",3,0.4877661783330567,0.22065458145630962,20.999999999965347,-2.163156207331553,-2.172610558481426,2.172610558481426,0.0043516087653008365,0.0048995239294348245,1.1259109432132302,51.569084877627205,20,True,0.9998240779143057,0.9640940450076171
20,4,4845,rank_5,5,1,294946,-0.1320029702896517,-0.15232144256321223,1.9296468975432697,1.1xAcrit,0.12626806974488836,0.11478915431353487,"A_crit (exact, all states)",3,0.4877661783330567,0.22065458145630962,20.999999999965347,-2.1522920862078654,-2.172610558481426,2.172610558481426,0.009352100492304703,0.010529632286315703,1.1259109432132302,51.569084877627205,20,True,0.9996219234970413,0.9640940450076171
20,4,4845,rank_10,10,1,54,-0.09614319361431845,-0.15232144256321223,1.9296468975432697,1.1xAcrit,0.12626806974488836,0.11478915431353487,"A_crit (exact, all states)",3,0.4877661783330567,0.22065458145630962,20.999999999965347,-2.116432309532532,-2.172610558481426,2.172610558481426,0.02585748685128378,0.029113227409852616,1.1259109432132302,51.569084877627205,20,True,0.9989546617669389,0.9640940450076171
20,4,4845,rank_50,50,1,278564,-0.017547175664476944,-0.15232144256321223,1.9296468975432697,1.1xAcrit,0.12626806974488836,0.11478915431353487,"A_crit (exact, all states)",3,0.4877661783330567,0.22065458145630962,20.999999999965347,-2.037836291582691,-2.172610558481426,2.172610558481426,0.06203332961473661,0.0698440046571853,1.1259109432132302,51.569084877627205,20,True,0.9974921843122914,0.9640940450076171
20,4,4845,rank_100,100,1,294952,0.04777219960415946,-0.15232144256321223,1.9296468975432697,1.1xAcrit,0.12626806974488836,0.11478915431353487,"A_crit (exact, all states)",3,0.4877661783330567,0.22065458145630962,20.999999999965347,-1.9725169163140541,-2.172610558481426,2.172610558481426,0.09209825543112048,0.10369443364074585,1.1259109432132302,51.569084877627205,20,True,0.9962767523327348,0.9640940450076171
20,4,4845,rank_1000,1000,1,528404,0.3375769514161784,-0.15232144256321223,1.9296468975432697,1.1xAcrit,0.12626806974488836,0.11478915431353487,"A_crit (exact, all states)",3,0.4877661783330567,0.22065458145630962,20.999999999965347,-1.6827121645020353,-2.172610558481426,2.172610558481426,0.2254883610258303,0.25387981324619796,1.1259109432132302,51.569084877627205,20,True,0.9908842028521074,0.9640940450076171
20,4,4845,median,2423,1,360576,0.5775435325269273,-0.15232144256321223,1.9296468975432697,1.1xAcrit,0.12626806974488836,0.11478915431353487,"A_crit (exact, all states)",3,0.4877661783330567,0.22065458145630962,20.999999999965347,-1.4427455833912863,-2.172610558481426,2.172610558481426,0.3359391641732092,0.3782375811965221,1.1259109432132302,51.569084877627205,20,True,0.98641901843313,0.9640940450076171
20,4,4845,worst_feasible,4845,1,5185,1.7773254549800575,-0.15232144256321223,1.9296468975432697,1.1xAcrit,0.12626806974488836,0.11478915431353487,"A_crit (exact, all states)",3,0.4877661783330567,0.22065458145630962,20.999999999965347,-0.24296366093815625,-2.172610558481426,2.172610558481426,0.8881697136241578,1.0,1.1259109432132302,51.569084877627205,20,True,0.9640940450076171,0.9640940450076171
20,4,4845,published_qaoa,80,1,16434,0.025270475396650838,-0.15232144256321223,1.9296468975432697,1.1xAcrit,0.12626806974488836,0.11478915431353487,"A_crit (exact, all states)",3,0.4877661783330567,0.22065458145630962,20.999999999965347,-1.9950186405215629,-2.172610558481426,2.172610558481426,0.08174125697151781,0.09203337573623664,1.1259109432132302,51.569084877627205,20,True,0.9966954537530177,0.9640940450076171
20,4,4845,optimum,1,1,278546,-0.15232144256321223,-0.15232144256321223,1.9296468975432697,2xAcrit,0.22957830862706974,0.11478915431353487,"A_crit (exact, all states)",3,0.4877661783330567,0.22065458145630962,20.999999999965347,-3.8255743805963283,-3.8255743805963283,3.8255743805963283,0.0,0.0,1.982525603760387,76.36354220935074,20,True,1.0,0.9759362993433304
20,4,4845,rank_2,2,1,262194,-0.1428670914133393,-0.15232144256321223,1.9296468975432697,2xAcrit,0.22957830862706974,0.11478915431353487,"A_crit (exact, all states)",3,0.4877661783330567,0.22065458145630962,20.999999999965347,-3.8161200294464552,-3.8255743805963283,3.8255743805963283,0.002471354680182478,0.0048995239294348245,1.982525603760387,76.36354220935074,20,True,0.9998820993228019,0.9759362993433304
20,4,4845,rank_5,5,1,294946,-0.1320029702896517,-0.15232144256321223,1.9296468975432697,2xAcrit,0.22957830862706974,0.11478915431353487,"A_crit (exact, all states)",3,0.4877661783330567,0.22065458145630962,20.999999999965347,-3.8052559083227675,-3.8255743805963283,3.8255743805963283,0.005311221336230642,0.010529632286315703,1.982525603760387,76.36354220935074,20,True,0.9997466180806374,0.9759362993433304
20,4,4845,rank_10,10,1,54,-0.09614319361431845,-0.15232144256321223,1.9296468975432697,2xAcrit,0.22957830862706974,0.11478915431353487,"A_crit (exact, all states)",3,0.4877661783330567,0.22065458145630962,20.999999999965347,-3.7693961316474343,-3.8255743805963283,3.8255743805963283,0.014684918749413193,0.029113227409852616,1.982525603760387,76.36354220935074,20,True,0.9992994280104599,0.9759362993433304
20,4,4845,rank_50,50,1,278564,-0.017547175664476944,-0.15232144256321223,1.9296468975432697,2xAcrit,0.22957830862706974,0.11478915431353487,"A_crit (exact, all states)",3,0.4877661783330567,0.22065458145630962,20.999999999965347,-3.690800113697593,-3.8255743805963283,3.8255743805963283,0.035229812177309375,0.0698440046571853,1.982525603760387,76.36354220935074,20,True,0.9983192947792665,0.9759362993433304
20,4,4845,rank_100,100,1,294952,0.04777219960415946,-0.15232144256321223,1.9296468975432697,2xAcrit,0.22957830862706974,0.11478915431353487,"A_crit (exact, all states)",3,0.4877661783330567,0.22065458145630962,20.999999999965347,-3.6254807384289562,-3.8255743805963283,3.8255743805963283,0.05230420905740727,0.10369443364074585,1.982525603760387,76.36354220935074,20,True,0.9975047281891063,0.9759362993433304
20,4,4845,rank_1000,1000,1,528404,0.3375769514161784,-0.15232144256321223,1.9296468975432697,2xAcrit,0.22957830862706974,0.11478915431353487,"A_crit (exact, all states)",3,0.4877661783330567,0.22065458145630962,20.999999999965347,-3.3356759866169376,-3.8255743805963283,3.8255743805963283,0.12805878156864525,0.25387981324619796,1.982525603760387,76.36354220935074,20,True,0.9938907121712723,0.9759362993433304
20,4,4845,median,2423,1,360576,0.5775435325269273,-0.15232144256321223,1.9296468975432697,2xAcrit,0.22957830862706974,0.11478915431353487,"A_crit (exact, all states)",3,0.4877661783330567,0.22065458145630962,20.999999999965347,-3.0957094055061884,-3.8255743805963283,3.8255743805963283,0.19078572326082144,0.3782375811965221,1.982525603760387,76.36354220935074,20,True,0.9908982040689841,0.9759362993433304
20,4,4845,worst_feasible,4845,1,5185,1.7773254549800575,-0.15232144256321223,1.9296468975432697,2xAcrit,0.22957830862706974,0.11478915431353487,"A_crit (exact, all states)",3,0.4877661783330567,0.22065458145630962,20.999999999965347,-1.8959274830530584,-3.8255743805963283,3.8255743805963283,0.5044071048077433,1.0,1.982525603760387,76.36354220935074,20,True,0.9759362993433304,0.9759362993433304
20,4,4845,published_qaoa,80,1,16434,0.025270475396650838,-0.15232144256321223,1.9296468975432697,2xAcrit,0.22957830862706974,0.11478915431353487,"A_crit (exact, all states)",3,0.4877661783330567,0.22065458145630962,20.999999999965347,-3.647982462636465,-3.8255743805963283,3.8255743805963283,0.046422288600798334,0.09203337573623664,1.982525603760387,76.36354220935074,20,True,0.9977853363958604,0.9759362993433304
20,4,4845,optimum,1,1,278546,-0.15232144256321223,-0.15232144256321223,1.9296468975432697,5xAcrit,0.5739457715676743,0.11478915431353487,"A_crit (exact, all states)",3,0.4877661783330567,0.22065458145630962,20.999999999965347,-9.335453787646001,-9.335453787646001,9.335453787646001,0.0,0.0,4.837907805584242,159.01173331509585,20,True,1.0,0.9885376944470975
20,4,4845,rank_2,2,1,262194,-0.1428670914133393,-0.15232144256321223,1.9296468975432697,5xAcrit,0.5739457715676743,0.11478915431353487,"A_crit (exact, all states)",3,0.4877661783330567,0.22065458145630962,20.999999999965347,-9.32599943649613,-9.335453787646001,9.335453787646001,0.0010127361095594795,0.0048995239294348245,4.837907805584242,159.01173331509585,20,True,0.999943840159657,0.9885376944470975
20,4,4845,rank_5,5,1,294946,-0.1320029702896517,-0.15232144256321223,1.9296468975432697,5xAcrit,0.5739457715676743,0.11478915431353487,"A_crit (exact, all states)",3,0.4877661783330567,0.22065458145630962,20.999999999965347,-9.31513531537244,-9.335453787646001,9.335453787646001,0.0021764846932720966,0.010529632286315703,4.837907805584242,159.01173331509585,20,True,0.9998793061373745,0.9885376944470975
20,4,4845,rank_10,10,1,54,-0.09614319361431845,-0.15232144256321223,1.9296468975432697,5xAcrit,0.5739457715676743,0.11478915431353487,"A_crit (exact, all states)",3,0.4877661783330567,0.22065458145630962,20.999999999965347,-9.279275538697108,-9.335453787646001,9.335453787646001,0.006017730924150342,0.029113227409852616,4.837907805584242,159.01173331509585,20,True,0.9996662952917971,0.9885376944470975
20,4,4845,rank_50,50,1,278564,-0.017547175664476944,-0.15232144256321223,1.9296468975432697,5xAcrit,0.5739457715676743,0.11478915431353487,"A_crit (exact, all states)",3,0.4877661783330567,0.22065458145630962,20.999999999965347,-9.200679520747267,-9.335453787646001,9.335453787646001,0.014436820101566755,0.0698440046571853,4.837907805584242,159.01173331509585,20,True,0.999199426677581,0.9885376944470975
20,4,4845,rank_100,100,1,294952,0.04777219960415946,-0.15232144256321223,1.9296468975432697,5xAcrit,0.5739457715676743,0.11478915431353487,"A_crit (exact, all states)",3,0.4877661783330567,0.22065458145630962,20.999999999965347,-9.13536014547863,-9.335453787646001,9.335453787646001,0.02143373495481966,0.10369443364074585,4.837907805584242,159.01173331509585,20,True,0.9988114227174747,0.9885376944470975
20,4,4845,rank_1000,1000,1,528404,0.3375769514161784,-0.15232144256321223,1.9296468975432697,5xAcrit,0.5739457715676743,0.11478915431353487,"A_crit (exact, all states)",3,0.4877661783330567,0.22065458145630962,20.999999999965347,-8.845555393666611,-9.335453787646001,9.335453787646001,0.052477191267091244,0.25387981324619796,4.837907805584242,159.01173331509585,20,True,0.9970899520068582,0.9885376944470975
20,4,4845,median,2423,1,360576,0.5775435325269273,-0.15232144256321223,1.9296468975432697,5xAcrit,0.5739457715676743,0.11478915431353487,"A_crit (exact, all states)",3,0.4877661783330567,0.22065458145630962,20.999999999965347,-8.605588812555862,-9.335453787646001,9.335453787646001,0.07818205645835884,0.3782375811965221,4.837907805584242,159.01173331509585,20,True,0.9956645252727346,0.9885376944470975
20,4,4845,worst_feasible,4845,1,5185,1.7773254549800575,-0.15232144256321223,1.9296468975432697,5xAcrit,0.5739457715676743,0.11478915431353487,"A_crit (exact, all states)",3,0.4877661783330567,0.22065458145630962,20.999999999965347,-7.405806890102732,-9.335453787646001,9.335453787646001,0.20670092118037717,1.0,4.837907805584242,159.01173331509585,20,True,0.9885376944470975,0.9885376944470975
20,4,4845,published_qaoa,80,1,16434,0.025270475396650838,-0.15232144256321223,1.9296468975432697,5xAcrit,0.5739457715676743,0.11478915431353487,"A_crit (exact, all states)",3,0.4877661783330567,0.22065458145630962,20.999999999965347,-9.157861869686139,-9.335453787646001,9.335453787646001,0.019023383544019886,0.09203337573623664,4.837907805584242,159.01173331509585,20,True,0.9989450853262462,0.9885376944470975
20,4,4845,optimum,1,1,278546,-0.15232144256321223,-0.15232144256321223,1.9296468975432697,10xAcrit,1.1478915431353487,0.11478915431353487,"A_crit (exact, all states)",3,0.4877661783330567,0.22065458145630962,20.999999999965347,-18.518586132728792,-18.518586132728792,18.518586132728792,0.0,0.0,9.596878141957337,296.7587184913377,20,True,1.0,0.9938795248841519
20,4,4845,rank_2,2,1,262194,-0.1428670914133393,-0.15232144256321223,1.9296468975432697,10xAcrit,1.1478915431353487,0.11478915431353487,"A_crit (exact, all states)",3,0.4877661783330567,0.22065458145630962,20.999999999965347,-18.50913178157892,-18.518586132728792,18.518586132728792,0.0005105330980513565,0.0048995239294348245,9.596878141957337,296.7587184913377,20,True,0.9999700125857104,0.9938795248841519
20,4,4845,rank_5,5,1,294946,-0.1320029702896517,-0.15232144256321223,1.9296468975432697,10xAcrit,1.1478915431353487,0.11478915431353487,"A_crit (exact, all states)",3,0.4877661783330567,0.22065458145630962,20.999999999965347,-18.49826766045523,-18.518586132728792,18.518586132728792,0.001097193496735192,0.010529632286315703,9.596878141957337,296.7587184913377,20,True,0.9999355536476126,0.9938795248841519
20,4,4845,rank_10,10,1,54,-0.09614319361431845,-0.15232144256321223,1.9296468975432697,10xAcrit,1.1478915431353487,0.11478915431353487,"A_crit (exact, all states)",3,0.4877661783330567,0.22065458145630962,20.999999999965347,-18.462407883779896,-18.518586132728792,18.518586132728792,0.0030336143670065202,0.029113227409852616,9.596878141957337,296.7587184913377,20,True,0.9998218132160961,0.9938795248841519
20,4,4845,rank_50,50,1,278564,-0.017547175664476944,-0.15232144256321223,1.9296468975432697,10xAcrit,1.1478915431353487,0.11478915431353487,"A_crit (exact, all states)",3,0.4877661783330567,0.22065458145630962,20.999999999965347,-18.383811865830054,-18.518586132728792,18.518586132728792,0.0072777838401249335,0.0698440046571853,9.596878141957337,296.7587184913377,20,True,0.9995725215075045,0.9938795248841519
20,4,4845,rank_100,100,1,294952,0.04777219960415946,-0.15232144256321223,1.9296468975432697,10xAcrit,1.1478915431353487,0.11478915431353487,"A_crit (exact, all states)",3,0.4877661783330567,0.22065458145630962,20.999999999965347,-18.318492490561418,-18.518586132728792,18.518586132728792,0.010805017226111907,0.10369443364074585,9.596878141957337,296.7587184913377,20,True,0.9993653407992499,0.9938795248841519
20,4,4845,rank_1000,1000,1,528404,0.3375769514161784,-0.15232144256321223,1.9296468975432697,10xAcrit,1.1478915431353487,0.11478915431353487,"A_crit (exact, all states)",3,0.4877661783330567,0.22065458145630962,20.999999999965347,-18.0286877387494,-18.518586132728792,18.518586132728792,0.0264544166853845,0.25387981324619796,9.596878141957337,296.7587184913377,20,True,0.9984461349206105,0.9938795248841519
20,4,4845,median,2423,1,360576,0.5775435325269273,-0.15232144256321223,1.9296468975432697,10xAcrit,1.1478915431353487,0.11478915431353487,"A_crit (exact, all states)",3,0.4877661783330567,0.22065458145630962,20.999999999965347,-17.78872115763865,-18.518586132728792,18.518586132728792,0.03941256475299774,0.3782375811965221,9.596878141957337,296.7587184913377,20,True,0.9976850062964081,0.9938795248841519
20,4,4845,worst_feasible,4845,1,5185,1.7773254549800575,-0.15232144256321223,1.9296468975432697,10xAcrit,1.1478915431353487,0.11478915431353487,"A_crit (exact, all states)",3,0.4877661783330567,0.22065458145630962,20.999999999965347,-16.58893923518552,-18.518586132728792,18.518586132728792,0.1042005520136827,1.0,9.596878141957337,296.7587184913377,20,True,0.9938795248841519,0.9938795248841519
20,4,4845,published_qaoa,80,1,16434,0.025270475396650838,-0.15232144256321223,1.9296468975432697,10xAcrit,1.1478915431353487,0.11478915431353487,"A_crit (exact, all states)",3,0.4877661783330567,0.22065458145630962,20.999999999965347,-18.340994214768926,-18.518586132728792,18.518586132728792,0.009589928555398529,0.09203337573623664,9.596878141957337,296.7587184913377,20,True,0.999436712013979,0.9938795248841519
20,4,4845,optimum,1,1,278546,-0.15232144256321223,-0.15232144256321223,1.9296468975432697,Aheur,20.999999999965347,0.11478915431353487,"A_crit (exact, all states)",3,0.4877661783330567,0.22065458145630962,20.999999999965347,-336.15232144200877,-336.15232144200877,336.15232144200877,0.0,0.0,174.2040587166394,5061.264748130538,20,True,1.0,0.9996424869761462
20,4,4845,rank_2,2,1,262194,-0.1428670914133393,-0.15232144256321223,1.9296468975432697,Aheur,20.999999999965347,0.11478915431353487,"A_crit (exact, all states)",3,0.4877661783330567,0.22065458145630962,20.999999999965347,-336.1428670908589,-336.15232144200877,336.15232144200877,2.8125199639604255e-05,0.0048995239294348245,174.2040587166394,5061.264748130538,20,True,0.9999982483563846,0.9996424869761462
20,4,4845,rank_5,5,1,294946,-0.1320029702896517,-0.15232144256321223,1.9296468975432697,Aheur,20.999999999965347,0.11478915431353487,"A_crit (exact, all states)",3,0.4877661783330567,0.22065458145630962,20.999999999965347,-336.1320029697352,-336.15232144200877,336.15232144200877,6.044424202218629e-05,0.010529632286315703,174.2040587166394,5061.264748130538,20,True,0.9999962355193214,0.9996424869761462
20,4,4845,rank_10,10,1,54,-0.09614319361431845,-0.15232144256321223,1.9296468975432697,Aheur,20.999999999965347,0.11478915431353487,"A_crit (exact, all states)",3,0.4877661783330567,0.22065458145630962,20.999999999965347,-336.09614319305985,-336.15232144200877,336.15232144200877,0.00016712140706898364,0.029113227409852616,174.2040587166394,5061.264748130538,20,True,0.9999895916420346,0.9996424869761462
20,4,4845,rank_50,50,1,278564,-0.017547175664476944,-0.15232144256321223,1.9296468975432697,Aheur,20.999999999965347,0.11478915431353487,"A_crit (exact, all states)",3,0.4877661783330567,0.22065458145630962,20.999999999965347,-336.01754717511005,-336.15232144200877,336.15232144200877,0.0004009321319590703,0.0698440046571853,174.2040587166394,5061.264748130538,20,True,0.999975029858697,0.9996424869761462
20,4,4845,rank_100,100,1,294952,0.04777219960415946,-0.15232144256321223,1.9296468975432697,Aheur,20.999999999965347,0.11478915431353487,"A_crit (exact, all states)",3,0.4877661783330567,0.22065458145630962,20.999999999965347,-335.9522277998414,-336.15232144200877,336.15232144200877,0.0005952469443287506,0.10369443364074585,174.2040587166394,5061.264748130538,20,True,0.9999629278894723,0.9996424869761462
20,4,4845,rank_1000,1000,1,528404,0.3375769514161784,-0.15232144256321223,1.9296468975432697,Aheur,20.999999999965347,0.11478915431353487,"A_crit (exact, all states)",3,0.4877661783330567,0.22065458145630962,20.999999999965347,-335.6624230480294,-336.15232144200877,336.15232144200877,0.0014573702536928791,0.25387981324619796,174.2040587166394,5061.264748130538,20,True,0.9999092346602709,0.9996424869761462
20,4,4845,median,2423,1,360576,0.5775435325269273,-0.15232144256321223,1.9296468975432697,Aheur,20.999999999965347,0.11478915431353487,"A_crit (exact, all states)",3,0.4877661783330567,0.22065458145630962,20.999999999965347,-335.4224564669186,-336.15232144200877,336.15232144200877,0.00217123288620826,0.3782375811965221,174.2040587166394,5061.264748130538,20,True,0.9998647751386113,0.9996424869761462
20,4,4845,worst_feasible,4845,1,5185,1.7773254549800575,-0.15232144256321223,1.9296468975432697,Aheur,20.999999999965347,0.11478915431353487,"A_crit (exact, all states)",3,0.4877661783330567,0.22065458145630962,20.999999999965347,-334.2226745444655,-336.15232144200877,336.15232144200877,0.005740394382122874,1.0,174.2040587166394,5061.264748130538,20,True,0.9996424869761462,0.9996424869761462
20,4,4845,published_qaoa,80,1,16434,0.025270475396650838,-0.15232144256321223,1.9296468975432697,Aheur,20.999999999965347,0.11478915431353487,"A_crit (exact, all states)",3,0.4877661783330567,0.22065458145630962,20.999999999965347,-335.9747295240489,-336.15232144200877,336.15232144200877,0.0005283078730440964,0.09203337573623664,174.2040587166394,5061.264748130538,20,True,0.999967096869545,0.9996424869761462
20,4,4845,optimum,1,1,278546,-0.15232144256321223,-0.15232144256321223,1.9296468975432697,Amargin,0.4877661783330567,0.11478915431353487,"A_crit (exact, all states)",3,0.4877661783330567,0.22065458145630962,20.999999999965347,-7.9565802958921195,-7.9565802958921195,7.9565802958921195,0.0,0.0,4.12333484743869,138.3286309387876,20,True,1.0,0.9868090090498103
20,4,4845,rank_2,2,1,262194,-0.1428670914133393,-0.15232144256321223,1.9296468975432697,Amargin,0.4877661783330567,0.11478915431353487,"A_crit (exact, all states)",3,0.4877661783330567,0.22065458145630962,20.999999999965347,-7.947125944742246,-7.9565802958921195,7.9565802958921195,0.00118824303887866,0.0048995239294348245,4.12333484743869,138.3286309387876,20,True,0.9999353704241867,0.9868090090498103
20,4,4845,rank_5,5,1,294946,-0.1320029702896517,-0.15232144256321223,1.9296468975432697,Amargin,0.4877661783330567,0.11478915431353487,"A_crit (exact, all states)",3,0.4877661783330567,0.22065458145630962,20.999999999965347,-7.936261823618558,-7.9565802958921195,7.9565802958921195,0.0025536689781225116,0.010529632286315703,4.12333484743869,138.3286309387876,20,True,0.9998611037158025,0.9868090090498103
20,4,4845,rank_10,10,1,54,-0.09614319361431845,-0.15232144256321223,1.9296468975432697,Amargin,0.4877661783330567,0.11478915431353487,"A_crit (exact, all states)",3,0.4877661783330567,0.22065458145630962,20.999999999965347,-7.900402046943226,-7.9565802958921195,7.9565802958921195,0.0070606022763193745,0.029113227409852616,4.12333484743869,138.3286309387876,20,True,0.9996159676807058,0.9868090090498103
20,4,4845,rank_50,50,1,278564,-0.017547175664476944,-0.15232144256321223,1.9296468975432697,Amargin,0.4877661783330567,0.11478915431353487,"A_crit (exact, all states)",3,0.4877661783330567,0.22065458145630962,20.999999999965347,-7.821806028993384,-7.9565802958921195,7.9565802958921195,0.016938717625751543,0.0698440046571853,4.12333484743869,138.3286309387876,20,True,0.9990786883666422,0.9868090090498103
20,4,4845,rank_100,100,1,294952,0.04777219960415946,-0.15232144256321223,1.9296468975432697,Amargin,0.4877661783330567,0.11478915431353487,"A_crit (exact, all states)",3,0.4877661783330567,0.22065458145630962,20.999999999965347,-7.756486653724748,-7.9565802958921195,7.9565802958921195,0.02514819617551996,0.10369443364074585,4.12333484743869,138.3286309387876,20,True,0.9986321676642599,0.9868090090498103
20,4,4845,rank_1000,1000,1,528404,0.3375769514161784,-0.15232144256321223,1.9296468975432697,Amargin,0.4877661783330567,0.11478915431353487,"A_crit (exact, all states)",3,0.4877661783330567,0.22065458145630962,20.999999999965347,-7.466681901912729,-7.9565802958921195,7.9565802958921195,0.061571476156951355,0.25387981324619796,4.12333484743869,138.3286309387876,20,True,0.9966510736810336,0.9868090090498103
20,4,4845,median,2423,1,360576,0.5775435325269273,-0.15232144256321223,1.9296468975432697,Amargin,0.4877661783330567,0.11478915431353487,"A_crit (exact, all states)",3,0.4877661783330567,0.22065458145630962,20.999999999965347,-7.22671532080198,-7.9565802958921195,7.9565802958921195,0.09173098843317894,0.3782375811965221,4.12333484743869,138.3286309387876,20,True,0.9950106714894151,0.9868090090498103
20,4,4845,worst_feasible,4845,1,5185,1.7773254549800575,-0.15232144256321223,1.9296468975432697,Amargin,0.4877661783330567,0.11478915431353487,"A_crit (exact, all states)",3,0.4877661783330567,0.22065458145630962,20.999999999965347,-6.02693339834885,-7.9565802958921195,7.9565802958921195,0.24252214214937562,1.0,4.12333484743869,138.3286309387876,20,True,0.9868090090498103,0.9868090090498103
20,4,4845,published_qaoa,80,1,16434,0.025270475396650838,-0.15232144256321223,1.9296468975432697,Amargin,0.4877661783330567,0.11478915431353487,"A_crit (exact, all states)",3,0.4877661783330567,0.22065458145630962,20.999999999965347,-7.778988377932256,-7.9565802958921195,7.9565802958921195,0.02232013143279048,0.09203337573623664,4.12333484743869,138.3286309387876,20,True,0.998785988573548,0.9868090090498103
24,4,10626,optimum,1,1,2129954,-0.152321442563212,-0.152321442563212,1.9296468975432695,1.1xAcrit,0.1262680697448886,0.11478915431353509,A_safe (bounded outside K±2; upper bound on A_crit),3,nan,nan,24.999999999958415,-2.1726105584814297,-2.1726105584814297,2.1726105584814297,0.0,0.0,1.1259109432132322,78.95548513818565,24,False,1.0,0.976214813364311
24,4,10626,rank_2,2,1,2097250,-0.1428670914133392,-0.152321442563212,1.9296468975432695,1.1xAcrit,0.1262680697448886,0.11478915431353509,A_safe (bounded outside K±2; upper bound on A_crit),3,nan,nan,24.999999999958415,-2.163156207331557,-2.1726105584814297,2.1726105584814297,0.004351608765300778,0.004899523929434768,1.1259109432132322,78.95548513818565,24,False,0.9998834639089124,0.976214813364311
24,4,10626,rank_5,5,1,2228290,-0.1320029702896517,-0.152321442563212,1.9296468975432695,1.1xAcrit,0.1262680697448886,0.11478915431353509,A_safe (bounded outside K±2; upper bound on A_crit),3,nan,nan,24.999999999958415,-2.1522920862078694,-2.1726105584814297,2.1726105584814297,0.009352100492304585,0.010529632286315588,1.1259109432132322,78.95548513818565,24,False,0.9997495507308648,0.976214813364311
24,4,10626,rank_10,10,1,102,-0.09614319361431845,-0.152321442563212,1.9296468975432695,1.1xAcrit,0.1262680697448886,0.11478915431353509,A_safe (bounded outside K±2; upper bound on A_crit),3,nan,nan,24.999999999958415,-2.116432309532536,-2.1726105584814297,2.1726105584814297,0.025857486851283633,0.029113227409852505,1.1259109432132322,78.95548513818565,24,False,0.9993075364524895,0.976214813364311
24,4,10626,rank_50,50,1,1048618,-0.020380174678653495,-0.152321442563212,1.9296468975432695,1.1xAcrit,0.1262680697448886,0.11478915431353509,A_safe (bounded outside K±2; upper bound on A_crit),3,nan,nan,24.999999999958415,-2.0406692905968713,-2.1726105584814297,2.1726105584814297,0.06072936880909772,0.06837586091659545,1.1259109432132322,78.95548513818565,24,False,0.9983736673867228,0.976214813364311
24,4,10626,rank_100,100,1,2097159,0.030566579595361798,-0.152321442563212,1.9296468975432695,1.1xAcrit,0.1262680697448886,0.11478915431353509,A_safe (bounded outside K±2; upper bound on A_crit),3,nan,nan,24.999999999958415,-1.989722536322856,-2.1726105584814297,2.1726105584814297,0.08417892541514915,0.0947779733128469,1.1259109432132322,78.95548513818565,24,False,0.9977456882158017,0.976214813364311
24,4,10626,rank_1000,1000,1,163858,0.2484046496789467,-0.152321442563212,1.9296468975432695,1.1xAcrit,0.1262680697448886,0.11478915431353509,A_safe (bounded outside K±2; upper bound on A_crit),3,nan,nan,24.999999999958415,-1.771884466239271,-2.1726105584814297,2.1726105584814297,0.18444451108727497,0.2076680934487772,1.1259109432132322,78.95548513818565,24,False,0.9950605756390432,0.976214813364311
24,4,10626,median,5314,1,598018,0.5973253054732599,-0.152321442563212,1.9296468975432695,1.1xAcrit,0.1262680697448886,0.11478915431353509,A_safe (bounded outside K±2; upper bound on A_crit),3,nan,nan,24.999999999958415,-1.4229638104449578,-2.1726105584814297,2.1726105584814297,0.3450442349688505,0.38848908004406657,1.1259109432132322,78.95548513818565,24,False,0.9907597147252247,0.976214813364311
24,4,10626,worst_feasible,10626,1,10369,1.7773254549800575,-0.152321442563212,1.9296468975432695,1.1xAcrit,0.1262680697448886,0.11478915431353509,A_safe (bounded outside K±2; upper bound on A_crit),3,nan,nan,24.999999999958415,-0.24296366093816024,-2.1726105584814297,2.1726105584814297,0.8881697136241562,1.0,1.1259109432132322,78.95548513818565,24,False,0.976214813364311,0.976214813364311
24,4,10626,published_qaoa,43,1,2097474,-0.027492104092715075,-0.152321442563212,1.9296468975432695,1.1xAcrit,0.1262680697448886,0.11478915431353509,A_safe (bounded outside K±2; upper bound on A_crit),3,nan,nan,24.999999999958415,-2.0477812200109327,-2.1726105584814297,2.1726105584814297,0.057455920014375605,0.06469024909656966,1.1259109432132322,78.95548513818565,24,False,0.9984613303517289,0.976214813364311
24,4,10626,optimum,1,1,2129954,-0.152321442563212,-0.152321442563212,1.9296468975432695,2xAcrit,0.22957830862707018,0.11478915431353509,A_safe (bounded outside K±2; upper bound on A_crit),3,nan,nan,24.999999999958415,-3.825574380596335,-3.825574380596335,3.825574380596335,0.0,0.0,1.9825256037603907,118.62661686894336,24,False,1.0,0.9842416303223931
24,4,10626,rank_2,2,1,2097250,-0.1428670914133392,-0.152321442563212,1.9296468975432695,2xAcrit,0.22957830862707018,0.11478915431353509,A_safe (bounded outside K±2; upper bound on A_crit),3,nan,nan,24.999999999958415,-3.816120029446462,-3.825574380596335,3.825574380596335,0.0024713546801824445,0.004899523929434768,1.9825256037603907,118.62661686894336,24,False,0.9999227914906758,0.9842416303223931
24,4,10626,rank_5,5,1,2228290,-0.1320029702896517,-0.152321442563212,1.9296468975432695,2xAcrit,0.22957830862707018,0.11478915431353509,A_safe (bounded outside K±2; upper bound on A_crit),3,nan,nan,24.999999999958415,-3.8052559083227746,-3.825574380596335,3.825574380596335,0.005311221336230574,0.010529632286315588,1.9825256037603907,118.62661686894336,24,False,0.999834070161863,0.9842416303223931
24,4,10626,rank_10,10,1,102,-0.09614319361431845,-0.152321442563212,1.9296468975432695,2xAcrit,0.22957830862707018,0.11478915431353509,A_safe (bounded outside K±2; upper bound on A_crit),3,nan,nan,24.999999999958415,-3.7693961316474414,-3.825574380596335,3.825574380596335,0.01468491874941311,0.029113227409852505,1.9825256037603907,118.62661686894336,24,False,0.9995412229999673,0.9842416303223931
24,4,10626,rank_50,50,1,1048618,-0.020380174678653495,-0.152321442563212,1.9296468975432695,2xAcrit,0.22957830862707018,0.11478915431353509,A_safe (bounded outside K±2; upper bound on A_crit),3,nan,nan,24.999999999958415,-3.6936331127117765,-3.825574380596335,3.825574380596335,0.03448927004367677,0.06837586091659545,1.9825256037603907,118.62661686894336,24,False,0.9989225079066517,0.9842416303223931
24,4,10626,rank_100,100,1,2097159,0.030566579595361798,-0.152321442563212,1.9296468975432695,2xAcrit,0.22957830862707018,0.11478915431353509,A_safe (bounded outside K±2; upper bound on A_crit),3,nan,nan,24.999999999958415,-3.642686358437761,-3.825574380596335,3.825574380596335,0.04780668311827857,0.0947779733128469,1.9825256037603907,118.62661686894336,24,False,0.9985064536592417,0.9842416303223931
24,4,10626,rank_1000,1000,1,163858,0.2484046496789467,-0.152321442563212,1.9296468975432695,2xAcrit,0.22957830862707018,0.11478915431353509,A_safe (bounded outside K±2; upper bound on A_crit),3,nan,nan,24.999999999958415,-3.424848288354176,-3.825574380596335,3.825574380596335,0.1047492617774414,0.2076680934487772,1.9825256037603907,118.62661686894336,24,False,0.9967274894131903,0.9842416303223931
24,4,10626,median,5314,1,598018,0.5973253054732599,-0.152321442563212,1.9296468975432695,2xAcrit,0.22957830862707018,0.11478915431353509,A_safe (bounded outside K±2; upper bound on A_crit),3,nan,nan,24.999999999958415,-3.0759276325598632,-3.825574380596335,3.825574380596335,0.19595665211445087,0.38848908004406657,1.9825256037603907,118.62661686894336,24,False,0.9938780454609522,0.9842416303223931
24,4,10626,worst_feasible,10626,1,10369,1.7773254549800575,-0.152321442563212,1.9296468975432695,2xAcrit,0.22957830862707018,0.11478915431353509,A_safe (bounded outside K±2; upper bound on A_crit),3,nan,nan,24.999999999958415,-1.8959274830530655,-3.825574380596335,3.825574380596335,0.5044071048077423,1.0,1.9825256037603907,118.62661686894336,24,False,0.9842416303223931,0.9842416303223931
24,4,10626,published_qaoa,43,1,2097474,-0.027492104092715075,-0.152321442563212,1.9296468975432695,2xAcrit,0.22957830862707018,0.11478915431353509,A_safe (bounded outside K±2; upper bound on A_crit),3,nan,nan,24.999999999958415,-3.700745042125838,-3.825574380596335,3.825574380596335,0.03263022125609237,0.06469024909656966,1.9825256037603907,118.62661686894336,24,False,0.9989805871401997,0.9842416303223931
24,4,10626,optimum,1,1,2129954,-0.152321442563212,-0.152321442563212,1.9296468975432695,5xAcrit,0.5739457715676755,0.11478915431353509,A_safe (bounded outside K±2; upper bound on A_crit),3,nan,nan,24.999999999958415,-9.335453787646019,-9.335453787646019,9.335453787646019,0.0,0.0,4.837907805584252,250.8637226381358,24,False,1.0,0.9925839623166767
24,4,10626,rank_2,2,1,2097250,-0.1428670914133392,-0.152321442563212,1.9296468975432695,5xAcrit,0.5739457715676755,0.11478915431353509,A_safe (bounded outside K±2; upper bound on A_crit),3,nan,nan,24.999999999958415,-9.325999436496147,-9.335453787646019,9.335453787646019,0.0010127361095594659,0.004899523929434768,4.837907805584252,250.8637226381358,24,False,0.9999636649459089,0.9925839623166767
24,4,10626,rank_5,5,1,2228290,-0.1320029702896517,-0.152321442563212,1.9296468975432695,5xAcrit,0.5739457715676755,0.11478915431353509,A_safe (bounded outside K±2; upper bound on A_crit),3,nan,nan,24.999999999958415,-9.315135315372459,-9.335453787646019,9.335453787646019,0.002176484693272069,0.010529632286315588,4.837907805584252,250.8637226381358,24,False,0.9999219118501731,0.9925839623166767
24,4,10626,rank_10,10,1,102,-0.09614319361431845,-0.152321442563212,1.9296468975432695,5xAcrit,0.5739457715676755,0.11478915431353509,A_safe (bounded outside K±2; upper bound on A_crit),3,nan,nan,24.999999999958415,-9.279275538697126,-9.335453787646019,9.335453787646019,0.006017730924150307,0.029113227409852505,4.837907805584252,250.8637226381358,24,False,0.9997840952084452,0.9925839623166767
24,4,10626,rank_50,50,1,1048618,-0.020380174678653495,-0.152321442563212,1.9296468975432695,5xAcrit,0.5739457715676755,0.11478915431353509,A_safe (bounded outside K±2; upper bound on A_crit),3,nan,nan,24.999999999958415,-9.20351251976146,-9.335453787646019,9.335453787646019,0.0141333534379616,0.06837586091659545,4.837907805584252,250.8637226381358,24,False,0.9994929220388127,0.9925839623166767
24,4,10626,rank_100,100,1,2097159,0.030566579595361798,-0.152321442563212,1.9296468975432695,5xAcrit,0.5739457715676755,0.11478915431353509,A_safe (bounded outside K±2; upper bound on A_crit),3,nan,nan,24.999999999958415,-9.152565765487445,-9.335453787646019,9.335453787646019,0.01959069439137462,0.0947779733128469,4.837907805584252,250.8637226381358,24,False,0.9992971229783629,0.9925839623166767
24,4,10626,rank_1000,1000,1,163858,0.2484046496789467,-0.152321442563212,1.9296468975432695,5xAcrit,0.5739457715676755,0.11478915431353509,A_safe (bounded outside K±2; upper bound on A_crit),3,nan,nan,24.999999999958415,-8.934727695403861,-9.335453787646019,9.335453787646019,0.04292518621563481,0.2076680934487772,4.837907805584252,250.8637226381358,24,False,0.9984599255933599,0.9925839623166767
24,4,10626,median,5314,1,598018,0.5973253054732599,-0.152321442563212,1.9296468975432695,5xAcrit,0.5739457715676755,0.11478915431353509,A_safe (bounded outside K±2; upper bound on A_crit),3,nan,nan,24.999999999958415,-8.585807039609547,-9.335453787646019,9.335453787646019,0.08030105071362569,0.38848908004406657,4.837907805584252,250.8637226381358,24,False,0.9971189503428336,0.9925839623166767
24,4,10626,worst_feasible,10626,1,10369,1.7773254549800575,-0.152321442563212,1.9296468975432695,5xAcrit,0.5739457715676755,0.11478915431353509,A_safe (bounded outside K±2; upper bound on A_crit),3,nan,nan,24.999999999958415,-7.40580689010275,-9.335453787646019,9.335453787646019,0.20670092118037675,1.0,4.837907805584252,250.8637226381358,24,False,0.9925839623166767,0.9925839623166767
24,4,10626,published_qaoa,43,1,2097474,-0.027492104092715075,-0.152321442563212,1.9296468975432695,5xAcrit,0.5739457715676755,0.11478915431353509,A_safe (bounded outside K±2; upper bound on A_crit),3,nan,nan,24.999999999958415,-9.210624449175523,-9.335453787646019,9.335453787646019,0.013371534079648984,0.06469024909656966,4.837907805584252,250.8637226381358,24,False,0.9995202546749561,0.9925839623166767
24,4,10626,optimum,1,1,2129954,-0.152321442563212,-0.152321442563212,1.9296468975432695,10xAcrit,1.147891543135351,0.11478915431353509,A_safe (bounded outside K±2; upper bound on A_crit),3,nan,nan,24.999999999958415,-18.518586132728828,-18.518586132728828,18.518586132728828,0.0,0.0,9.596878141957356,471.25889892012316,24,False,1.0,0.9960601559760651
24,4,10626,rank_2,2,1,2097250,-0.1428670914133392,-0.152321442563212,1.9296468975432695,10xAcrit,1.147891543135351,0.11478915431353509,A_safe (bounded outside K±2; upper bound on A_crit),3,nan,nan,24.999999999958415,-18.509131781578954,-18.518586132728828,18.518586132728828,0.0005105330980513496,0.004899523929434768,9.596878141957356,471.25889892012316,24,False,0.9999806966399265,0.9960601559760651
24,4,10626,rank_5,5,1,2228290,-0.1320029702896517,-0.152321442563212,1.9296468975432695,10xAcrit,1.147891543135351,0.11478915431353509,A_safe (bounded outside K±2; upper bound on A_crit),3,nan,nan,24.999999999958415,-18.498267660455266,-18.518586132728828,18.518586132728828,0.001097193496735178,0.010529632286315588,9.596878141957356,471.25889892012316,24,False,0.9999585148911625,0.9960601559760651
24,4,10626,rank_10,10,1,102,-0.09614319361431845,-0.152321442563212,1.9296468975432695,10xAcrit,1.147891543135351,0.11478915431353509,A_safe (bounded outside K±2; upper bound on A_crit),3,nan,nan,24.999999999958415,-18.46240788377993,-18.518586132728828,18.518586132728828,0.0030336143670065025,0.029113227409852505,9.596878141957356,471.25889892012316,24,False,0.9998852984249718,0.9960601559760651
24,4,10626,rank_50,50,1,1048618,-0.020380174678653495,-0.152321442563212,1.9296468975432695,10xAcrit,1.147891543135351,0.11478915431353509,A_safe (bounded outside K±2; upper bound on A_crit),3,nan,nan,24.999999999958415,-18.386644864844268,-18.518586132728828,18.518586132728828,0.007124802451920024,0.06837586091659545,9.596878141957356,471.25889892012316,24,False,0.9997306097729862,0.9960601559760651
24,4,10626,rank_100,100,1,2097159,0.030566579595361798,-0.152321442563212,1.9296468975432695,10xAcrit,1.147891543135351,0.11478915431353509,A_safe (bounded outside K±2; upper bound on A_crit),3,nan,nan,24.999999999958415,-18.335698110570252,-18.518586132728828,18.518586132728828,0.009875917137936714,0.0947779733128469,9.596878141957356,471.25889892012316,24,False,0.9996265895682427,0.9960601559760651
24,4,10626,rank_1000,1000,1,163858,0.2484046496789467,-0.152321442563212,1.9296468975432695,10xAcrit,1.147891543135351,0.11478915431353509,A_safe (bounded outside K±2; upper bound on A_crit),3,nan,nan,24.999999999958415,-18.11786004048667,-18.518586132728828,18.518586132728828,0.021639129972991587,0.2076680934487772,9.596878141957356,471.25889892012316,24,False,0.9991818201030639,0.9960601559760651
24,4,10626,median,5314,1,598018,0.5973253054732599,-0.152321442563212,1.9296468975432695,10xAcrit,1.147891543135351,0.11478915431353509,A_safe (bounded outside K±2; upper bound on A_crit),3,nan,nan,24.999999999958415,-17.768939384692356,-18.518586132728828,18.518586132728828,0.04048077659187942,0.38848908004406657,9.596878141957356,471.25889892012316,24,False,0.9984694136196245,0.9960601559760651
24,4,10626,worst_feasible,10626,1,10369,1.7773254549800575,-0.152321442563212,1.9296468975432695,10xAcrit,1.147891543135351,0.11478915431353509,A_safe (bounded outside K±2; upper bound on A_crit),3,nan,nan,24.999999999958415,-16.588939235185556,-18.518586132728828,18.518586132728828,0.10420055201368249,1.0,9.596878141957356,471.25889892012316,24,False,0.9960601559760651,0.9960601559760651
24,4,10626,published_qaoa,43,1,2097474,-0.027492104092715075,-0.152321442563212,1.9296468975432695,10xAcrit,1.147891543135351,0.11478915431353509,A_safe (bounded outside K±2; upper bound on A_crit),3,nan,nan,24.999999999958415,-18.39375679425833,-18.518586132728828,18.518586132728828,0.006740759665765183,0.06469024909656966,9.596878141957356,471.25889892012316,24,False,0.99974513050869,0.9960601559760651
24,4,10626,optimum,1,1,2129954,-0.152321442563212,-0.152321442563212,1.9296468975432695,Aheur,24.999999999958415,0.11478915431353509,A_safe (bounded outside K±2; upper bound on A_crit),3,nan,nan,24.999999999958415,-400.15232144189787,-400.15232144189787,400.15232144189787,0.0,0.0,207.37074847805155,9630.46854634018,24,False,1.0,0.9998076243810848
24,4,10626,rank_2,2,1,2097250,-0.1428670914133392,-0.152321442563212,1.9296468975432695,Aheur,24.999999999958415,0.11478915431353509,A_safe (bounded outside K±2; upper bound on A_crit),3,nan,nan,24.999999999958415,-400.142867090748,-400.15232144189787,400.15232144189787,2.3626880673352735e-05,0.004899523929434768,207.37074847805155,9630.46854634018,24,False,0.9999990574510517,0.9998076243810848
24,4,10626,rank_5,5,1,2228290,-0.1320029702896517,-0.152321442563212,1.9296468975432695,Aheur,24.999999999958415,0.11478915431353509,A_safe (bounded outside K±2; upper bound on A_crit),3,nan,nan,24.999999999958415,-400.1320029696243,-400.15232144189787,400.15232144189787,5.077684467840969e-05,0.010529632286315588,207.37074847805155,9630.46854634018,24,False,0.9999979743554719,0.9998076243810848
24,4,10626,rank_10,10,1,102,-0.09614319361431845,-0.152321442563212,1.9296468975432695,Aheur,24.999999999958415,0.11478915431353509,A_safe (bounded outside K±2; upper bound on A_crit),3,nan,nan,24.999999999958415,-400.09614319294894,-400.15232144189787,400.15232144189787,0.00014039216053142564,0.029113227409852505,207.37074847805155,9630.46854634018,24,False,0.9999943993248583,0.9998076243810848
24,4,10626,rank_50,50,1,1048618,-0.020380174678653495,-0.152321442563212,1.9296468975432695,Aheur,24.999999999958415,0.11478915431353509,A_safe (bounded outside K±2; upper bound on A_crit),3,nan,nan,24.999999999958415,-400.0203801740133,-400.15232144189787,400.15232144189787,0.000329727608249591,0.06837586091659545,207.37074847805155,9630.46854634018,24,False,0.9999868461514374,0.9998076243810848
24,4,10626,rank_100,100,1,2097159,0.030566579595361798,-0.152321442563212,1.9296468975432695,Aheur,24.999999999958415,0.11478915431353509,A_safe (bounded outside K±2; upper bound on A_crit),3,nan,nan,24.999999999958415,-399.9694334197393,-400.15232144189787,400.15232144189787,0.0004570460106280532,0.0947779733128469,207.37074847805155,9630.46854634018,24,False,0.9999817670287244,0.9998076243810848
24,4,10626,rank_1000,1000,1,163858,0.2484046496789467,-0.152321442563212,1.9296468975432695,Aheur,24.999999999958415,0.11478915431353509,A_safe (bounded outside K±2; upper bound on A_crit),3,nan,nan,24.999999999958415,-399.7515953496557,-400.15232144189787,400.15232144189787,0.0010014338809736087,0.2076680934487772,207.37074847805155,9630.46854634018,24,False,0.9999600497219938,0.9998076243810848
24,4,10626,median,5314,1,598018,0.5973253054732599,-0.152321442563212,1.9296468975432695,Aheur,24.999999999958415,0.11478915431353509,A_safe (bounded outside K±2; upper bound on A_crit),3,nan,nan,24.999999999958415,-399.4026746938614,-400.15232144189787,400.15232144189787,0.001873403471296169,0.38848908004406657,207.37074847805155,9630.46854634018,24,False,0.9999252641727848,0.9998076243810848
24,4,10626,worst_feasible,10626,1,10369,1.7773254549800575,-0.152321442563212,1.9296468975432695,Aheur,24.999999999958415,0.11478915431353509,A_safe (bounded outside K±2; upper bound on A_crit),3,nan,nan,24.999999999958415,-398.2226745443546,-400.15232144189787,400.15232144189787,0.004822280901907636,1.0,207.37074847805155,9630.46854634018,24,False,0.9998076243810848,0.9998076243810848
24,4,10626,published_qaoa,43,1,2097474,-0.027492104092715075,-0.152321442563212,1.9296468975432695,Aheur,24.999999999958415,0.11478915431353509,A_safe (bounded outside K±2; upper bound on A_crit),3,nan,nan,24.999999999958415,-400.02749210342733,-400.15232144189787,400.15232144189787,0.00031195455275803555,0.06469024909656966,207.37074847805155,9630.46854634018,24,False,0.9999875551732923,0.9998076243810848
28,5,98280,optimum,1,1,151027778,-0.16760980693372507,-0.16760980693372507,3.0234638504618934,1.1xAcrit,0.18224288567336852,0.1656753506121532,A_safe (bounded outside K±2; upper bound on A_crit),4,nan,nan,28.999999999951484,-4.723681948767938,-4.723681948767938,4.723681948767938,0.0,0.0,1.5623411366556617,133.26101667688812,28,False,1.0,0.97808841211688
28,5,98280,rank_2,2,1,150995014,-0.15414552092554457,-0.16760980693372507,3.0234638504618934,1.1xAcrit,0.18224288567336852,0.1656753506121532,A_safe (bounded outside K±2; upper bound on A_crit),4,nan,nan,28.999999999951484,-4.710217662759757,-4.723681948767938,4.723681948767938,0.0028503794612362394,0.0044532650873677785,1.5623411366556617,133.26101667688812,28,False,0.9999024218906714,0.97808841211688
28,5,98280,rank_5,5,1,151027842,-0.13490500173717712,-0.16760980693372507,3.0234638504618934,1.1xAcrit,0.18224288567336852,0.1656753506121532,A_safe (bounded outside K±2; upper bound on A_crit),4,nan,nan,28.999999999951484,-4.6909771435713905,-4.723681948767938,4.723681948767938,0.0069235832452856465,0.010816998917169671,1.5623411366556617,133.26101667688812,28,False,0.9997629823775949,0.97808841211688
28,5,98280,rank_10,10,1,134250566,-0.12404239779148485,-0.16760980693372507,3.0234638504618934,1.1xAcrit,0.18224288567336852,0.1656753506121532,A_safe (bounded outside K±2; upper bound on A_crit),4,nan,nan,28.999999999951484,-4.6801145396256985,-4.723681948767938,4.723681948767938,0.009223188524283216,0.014409766842618094,1.5623411366556617,133.26101667688812,28,False,0.9996842591274527,0.97808841211688
28,5,98280,rank_50,50,1,152174594,-0.04028262754479295,-0.16760980693372507,3.0234638504618934,1.1xAcrit,0.18224288567336852,0.1656753506121532,A_safe (bounded outside K±2; upper bound on A_crit),4,nan,nan,28.999999999951484,-4.5963547693790066,-4.723681948767938,4.723681948767938,0.026955070381515088,0.042113015298489646,1.5623411366556617,133.26101667688812,28,False,0.9990772369642641,0.97808841211688
28,5,98280,rank_100,100,1,135299078,0.00011618145737801733,-0.16760980693372507,3.0234638504618934,1.1xAcrit,0.18224288567336852,0.1656753506121532,A_safe (bounded outside K±2; upper bound on A_crit),4,nan,nan,28.999999999951484,-4.555955960376835,-4.723681948767938,4.723681948767938,0.03550746858281822,0.05547477882544541,1.5623411366556617,133.26101667688812,28,False,0.9987844595084695,0.97808841211688
28,5,98280,rank_1000,1000,1,168820804,0.186667295730506,-0.16760980693372507,3.0234638504618934,1.1xAcrit,0.18224288567336852,0.1656753506121532,A_safe (bounded outside K±2; upper bound on A_crit),4,nan,nan,28.999999999951484,-4.369404846103707,-4.723681948767938,4.723681948767938,0.07500020249175243,0.11717590161036928,1.5623411366556617,133.26101667688812,28,False,0.9974324899340807,0.97808841211688
28,5,98280,median,49141,1,4587778,0.9402299192815979,-0.16760980693372507,3.0234638504618934,1.1xAcrit,0.18224288567336852,0.1656753506121532,A_safe (bounded outside K±2; upper bound on A_crit),4,nan,nan,28.999999999951484,-3.6158422225526152,-4.723681948767938,4.723681948767938,0.23452885656373987,0.366414080342346,1.5623411366556617,133.26101667688812,28,False,0.991971285676966,0.97808841211688
28,5,98280,worst_feasible,98280,1,33591553,2.8558540435281685,-0.16760980693372507,3.0234638504618934,1.1xAcrit,0.18224288567336852,0.1656753506121532,A_safe (bounded outside K±2; upper bound on A_crit),4,nan,nan,28.999999999951484,-1.7002180983060446,-4.723681948767938,4.723681948767938,0.6400650770423892,1.0,1.5623411366556617,133.26101667688812,28,False,0.97808841211688,0.97808841211688
28,5,98280,published_qaoa,111,1,218136578,0.005815856190140245,-0.16760980693372507,3.0234638504618934,1.1xAcrit,0.18224288567336852,0.1656753506121532,A_safe (bounded outside K±2; upper bound on A_crit),4,nan,nan,28.999999999951484,-4.550256285644073,-4.723681948767938,4.723681948767938,0.0367140855385277,0.057359926131536565,1.5623411366556617,133.26101667688812,28,False,0.9987431529375996,0.97808841211688
28,5,98280,optimum,1,1,151027778,-0.16760980693372507,-0.16760980693372507,3.0234638504618934,2xAcrit,0.3313507012243064,0.1656753506121532,A_safe (bounded outside K±2; upper bound on A_crit),4,nan,nan,28.999999999951484,-8.451377337541386,-8.451377337541386,8.451377337541386,0.0,0.0,2.7952632330134435,208.4113557145608,28,False,1.0,0.9860581677270687
28,5,98280,rank_2,2,1,150995014,-0.15414552092554457,-0.16760980693372507,3.0234638504618934,2xAcrit,0.3313507012243064,0.1656753506121532,A_safe (bounded outside K±2; upper bound on A_crit),4,nan,nan,28.999999999951484,-8.437913051533204,-8.451377337541386,8.451377337541386,0.0015931469475835092,0.0044532650873677785,2.7952632330134435,208.4113557145608,28,False,0.9999379133250851,0.9860581677270687
28,5,98280,rank_5,5,1,151027842,-0.13490500173717712,-0.16760980693372507,3.0234638504618934,2xAcrit,0.3313507012243064,0.1656753506121532,A_safe (bounded outside K±2; upper bound on A_crit),4,nan,nan,28.999999999951484,-8.418672532344837,-8.451377337541386,8.451377337541386,0.0038697603822836994,0.010816998917169671,2.7952632330134435,208.4113557145608,28,False,0.9998491912154004,0.9860581677270687
28,5,98280,rank_10,10,1,134250566,-0.12404239779148485,-0.16760980693372507,3.0234638504618934,2xAcrit,0.3313507012243064,0.1656753506121532,A_safe (bounded outside K±2; upper bound on A_crit),4,nan,nan,28.999999999951484,-8.407809928399145,-8.451377337541386,8.451377337541386,0.005155066139185609,0.014409766842618094,2.7952632330134435,208.4113557145608,28,False,0.9997991014475882,0.9860581677270687
28,5,98280,rank_50,50,1,152174594,-0.04028262754479295,-0.16760980693372507,3.0234638504618934,2xAcrit,0.3313507012243064,0.1656753506121532,A_safe (bounded outside K±2; upper bound on A_crit),4,nan,nan,28.999999999951484,-8.324050158152453,-8.451377337541386,8.451377337541386,0.01506584954186571,0.042113015298489646,2.7952632330134435,208.4113557145608,28,False,0.9994128674042011,0.9860581677270687
28,5,98280,rank_100,100,1,135299078,0.00011618145737801733,-0.16760980693372507,3.0234638504618934,2xAcrit,0.3313507012243064,0.1656753506121532,A_safe (bounded outside K±2; upper bound on A_crit),4,nan,nan,28.999999999951484,-8.283651349150283,-8.451377337541386,8.451377337541386,0.019845994527549603,0.05547477882544541,2.7952632330134435,208.4113557145608,28,False,0.9992265799382377,0.9860581677270687
28,5,98280,rank_1000,1000,1,168820804,0.186667295730506,-0.16760980693372507,3.0234638504618934,2xAcrit,0.3313507012243064,0.1656753506121532,A_safe (bounded outside K±2; upper bound on A_crit),4,nan,nan,28.999999999951484,-8.097100234877153,-8.451377337541386,8.451377337541386,0.04191945153016855,0.11717590161036928,2.7952632330134435,208.4113557145608,28,False,0.9983663532333188,0.9860581677270687
28,5,98280,median,49141,1,4587778,0.9402299192815979,-0.16760980693372507,3.0234638504618934,2xAcrit,0.3313507012243064,0.1656753506121532,A_safe (bounded outside K±2; upper bound on A_crit),4,nan,nan,28.999999999951484,-7.343537611326062,-8.451377337541386,8.451377337541386,0.1310839265564739,0.366414080342346,2.7952632330134435,208.4113557145608,28,False,0.9948915163494267,0.9860581677270687
28,5,98280,worst_feasible,98280,1,33591553,2.8558540435281685,-0.16760980693372507,3.0234638504618934,2xAcrit,0.3313507012243064,0.1656753506121532,A_safe (bounded outside K±2; upper bound on A_crit),4,nan,nan,28.999999999951484,-5.427913487079492,-8.451377337541386,8.451377337541386,0.357748060429338,1.0,2.7952632330134435,208.4113557145608,28,False,0.9860581677270687,0.9860581677270687
28,5,98280,published_qaoa,111,1,218136578,0.005815856190140245,-0.16760980693372507,3.0234638504618934,2xAcrit,0.3313507012243064,0.1656753506121532,A_safe (bounded outside K±2; upper bound on A_crit),4,nan,nan,28.999999999951484,-8.277951674417519,-8.451377337541386,8.451377337541386,0.020520402319927307,0.057359926131536565,2.7952632330134435,208.4113557145608,28,False,0.9992002975306864,0.9860581677270687
28,5,98280,optimum,1,1,151027778,-0.16760980693372507,-0.16760980693372507,3.0234638504618934,5xAcrit,0.828376753060766,0.1656753506121532,A_safe (bounded outside K±2; upper bound on A_crit),4,nan,nan,28.999999999951484,-20.877028633452877,-20.877028633452877,20.877028633452877,0.0,0.0,6.905003554206048,458.91248584013647,28,False,1.0,0.9936983536337197
28,5,98280,rank_2,2,1,150995014,-0.15414552092554457,-0.16760980693372507,3.0234638504618934,5xAcrit,0.828376753060766,0.1656753506121532,A_safe (bounded outside K±2; upper bound on A_crit),4,nan,nan,28.999999999951484,-20.863564347444697,-20.877028633452877,20.877028633452877,0.0006449330622943936,0.0044532650873677785,6.905003554206048,458.91248584013647,28,False,0.9999719370982442,0.9936983536337197
28,5,98280,rank_5,5,1,151027842,-0.13490500173717712,-0.16760980693372507,3.0234638504618934,5xAcrit,0.828376753060766,0.1656753506121532,A_safe (bounded outside K±2; upper bound on A_crit),4,nan,nan,28.999999999951484,-20.84432382825633,-20.877028633452877,20.877028633452877,0.0015665450180080947,0.010816998917169671,6.905003554206048,458.91248584013647,28,False,0.9999318350980796,0.9936983536337197
28,5,98280,rank_10,10,1,134250566,-0.12404239779148485,-0.16760980693372507,3.0234638504618934,5xAcrit,0.828376753060766,0.1656753506121532,A_safe (bounded outside K±2; upper bound on A_crit),4,nan,nan,28.999999999951484,-20.833461224310636,-20.877028633452877,20.877028633452877,0.002086858714770779,0.014409766842618094,6.905003554206048,458.91248584013647,28,False,0.9999091947451372,0.9936983536337197
28,5,98280,rank_50,50,1,152174594,-0.04028262754479295,-0.16760980693372507,3.0234638504618934,5xAcrit,0.828376753060766,0.1656753506121532,A_safe (bounded outside K±2; upper bound on A_crit),4,nan,nan,28.999999999951484,-20.749701454063946,-20.877028633452877,20.877028633452877,0.00609891290683512,0.042113015298489646,6.905003554206048,458.91248584013647,28,False,0.9997346186701711,0.9936983536337197
28,5,98280,rank_100,100,1,135299078,0.00011618145737801733,-0.16760980693372507,3.0234638504618934,5xAcrit,0.828376753060766,0.1656753506121532,A_safe (bounded outside K±2; upper bound on A_crit),4,nan,nan,28.999999999951484,-20.709302645061772,-20.877028633452877,20.877028633452877,0.008033997142789887,0.05547477882544541,6.905003554206048,458.91248584013647,28,False,0.9996504175615945,0.9936983536337197
28,5,98280,rank_1000,1000,1,168820804,0.186667295730506,-0.16760980693372507,3.0234638504618934,5xAcrit,0.828376753060766,0.1656753506121532,A_safe (bounded outside K±2; upper bound on A_crit),4,nan,nan,28.999999999951484,-20.522751530788646,-20.877028633452877,20.877028633452877,0.01696970909435577,0.11717590161036928,6.905003554206048,458.91248584013647,28,False,0.9992615989054013,0.9936983536337197
28,5,98280,median,49141,1,4587778,0.9402299192815979,-0.16760980693372507,3.0234638504618934,5xAcrit,0.828376753060766,0.1656753506121532,A_safe (bounded outside K±2; upper bound on A_crit),4,nan,nan,28.999999999951484,-19.769188907237552,-20.877028633452877,20.877028633452877,0.05306500966522342,0.366414080342346,6.905003554206048,458.91248584013647,28,False,0.9976909880420567,0.9936983536337197
28,5,98280,worst_feasible,98280,1,33591553,2.8558540435281685,-0.16760980693372507,3.0234638504618934,5xAcrit,0.828376753060766,0.1656753506121532,A_safe (bounded outside K±2; upper bound on A_crit),4,nan,nan,28.999999999951484,-17.853564782990983,-20.877028633452877,20.877028633452877,0.14482251778000454,1.0,6.905003554206048,458.91248584013647,28,False,0.9936983536337197,0.9936983536337197
28,5,98280,published_qaoa,111,1,218136578,0.005815856190140245,-0.16760980693372507,3.0234638504618934,5xAcrit,0.828376753060766,0.1656753506121532,A_safe (bounded outside K±2; upper bound on A_crit),4,nan,nan,28.999999999951484,-20.703602970329012,-20.877028633452877,20.877028633452877,0.0083070089220442,0.057359926131536565,6.905003554206048,458.91248584013647,28,False,0.9996385380299231,0.9936983536337197
28,5,98280,optimum,1,1,151027778,-0.16760980693372507,-0.16760980693372507,3.0234638504618934,10xAcrit,1.656753506121532,0.1656753506121532,A_safe (bounded outside K±2; upper bound on A_crit),4,nan,nan,28.999999999951484,-41.58644745997203,-41.58644745997203,41.58644745997203,0.0,0.0,13.754570756193722,876.4143693827625,28,False,1.0,0.9967064693244386
28,5,98280,rank_2,2,1,150995014,-0.15414552092554457,-0.16760980693372507,3.0234638504618934,10xAcrit,1.656753506121532,0.1656753506121532,A_safe (bounded outside K±2; upper bound on A_crit),4,nan,nan,28.999999999951484,-41.57298317396385,-41.58644745997203,41.58644745997203,0.00032376619861891804,0.0044532650873677785,13.754570756193722,876.4143693827625,28,False,0.9999853330348283,0.9967064693244386
28,5,98280,rank_5,5,1,151027842,-0.13490500173717712,-0.16760980693372507,3.0234638504618934,10xAcrit,1.656753506121532,0.1656753506121532,A_safe (bounded outside K±2; upper bound on A_crit),4,nan,nan,28.999999999951484,-41.553742654775476,-41.58644745997203,41.58644745997203,0.0007864294065519091,0.010816998917169671,13.754570756193722,876.4143693827625,28,False,0.9999643738822488,0.9967064693244386
28,5,98280,rank_10,10,1,134250566,-0.12404239779148485,-0.16760980693372507,3.0234638504618934,10xAcrit,1.656753506121532,0.1656753506121532,A_safe (bounded outside K±2; upper bound on A_crit),4,nan,nan,28.999999999951484,-41.54288005082979,-41.58644745997203,41.58644745997203,0.0010476347897755613,0.014409766842618094,13.754570756193722,876.4143693827625,28,False,0.9999525409908762,0.9967064693244386
28,5,98280,rank_50,50,1,152174594,-0.04028262754479295,-0.16760980693372507,3.0234638504618934,10xAcrit,1.656753506121532,0.1656753506121532,A_safe (bounded outside K±2; upper bound on A_crit),4,nan,nan,28.999999999951484,-41.45912028058309,-41.58644745997203,41.58644745997203,0.0030617469672418554,0.042113015298489646,13.754570756193722,876.4143693827625,28,False,0.999861299492274,0.9967064693244386
28,5,98280,rank_100,100,1,135299078,0.00011618145737801733,-0.16760980693372507,3.0234638504618934,10xAcrit,1.656753506121532,0.1656753506121532,A_safe (bounded outside K±2; upper bound on A_crit),4,nan,nan,28.999999999951484,-41.41872147158092,-41.58644745997203,41.58644745997203,0.004033188662064569,0.05547477882544541,13.754570756193722,876.4143693827625,28,False,0.9998172921142184,0.9967064693244386
28,5,98280,rank_1000,1000,1,168820804,0.186667295730506,-0.16760980693372507,3.0234638504618934,10xAcrit,1.656753506121532,0.1656753506121532,A_safe (bounded outside K±2; upper bound on A_crit),4,nan,nan,28.999999999951484,-41.232170357307794,-41.58644745997203,41.58644745997203,0.008519051861913221,0.11717590161036928,13.754570756193722,876.4143693827625,28,False,0.9996140775736096,0.9967064693244386
28,5,98280,median,49141,1,4587778,0.9402299192815979,-0.16760980693372507,3.0234638504618934,10xAcrit,1.656753506121532,0.1656753506121532,A_safe (bounded outside K±2; upper bound on A_crit),4,nan,nan,28.999999999951484,-40.478607733756704,-41.58644745997203,41.58644745997203,0.026639441305527378,0.366414080342346,13.754570756193722,876.4143693827625,28,False,0.9987932039864348,0.9967064693244386
28,5,98280,worst_feasible,98280,1,33591553,2.8558540435281685,-0.16760980693372507,3.0234638504618934,10xAcrit,1.656753506121532,0.1656753506121532,A_safe (bounded outside K±2; upper bound on A_crit),4,nan,nan,28.999999999951484,-38.562983609510134,-41.58644745997203,41.58644745997203,0.07270310486059313,1.0,13.754570756193722,876.4143693827625,28,False,0.9967064693244386,0.9967064693244386
28,5,98280,published_qaoa,111,1,218136578,0.005815856190140245,-0.16760980693372507,3.0234638504618934,10xAcrit,1.656753506121532,0.1656753506121532,A_safe (bounded outside K±2; upper bound on A_crit),4,nan,nan,28.999999999951484,-41.41302179684816,-41.58644745997203,41.58644745997203,0.004170244724336979,0.057359926131536565,13.754570756193722,876.4143693827625,28,False,0.9998110833237378,0.9967064693244386
28,5,98280,optimum,1,1,151027778,-0.16760980693372507,-0.16760980693372507,3.0234638504618934,Aheur,28.999999999951484,0.1656753506121532,A_safe (bounded outside K±2; upper bound on A_crit),4,nan,nan,28.999999999951484,-725.1676098057208,-725.1676098057208,725.1676098057208,0.0,0.0,239.84662812983103,14657.41060227306,28,False,1.0,0.9998034488231571
28,5,98280,rank_2,2,1,150995014,-0.15414552092554457,-0.16760980693372507,3.0234638504618934,Aheur,28.999999999951484,0.1656753506121532,A_safe (bounded outside K±2; upper bound on A_crit),4,nan,nan,28.999999999951484,-725.1541455197126,-725.1676098057208,725.1676098057208,1.856713651591211e-05,0.0044532650873677785,239.84662812983103,14657.41060227306,28,False,0.9999991247055062,0.9998034488231571
28,5,98280,rank_5,5,1,151027842,-0.13490500173717712,-0.16760980693372507,3.0234638504618934,Aheur,28.999999999951484,0.1656753506121532,A_safe (bounded outside K±2; upper bound on A_crit),4,nan,nan,28.999999999951484,-725.1349050005242,-725.1676098057208,725.1676098057208,4.509964972830195e-05,0.010816998917169671,239.84662812983103,14657.41060227306,28,False,0.9999978739061329,0.9998034488231571
28,5,98280,rank_10,10,1,134250566,-0.12404239779148485,-0.16760980693372507,3.0234638504618934,Aheur,28.999999999951484,0.1656753506121532,A_safe (bounded outside K±2; upper bound on A_crit),4,nan,nan,28.999999999951484,-725.1240423965786,-725.1676098057208,725.1676098057208,6.0079088686700086e-05,0.014409766842618094,239.84662812983103,14657.41060227306,28,False,0.999997167743369,0.9998034488231571
28,5,98280,rank_50,50,1,152174594,-0.04028262754479295,-0.16760980693372507,3.0234638504618934,Aheur,28.999999999951484,0.1656753506121532,A_safe (bounded outside K±2; upper bound on A_crit),4,nan,nan,28.999999999951484,-725.0402826263319,-725.1676098057208,725.1676098057208,0.00017558310336426123,0.042113015298489646,239.84662812983103,14657.41060227306,28,False,0.9999917226372826,0.9998034488231571
28,5,98280,rank_100,100,1,135299078,0.00011618145737801733,-0.16760980693372507,3.0234638504618934,Aheur,28.999999999951484,0.1656753506121532,A_safe (bounded outside K±2; upper bound on A_crit),4,nan,nan,28.999999999951484,-724.9998838173296,-725.1676098057208,725.1676098057208,0.00023129271925981148,0.05547477882544541,239.84662812983103,14657.41060227306,28,False,0.9999890963669368,0.9998034488231571
28,5,98280,rank_1000,1000,1,168820804,0.186667295730506,-0.16760980693372507,3.0234638504618934,Aheur,28.999999999951484,0.1656753506121532,A_safe (bounded outside K±2; upper bound on A_crit),4,nan,nan,28.999999999951484,-724.8133327030565,-725.1676098057208,725.1676098057208,0.0004885451278762233,0.11717590161036928,239.84662812983103,14657.41060227306,28,False,0.9999769689386409,0.9998034488231571
28,5,98280,median,49141,1,4587778,0.9402299192815979,-0.16760980693372507,3.0234638504618934,Aheur,28.999999999951484,0.1656753506121532,A_safe (bounded outside K±2; upper bound on A_crit),4,nan,nan,28.999999999951484,-724.0597700795055,-725.1676098057208,725.1676098057208,0.0015277016116482694,0.366414080342346,239.84662812983103,14657.41060227306,28,False,0.9999279808812969,0.9998034488231571
28,5,98280,worst_feasible,98280,1,33591553,2.8558540435281685,-0.16760980693372507,3.0234638504618934,Aheur,28.999999999951484,0.1656753506121532,A_safe (bounded outside K±2; upper bound on A_crit),4,nan,nan,28.999999999951484,-722.1441459552589,-725.1676098057208,725.1676098057208,0.004169331075434972,1.0,239.84662812983103,14657.41060227306,28,False,0.9998034488231571,0.9998034488231571
28,5,98280,published_qaoa,111,1,218136578,0.005815856190140245,-0.16760980693372507,3.0234638504618934,Aheur,28.999999999951484,0.1656753506121532,A_safe (bounded outside K±2; upper bound on A_crit),4,nan,nan,28.999999999951484,-724.994184142597,-725.1676098057208,725.1676098057208,0.00023915252250486985,0.057359926131536565,239.84662812983103,14657.41060227306,28,False,0.9999887258390152,0.9998034488231571
30,6,593775,optimum,1,1,604045382,0.0423019187215381,0.0423019187215381,3.9999257156458503,1.1xAcrit,0.23090289822078905,0.20991172565526275,A_safe (bounded outside K±2; upper bound on A_crit),5,nan,nan,30.999999999948017,-8.270202417226868,-8.270202417226868,8.270202417226868,0.0,0.0,2.067589001685126,172.69627435157383,30,False,1.0,0.9778968691491072
30,6,593775,rank_2,2,1,603980102,0.06347975766007252,0.0423019187215381,3.9999257156458503,1.1xAcrit,0.23090289822078905,0.20991172565526275,A_safe (bounded outside K±2; upper bound on A_crit),5,nan,nan,30.999999999948017,-8.249024578288333,-8.270202417226868,8.270202417226868,0.002560740096810798,0.00529455806034011,2.067589001685126,172.69627435157383,30,False,0.9998829736903946,0.9778968691491072
30,6,593775,rank_5,5,1,604045446,0.07882793660405096,0.0423019187215381,3.9999257156458503,1.1xAcrit,0.23090289822078905,0.20991172565526275,A_safe (bounded outside K±2; upper bound on A_crit),5,nan,nan,30.999999999948017,-8.233676399344354,-8.270202417226868,8.270202417226868,0.004416580881554846,0.0091316740557556,2.067589001685126,172.69627435157383,30,False,0.9997981614134579,0.9778968691491072
30,6,593775,rank_10,10,1,608174214,0.10868587179845557,0.0423019187215381,3.9999257156458503,1.1xAcrit,0.23090289822078905,0.20991172565526275,A_safe (bounded outside K±2; upper bound on A_crit),5,nan,nan,30.999999999948017,-8.20381846414995,-8.270202417226868,8.270202417226868,0.008026883711895541,0.0165962964805207,2.067589001685126,172.69627435157383,30,False,0.9996331698872508,0.9778968691491072
30,6,593775,rank_50,50,1,637599750,0.1821054843676837,0.0423019187215381,3.9999257156458503,1.1xAcrit,0.23090289822078905,0.20991172565526275,A_safe (bounded outside K±2; upper bound on A_crit),5,nan,nan,30.999999999948017,-8.130398851580722,-8.270202417226868,8.270202417226868,0.01690449140095219,0.034951540499689536,2.067589001685126,172.69627435157383,30,False,0.999227461526895,0.9778968691491072
30,6,593775,rank_100,100,1,637534594,0.21571917818941366,0.0423019187215381,3.9999257156458503,1.1xAcrit,0.23090289822078905,0.20991172565526275,A_safe (bounded outside K±2; upper bound on A_crit),5,nan,nan,30.999999999948017,-8.096785157758992,-8.270202417226868,8.270202417226868,0.020968925634352875,0.04335512001874131,2.067589001685126,172.69627435157383,30,False,0.9990417161091696,0.9778968691491072
30,6,593775,rank_1000,1000,1,572522758,0.37460543059632845,0.0423019187215381,3.9999257156458503,1.1xAcrit,0.23090289822078905,0.20991172565526275,A_safe (bounded outside K±2; upper bound on A_crit),5,nan,nan,30.999999999948017,-7.937898905352077,-8.270202417226868,8.270202417226868,0.040180819659576976,0.08307742080683485,2.067589001685126,172.69627435157383,30,False,0.9981637288971519,0.9778968691491072
30,6,593775,median,296888,1,78651424,1.4594076381237153,0.0423019187215381,3.9999257156458503,1.1xAcrit,0.23090289822078905,0.20991172565526275,A_safe (bounded outside K±2; upper bound on A_crit),5,nan,nan,30.999999999948017,-6.85309669782469,-8.270202417226868,8.270202417226868,0.17135079021165672,0.3542830092716768,2.067589001685126,172.69627435157383,30,False,0.99216923628782,0.9778968691491072
30,6,593775,worst_feasible,593775,1,134553857,4.042227634367388,0.0423019187215381,3.9999257156458503,1.1xAcrit,0.23090289822078905,0.20991172565526275,A_safe (bounded outside K±2; upper bound on A_crit),5,nan,nan,30.999999999948017,-4.270276701581017,-8.270202417226868,8.270202417226868,0.4836551167494991,1.0,2.067589001685126,172.69627435157383,30,False,0.9778968691491072,0.9778968691491072
30,6,593775,published_qaoa,844,1,537920070,0.3611523329167947,0.0423019187215381,3.9999257156458503,1.1xAcrit,0.23090289822078905,0.20991172565526275,A_safe (bounded outside K±2; upper bound on A_crit),5,nan,nan,30.999999999948017,-7.9513520030316105,-8.270202417226868,8.270202417226868,0.03855412456786908,0.07971408392612443,2.067589001685126,172.69627435157383,30,False,0.9982380691723218,0.9778968691491072
30,6,593775,optimum,1,1,604045382,0.0423019187215381,0.0423019187215381,3.9999257156458503,2xAcrit,0.4198234513105255,0.20991172565526275,A_safe (bounded outside K±2; upper bound on A_crit),5,nan,nan,30.999999999948017,-15.07134232845738,-15.07134232845738,15.07134232845738,0.0,0.0,3.76790555622203,274.7133730200315,30,False,1.0,0.9861969058277085
30,6,593775,rank_2,2,1,603980102,0.06347975766007252,0.0423019187215381,3.9999257156458503,2xAcrit,0.4198234513105255,0.20991172565526275,A_safe (bounded outside K±2; upper bound on A_crit),5,nan,nan,30.999999999948017,-15.050164489518846,-15.07134232845738,15.07134232845738,0.0014051727097026314,0.00529455806034011,3.76790555622203,274.7133730200315,30,False,0.9999269187164925,0.9861969058277085
30,6,593775,rank_5,5,1,604045446,0.07882793660405096,0.0423019187215381,3.9999257156458503,2xAcrit,0.4198234513105255,0.20991172565526275,A_safe (bounded outside K±2; upper bound on A_crit),5,nan,nan,30.999999999948017,-15.034816310574866,-15.07134232845738,15.07134232845738,0.002423541121054973,0.0091316740557556,3.76790555622203,274.7133730200315,30,False,0.9998739546430577,0.9861969058277085
30,6,593775,rank_10,10,1,608174214,0.10868587179845557,0.0423019187215381,3.9999257156458503,2xAcrit,0.4198234513105255,0.20991172565526275,A_safe (bounded outside K±2; upper bound on A_crit),5,nan,nan,30.999999999948017,-15.004958375380463,-15.07134232845738,15.07134232845738,0.004404647683675311,0.0165962964805207,3.76790555622203,274.7133730200315,30,False,0.9997709197567681,0.9861969058277085
30,6,593775,rank_50,50,1,637599750,0.1821054843676837,0.0423019187215381,3.9999257156458503,2xAcrit,0.4198234513105255,0.20991172565526275,A_safe (bounded outside K±2; upper bound on A_crit),5,nan,nan,30.999999999948017,-14.931538762811234,-15.07134232845738,15.07134232845738,0.009276119047616055,0.034951540499689536,3.76790555622203,274.7133730200315,30,False,0.9995175605950161,0.9861969058277085
30,6,593775,rank_100,100,1,637534594,0.21571917818941366,0.0423019187215381,3.9999257156458503,2xAcrit,0.4198234513105255,0.20991172565526275,A_safe (bounded outside K±2; upper bound on A_crit),5,nan,nan,30.999999999948017,-14.897925068989505,-15.07134232845738,15.07134232845738,0.011506424291115256,0.04335512001874131,3.76790555622203,274.7133730200315,30,False,0.9994015651955303,0.9861969058277085
30,6,593775,rank_1000,1000,1,572522758,0.37460543059632845,0.0423019187215381,3.9999257156458503,2xAcrit,0.4198234513105255,0.20991172565526275,A_safe (bounded outside K±2; upper bound on A_crit),5,nan,nan,30.999999999948017,-14.739038816582589,-15.07134232845738,15.07134232845738,0.022048700416507833,0.08307742080683485,3.76790555622203,274.7133730200315,30,False,0.9988532745370122,0.9861969058277085
30,6,593775,median,296888,1,78651424,1.4594076381237153,0.0423019187215381,3.9999257156458503,2xAcrit,0.4198234513105255,0.20991172565526275,A_safe (bounded outside K±2; upper bound on A_crit),5,nan,nan,30.999999999948017,-13.654236609055204,-15.07134232845738,15.07134232845738,0.0940265099497096,0.3542830092716768,3.76790555622203,274.7133730200315,30,False,0.9951097982593803,0.9861969058277085
30,6,593775,worst_feasible,593775,1,134553857,4.042227634367388,0.0423019187215381,3.9999257156458503,2xAcrit,0.4198234513105255,0.20991172565526275,A_safe (bounded outside K±2; upper bound on A_crit),5,nan,nan,30.999999999948017,-11.071416612811529,-15.07134232845738,15.07134232845738,0.26539943347270917,1.0,3.76790555622203,274.7133730200315,30,False,0.9861969058277085,0.9861969058277085
30,6,593775,published_qaoa,844,1,537920070,0.3611523329167947,0.0423019187215381,3.9999257156458503,2xAcrit,0.4198234513105255,0.20991172565526275,A_safe (bounded outside K±2; upper bound on A_crit),5,nan,nan,30.999999999948017,-14.752491914262123,-15.07134232845738,15.07134232845738,0.021156072713789414,0.07971408392612443,3.76790555622203,274.7133730200315,30,False,0.9988996989927098,0.9861969058277085
30,6,593775,optimum,1,1,604045382,0.0423019187215381,0.0423019187215381,3.9999257156458503,5xAcrit,1.0495586282763139,0.20991172565526275,A_safe (bounded outside K±2; upper bound on A_crit),5,nan,nan,30.999999999948017,-37.74180869922576,-37.74180869922576,37.74180869922576,0.0,0.0,9.435627404678378,614.7703685815572,30,False,1.0,0.9938699600483859
30,6,593775,rank_2,2,1,603980102,0.06347975766007252,0.0423019187215381,3.9999257156458503,5xAcrit,1.0495586282763139,0.20991172565526275,A_safe (bounded outside K±2; upper bound on A_crit),5,nan,nan,30.999999999948017,-37.72063086028723,-37.74180869922576,37.74180869922576,0.0005611241132428522,0.00529455806034011,9.435627404678378,614.7703685815572,30,False,0.999967544147564,0.9938699600483859
30,6,593775,rank_5,5,1,604045446,0.07882793660405096,0.0423019187215381,3.9999257156458503,5xAcrit,1.0495586282763139,0.20991172565526275,A_safe (bounded outside K±2; upper bound on A_crit),5,nan,nan,30.999999999948017,-37.70528268134325,-37.74180869922576,37.74180869922576,0.0009677866308315574,0.0091316740557556,9.435627404678378,614.7703685815572,30,False,0.9999440224732131,0.9938699600483859
30,6,593775,rank_10,10,1,608174214,0.10868587179845557,0.0423019187215381,3.9999257156458503,5xAcrit,1.0495586282763139,0.20991172565526275,A_safe (bounded outside K±2; upper bound on A_crit),5,nan,nan,30.999999999948017,-37.67542474614884,-37.74180869922576,37.74180869922576,0.0017588969730080604,0.0165962964805207,9.435627404678378,614.7703685815572,30,False,0.9998982640395255,0.9938699600483859
30,6,593775,rank_50,50,1,637599750,0.1821054843676837,0.0423019187215381,3.9999257156458503,5xAcrit,1.0495586282763139,0.20991172565526275,A_safe (bounded outside K±2; upper bound on A_crit),5,nan,nan,30.999999999948017,-37.60200513357962,-37.74180869922576,37.74180869922576,0.0037042094818580742,0.034951540499689536,9.435627404678378,614.7703685815572,30,False,0.9997857456603664,0.9938699600483859
30,6,593775,rank_100,100,1,637534594,0.21571917818941366,0.0423019187215381,3.9999257156458503,5xAcrit,1.0495586282763139,0.20991172565526275,A_safe (bounded outside K±2; upper bound on A_crit),5,nan,nan,30.999999999948017,-37.56839143975788,-37.74180869922576,37.74180869922576,0.004594831711693591,0.04335512001874131,9.435627404678378,614.7703685815572,30,False,0.9997342313821781,0.9938699600483859
30,6,593775,rank_1000,1000,1,572522758,0.37460543059632845,0.0423019187215381,3.9999257156458503,5xAcrit,1.0495586282763139,0.20991172565526275,A_safe (bounded outside K±2; upper bound on A_crit),5,nan,nan,30.999999999948017,-37.40950518735097,-37.74180869922576,37.74180869922576,0.008804652541244195,0.08307742080683485,9.435627404678378,614.7703685815572,30,False,0.9994907320913771,0.9938699600483859
30,6,593775,median,296888,1,78651424,1.4594076381237153,0.0423019187215381,3.9999257156458503,5xAcrit,1.0495586282763139,0.20991172565526275,A_safe (bounded outside K±2; upper bound on A_crit),5,nan,nan,30.999999999948017,-36.324702979823584,-37.74180869922576,37.74180869922576,0.03754737168786635,0.3542830092716768,9.435627404678378,614.7703685815572,30,False,0.9978282309989865,0.9938699600483859
30,6,593775,worst_feasible,593775,1,134553857,4.042227634367388,0.0423019187215381,3.9999257156458503,5xAcrit,1.0495586282763139,0.20991172565526275,A_safe (bounded outside K±2; upper bound on A_crit),5,nan,nan,30.999999999948017,-33.74188298357991,-37.74180869922576,37.74180869922576,0.10598129378277267,1.0,9.435627404678378,614.7703685815572,30,False,0.9938699600483859,0.9938699600483859
30,6,593775,published_qaoa,844,1,537920070,0.3611523329167947,0.0423019187215381,3.9999257156458503,5xAcrit,1.0495586282763139,0.20991172565526275,A_safe (bounded outside K±2; upper bound on A_crit),5,nan,nan,30.999999999948017,-37.422958285030504,-37.74180869922576,37.74180869922576,0.00844820174719919,0.07971408392612443,9.435627404678378,614.7703685815572,30,False,0.9995113494808265,0.9938699600483859
30,6,593775,optimum,1,1,604045382,0.0423019187215381,0.0423019187215381,3.9999257156458503,10xAcrit,2.0991172565526277,0.20991172565526275,A_safe (bounded outside K±2; upper bound on A_crit),5,nan,nan,30.999999999948017,-75.52591931717306,-75.52591931717306,75.52591931717306,0.0,0.0,18.88183048543896,1181.5320278507668,30,False,1.0,0.9968180259910394
30,6,593775,rank_2,2,1,603980102,0.06347975766007252,0.0423019187215381,3.9999257156458503,10xAcrit,2.0991172565526277,0.20991172565526275,A_safe (bounded outside K±2; upper bound on A_crit),5,nan,nan,30.999999999948017,-75.50474147823452,-75.52591931717306,75.52591931717306,0.00028040491436585543,0.00529455806034011,18.88183048543896,1181.5320278507668,30,False,0.9999831528538631,0.9968180259910394
30,6,593775,rank_5,5,1,604045446,0.07882793660405096,0.0423019187215381,3.9999257156458503,10xAcrit,2.0991172565526277,0.20991172565526275,A_safe (bounded outside K±2; upper bound on A_crit),5,nan,nan,30.999999999948017,-75.48939329929054,-75.52591931717306,75.52591931717306,0.0004836222877224559,0.0091316740557556,18.88183048543896,1181.5320278507668,30,False,0.9999709432504962,0.9968180259910394
30,6,593775,rank_10,10,1,608174214,0.10868587179845557,0.0423019187215381,3.9999257156458503,10xAcrit,2.0991172565526277,0.20991172565526275,A_safe (bounded outside K±2; upper bound on A_crit),5,nan,nan,30.999999999948017,-75.45953536409614,-75.52591931717306,75.52591931717306,0.000878955909138111,0.0165962964805207,18.88183048543896,1181.5320278507668,30,False,0.999947191015954,0.9968180259910394
30,6,593775,rank_50,50,1,637599750,0.1821054843676837,0.0423019187215381,3.9999257156458503,10xAcrit,2.0991172565526277,0.20991172565526275,A_safe (bounded outside K±2; upper bound on A_crit),5,nan,nan,30.999999999948017,-75.38611575152692,-75.52591931717306,75.52591931717306,0.0018510673807098843,0.034951540499689536,18.88183048543896,1181.5320278507668,30,False,0.9998887851065569,0.9968180259910394
30,6,593775,rank_100,100,1,637534594,0.21571917818941366,0.0423019187215381,3.9999257156458503,10xAcrit,2.0991172565526277,0.20991172565526275,A_safe (bounded outside K±2; upper bound on A_crit),5,nan,nan,30.999999999948017,-75.35250205770518,-75.52591931717306,75.52591931717306,0.002296129077748862,0.04335512001874131,18.88183048543896,1181.5320278507668,30,False,0.999862045134945,0.9968180259910394
30,6,593775,rank_1000,1000,1,572522758,0.37460543059632845,0.0423019187215381,3.9999257156458503,10xAcrit,2.0991172565526277,0.20991172565526275,A_safe (bounded outside K±2; upper bound on A_crit),5,nan,nan,30.999999999948017,-75.19361580529826,-75.52591931717306,75.52591931717306,0.004399860536344789,0.08307742080683485,18.88183048543896,1181.5320278507668,30,False,0.9997356498062613,0.9968180259910394
30,6,593775,median,296888,1,78651424,1.4594076381237153,0.0423019187215381,3.9999257156458503,10xAcrit,2.0991172565526277,0.20991172565526275,A_safe (bounded outside K±2; upper bound on A_crit),5,nan,nan,30.999999999948017,-74.10881359777088,-75.52591931717306,75.52591931717306,0.018763170739451777,0.3542830092716768,18.88183048543896,1181.5320278507668,30,False,0.9988726806726812,0.9968180259910394
30,6,593775,worst_feasible,593775,1,134553857,4.042227634367388,0.0423019187215381,3.9999257156458503,10xAcrit,2.0991172565526277,0.20991172565526275,A_safe (bounded outside K±2; upper bound on A_crit),5,nan,nan,30.999999999948017,-71.5259936015272,-75.52591931717306,75.52591931717306,0.05296096693438524,1.0,18.88183048543896,1181.5320278507668,30,False,0.9968180259910394,0.9968180259910394
30,6,593775,published_qaoa,844,1,537920070,0.3611523329167947,0.0423019187215381,3.9999257156458503,10xAcrit,2.0991172565526277,0.20991172565526275,A_safe (bounded outside K±2; upper bound on A_crit),5,nan,nan,30.999999999948017,-75.20706890297781,-75.52591931717306,75.52591931717306,0.004221734963016286,0.07971408392612443,18.88183048543896,1181.5320278507668,30,False,0.999746351856799,0.9968180259910394
30,6,593775,optimum,1,1,604045382,0.0423019187215381,0.0423019187215381,3.9999257156458503,Aheur,30.999999999948017,0.20991172565526275,A_safe (bounded outside K±2; upper bound on A_crit),5,nan,nan,30.999999999948017,-1115.9576980794072,-1115.9576980794072,1115.9576980794072,0.0,0.0,278.99460575337673,16788.008709284277,30,False,1.0,0.9997765899675726
30,6,593775,rank_2,2,1,603980102,0.06347975766007252,0.0423019187215381,3.9999257156458503,Aheur,30.999999999948017,0.20991172565526275,A_safe (bounded outside K±2; upper bound on A_crit),5,nan,nan,30.999999999948017,-1115.9365202404686,-1115.9576980794072,1115.9576980794072,1.8977277521345156e-05,0.00529455806034011,278.99460575337673,16788.008709284277,30,False,0.9999988171426121,0.9997765899675726
30,6,593775,rank_5,5,1,604045446,0.07882793660405096,0.0423019187215381,3.9999257156458503,Aheur,30.999999999948017,0.20991172565526275,A_safe (bounded outside K±2; upper bound on A_crit),5,nan,nan,30.999999999948017,-1115.9211720615247,-1115.9576980794072,1115.9576980794072,3.2730647358206415e-05,0.0091316740557556,278.99460575337673,16788.008709284277,30,False,0.999997959892403,0.9997765899675726
30,6,593775,rank_10,10,1,608174214,0.10868587179845557,0.0423019187215381,3.9999257156458503,Aheur,30.999999999948017,0.20991172565526275,A_safe (bounded outside K±2; upper bound on A_crit),5,nan,nan,30.999999999948017,-1115.8913141263304,-1115.9576980794072,1115.9576980794072,5.94860837388066e-05,0.0165962964805207,278.99460575337673,16788.008709284277,30,False,0.9999962922208651,0.9997765899675726
30,6,593775,rank_50,50,1,637599750,0.1821054843676837,0.0423019187215381,3.9999257156458503,Aheur,30.999999999948017,0.20991172565526275,A_safe (bounded outside K±2; upper bound on A_crit),5,nan,nan,30.999999999948017,-1115.817894513761,-1115.9576980794072,1115.9576980794072,0.00012527676083667978,0.034951540499689536,278.99460575337673,16788.008709284277,30,False,0.9999921914752036,0.9997765899675726
30,6,593775,rank_100,100,1,637534594,0.21571917818941366,0.0423019187215381,3.9999257156458503,Aheur,30.999999999948017,0.20991172565526275,A_safe (bounded outside K±2; upper bound on A_crit),5,nan,nan,30.999999999948017,-1115.7842808199393,-1115.9576980794072,1115.9576980794072,0.00015539769990057084,0.04335512001874131,278.99460575337673,16788.008709284277,30,False,0.9999903140312306,0.9997765899675726
30,6,593775,rank_1000,1000,1,572522758,0.37460543059632845,0.0423019187215381,3.9999257156458503,Aheur,30.999999999948017,0.20991172565526275,A_safe (bounded outside K±2; upper bound on A_crit),5,nan,nan,30.999999999948017,-1115.6253945675323,-1115.9576980794072,1115.9576980794072,0.000297774290590668,0.08307742080683485,278.99460575337673,16788.008709284277,30,False,0.9999814396707234,0.9997765899675726
30,6,593775,median,296888,1,78651424,1.4594076381237153,0.0423019187215381,3.9999257156458503,Aheur,30.999999999948017,0.20991172565526275,A_safe (bounded outside K±2; upper bound on A_crit),5,nan,nan,30.999999999948017,-1114.540592360005,-1115.9576980794072,1115.9576980794072,0.001269856126124721,0.3542830092716768,278.99460575337673,16788.008709284277,30,False,0.9999208496214101,0.9997765899675726
30,6,593775,worst_feasible,593775,1,134553857,4.042227634367388,0.0423019187215381,3.9999257156458503,Aheur,30.999999999948017,0.20991172565526275,A_safe (bounded outside K±2; upper bound on A_crit),5,nan,nan,30.999999999948017,-1111.9577723637613,-1115.9576980794072,1115.9576980794072,0.0035842986902907058,1.0,278.99460575337673,16788.008709284277,30,False,0.9997765899675726,0.9997765899675726
30,6,593775,published_qaoa,844,1,537920070,0.3611523329167947,0.0423019187215381,3.9999257156458503,Aheur,30.999999999948017,0.20991172565526275,A_safe (bounded outside K±2; upper bound on A_crit),5,nan,nan,30.999999999948017,-1115.6388476652119,-1115.9576980794072,1115.9576980794072,0.0002857190866141312,0.07971408392612443,278.99460575337673,16788.008709284277,30,False,0.9999821910739249,0.9997765899675726
