n_assets,n_select,instance,annealing_seed,energy_optimum,energy_annealing,feasible,reported_gap_pct,gap_of_objective_range_pct,rank,feasible_set_size,sharpe_optimum,sharpe_annealing,sharpe_delta_pct,runtime_s
12,2,0,1000,-52.25261168074922,-52.25261168074922,True,0.0,0.0,1,66,1.3218756853432454,1.3218756853432454,0.0,3.4142408398911357
12,2,0,1001,-52.25261168074922,-52.25261168074922,True,0.0,0.0,1,66,1.3218756853432454,1.3218756853432454,0.0,3.4053276628255844
12,2,0,1002,-52.25261168074922,-52.25261168074922,True,0.0,0.0,1,66,1.3218756853432454,1.3218756853432454,0.0,3.387903304770589
12,2,0,1003,-52.25261168074922,-52.25261168074922,True,0.0,0.0,1,66,1.3218756853432454,1.3218756853432454,0.0,3.3663432439789176
12,2,0,1004,-52.25261168074922,-52.25261168074922,True,0.0,0.0,1,66,1.3218756853432454,1.3218756853432454,0.0,3.366752821020782
12,2,1,1000,-51.84652728797141,-51.84652728797141,True,0.0,0.0,1,66,0.8071062374637792,0.8071062374637792,0.0,3.4095504004508257
12,2,1,1001,-51.84652728797141,-51.84652728797141,True,0.0,0.0,1,66,0.8071062374637792,0.8071062374637792,0.0,3.4186381213366985
12,2,1,1002,-51.84652728797141,-51.84652728797141,True,0.0,0.0,1,66,0.8071062374637792,0.8071062374637792,0.0,3.4024825394153595
12,2,1,1003,-51.84652728797141,-51.84652728797141,True,0.0,0.0,1,66,0.8071062374637792,0.8071062374637792,0.0,3.3882445078343153
12,2,1,1004,-51.84652728797141,-51.84652728797141,True,0.0,0.0,1,66,0.8071062374637792,0.8071062374637792,0.0,3.395400334149599
12,2,2,1000,-52.137517188605415,-52.137517188605415,True,0.0,0.0,1,66,1.5925130800477116,1.5925130800477116,0.0,3.412386196665466
12,2,2,1001,-52.137517188605415,-52.137517188605415,True,0.0,0.0,1,66,1.5925130800477116,1.5925130800477116,0.0,3.3766247909516096
12,2,2,1002,-52.137517188605415,-52.137517188605415,True,0.0,0.0,1,66,1.5925130800477116,1.5925130800477116,0.0,3.375819891691208
12,2,2,1003,-52.137517188605415,-52.137517188605415,True,0.0,0.0,1,66,1.5925130800477116,1.5925130800477116,0.0,3.37302952632308
12,2,2,1004,-52.137517188605415,-52.137517188605415,True,0.0,0.0,1,66,1.5925130800477116,1.5925130800477116,0.0,3.3822701750323176
12,2,3,1000,-52.082687980084636,-52.082687980084636,True,0.0,0.0,1,66,1.5910944783780911,1.5910944783780911,0.0,3.380511501803994
12,2,3,1001,-52.082687980084636,-52.082687980084636,True,0.0,0.0,1,66,1.5910944783780911,1.5910944783780911,0.0,3.421058861538768
12,2,3,1002,-52.082687980084636,-52.082687980084636,True,0.0,0.0,1,66,1.5910944783780911,1.5910944783780911,0.0,3.3956616213545203
12,2,3,1003,-52.082687980084636,-52.082687980084636,True,0.0,0.0,1,66,1.5910944783780911,1.5910944783780911,0.0,3.3997697420418262
12,2,3,1004,-52.082687980084636,-52.082687980084636,True,0.0,0.0,1,66,1.5910944783780911,1.5910944783780911,0.0,3.709216154180467
12,2,4,1000,-52.30715718882962,-52.30715718882962,True,0.0,0.0,1,66,1.4663767341361262,1.4663767341361262,0.0,4.478798504918814
12,2,4,1001,-52.30715718882962,-52.30715718882962,True,0.0,0.0,1,66,1.4663767341361262,1.4663767341361262,0.0,4.492522664368153
12,2,4,1002,-52.30715718882962,-52.30715718882962,True,0.0,0.0,1,66,1.4663767341361262,1.4663767341361262,0.0,4.484367313794792
12,2,4,1003,-52.30715718882962,-52.30715718882962,True,0.0,0.0,1,66,1.4663767341361262,1.4663767341361262,0.0,4.470205910503864
12,2,4,1004,-52.30715718882962,-52.30715718882962,True,0.0,0.0,1,66,1.4663767341361262,1.4663767341361262,0.0,4.482966722920537
12,2,5,1000,-51.86816642870462,-51.86816642870462,True,0.0,0.0,1,66,1.3951242001054784,1.3951242001054784,0.0,4.480653668753803
12,2,5,1001,-51.86816642870462,-51.86816642870462,True,0.0,0.0,1,66,1.3951242001054784,1.3951242001054784,0.0,4.478949145413935
12,2,5,1002,-51.86816642870462,-51.86816642870462,True,0.0,0.0,1,66,1.3951242001054784,1.3951242001054784,0.0,4.468414371833205
12,2,5,1003,-51.86816642870462,-51.86816642870462,True,0.0,0.0,1,66,1.3951242001054784,1.3951242001054784,0.0,4.470032545737922
12,2,5,1004,-51.86816642870462,-51.86816642870462,True,0.0,0.0,1,66,1.3951242001054784,1.3951242001054784,0.0,4.473185519687831
12,2,6,1000,-51.838797150611875,-51.838797150611875,True,0.0,0.0,1,66,1.0149862954812678,1.0149862954812678,0.0,4.463570230640471
12,2,6,1001,-51.838797150611875,-51.838797150611875,True,0.0,0.0,1,66,1.0149862954812678,1.0149862954812678,0.0,4.465590870007873
12,2,6,1002,-51.838797150611875,-51.838797150611875,True,0.0,0.0,1,66,1.0149862954812678,1.0149862954812678,0.0,4.475701533257961
12,2,6,1003,-51.838797150611875,-51.838797150611875,True,0.0,0.0,1,66,1.0149862954812678,1.0149862954812678,0.0,4.474726992659271
12,2,6,1004,-51.838797150611875,-51.838797150611875,True,0.0,0.0,1,66,1.0149862954812678,1.0149862954812678,0.0,4.156995607540011
12,2,7,1000,-52.24331837770312,-52.24331837770312,True,0.0,0.0,1,66,1.7210190677255686,1.7210190677255686,0.0,4.502924575470388
12,2,7,1001,-52.24331837770312,-52.24331837770312,True,0.0,0.0,1,66,1.7210190677255686,1.7210190677255686,0.0,4.494617639109492
12,2,7,1002,-52.24331837770312,-52.24331837770312,True,0.0,0.0,1,66,1.7210190677255686,1.7210190677255686,0.0,4.4873588820919394
12,2,7,1003,-52.24331837770312,-52.24331837770312,True,0.0,0.0,1,66,1.7210190677255686,1.7210190677255686,0.0,4.493658180348575
12,2,7,1004,-52.24331837770312,-52.24331837770312,True,0.0,0.0,1,66,1.7210190677255686,1.7210190677255686,0.0,4.479015142656863
12,2,8,1000,-52.146062597946894,-52.146062597946894,True,0.0,0.0,1,66,1.433203646389279,1.4332036463892788,-1.549288584943502e-14,4.4219052866101265
12,2,8,1001,-52.146062597946894,-52.146062597946894,True,0.0,0.0,1,66,1.433203646389279,1.4332036463892788,-1.549288584943502e-14,3.407726811245084
12,2,8,1002,-52.146062597946894,-52.146062597946894,True,0.0,0.0,1,66,1.433203646389279,1.4332036463892788,-1.549288584943502e-14,3.3718890668824315
12,2,8,1003,-52.146062597946894,-52.146062597946894,True,0.0,0.0,1,66,1.433203646389279,1.4332036463892788,-1.549288584943502e-14,3.375622846186161
12,2,8,1004,-52.146062597946894,-52.146062597946894,True,0.0,0.0,1,66,1.433203646389279,1.4332036463892788,-1.549288584943502e-14,3.3901979783549905
12,2,9,1000,-52.137517188605415,-52.137517188605415,True,0.0,0.0,1,66,1.5925130800477116,1.5925130800477116,0.0,3.386823968961835
12,2,9,1001,-52.137517188605415,-52.137517188605415,True,0.0,0.0,1,66,1.5925130800477116,1.5925130800477116,0.0,3.3933373503386974
12,2,9,1002,-52.137517188605415,-52.137517188605415,True,0.0,0.0,1,66,1.5925130800477116,1.5925130800477116,0.0,3.393430524505675
12,2,9,1003,-52.137517188605415,-52.137517188605415,True,0.0,0.0,1,66,1.5925130800477116,1.5925130800477116,0.0,3.394029313698411
12,2,9,1004,-52.137517188605415,-52.137517188605415,True,0.0,0.0,1,66,1.5925130800477116,1.5925130800477116,0.0,3.369649488478899
12,2,10,1000,-52.122063767041865,-52.122063767041865,True,0.0,0.0,1,66,1.697773348056154,1.697773348056154,0.0,3.380402577109635
12,2,10,1001,-52.122063767041865,-52.122063767041865,True,0.0,0.0,1,66,1.697773348056154,1.697773348056154,0.0,3.7018467634916306
12,2,10,1002,-52.122063767041865,-52.122063767041865,True,0.0,0.0,1,66,1.697773348056154,1.697773348056154,0.0,4.477619071491063
12,2,10,1003,-52.122063767041865,-52.122063767041865,True,0.0,0.0,1,66,1.697773348056154,1.697773348056154,0.0,4.115938201546669
12,2,10,1004,-52.122063767041865,-52.122063767041865,True,0.0,0.0,1,66,1.697773348056154,1.697773348056154,0.0,3.367896961979568
12,2,11,1000,-51.99581597601609,-51.99581597601609,True,0.0,0.0,1,66,1.484935652137471,1.484935652137471,0.0,3.3999141231179237
12,2,11,1001,-51.99581597601609,-51.99581597601609,True,0.0,0.0,1,66,1.484935652137471,1.484935652137471,0.0,3.388200313784182
12,2,11,1002,-51.99581597601609,-51.99581597601609,True,0.0,0.0,1,66,1.484935652137471,1.484935652137471,0.0,3.394746563397348
12,2,11,1003,-51.99581597601609,-51.99581597601609,True,0.0,0.0,1,66,1.484935652137471,1.484935652137471,0.0,3.3831343669444323
12,2,11,1004,-51.99581597601609,-51.99581597601609,True,0.0,0.0,1,66,1.484935652137471,1.484935652137471,0.0,3.397978444583714
12,2,12,1000,-51.95435957370202,-51.95435957370202,True,0.0,0.0,1,66,1.1763543666609393,1.1763543666609393,0.0,3.3933622306212783
12,2,12,1001,-51.95435957370202,-51.95435957370202,True,0.0,0.0,1,66,1.1763543666609393,1.1763543666609393,0.0,3.92235354706645
12,2,12,1002,-51.95435957370202,-51.95435957370202,True,0.0,0.0,1,66,1.1763543666609393,1.1763543666609393,0.0,3.454045115970075
12,2,12,1003,-51.95435957370202,-51.95435957370202,True,0.0,0.0,1,66,1.1763543666609393,1.1763543666609393,0.0,3.3942541731521487
12,2,12,1004,-51.95435957370202,-51.95435957370202,True,0.0,0.0,1,66,1.1763543666609393,1.1763543666609393,0.0,3.3832940720021725
12,2,13,1000,-52.138286732569824,-52.138286732569824,True,0.0,0.0,1,66,1.4634666035522454,1.4634666035522452,-1.5172509190579855e-14,3.391476634889841
12,2,13,1001,-52.138286732569824,-52.138286732569824,True,0.0,0.0,1,66,1.4634666035522454,1.4634666035522452,-1.5172509190579855e-14,3.719192418269813
12,2,13,1002,-52.138286732569824,-52.138286732569824,True,0.0,0.0,1,66,1.4634666035522454,1.4634666035522452,-1.5172509190579855e-14,4.126523097977042
12,2,13,1003,-52.138286732569824,-52.138286732569824,True,0.0,0.0,1,66,1.4634666035522454,1.4634666035522452,-1.5172509190579855e-14,3.3816387187689543
12,2,13,1004,-52.138286732569824,-52.138286732569824,True,0.0,0.0,1,66,1.4634666035522454,1.4634666035522452,-1.5172509190579855e-14,3.3813410867005587
12,2,14,1000,-52.1644544152372,-52.1644544152372,True,0.0,0.0,1,66,1.484935652137471,1.484935652137471,0.0,3.3680725805461407
12,2,14,1001,-52.1644544152372,-52.1644544152372,True,0.0,0.0,1,66,1.484935652137471,1.484935652137471,0.0,3.3731102515012026
12,2,14,1002,-52.1644544152372,-52.1644544152372,True,0.0,0.0,1,66,1.484935652137471,1.484935652137471,0.0,3.396026933565736
12,2,14,1003,-52.1644544152372,-52.1644544152372,True,0.0,0.0,1,66,1.484935652137471,1.484935652137471,0.0,3.4383523939177394
12,2,14,1004,-52.1644544152372,-52.1644544152372,True,0.0,0.0,1,66,1.484935652137471,1.484935652137471,0.0,3.367145722731948
12,2,15,1000,-52.202370089477384,-52.202370089477384,True,0.0,0.0,1,66,1.3871554782995212,1.3871554782995212,0.0,3.3828419921919703
12,2,15,1001,-52.202370089477384,-52.202370089477384,True,0.0,0.0,1,66,1.3871554782995212,1.3871554782995212,0.0,3.3893054286018014
12,2,15,1002,-52.202370089477384,-52.202370089477384,True,0.0,0.0,1,66,1.3871554782995212,1.3871554782995212,0.0,3.372733950614929
12,2,15,1003,-52.202370089477384,-52.202370089477384,True,0.0,0.0,1,66,1.3871554782995212,1.3871554782995212,0.0,3.361946758814156
12,2,15,1004,-52.202370089477384,-52.202370089477384,True,0.0,0.0,1,66,1.3871554782995212,1.3871554782995212,0.0,3.3814242519438267
12,2,16,1000,-52.09557192178276,-52.09557192178276,True,0.0,0.0,1,66,1.127426809467307,1.1274268094673072,1.9694813273949393e-14,3.386233478784561
12,2,16,1001,-52.09557192178276,-52.09557192178276,True,0.0,0.0,1,66,1.127426809467307,1.1274268094673072,1.9694813273949393e-14,3.3685909612104297
12,2,16,1002,-52.09557192178276,-52.09557192178276,True,0.0,0.0,1,66,1.127426809467307,1.1274268094673072,1.9694813273949393e-14,3.3641342194750905
12,2,16,1003,-52.09557192178276,-52.09557192178276,True,0.0,0.0,1,66,1.127426809467307,1.1274268094673072,1.9694813273949393e-14,3.37556872703135
12,2,16,1004,-52.09557192178276,-52.09557192178276,True,0.0,0.0,1,66,1.127426809467307,1.1274268094673072,1.9694813273949393e-14,3.389473745599389
12,2,17,1000,-52.479760503611345,-52.479760503611345,True,0.0,0.0,1,66,1.4125341729798935,1.4125341729798935,0.0,3.359382833354175
12,2,17,1001,-52.479760503611345,-52.479760503611345,True,0.0,0.0,1,66,1.4125341729798935,1.4125341729798935,0.0,3.3747007325291634
12,2,17,1002,-52.479760503611345,-52.479760503611345,True,0.0,0.0,1,66,1.4125341729798935,1.4125341729798935,0.0,3.3523561777547
12,2,17,1003,-52.479760503611345,-52.479760503611345,True,0.0,0.0,1,66,1.4125341729798935,1.4125341729798935,0.0,3.3634064188227057
12,2,17,1004,-52.479760503611345,-52.479760503611345,True,0.0,0.0,1,66,1.4125341729798935,1.4125341729798935,0.0,3.367411836050451
12,2,18,1000,-52.18078808666308,-52.18078808666308,True,0.0,0.0,1,66,1.1160703618928554,1.1160703618928554,0.0,3.3749239845201373
12,2,18,1001,-52.18078808666308,-52.18078808666308,True,0.0,0.0,1,66,1.1160703618928554,1.1160703618928554,0.0,3.3682449385523796
12,2,18,1002,-52.18078808666308,-52.18078808666308,True,0.0,0.0,1,66,1.1160703618928554,1.1160703618928554,0.0,3.3524627024307847
12,2,18,1003,-52.18078808666308,-52.18078808666308,True,0.0,0.0,1,66,1.1160703618928554,1.1160703618928554,0.0,3.400082935579121
12,2,18,1004,-52.18078808666308,-52.18078808666308,True,0.0,0.0,1,66,1.1160703618928554,1.1160703618928554,0.0,3.3858871664851904
12,2,19,1000,-52.139587006332306,-52.139587006332306,True,0.0,0.0,1,66,1.4947625113107745,1.4947625113107745,0.0,3.3879323126748204
12,2,19,1001,-52.139587006332306,-52.139587006332306,True,0.0,0.0,1,66,1.4947625113107745,1.4947625113107745,0.0,3.403202270157635
12,2,19,1002,-52.139587006332306,-52.139587006332306,True,0.0,0.0,1,66,1.4947625113107745,1.4947625113107745,0.0,3.38563862349838
12,2,19,1003,-52.139587006332306,-52.139587006332306,True,0.0,0.0,1,66,1.4947625113107745,1.4947625113107745,0.0,3.4448572071269155
12,2,19,1004,-52.139587006332306,-52.139587006332306,True,0.0,0.0,1,66,1.4947625113107745,1.4947625113107745,0.0,3.4034166978672147
12,2,20,1000,-52.41383753342558,-52.41383753342558,True,0.0,0.0,1,66,1.697773348056154,1.697773348056154,0.0,3.370598526671529
12,2,20,1001,-52.41383753342558,-52.41383753342558,True,0.0,0.0,1,66,1.697773348056154,1.697773348056154,0.0,3.373994638212025
12,2,20,1002,-52.41383753342558,-52.41383753342558,True,0.0,0.0,1,66,1.697773348056154,1.697773348056154,0.0,3.3791275210678577
12,2,20,1003,-52.41383753342558,-52.41383753342558,True,0.0,0.0,1,66,1.697773348056154,1.697773348056154,0.0,3.379188165999949
12,2,20,1004,-52.41383753342558,-52.41383753342558,True,0.0,0.0,1,66,1.697773348056154,1.697773348056154,0.0,3.363647185266018
12,2,21,1000,-52.17417826161483,-52.17417826161483,True,0.0,0.0,1,66,1.3951242001054784,1.3951242001054784,0.0,3.383260129019618
12,2,21,1001,-52.17417826161483,-52.17417826161483,True,0.0,0.0,1,66,1.3951242001054784,1.3951242001054784,0.0,3.3692735163494945
12,2,21,1002,-52.17417826161483,-52.17417826161483,True,0.0,0.0,1,66,1.3951242001054784,1.3951242001054784,0.0,3.3706055162474513
12,2,21,1003,-52.17417826161483,-52.17417826161483,True,0.0,0.0,1,66,1.3951242001054784,1.3951242001054784,0.0,3.389937718398869
12,2,21,1004,-52.17417826161483,-52.17417826161483,True,0.0,0.0,1,66,1.3951242001054784,1.3951242001054784,0.0,3.3764717979356647
12,2,22,1000,-52.121261210658226,-52.121261210658226,True,0.0,0.0,1,66,1.0443195951642468,1.0443195951642468,0.0,3.401317274197936
12,2,22,1001,-52.121261210658226,-52.121261210658226,True,0.0,0.0,1,66,1.0443195951642468,1.0443195951642468,0.0,3.363016522489488
12,2,22,1002,-52.121261210658226,-52.121261210658226,True,0.0,0.0,1,66,1.0443195951642468,1.0443195951642468,0.0,3.373363722115755
12,2,22,1003,-52.121261210658226,-52.121261210658226,True,0.0,0.0,1,66,1.0443195951642468,1.0443195951642468,0.0,3.374154133722186
12,2,22,1004,-52.121261210658226,-52.121261210658226,True,0.0,0.0,1,66,1.0443195951642468,1.0443195951642468,0.0,3.3806946091353893
12,2,23,1000,-52.046368583649155,-52.046368583649155,True,0.0,0.0,1,66,1.0952366405266443,1.0952366405266443,0.0,3.395183129236102
12,2,23,1001,-52.046368583649155,-52.046368583649155,True,0.0,0.0,1,66,1.0952366405266443,1.0952366405266443,0.0,3.387765234336257
12,2,23,1002,-52.046368583649155,-52.046368583649155,True,0.0,0.0,1,66,1.0952366405266443,1.0952366405266443,0.0,3.385701802559197
12,2,23,1003,-52.046368583649155,-52.046368583649155,True,0.0,0.0,1,66,1.0952366405266443,1.0952366405266443,0.0,3.3709334963932633
12,2,23,1004,-52.046368583649155,-52.046368583649155,True,0.0,0.0,1,66,1.0952366405266443,1.0952366405266443,0.0,3.379348296672106
12,2,24,1000,-52.139722033509166,-52.139722033509166,True,0.0,0.0,1,66,1.3199892053554563,1.3199892053554563,0.0,3.4212176026776433
12,2,24,1001,-52.139722033509166,-52.139722033509166,True,0.0,0.0,1,66,1.3199892053554563,1.3199892053554563,0.0,3.396790998056531
12,2,24,1002,-52.139722033509166,-52.139722033509166,True,0.0,0.0,1,66,1.3199892053554563,1.3199892053554563,0.0,3.3757705250754952
12,2,24,1003,-52.139722033509166,-52.139722033509166,True,0.0,0.0,1,66,1.3199892053554563,1.3199892053554563,0.0,3.403808797709644
12,2,24,1004,-52.139722033509166,-52.139722033509166,True,0.0,0.0,1,66,1.3199892053554563,1.3199892053554563,0.0,3.3937221728265285
12,2,25,1000,-52.08807063195021,-52.08807063195021,True,0.0,0.0,1,66,1.7034035650896817,1.7034035650896817,0.0,3.3931626603007317
12,2,25,1001,-52.08807063195021,-52.08807063195021,True,0.0,0.0,1,66,1.7034035650896817,1.7034035650896817,0.0,3.3783739069476724
12,2,25,1002,-52.08807063195021,-52.08807063195021,True,0.0,0.0,1,66,1.7034035650896817,1.7034035650896817,0.0,3.368607023730874
12,2,25,1003,-52.08807063195021,-52.08807063195021,True,0.0,0.0,1,66,1.7034035650896817,1.7034035650896817,0.0,3.3703166721388698
12,2,25,1004,-52.08807063195021,-52.08807063195021,True,0.0,0.0,1,66,1.7034035650896817,1.7034035650896817,0.0,3.3629179457202554
12,2,26,1000,-52.07003040569529,-52.07003040569529,True,0.0,0.0,1,66,1.670894588954227,1.670894588954227,0.0,3.40526232868433
12,2,26,1001,-52.07003040569529,-52.07003040569529,True,0.0,0.0,1,66,1.670894588954227,1.670894588954227,0.0,3.38424829300493
12,2,26,1002,-52.07003040569529,-52.07003040569529,True,0.0,0.0,1,66,1.670894588954227,1.670894588954227,0.0,3.383228368125856
12,2,26,1003,-52.07003040569529,-52.07003040569529,True,0.0,0.0,1,66,1.670894588954227,1.670894588954227,0.0,3.380446979776025
12,2,26,1004,-52.07003040569529,-52.07003040569529,True,0.0,0.0,1,66,1.670894588954227,1.670894588954227,0.0,3.3808478647843003
12,2,27,1000,-51.96992505794691,-51.96992505794691,True,0.0,0.0,1,66,1.3199892053554563,1.3199892053554563,0.0,3.376488259062171
12,2,27,1001,-51.96992505794691,-51.96992505794691,True,0.0,0.0,1,66,1.3199892053554563,1.3199892053554563,0.0,3.3999993028119206
12,2,27,1002,-51.96992505794691,-51.96992505794691,True,0.0,0.0,1,66,1.3199892053554563,1.3199892053554563,0.0,3.3955656373873353
12,2,27,1003,-51.96992505794691,-51.96992505794691,True,0.0,0.0,1,66,1.3199892053554563,1.3199892053554563,0.0,3.406185247004032
12,2,27,1004,-51.96992505794691,-51.96992505794691,True,0.0,0.0,1,66,1.3199892053554563,1.3199892053554563,0.0,3.403448771685362
12,2,28,1000,-52.058090406078236,-52.058090406078236,True,0.0,0.0,1,66,1.2671685906249246,1.2671685906249246,0.0,3.386706848628819
12,2,28,1001,-52.058090406078236,-52.058090406078236,True,0.0,0.0,1,66,1.2671685906249246,1.2671685906249246,0.0,3.376083666458726
12,2,28,1002,-52.058090406078236,-52.058090406078236,True,0.0,0.0,1,66,1.2671685906249246,1.2671685906249246,0.0,3.402790453284979
12,2,28,1003,-52.058090406078236,-52.058090406078236,True,0.0,0.0,1,66,1.2671685906249246,1.2671685906249246,0.0,3.3706471947953105
12,2,28,1004,-52.058090406078236,-52.058090406078236,True,0.0,0.0,1,66,1.2671685906249246,1.2671685906249246,0.0,3.3611323134973645
12,2,29,1000,-52.17216041739013,-52.17216041739013,True,0.0,0.0,1,66,1.4480754382679544,1.4480754382679544,0.0,3.376225857064128
12,2,29,1001,-52.17216041739013,-52.17216041739013,True,0.0,0.0,1,66,1.4480754382679544,1.4480754382679544,0.0,3.3696523839607835
12,2,29,1002,-52.17216041739013,-52.17216041739013,True,0.0,0.0,1,66,1.4480754382679544,1.4480754382679544,0.0,3.372911849990487
12,2,29,1003,-52.17216041739013,-52.17216041739013,True,0.0,0.0,1,66,1.4480754382679544,1.4480754382679544,0.0,3.3725498570129275
12,2,29,1004,-52.17216041739013,-52.17216041739013,True,0.0,0.0,1,66,1.4480754382679544,1.4480754382679544,0.0,3.3650830015540123
16,3,0,1000,-153.26711059662722,-153.26711059662722,True,0.0,0.0,1,560,1.3851408274006345,1.3851408274006345,0.0,3.3962741810828447
16,3,0,1001,-153.26711059662722,-153.26711059662722,True,0.0,0.0,1,560,1.3851408274006345,1.3851408274006345,0.0,3.448851670138538
16,3,0,1002,-153.26711059662722,-153.26711059662722,True,0.0,0.0,1,560,1.3851408274006345,1.3851408274006345,0.0,3.558875343762338
16,3,0,1003,-153.26711059662722,-153.26711059662722,True,0.0,0.0,1,560,1.3851408274006345,1.3851408274006345,0.0,3.373726979829371
16,3,0,1004,-153.26711059662722,-153.26711059662722,True,0.0,0.0,1,560,1.3851408274006345,1.3851408274006345,0.0,3.3853174299001694
16,3,1,1000,-152.86887718137905,-152.86887718137905,True,0.0,0.0,1,560,1.3851408274006345,1.3851408274006345,0.0,3.365001139231026
16,3,1,1001,-152.86887718137905,-152.86887718137905,True,0.0,0.0,1,560,1.3851408274006345,1.3851408274006345,0.0,3.366732663474977
16,3,1,1002,-152.86887718137905,-152.86887718137905,True,0.0,0.0,1,560,1.3851408274006345,1.3851408274006345,0.0,3.3699008338153362
16,3,1,1003,-152.86887718137905,-152.86887718137905,True,0.0,0.0,1,560,1.3851408274006345,1.3851408274006345,0.0,3.3574349023401737
16,3,1,1004,-152.86887718137905,-152.86887718137905,True,0.0,0.0,1,560,1.3851408274006345,1.3851408274006345,0.0,3.3509830683469772
16,3,2,1000,-153.1176374120056,-153.1176374120056,True,0.0,0.0,1,560,1.3514628008784804,1.3514628008784804,0.0,3.3880871450528502
16,3,2,1001,-153.1176374120056,-153.1176374120056,True,0.0,0.0,1,560,1.3514628008784804,1.3514628008784804,0.0,3.373963087797165
16,3,2,1002,-153.1176374120056,-153.1176374120056,True,0.0,0.0,1,560,1.3514628008784804,1.3514628008784804,0.0,3.3823152240365744
16,3,2,1003,-153.1176374120056,-153.1176374120056,True,0.0,0.0,1,560,1.3514628008784804,1.3514628008784804,0.0,3.3796511022374034
16,3,2,1004,-153.1176374120056,-153.1176374120056,True,0.0,0.0,1,560,1.3514628008784804,1.3514628008784804,0.0,3.372085372917354
16,3,3,1000,-153.11549302509425,-153.11549302509425,True,0.0,0.0,1,560,1.837157284151087,1.8371572841510873,1.2086314374962924e-14,3.3790590930730104
16,3,3,1001,-153.11549302509425,-153.11549302509425,True,0.0,0.0,1,560,1.837157284151087,1.8371572841510873,1.2086314374962924e-14,3.36246201954782
16,3,3,1002,-153.11549302509425,-153.11549302509425,True,0.0,0.0,1,560,1.837157284151087,1.8371572841510873,1.2086314374962924e-14,3.369747024960816
16,3,3,1003,-153.11549302509425,-153.11549302509425,True,0.0,0.0,1,560,1.837157284151087,1.8371572841510873,1.2086314374962924e-14,3.3688533063977957
16,3,3,1004,-153.11549302509425,-153.11549302509425,True,0.0,0.0,1,560,1.837157284151087,1.8371572841510873,1.2086314374962924e-14,3.368226340971887
16,3,4,1000,-153.14375872173545,-153.14375872173545,True,0.0,0.0,1,560,1.654621300866983,1.6546213008669826,-2.6839326292812152e-14,3.3906297478824854
16,3,4,1001,-153.14375872173545,-153.14375872173545,True,0.0,0.0,1,560,1.654621300866983,1.6546213008669826,-2.6839326292812152e-14,3.377210187725723
16,3,4,1002,-153.14375872173545,-153.14375872173545,True,0.0,0.0,1,560,1.654621300866983,1.6546213008669826,-2.6839326292812152e-14,3.36004991363734
16,3,4,1003,-153.14375872173545,-153.14375872173545,True,0.0,0.0,1,560,1.654621300866983,1.6546213008669826,-2.6839326292812152e-14,3.366654791869223
16,3,4,1004,-153.14375872173545,-153.14375872173545,True,0.0,0.0,1,560,1.654621300866983,1.6546213008669826,-2.6839326292812152e-14,3.364644835703075
16,3,5,1000,-153.14030133195985,-153.14030133195985,True,0.0,0.0,1,560,1.520137957428604,1.5201379574286038,-1.4606871951321563e-14,3.3855913374572992
16,3,5,1001,-153.14030133195985,-153.14030133195985,True,0.0,0.0,1,560,1.520137957428604,1.5201379574286038,-1.4606871951321563e-14,3.3776302207261324
16,3,5,1002,-153.14030133195985,-153.14030133195985,True,0.0,0.0,1,560,1.520137957428604,1.5201379574286038,-1.4606871951321563e-14,3.380323227494955
16,3,5,1003,-153.14030133195985,-153.14030133195985,True,0.0,0.0,1,560,1.520137957428604,1.5201379574286038,-1.4606871951321563e-14,3.3849509516730905
16,3,5,1004,-153.14030133195985,-153.14030133195985,True,0.0,0.0,1,560,1.520137957428604,1.5201379574286038,-1.4606871951321563e-14,3.3664018381386995
16,3,6,1000,-152.79523876085153,-152.79523876085153,True,0.0,0.0,1,560,1.3283250534216873,1.328325053421687,-1.6716134680517955e-14,3.3707077130675316
16,3,6,1001,-152.79523876085153,-152.79523876085153,True,0.0,0.0,1,560,1.3283250534216873,1.328325053421687,-1.6716134680517955e-14,3.367279503494501
16,3,6,1002,-152.79523876085153,-152.79523876085153,True,0.0,0.0,1,560,1.3283250534216873,1.328325053421687,-1.6716134680517955e-14,3.369534053839743
16,3,6,1003,-152.79523876085153,-152.79523876085153,True,0.0,0.0,1,560,1.3283250534216873,1.328325053421687,-1.6716134680517955e-14,3.371460155583918
16,3,6,1004,-152.79523876085153,-152.79523876085153,True,0.0,0.0,1,560,1.3283250534216873,1.328325053421687,-1.6716134680517955e-14,3.3700305642560124
16,3,7,1000,-152.9258314680382,-152.9258314680382,True,0.0,0.0,1,560,1.7138924431973186,1.7138924431973186,0.0,3.391485398635268
16,3,7,1001,-152.9258314680382,-152.9258314680382,True,0.0,0.0,1,560,1.7138924431973186,1.7138924431973186,0.0,3.378854394890368
16,3,7,1002,-152.9258314680382,-152.9258314680382,True,0.0,0.0,1,560,1.7138924431973186,1.7138924431973186,0.0,3.380568388849497
16,3,7,1003,-152.9258314680382,-152.9258314680382,True,0.0,0.0,1,560,1.7138924431973186,1.7138924431973186,0.0,3.3880589297041297
16,3,7,1004,-152.9258314680382,-152.9258314680382,True,0.0,0.0,1,560,1.7138924431973186,1.7138924431973186,0.0,3.3849462447687984
16,3,8,1000,-152.9397106811916,-152.9397106811916,True,0.0,0.0,1,560,1.2268098002868673,1.2268098002868673,0.0,3.390067059546709
16,3,8,1001,-152.9397106811916,-152.9397106811916,True,0.0,0.0,1,560,1.2268098002868673,1.2268098002868673,0.0,3.3895502602681518
16,3,8,1002,-152.9397106811916,-152.9397106811916,True,0.0,0.0,1,560,1.2268098002868673,1.2268098002868673,0.0,3.383721579797566
16,3,8,1003,-152.9397106811916,-152.9397106811916,True,0.0,0.0,1,560,1.2268098002868673,1.2268098002868673,0.0,3.380147511139512
16,3,8,1004,-152.9397106811916,-152.9397106811916,True,0.0,0.0,1,560,1.2268098002868673,1.2268098002868673,0.0,3.384444364346564
16,3,9,1000,-153.06916526495723,-153.06916526495723,True,0.0,0.0,1,560,1.4936212824484583,1.4936212824484583,0.0,3.3822216941043735
16,3,9,1001,-153.06916526495723,-153.06916526495723,True,0.0,0.0,1,560,1.4936212824484583,1.4936212824484583,0.0,3.3844534615054727
16,3,9,1002,-153.06916526495723,-153.06916526495723,True,0.0,0.0,1,560,1.4936212824484583,1.4936212824484583,0.0,3.374966944567859
16,3,9,1003,-153.06916526495723,-153.06916526495723,True,0.0,0.0,1,560,1.4936212824484583,1.4936212824484583,0.0,3.3812819300219417
16,3,9,1004,-153.06916526495723,-153.06916526495723,True,0.0,0.0,1,560,1.4936212824484583,1.4936212824484583,0.0,3.3793646059930325
16,3,10,1000,-152.8924138064472,-152.8924138064472,True,0.0,0.0,1,560,1.2494236320337209,1.2494236320337209,0.0,3.401273381896317
16,3,10,1001,-152.8924138064472,-152.8924138064472,True,0.0,0.0,1,560,1.2494236320337209,1.2494236320337209,0.0,3.3784870440140367
16,3,10,1002,-152.8924138064472,-152.8924138064472,True,0.0,0.0,1,560,1.2494236320337209,1.2494236320337209,0.0,3.3755887923762202
16,3,10,1003,-152.8924138064472,-152.8924138064472,True,0.0,0.0,1,560,1.2494236320337209,1.2494236320337209,0.0,3.3546219961717725
16,3,10,1004,-152.8924138064472,-152.8924138064472,True,0.0,0.0,1,560,1.2494236320337209,1.2494236320337209,0.0,3.3637065486982465
16,3,11,1000,-153.02991662046168,-153.02991662046168,True,0.0,0.0,1,560,1.369721920672129,1.369721920672129,0.0,3.3559394693002105
16,3,11,1001,-153.02991662046168,-153.02991662046168,True,0.0,0.0,1,560,1.369721920672129,1.369721920672129,0.0,3.363968838006258
16,3,11,1002,-153.02991662046168,-153.02991662046168,True,0.0,0.0,1,560,1.369721920672129,1.369721920672129,0.0,3.373608458787203
16,3,11,1003,-153.02991662046168,-153.02991662046168,True,0.0,0.0,1,560,1.369721920672129,1.369721920672129,0.0,3.3709031976759434
16,3,11,1004,-153.02991662046168,-153.02991662046168,True,0.0,0.0,1,560,1.369721920672129,1.369721920672129,0.0,3.373464748263359
16,3,12,1000,-153.00045608908675,-153.00045608908675,True,0.0,0.0,1,560,1.1488135639294699,1.14881356392947,1.9328167067033645e-14,3.394367036409676
16,3,12,1001,-153.00045608908675,-153.00045608908675,True,0.0,0.0,1,560,1.1488135639294699,1.14881356392947,1.9328167067033645e-14,3.3655314911156893
16,3,12,1002,-153.00045608908675,-153.00045608908675,True,0.0,0.0,1,560,1.1488135639294699,1.14881356392947,1.9328167067033645e-14,3.3849853137508035
16,3,12,1003,-153.00045608908675,-153.00045608908675,True,0.0,0.0,1,560,1.1488135639294699,1.14881356392947,1.9328167067033645e-14,3.404985641129315
16,3,12,1004,-153.00045608908675,-153.00045608908675,True,0.0,0.0,1,560,1.1488135639294699,1.14881356392947,1.9328167067033645e-14,3.392994496040046
16,3,13,1000,-152.89588209816833,-152.89588209816833,True,0.0,0.0,1,560,1.6478115557041306,1.6478115557041308,1.3475121239221364e-14,3.3812116254121065
16,3,13,1001,-152.89588209816833,-152.89588209816833,True,0.0,0.0,1,560,1.6478115557041306,1.6478115557041308,1.3475121239221364e-14,3.380501240491867
16,3,13,1002,-152.89588209816833,-152.89588209816833,True,0.0,0.0,1,560,1.6478115557041306,1.6478115557041308,1.3475121239221364e-14,3.39144236035645
16,3,13,1003,-152.89588209816833,-152.89588209816833,True,0.0,0.0,1,560,1.6478115557041306,1.6478115557041308,1.3475121239221364e-14,3.385847427882254
16,3,13,1004,-152.89588209816833,-152.89588209816833,True,0.0,0.0,1,560,1.6478115557041306,1.6478115557041308,1.3475121239221364e-14,3.374226431362331
16,3,14,1000,-153.11816809355648,-153.11816809355648,True,0.0,0.0,1,560,1.589054968977526,1.5890549689775257,-1.3973374695017972e-14,3.3830367773771286
16,3,14,1001,-153.11816809355648,-153.11816809355648,True,0.0,0.0,1,560,1.589054968977526,1.5890549689775257,-1.3973374695017972e-14,3.3904741844162345
16,3,14,1002,-153.11816809355648,-153.11816809355648,True,0.0,0.0,1,560,1.589054968977526,1.5890549689775257,-1.3973374695017972e-14,3.3920448645949364
16,3,14,1003,-153.11816809355648,-153.11816809355648,True,0.0,0.0,1,560,1.589054968977526,1.5890549689775257,-1.3973374695017972e-14,3.3853041427209973
16,3,14,1004,-153.11816809355648,-153.11816809355648,True,0.0,0.0,1,560,1.589054968977526,1.5890549689775257,-1.3973374695017972e-14,3.359660293906927
16,3,15,1000,-152.9586950396455,-152.9586950396455,True,0.0,0.0,1,560,1.4953805770372721,1.495380577037272,-1.4848701951509756e-14,3.3904354283586144
16,3,15,1001,-152.9586950396455,-152.9586950396455,True,0.0,0.0,1,560,1.4953805770372721,1.495380577037272,-1.4848701951509756e-14,3.3794112438336015
16,3,15,1002,-152.9586950396455,-152.9586950396455,True,0.0,0.0,1,560,1.4953805770372721,1.495380577037272,-1.4848701951509756e-14,3.4009191282093525
16,3,15,1003,-152.9586950396455,-152.9586950396455,True,0.0,0.0,1,560,1.4953805770372721,1.495380577037272,-1.4848701951509756e-14,3.3792235888540745
16,3,15,1004,-152.9586950396455,-152.9586950396455,True,0.0,0.0,1,560,1.4953805770372721,1.495380577037272,-1.4848701951509756e-14,3.380525503307581
16,3,16,1000,-153.09803128384573,-153.09803128384573,True,0.0,0.0,1,560,1.3325481769762184,1.3325481769762182,-1.6663157757559565e-14,3.3964135022833943
16,3,16,1001,-153.09803128384573,-153.09803128384573,True,0.0,0.0,1,560,1.3325481769762184,1.3325481769762182,-1.6663157757559565e-14,3.389390622265637
16,3,16,1002,-153.09803128384573,-153.09803128384573,True,0.0,0.0,1,560,1.3325481769762184,1.3325481769762182,-1.6663157757559565e-14,3.393734901212156
16,3,16,1003,-153.09803128384573,-153.09803128384573,True,0.0,0.0,1,560,1.3325481769762184,1.3325481769762182,-1.6663157757559565e-14,3.3940751822665334
16,3,16,1004,-153.09803128384573,-153.09803128384573,True,0.0,0.0,1,560,1.3325481769762184,1.3325481769762182,-1.6663157757559565e-14,3.3859659880399704
16,3,17,1000,-153.06639152362746,-153.06639152362746,True,0.0,0.0,1,560,1.3640769139130915,1.3640769139130913,-1.627801208716727e-14,3.3965724976733327
16,3,17,1001,-153.06639152362746,-153.06639152362746,True,0.0,0.0,1,560,1.3640769139130915,1.3640769139130913,-1.627801208716727e-14,3.3938086666166782
16,3,17,1002,-153.06639152362746,-153.06639152362746,True,0.0,0.0,1,560,1.3640769139130915,1.3640769139130913,-1.627801208716727e-14,3.40260012075305
16,3,17,1003,-153.06639152362746,-153.06639152362746,True,0.0,0.0,1,560,1.3640769139130915,1.3640769139130913,-1.627801208716727e-14,3.4094594195485115
16,3,17,1004,-153.06639152362746,-153.06639152362746,True,0.0,0.0,1,560,1.3640769139130915,1.3640769139130913,-1.627801208716727e-14,3.399060683324933
16,3,18,1000,-153.08752383047914,-153.08752383047914,True,0.0,0.0,1,560,1.3269480742897601,1.3269480742897604,1.673348107791476e-14,3.393139908090234
16,3,18,1001,-153.08752383047914,-153.08752383047914,True,0.0,0.0,1,560,1.3269480742897601,1.3269480742897604,1.673348107791476e-14,3.3962086848914623
16,3,18,1002,-153.08752383047914,-153.08752383047914,True,0.0,0.0,1,560,1.3269480742897601,1.3269480742897604,1.673348107791476e-14,3.393124462105334
16,3,18,1003,-153.08752383047914,-153.08752383047914,True,0.0,0.0,1,560,1.3269480742897601,1.3269480742897604,1.673348107791476e-14,3.387715064920485
16,3,18,1004,-153.08752383047914,-153.08752383047914,True,0.0,0.0,1,560,1.3269480742897601,1.3269480742897604,1.673348107791476e-14,3.3945680437609553
16,3,19,1000,-152.9506997753289,-152.9506997753289,True,0.0,0.0,1,560,1.186477279213544,1.1864772792135443,1.8714610790710926e-14,3.3813397521153092
16,3,19,1001,-152.9506997753289,-152.9506997753289,True,0.0,0.0,1,560,1.186477279213544,1.1864772792135443,1.8714610790710926e-14,3.3823103262111545
16,3,19,1002,-152.9506997753289,-152.9506997753289,True,0.0,0.0,1,560,1.186477279213544,1.1864772792135443,1.8714610790710926e-14,3.3577512223273516
16,3,19,1003,-152.9506997753289,-152.9506997753289,True,0.0,0.0,1,560,1.186477279213544,1.1864772792135443,1.8714610790710926e-14,3.383864595554769
16,3,19,1004,-152.9506997753289,-152.9506997753289,True,0.0,0.0,1,560,1.186477279213544,1.1864772792135443,1.8714610790710926e-14,3.3891077302396297
16,3,20,1000,-153.08332112085256,-153.08332112085256,True,0.0,0.0,1,560,1.3440039081208504,1.3440039081208501,-1.652112792108529e-14,3.3868479831144214
16,3,20,1001,-153.08332112085256,-153.08332112085256,True,0.0,0.0,1,560,1.3440039081208504,1.3440039081208501,-1.652112792108529e-14,3.3682805420830846
16,3,20,1002,-153.08332112085256,-153.08332112085256,True,0.0,0.0,1,560,1.3440039081208504,1.3440039081208501,-1.652112792108529e-14,3.3872482366859913
16,3,20,1003,-153.08332112085256,-153.08332112085256,True,0.0,0.0,1,560,1.3440039081208504,1.3440039081208501,-1.652112792108529e-14,3.377603631466627
16,3,20,1004,-153.08332112085256,-153.08332112085256,True,0.0,0.0,1,560,1.3440039081208504,1.3440039081208501,-1.652112792108529e-14,3.387743999250233
16,3,21,1000,-153.14161729593826,-153.14161729593826,True,0.0,0.0,1,560,1.5429335483365896,1.5429335483365896,0.0,3.3951654713600874
16,3,21,1001,-153.14161729593826,-153.14161729593826,True,0.0,0.0,1,560,1.5429335483365896,1.5429335483365896,0.0,3.3859227476641536
16,3,21,1002,-153.14161729593826,-153.14161729593826,True,0.0,0.0,1,560,1.5429335483365896,1.5429335483365896,0.0,3.378206914290786
16,3,21,1003,-153.14161729593826,-153.14161729593826,True,0.0,0.0,1,560,1.5429335483365896,1.5429335483365896,0.0,3.4017507499083877
16,3,21,1004,-153.14161729593826,-153.14161729593826,True,0.0,0.0,1,560,1.5429335483365896,1.5429335483365896,0.0,3.385095746256411
16,3,22,1000,-153.3738448447811,-153.3738448447811,True,0.0,0.0,1,560,1.6409982832850747,1.640998283285075,1.3531068690731692e-14,3.385996602475643
16,3,22,1001,-153.3738448447811,-153.3738448447811,True,0.0,0.0,1,560,1.6409982832850747,1.640998283285075,1.3531068690731692e-14,3.3782177986577153
16,3,22,1002,-153.3738448447811,-153.3738448447811,True,0.0,0.0,1,560,1.6409982832850747,1.640998283285075,1.3531068690731692e-14,3.3675075443461537
16,3,22,1003,-153.3738448447811,-153.3738448447811,True,0.0,0.0,1,560,1.6409982832850747,1.640998283285075,1.3531068690731692e-14,3.408029058948159
16,3,22,1004,-153.3738448447811,-153.3738448447811,True,0.0,0.0,1,560,1.6409982832850747,1.640998283285075,1.3531068690731692e-14,3.3720827465876937
16,3,23,1000,-152.89791103847463,-152.89791103847463,True,0.0,0.0,1,560,1.444108306728424,1.444108306728424,0.0,3.402740362100303
16,3,23,1001,-152.89791103847463,-152.89791103847463,True,0.0,0.0,1,560,1.444108306728424,1.444108306728424,0.0,3.3849414894357324
16,3,23,1002,-152.89791103847463,-152.89791103847463,True,0.0,0.0,1,560,1.444108306728424,1.444108306728424,0.0,3.3868386689573526
16,3,23,1003,-152.89791103847463,-152.89791103847463,True,0.0,0.0,1,560,1.444108306728424,1.444108306728424,0.0,3.355245880782604
16,3,23,1004,-152.89791103847463,-152.89791103847463,True,0.0,0.0,1,560,1.444108306728424,1.444108306728424,0.0,3.371132149361074
16,3,24,1000,-153.09952103148646,-153.09952103148646,True,0.0,0.0,1,560,1.589054968977526,1.5890549689775257,-1.3973374695017972e-14,3.397556305862963
16,3,24,1001,-153.09952103148646,-153.09952103148646,True,0.0,0.0,1,560,1.589054968977526,1.5890549689775257,-1.3973374695017972e-14,3.398682708851993
16,3,24,1002,-153.09952103148646,-153.09952103148646,True,0.0,0.0,1,560,1.589054968977526,1.5890549689775257,-1.3973374695017972e-14,3.3745766896754503
16,3,24,1003,-153.09952103148646,-153.09952103148646,True,0.0,0.0,1,560,1.589054968977526,1.5890549689775257,-1.3973374695017972e-14,3.3616467341780663
16,3,24,1004,-153.09952103148646,-153.09952103148646,True,0.0,0.0,1,560,1.589054968977526,1.5890549689775257,-1.3973374695017972e-14,3.357221946120262
16,3,25,1000,-152.82455131864145,-152.82455131864145,True,0.0,0.0,1,560,1.0888101742109118,1.0888101742109118,0.0,3.3676600577309728
16,3,25,1001,-152.82455131864145,-152.82455131864145,True,0.0,0.0,1,560,1.0888101742109118,1.0888101742109118,0.0,3.3591375034302473
16,3,25,1002,-152.82455131864145,-152.82455131864145,True,0.0,0.0,1,560,1.0888101742109118,1.0888101742109118,0.0,3.3594423746690154
16,3,25,1003,-152.82455131864145,-152.82455131864145,True,0.0,0.0,1,560,1.0888101742109118,1.0888101742109118,0.0,3.382410131394863
16,3,25,1004,-152.82455131864145,-152.82455131864145,True,0.0,0.0,1,560,1.0888101742109118,1.0888101742109118,0.0,3.3787888642400503
16,3,26,1000,-152.96016778503656,-152.96016778503656,True,0.0,0.0,1,560,1.129953915179003,1.1299539151790032,1.965076645536078e-14,3.3869291488081217
16,3,26,1001,-152.96016778503656,-152.96016778503656,True,0.0,0.0,1,560,1.129953915179003,1.1299539151790032,1.965076645536078e-14,3.374478993937373
16,3,26,1002,-152.96016778503656,-152.96016778503656,True,0.0,0.0,1,560,1.129953915179003,1.1299539151790032,1.965076645536078e-14,3.4139544488862157
16,3,26,1003,-152.96016778503656,-152.96016778503656,True,0.0,0.0,1,560,1.129953915179003,1.1299539151790032,1.965076645536078e-14,3.4085314935073256
16,3,26,1004,-152.96016778503656,-152.96016778503656,True,0.0,0.0,1,560,1.129953915179003,1.1299539151790032,1.965076645536078e-14,3.378890385851264
16,3,27,1000,-153.2122824184703,-153.2122824184703,True,0.0,0.0,1,560,1.4953805770372721,1.495380577037272,-1.4848701951509756e-14,3.3776898002251983
16,3,27,1001,-153.2122824184703,-153.2122824184703,True,0.0,0.0,1,560,1.4953805770372721,1.495380577037272,-1.4848701951509756e-14,3.3716703094542027
16,3,27,1002,-153.2122824184703,-153.2122824184703,True,0.0,0.0,1,560,1.4953805770372721,1.495380577037272,-1.4848701951509756e-14,3.3528648130595684
16,3,27,1003,-153.2122824184703,-153.2122824184703,True,0.0,0.0,1,560,1.4953805770372721,1.495380577037272,-1.4848701951509756e-14,3.3629078241065145
16,3,27,1004,-153.2122824184703,-153.2122824184703,True,0.0,0.0,1,560,1.4953805770372721,1.495380577037272,-1.4848701951509756e-14,3.3579556746408343
16,3,28,1000,-152.74635180790085,-152.74635180790085,True,0.0,0.0,1,560,0.9693354766359541,0.9693354766359543,2.2906889335736436e-14,3.373094718903303
16,3,28,1001,-152.74635180790085,-152.74635180790085,True,0.0,0.0,1,560,0.9693354766359541,0.9693354766359543,2.2906889335736436e-14,3.367437922395766
16,3,28,1002,-152.74635180790085,-152.74635180790085,True,0.0,0.0,1,560,0.9693354766359541,0.9693354766359543,2.2906889335736436e-14,3.3851987458765507
16,3,28,1003,-152.74635180790085,-152.74635180790085,True,0.0,0.0,1,560,0.9693354766359541,0.9693354766359543,2.2906889335736436e-14,3.37550803553313
16,3,28,1004,-152.74635180790085,-152.74635180790085,True,0.0,0.0,1,560,0.9693354766359541,0.9693354766359543,2.2906889335736436e-14,3.366107710637152
16,3,29,1000,-153.20175878592218,-153.20175878592218,True,0.0,0.0,1,560,1.3471114162455158,1.3471114162455162,3.296603417464661e-14,3.3791612265631557
16,3,29,1001,-153.20175878592218,-153.20175878592218,True,0.0,0.0,1,560,1.3471114162455158,1.3471114162455162,3.296603417464661e-14,3.3730584662407637
16,3,29,1002,-153.20175878592218,-153.20175878592218,True,0.0,0.0,1,560,1.3471114162455158,1.3471114162455162,3.296603417464661e-14,3.3625323018059134
16,3,29,1003,-153.20175878592218,-153.20175878592218,True,0.0,0.0,1,560,1.3471114162455158,1.3471114162455162,3.296603417464661e-14,3.3607399901375175
16,3,29,1004,-153.20175878592218,-153.20175878592218,True,0.0,0.0,1,560,1.3471114162455158,1.3471114162455162,3.296603417464661e-14,3.3619662104174495
20,4,0,1000,-336.15232144200877,-336.15232144200877,True,0.0,0.0,1,4845,1.4732051545372367,1.4732051545372367,0.0,3.3806293783709407
20,4,0,1001,-336.15232144200877,-336.15232144200877,True,0.0,0.0,1,4845,1.4732051545372367,1.4732051545372367,0.0,3.3796012699604034
20,4,0,1002,-336.15232144200877,-336.15232144200877,True,0.0,0.0,1,4845,1.4732051545372367,1.4732051545372367,0.0,3.37776021566242
20,4,0,1003,-336.15232144200877,-336.15232144200877,True,0.0,0.0,1,4845,1.4732051545372367,1.4732051545372367,0.0,3.378295953385532
20,4,0,1004,-336.15232144200877,-336.15232144200877,True,0.0,0.0,1,4845,1.4732051545372367,1.4732051545372367,0.0,3.364132550545037
20,4,1,1000,-336.05194130927634,-336.05194130927634,True,0.0,0.0,1,4845,1.831498688295787,1.831498688295787,0.0,3.3792798975482583
20,4,1,1001,-336.05194130927634,-336.05194130927634,True,0.0,0.0,1,4845,1.831498688295787,1.831498688295787,0.0,3.3868316933512688
20,4,1,1002,-336.05194130927634,-336.05194130927634,True,0.0,0.0,1,4845,1.831498688295787,1.831498688295787,0.0,3.4017040338367224
20,4,1,1003,-336.05194130927634,-336.05194130927634,True,0.0,0.0,1,4845,1.831498688295787,1.831498688295787,0.0,3.395712511613965
20,4,1,1004,-336.05194130927634,-336.05194130927634,True,0.0,0.0,1,4845,1.831498688295787,1.831498688295787,0.0,3.395609029568732
20,4,2,1000,-336.06964184233516,-336.06964184233516,True,0.0,0.0,1,4845,1.546169852694576,1.546169852694576,0.0,3.3811802193522453
20,4,2,1001,-336.06964184233516,-336.06964184233516,True,0.0,0.0,1,4845,1.546169852694576,1.546169852694576,0.0,3.376650677062571
20,4,2,1002,-336.06964184233516,-336.06964184233516,True,0.0,0.0,1,4845,1.546169852694576,1.546169852694576,0.0,3.387628552503884
20,4,2,1003,-336.06964184233516,-336.06964184233516,True,0.0,0.0,1,4845,1.546169852694576,1.546169852694576,0.0,3.391896976158023
20,4,2,1004,-336.06964184233516,-336.06964184233516,True,0.0,0.0,1,4845,1.546169852694576,1.546169852694576,0.0,3.3715019188821316
20,4,3,1000,-335.87334511782814,-335.87334511782814,True,0.0,0.0,1,4845,1.2156907805941704,1.2156907805941704,0.0,3.39329154510051
20,4,3,1001,-335.87334511782814,-335.87334511782814,True,0.0,0.0,1,4845,1.2156907805941704,1.2156907805941704,0.0,3.3785984124988317
20,4,3,1002,-335.87334511782814,-335.87334511782814,True,0.0,0.0,1,4845,1.2156907805941704,1.2156907805941704,0.0,3.3947539627552032
20,4,3,1003,-335.87334511782814,-335.87334511782814,True,0.0,0.0,1,4845,1.2156907805941704,1.2156907805941704,0.0,3.3935157572850585
20,4,3,1004,-335.87334511782814,-335.87334511782814,True,0.0,0.0,1,4845,1.2156907805941704,1.2156907805941704,0.0,3.391199023462832
20,4,4,1000,-335.88582995301573,-335.88582995301573,True,0.0,0.0,1,4845,1.2916578914107684,1.2916578914107686,1.7190666847744863e-14,3.4088481636717916
20,4,4,1001,-335.88582995301573,-335.88582995301573,True,0.0,0.0,1,4845,1.2916578914107684,1.2916578914107686,1.7190666847744863e-14,3.393242542631924
20,4,4,1002,-335.88582995301573,-335.88582995301573,True,0.0,0.0,1,4845,1.2916578914107684,1.2916578914107686,1.7190666847744863e-14,3.3983053229749203
20,4,4,1003,-335.88582995301573,-335.88582995301573,True,0.0,0.0,1,4845,1.2916578914107684,1.2916578914107686,1.7190666847744863e-14,3.3728944435715675
20,4,4,1004,-335.88582995301573,-335.88582995301573,True,0.0,0.0,1,4845,1.2916578914107684,1.2916578914107686,1.7190666847744863e-14,3.40505079459399
20,4,5,1000,-335.9456624858581,-335.9456624858581,True,0.0,0.0,1,4845,1.4411374742880414,1.4411374742880414,0.0,3.391694619320333
20,4,5,1001,-335.9456624858581,-335.9456624858581,True,0.0,0.0,1,4845,1.4411374742880414,1.4411374742880414,0.0,3.387387284077704
20,4,5,1002,-335.9456624858581,-335.9456624858581,True,0.0,0.0,1,4845,1.4411374742880414,1.4411374742880414,0.0,3.408628928475082
20,4,5,1003,-335.9456624858581,-335.9456624858581,True,0.0,0.0,1,4845,1.4411374742880414,1.4411374742880414,0.0,3.420381081290543
20,4,5,1004,-335.9456624858581,-335.9456624858581,True,0.0,0.0,1,4845,1.4411374742880414,1.4411374742880414,0.0,3.412641743198037
20,4,6,1000,-335.8193470310071,-335.8193470310071,True,0.0,0.0,1,4845,1.393105974742542,1.393105974742542,0.0,3.3860576041042805
20,4,6,1001,-335.8193470310071,-335.8193470310071,True,0.0,0.0,1,4845,1.393105974742542,1.393105974742542,0.0,3.3938666321337223
20,4,6,1002,-335.8193470310071,-335.8193470310071,True,0.0,0.0,1,4845,1.393105974742542,1.393105974742542,0.0,3.3952139653265476
20,4,6,1003,-335.8193470310071,-335.8193470310071,True,0.0,0.0,1,4845,1.393105974742542,1.393105974742542,0.0,3.3859317898750305
20,4,6,1004,-335.8193470310071,-335.8193470310071,True,0.0,0.0,1,4845,1.393105974742542,1.393105974742542,0.0,3.3943247506394982
20,4,7,1000,-335.59182942582675,-335.59182942582675,True,0.0,0.0,1,4845,1.1972622147545158,1.1972622147545158,0.0,3.379526959732175
20,4,7,1001,-335.59182942582675,-335.59182942582675,True,0.0,0.0,1,4845,1.1972622147545158,1.1972622147545158,0.0,3.388825338333845
20,4,7,1002,-335.59182942582675,-335.59182942582675,True,0.0,0.0,1,4845,1.1972622147545158,1.1972622147545158,0.0,3.386159071698785
20,4,7,1003,-335.59182942582675,-335.59182942582675,True,0.0,0.0,1,4845,1.1972622147545158,1.1972622147545158,0.0,3.38855523429811
20,4,7,1004,-335.59182942582675,-335.59182942582675,True,0.0,0.0,1,4845,1.1972622147545158,1.1972622147545158,0.0,3.382225079461932
20,4,8,1000,-335.98417369580375,-335.98417369580375,True,0.0,0.0,1,4845,1.4188839643837643,1.4188839643837643,0.0,3.3917571920901537
20,4,8,1001,-335.98417369580375,-335.98417369580375,True,0.0,0.0,1,4845,1.4188839643837643,1.4188839643837643,0.0,3.3995681842789054
20,4,8,1002,-335.98417369580375,-335.98417369580375,True,0.0,0.0,1,4845,1.4188839643837643,1.4188839643837643,0.0,3.396706876344979
20,4,8,1003,-335.98417369580375,-335.98417369580375,True,0.0,0.0,1,4845,1.4188839643837643,1.4188839643837643,0.0,3.402134520933032
20,4,8,1004,-335.98417369580375,-335.98417369580375,True,0.0,0.0,1,4845,1.4188839643837643,1.4188839643837643,0.0,3.3885649628937244
20,4,9,1000,-335.4954421422249,-335.4954421422249,True,0.0,0.0,1,4845,1.428075222224571,1.428075222224571,0.0,3.395022955723107
20,4,9,1001,-335.4954421422249,-335.4954421422249,True,0.0,0.0,1,4845,1.428075222224571,1.428075222224571,0.0,3.4057083865627646
20,4,9,1002,-335.4954421422249,-335.4954421422249,True,0.0,0.0,1,4845,1.428075222224571,1.428075222224571,0.0,3.381285460665822
20,4,9,1003,-335.4954421422249,-335.4954421422249,True,0.0,0.0,1,4845,1.428075222224571,1.428075222224571,0.0,3.378291475586593
20,4,9,1004,-335.4954421422249,-335.4954421422249,True,0.0,0.0,1,4845,1.428075222224571,1.428075222224571,0.0,3.38309670612216
20,4,10,1000,-336.0242206386803,-336.0242206386803,True,0.0,0.0,1,4845,1.4343741159558323,1.4343741159558323,0.0,3.3788661174476147
20,4,10,1001,-336.0242206386803,-336.0242206386803,True,0.0,0.0,1,4845,1.4343741159558323,1.4343741159558323,0.0,3.369553154334426
20,4,10,1002,-336.0242206386803,-336.0242206386803,True,0.0,0.0,1,4845,1.4343741159558323,1.4343741159558323,0.0,3.396262559108436
20,4,10,1003,-336.0242206386803,-336.0242206386803,True,0.0,0.0,1,4845,1.4343741159558323,1.4343741159558323,0.0,3.3792840046808124
20,4,10,1004,-336.0242206386803,-336.0242206386803,True,0.0,0.0,1,4845,1.4343741159558323,1.4343741159558323,0.0,3.3759380066767335
20,4,11,1000,-335.92577896680496,-335.92577896680496,True,0.0,0.0,1,4845,1.5525445117100052,1.5525445117100052,0.0,3.391857786104083
20,4,11,1001,-335.92577896680496,-335.92577896680496,True,0.0,0.0,1,4845,1.5525445117100052,1.5525445117100052,0.0,3.38818730879575
20,4,11,1002,-335.92577896680496,-335.92577896680496,True,0.0,0.0,1,4845,1.5525445117100052,1.5525445117100052,0.0,3.3772236509248614
20,4,11,1003,-335.92577896680496,-335.92577896680496,True,0.0,0.0,1,4845,1.5525445117100052,1.5525445117100052,0.0,3.395066930912435
20,4,11,1004,-335.92577896680496,-335.92577896680496,True,0.0,0.0,1,4845,1.5525445117100052,1.5525445117100052,0.0,3.3924557315185666
20,4,12,1000,-335.97314048654897,-335.97314048654897,True,0.0,0.0,1,4845,1.296700561565236,1.296700561565236,0.0,3.391192221082747
20,4,12,1001,-335.97314048654897,-335.97314048654897,True,0.0,0.0,1,4845,1.296700561565236,1.296700561565236,0.0,3.385063466615975
20,4,12,1002,-335.97314048654897,-335.97314048654897,True,0.0,0.0,1,4845,1.296700561565236,1.296700561565236,0.0,3.3863034658133984
20,4,12,1003,-335.97314048654897,-335.97314048654897,True,0.0,0.0,1,4845,1.296700561565236,1.296700561565236,0.0,3.3778259260579944
20,4,12,1004,-335.97314048654897,-335.97314048654897,True,0.0,0.0,1,4845,1.296700561565236,1.296700561565236,0.0,3.394630830734968
20,4,13,1000,-335.678009962126,-335.678009962126,True,0.0,0.0,1,4845,1.2368696755915687,1.2368696755915687,0.0,3.385899668559432
20,4,13,1001,-335.678009962126,-335.678009962126,True,0.0,0.0,1,4845,1.2368696755915687,1.2368696755915687,0.0,3.3711911160498857
20,4,13,1002,-335.678009962126,-335.678009962126,True,0.0,0.0,1,4845,1.2368696755915687,1.2368696755915687,0.0,3.388290041126311
20,4,13,1003,-335.678009962126,-335.678009962126,True,0.0,0.0,1,4845,1.2368696755915687,1.2368696755915687,0.0,3.3804225735366344
20,4,13,1004,-335.678009962126,-335.678009962126,True,0.0,0.0,1,4845,1.2368696755915687,1.2368696755915687,0.0,3.386111816391349
20,4,14,1000,-335.915745718924,-335.915745718924,True,0.0,0.0,1,4845,1.5108666831256714,1.5108666831256714,0.0,3.3922406686469913
20,4,14,1001,-335.915745718924,-335.915745718924,True,0.0,0.0,1,4845,1.5108666831256714,1.5108666831256714,0.0,3.388687069527805
20,4,14,1002,-335.915745718924,-335.915745718924,True,0.0,0.0,1,4845,1.5108666831256714,1.5108666831256714,0.0,3.36065411940217
20,4,14,1003,-335.915745718924,-335.915745718924,True,0.0,0.0,1,4845,1.5108666831256714,1.5108666831256714,0.0,3.399149376899004
20,4,14,1004,-335.915745718924,-335.915745718924,True,0.0,0.0,1,4845,1.5108666831256714,1.5108666831256714,0.0,3.4152557589113712
20,4,15,1000,-335.74616253944237,-335.74616253944237,True,0.0,0.0,1,4845,1.3725897978444506,1.3725897978444506,0.0,3.393145188689232
20,4,15,1001,-335.74616253944237,-335.74616253944237,True,0.0,0.0,1,4845,1.3725897978444506,1.3725897978444506,0.0,3.38801764883101
20,4,15,1002,-335.74616253944237,-335.74616253944237,True,0.0,0.0,1,4845,1.3725897978444506,1.3725897978444506,0.0,3.4023914681747556
20,4,15,1003,-335.74616253944237,-335.74616253944237,True,0.0,0.0,1,4845,1.3725897978444506,1.3725897978444506,0.0,3.373483088798821
20,4,15,1004,-335.74616253944237,-335.74616253944237,True,0.0,0.0,1,4845,1.3725897978444506,1.3725897978444506,0.0,3.374679538421333
20,4,16,1000,-336.09199105421254,-336.09199105421254,True,0.0,0.0,1,4845,1.8624909240454823,1.8624909240454823,0.0,3.3840550696477294
20,4,16,1001,-336.09199105421254,-336.09199105421254,True,0.0,0.0,1,4845,1.8624909240454823,1.8624909240454823,0.0,3.359419190324843
20,4,16,1002,-336.09199105421254,-336.09199105421254,True,0.0,0.0,1,4845,1.8624909240454823,1.8624909240454823,0.0,3.383726024068892
20,4,16,1003,-336.09199105421254,-336.09199105421254,True,0.0,0.0,1,4845,1.8624909240454823,1.8624909240454823,0.0,3.400630316697061
20,4,16,1004,-336.09199105421254,-336.09199105421254,True,0.0,0.0,1,4845,1.8624909240454823,1.8624909240454823,0.0,3.371896291151643
20,4,17,1000,-335.84427806771254,-335.84427806771254,True,0.0,0.0,1,4845,1.530858617943093,1.5308586179430927,-1.450457947732476e-14,3.401011750102043
20,4,17,1001,-335.84427806771254,-335.84427806771254,True,0.0,0.0,1,4845,1.530858617943093,1.5308586179430927,-1.450457947732476e-14,3.4015055475756526
20,4,17,1002,-335.84427806771254,-335.84427806771254,True,0.0,0.0,1,4845,1.530858617943093,1.5308586179430927,-1.450457947732476e-14,3.4103568410500884
20,4,17,1003,-335.84427806771254,-335.84427806771254,True,0.0,0.0,1,4845,1.530858617943093,1.5308586179430927,-1.450457947732476e-14,3.40683981962502
20,4,17,1004,-335.84427806771254,-335.84427806771254,True,0.0,0.0,1,4845,1.530858617943093,1.5308586179430927,-1.450457947732476e-14,3.3974619591608644
20,4,18,1000,-336.3749959799589,-336.3749959799589,True,0.0,0.0,1,4845,1.7124231178571123,1.7124231178571123,0.0,3.3916002502664924
20,4,18,1001,-336.3749959799589,-336.3749959799589,True,0.0,0.0,1,4845,1.7124231178571123,1.7124231178571123,0.0,3.3919041054323316
20,4,18,1002,-336.3749959799589,-336.3749959799589,True,0.0,0.0,1,4845,1.7124231178571123,1.7124231178571123,0.0,3.388031459413469
20,4,18,1003,-336.3749959799589,-336.3749959799589,True,0.0,0.0,1,4845,1.7124231178571123,1.7124231178571123,0.0,3.3857988491654396
20,4,18,1004,-336.3749959799589,-336.3749959799589,True,0.0,0.0,1,4845,1.7124231178571123,1.7124231178571123,0.0,3.3709373380988836
20,4,19,1000,-335.64209716395936,-335.64209716395936,True,0.0,0.0,1,4845,1.7124231178571123,1.7124231178571123,0.0,3.4011900210753083
20,4,19,1001,-335.64209716395936,-335.64209716395936,True,0.0,0.0,1,4845,1.7124231178571123,1.7124231178571123,0.0,3.3938401006162167
20,4,19,1002,-335.64209716395936,-335.64209716395936,True,0.0,0.0,1,4845,1.7124231178571123,1.7124231178571123,0.0,3.390164432115853
20,4,19,1003,-335.64209716395936,-335.64209716395936,True,0.0,0.0,1,4845,1.7124231178571123,1.7124231178571123,0.0,3.3944746321067214
20,4,19,1004,-335.64209716395936,-335.64209716395936,True,0.0,0.0,1,4845,1.7124231178571123,1.7124231178571123,0.0,3.3938238425180316
20,4,20,1000,-336.0211769326588,-336.0211769326588,True,0.0,0.0,1,4845,1.375448674126866,1.375448674126866,0.0,3.3681155713275075
20,4,20,1001,-336.0211769326588,-336.0211769326588,True,0.0,0.0,1,4845,1.375448674126866,1.375448674126866,0.0,3.376160237006843
20,4,20,1002,-336.0211769326588,-336.0211769326588,True,0.0,0.0,1,4845,1.375448674126866,1.375448674126866,0.0,3.3733407873660326
20,4,20,1003,-336.0211769326588,-336.0211769326588,True,0.0,0.0,1,4845,1.375448674126866,1.375448674126866,0.0,3.3749609300866723
20,4,20,1004,-336.0211769326588,-336.0211769326588,True,0.0,0.0,1,4845,1.375448674126866,1.375448674126866,0.0,3.3960363464429975
20,4,21,1000,-336.1125917340292,-336.1125917340292,True,0.0,0.0,1,4845,1.7028628872847826,1.7028628872847826,0.0,3.38624329585582
20,4,21,1001,-336.1125917340292,-336.1125917340292,True,0.0,0.0,1,4845,1.7028628872847826,1.7028628872847826,0.0,3.382542938925326
20,4,21,1002,-336.1125917340292,-336.1125917340292,True,0.0,0.0,1,4845,1.7028628872847826,1.7028628872847826,0.0,3.3965339390560985
20,4,21,1003,-336.1125917340292,-336.1125917340292,True,0.0,0.0,1,4845,1.7028628872847826,1.7028628872847826,0.0,3.3813597820699215
20,4,21,1004,-336.1125917340292,-336.1125917340292,True,0.0,0.0,1,4845,1.7028628872847826,1.7028628872847826,0.0,3.402508394792676
20,4,22,1000,-336.1369094457891,-336.1369094457891,True,0.0,0.0,1,4845,1.6153671576148672,1.6153671576148672,0.0,3.3898517647758126
20,4,22,1001,-336.1369094457891,-336.1369094457891,True,0.0,0.0,1,4845,1.6153671576148672,1.6153671576148672,0.0,3.3882731487974524
20,4,22,1002,-336.1369094457891,-336.1369094457891,True,0.0,0.0,1,4845,1.6153671576148672,1.6153671576148672,0.0,3.3915003733709455
20,4,22,1003,-336.1369094457891,-336.1369094457891,True,0.0,0.0,1,4845,1.6153671576148672,1.6153671576148672,0.0,3.412419095635414
20,4,22,1004,-336.1369094457891,-336.1369094457891,True,0.0,0.0,1,4845,1.6153671576148672,1.6153671576148672,0.0,3.422956152819097
20,4,23,1000,-335.87334511782814,-335.87334511782814,True,0.0,0.0,1,4845,1.2156907805941704,1.2156907805941704,0.0,3.417721450328827
20,4,23,1001,-335.87334511782814,-335.87334511782814,True,0.0,0.0,1,4845,1.2156907805941704,1.2156907805941704,0.0,3.386547924950719
20,4,23,1002,-335.87334511782814,-335.87334511782814,True,0.0,0.0,1,4845,1.2156907805941704,1.2156907805941704,0.0,3.3778032725676894
20,4,23,1003,-335.87334511782814,-335.87334511782814,True,0.0,0.0,1,4845,1.2156907805941704,1.2156907805941704,0.0,3.3850671211257577
20,4,23,1004,-335.87334511782814,-335.87334511782814,True,0.0,0.0,1,4845,1.2156907805941704,1.2156907805941704,0.0,3.397035756148398
20,4,24,1000,-335.9227875592527,-335.9227875592527,True,0.0,0.0,1,4845,1.6363715678330268,1.6363715678330266,-1.3569326752546486e-14,3.4298765873536468
20,4,24,1001,-335.9227875592527,-335.9227875592527,True,0.0,0.0,1,4845,1.6363715678330268,1.6363715678330266,-1.3569326752546486e-14,3.4204438533633947
20,4,24,1002,-335.9227875592527,-335.9227875592527,True,0.0,0.0,1,4845,1.6363715678330268,1.6363715678330266,-1.3569326752546486e-14,3.41390130110085
20,4,24,1003,-335.9227875592527,-335.9227875592527,True,0.0,0.0,1,4845,1.6363715678330268,1.6363715678330266,-1.3569326752546486e-14,3.374514509923756
20,4,24,1004,-335.9227875592527,-335.9227875592527,True,0.0,0.0,1,4845,1.6363715678330268,1.6363715678330266,-1.3569326752546486e-14,3.3807617891579866
20,4,25,1000,-335.8173698189315,-335.8173698189315,True,0.0,0.0,1,4845,1.4143634710241157,1.4143634710241157,0.0,3.4114025672897696
20,4,25,1001,-335.8173698189315,-335.8173698189315,True,0.0,0.0,1,4845,1.4143634710241157,1.4143634710241157,0.0,3.389504462480545
20,4,25,1002,-335.8173698189315,-335.8173698189315,True,0.0,0.0,1,4845,1.4143634710241157,1.4143634710241157,0.0,3.4173998469486833
20,4,25,1003,-335.8173698189315,-335.8173698189315,True,0.0,0.0,1,4845,1.4143634710241157,1.4143634710241157,0.0,3.416164048947394
20,4,25,1004,-335.8173698189315,-335.8173698189315,True,0.0,0.0,1,4845,1.4143634710241157,1.4143634710241157,0.0,3.402196642011404
20,4,26,1000,-335.98868574713765,-335.98868574713765,True,0.0,0.0,1,4845,1.3563019577238251,1.3563019577238251,0.0,3.3958695121109486
20,4,26,1001,-335.98868574713765,-335.98868574713765,True,0.0,0.0,1,4845,1.3563019577238251,1.3563019577238251,0.0,3.387866470962763
20,4,26,1002,-335.98868574713765,-335.98868574713765,True,0.0,0.0,1,4845,1.3563019577238251,1.3563019577238251,0.0,3.399745081551373
20,4,26,1003,-335.98868574713765,-335.98868574713765,True,0.0,0.0,1,4845,1.3563019577238251,1.3563019577238251,0.0,3.396446426399052
20,4,26,1004,-335.98868574713765,-335.98868574713765,True,0.0,0.0,1,4845,1.3563019577238251,1.3563019577238251,0.0,3.39214189350605
20,4,27,1000,-335.89488535628726,-335.89488535628726,True,0.0,0.0,1,4845,1.2342855627025158,1.234285562702516,1.7989727145382473e-14,3.4082826832309365
20,4,27,1001,-335.89488535628726,-335.89488535628726,True,0.0,0.0,1,4845,1.2342855627025158,1.234285562702516,1.7989727145382473e-14,3.3905961588025093
20,4,27,1002,-335.89488535628726,-335.89488535628726,True,0.0,0.0,1,4845,1.2342855627025158,1.234285562702516,1.7989727145382473e-14,3.3977872682735324
20,4,27,1003,-335.89488535628726,-335.89488535628726,True,0.0,0.0,1,4845,1.2342855627025158,1.234285562702516,1.7989727145382473e-14,3.3929103072732687
20,4,27,1004,-335.89488535628726,-335.89488535628726,True,0.0,0.0,1,4845,1.2342855627025158,1.234285562702516,1.7989727145382473e-14,3.3765535661950707
20,4,28,1000,-335.92391322575645,-335.92391322575645,True,0.0,0.0,1,4845,1.311760262691747,1.311760262691747,0.0,3.3948012199252844
20,4,28,1001,-335.92391322575645,-335.92391322575645,True,0.0,0.0,1,4845,1.311760262691747,1.311760262691747,0.0,3.388040625490248
20,4,28,1002,-335.92391322575645,-335.92391322575645,True,0.0,0.0,1,4845,1.311760262691747,1.311760262691747,0.0,3.3861673595383763
20,4,28,1003,-335.92391322575645,-335.92391322575645,True,0.0,0.0,1,4845,1.311760262691747,1.311760262691747,0.0,3.3784961430355906
20,4,28,1004,-335.92391322575645,-335.92391322575645,True,0.0,0.0,1,4845,1.311760262691747,1.311760262691747,0.0,3.4043066864833236
20,4,29,1000,-335.51736248570535,-335.51736248570535,True,0.0,0.0,1,4845,1.2869613430760585,1.2869613430760585,0.0,3.440342528745532
20,4,29,1001,-335.51736248570535,-335.51736248570535,True,0.0,0.0,1,4845,1.2869613430760585,1.2869613430760585,0.0,3.4168856013566256
20,4,29,1002,-335.51736248570535,-335.51736248570535,True,0.0,0.0,1,4845,1.2869613430760585,1.2869613430760585,0.0,3.3944638511165977
20,4,29,1003,-335.51736248570535,-335.51736248570535,True,0.0,0.0,1,4845,1.2869613430760585,1.2869613430760585,0.0,3.398574832826853
20,4,29,1004,-335.51736248570535,-335.51736248570535,True,0.0,0.0,1,4845,1.2869613430760585,1.2869613430760585,0.0,3.3952781185507774
24,4,0,1000,-400.1523214418979,-400.1523214418979,True,0.0,0.0,1,10626,1.4732051545372367,1.4732051545372367,0.0,3.378181830048561
24,4,0,1001,-400.1523214418979,-400.1523214418979,True,0.0,0.0,1,10626,1.4732051545372367,1.4732051545372367,0.0,3.4003913402557373
24,4,0,1002,-400.1523214418979,-400.1523214418979,True,0.0,0.0,1,10626,1.4732051545372367,1.4732051545372367,0.0,3.4069962985813618
24,4,0,1003,-400.1523214418979,-400.1523214418979,True,0.0,0.0,1,10626,1.4732051545372367,1.4732051545372367,0.0,3.4165991442278028
24,4,0,1004,-400.1523214418979,-400.1523214418979,True,0.0,0.0,1,10626,1.4732051545372367,1.4732051545372367,0.0,3.408078263513744
24,4,1,1000,-400.24447727740665,-400.24447727740665,True,0.0,0.0,1,10626,1.5841288167169565,1.5841288167169565,0.0,3.391342408955097
24,4,1,1001,-400.24447727740665,-400.24447727740665,True,0.0,0.0,1,10626,1.5841288167169565,1.5841288167169565,0.0,3.411222322843969
24,4,1,1002,-400.24447727740665,-400.24447727740665,True,0.0,0.0,1,10626,1.5841288167169565,1.5841288167169565,0.0,3.3924947949126363
24,4,1,1003,-400.24447727740665,-400.24447727740665,True,0.0,0.0,1,10626,1.5841288167169565,1.5841288167169565,0.0,3.3966129356995225
24,4,1,1004,-400.24447727740665,-400.24447727740665,True,0.0,0.0,1,10626,1.5841288167169565,1.5841288167169565,0.0,3.4044283321127295
24,4,2,1000,-400.10632383858683,-400.10632383858683,True,0.0,0.0,1,10626,1.6346275336278648,1.6346275336278646,-1.3583804283060695e-14,3.3903846126049757
24,4,2,1001,-400.10632383858683,-400.10632383858683,True,0.0,0.0,1,10626,1.6346275336278648,1.6346275336278646,-1.3583804283060695e-14,3.4137564077973366
24,4,2,1002,-400.10632383858683,-400.10632383858683,True,0.0,0.0,1,10626,1.6346275336278648,1.6346275336278646,-1.3583804283060695e-14,3.4045737693086267
24,4,2,1003,-400.10632383858683,-400.10632383858683,True,0.0,0.0,1,10626,1.6346275336278648,1.6346275336278646,-1.3583804283060695e-14,3.3846228662878275
24,4,2,1004,-400.10632383858683,-400.10632383858683,True,0.0,0.0,1,10626,1.6346275336278648,1.6346275336278646,-1.3583804283060695e-14,3.3875291533768177
24,4,3,1000,-400.11958550729844,-400.11958550729844,True,0.0,0.0,1,10626,1.5754391002796713,1.5754391002796713,0.0,3.3944353982806206
24,4,3,1001,-400.11958550729844,-400.11958550729844,True,0.0,0.0,1,10626,1.5754391002796713,1.5754391002796713,0.0,3.3843679279088974
24,4,3,1002,-400.11958550729844,-400.11958550729844,True,0.0,0.0,1,10626,1.5754391002796713,1.5754391002796713,0.0,3.386178880929947
24,4,3,1003,-400.11958550729844,-400.11958550729844,True,0.0,0.0,1,10626,1.5754391002796713,1.5754391002796713,0.0,3.390204882249236
24,4,3,1004,-400.11958550729844,-400.11958550729844,True,0.0,0.0,1,10626,1.5754391002796713,1.5754391002796713,0.0,3.3900434393435717
24,4,4,1000,-399.61817562341366,-399.61817562341366,True,0.0,0.0,1,10626,1.2961344710905445,1.2961344710905442,-1.713129384933393e-14,3.3932135002687573
24,4,4,1001,-399.61817562341366,-399.61817562341366,True,0.0,0.0,1,10626,1.2961344710905445,1.2961344710905442,-1.713129384933393e-14,3.3773001451045275
24,4,4,1002,-399.61817562341366,-399.61817562341366,True,0.0,0.0,1,10626,1.2961344710905445,1.2961344710905442,-1.713129384933393e-14,3.3774437215179205
24,4,4,1003,-399.61817562341366,-399.61817562341366,True,0.0,0.0,1,10626,1.2961344710905445,1.2961344710905442,-1.713129384933393e-14,3.386472938582301
24,4,4,1004,-399.61817562341366,-399.61817562341366,True,0.0,0.0,1,10626,1.2961344710905445,1.2961344710905442,-1.713129384933393e-14,3.378221707418561
24,4,5,1000,-399.6854737781244,-399.6854737781244,True,0.0,0.0,1,10626,1.2869613430760585,1.2869613430760585,0.0,3.424039944075048
24,4,5,1001,-399.6854737781244,-399.6854737781244,True,0.0,0.0,1,10626,1.2869613430760585,1.2869613430760585,0.0,3.432365679182112
24,4,5,1002,-399.6854737781244,-399.6854737781244,True,0.0,0.0,1,10626,1.2869613430760585,1.2869613430760585,0.0,3.4182578893378377
24,4,5,1003,-399.6854737781244,-399.6854737781244,True,0.0,0.0,1,10626,1.2869613430760585,1.2869613430760585,0.0,3.4281605100259185
24,4,5,1004,-399.6854737781244,-399.6854737781244,True,0.0,0.0,1,10626,1.2869613430760585,1.2869613430760585,0.0,3.4262212747707963
24,4,6,1000,-400.0549750810862,-400.0549750810862,True,0.0,0.0,1,10626,1.5965950642339537,1.5965950642339535,-1.3907383900849543e-14,3.397157633677125
24,4,6,1001,-400.0549750810862,-400.0549750810862,True,0.0,0.0,1,10626,1.5965950642339537,1.5965950642339535,-1.3907383900849543e-14,3.4005660293623805
24,4,6,1002,-400.0549750810862,-400.0549750810862,True,0.0,0.0,1,10626,1.5965950642339537,1.5965950642339535,-1.3907383900849543e-14,3.39070990588516
24,4,6,1003,-400.0549750810862,-400.0549750810862,True,0.0,0.0,1,10626,1.5965950642339537,1.5965950642339535,-1.3907383900849543e-14,3.385010913014412
24,4,6,1004,-400.0549750810862,-400.0549750810862,True,0.0,0.0,1,10626,1.5965950642339537,1.5965950642339535,-1.3907383900849543e-14,3.3935613948851824
24,4,7,1000,-399.94155337661346,-399.94155337661346,True,0.0,0.0,1,10626,1.4648177090203909,1.4648177090203909,0.0,3.396994107402861
24,4,7,1001,-399.94155337661346,-399.94155337661346,True,0.0,0.0,1,10626,1.4648177090203909,1.4648177090203909,0.0,3.4020666256546974
24,4,7,1002,-399.94155337661346,-399.94155337661346,True,0.0,0.0,1,10626,1.4648177090203909,1.4648177090203909,0.0,3.3798440666869283
24,4,7,1003,-399.94155337661346,-399.94155337661346,True,0.0,0.0,1,10626,1.4648177090203909,1.4648177090203909,0.0,3.384457771666348
24,4,7,1004,-399.94155337661346,-399.94155337661346,True,0.0,0.0,1,10626,1.4648177090203909,1.4648177090203909,0.0,3.3850548565387726
24,4,8,1000,-399.79367934474703,-399.79367934474703,True,0.0,0.0,1,10626,1.4665052019435962,1.4665052019435962,0.0,3.3906922889873385
24,4,8,1001,-399.79367934474703,-399.79367934474703,True,0.0,0.0,1,10626,1.4665052019435962,1.4665052019435962,0.0,3.4125676918774843
24,4,8,1002,-399.79367934474703,-399.79367934474703,True,0.0,0.0,1,10626,1.4665052019435962,1.4665052019435962,0.0,3.4181745052337646
24,4,8,1003,-399.79367934474703,-399.79367934474703,True,0.0,0.0,1,10626,1.4665052019435962,1.4665052019435962,0.0,3.386181998066604
24,4,8,1004,-399.79367934474703,-399.79367934474703,True,0.0,0.0,1,10626,1.4665052019435962,1.4665052019435962,0.0,3.3744524186477065
24,4,9,1000,-399.91278704176915,-399.91278704176915,True,0.0,0.0,1,10626,1.290402246593134,1.290402246593134,0.0,3.401378158479929
24,4,9,1001,-399.91278704176915,-399.91278704176915,True,0.0,0.0,1,10626,1.290402246593134,1.290402246593134,0.0,3.3704274725168943
24,4,9,1002,-399.91278704176915,-399.91278704176915,True,0.0,0.0,1,10626,1.290402246593134,1.290402246593134,0.0,3.3961673313751817
24,4,9,1003,-399.91278704176915,-399.91278704176915,True,0.0,0.0,1,10626,1.290402246593134,1.290402246593134,0.0,3.408769548870623
24,4,9,1004,-399.91278704176915,-399.91278704176915,True,0.0,0.0,1,10626,1.290402246593134,1.290402246593134,0.0,3.4071675147861242
24,4,10,1000,-399.91636226872913,-399.91636226872913,True,0.0,0.0,1,10626,1.3746948733803805,1.3746948733803805,0.0,3.3999443128705025
24,4,10,1001,-399.91636226872913,-399.91636226872913,True,0.0,0.0,1,10626,1.3746948733803805,1.3746948733803805,0.0,3.4282309943810105
24,4,10,1002,-399.91636226872913,-399.91636226872913,True,0.0,0.0,1,10626,1.3746948733803805,1.3746948733803805,0.0,3.432092879898846
24,4,10,1003,-399.91636226872913,-399.91636226872913,True,0.0,0.0,1,10626,1.3746948733803805,1.3746948733803805,0.0,3.414142584428191
24,4,10,1004,-399.91636226872913,-399.91636226872913,True,0.0,0.0,1,10626,1.3746948733803805,1.3746948733803805,0.0,3.418764242902398
24,4,11,1000,-399.80532928268065,-399.80532928268065,True,0.0,0.0,1,10626,1.2489879686858663,1.2489879686858663,0.0,3.40337342210114
24,4,11,1001,-399.80532928268065,-399.80532928268065,True,0.0,0.0,1,10626,1.2489879686858663,1.2489879686858663,0.0,3.396907632239163
24,4,11,1002,-399.80532928268065,-399.80532928268065,True,0.0,0.0,1,10626,1.2489879686858663,1.2489879686858663,0.0,3.39133810903877
24,4,11,1003,-399.80532928268065,-399.80532928268065,True,0.0,0.0,1,10626,1.2489879686858663,1.2489879686858663,0.0,3.395162656903267
24,4,11,1004,-399.80532928268065,-399.80532928268065,True,0.0,0.0,1,10626,1.2489879686858663,1.2489879686858663,0.0,3.382513244636357
24,4,12,1000,-399.67828719984993,-399.67828719984993,True,0.0,0.0,1,10626,0.8664845531438863,0.8664845531438863,0.0,3.391872358508408
24,4,12,1001,-399.67828719984993,-399.67828719984993,True,0.0,0.0,1,10626,0.8664845531438863,0.8664845531438863,0.0,3.3854470402002335
24,4,12,1002,-399.67828719984993,-399.67828719984993,True,0.0,0.0,1,10626,0.8664845531438863,0.8664845531438863,0.0,3.3852114640176296
24,4,12,1003,-399.67828719984993,-399.67828719984993,True,0.0,0.0,1,10626,0.8664845531438863,0.8664845531438863,0.0,3.388048691675067
24,4,12,1004,-399.67828719984993,-399.67828719984993,True,0.0,0.0,1,10626,0.8664845531438863,0.8664845531438863,0.0,3.39076641947031
24,4,13,1000,-399.9912898140535,-399.9912898140535,True,0.0,0.0,1,10626,1.4143634710241157,1.4143634710241157,0.0,3.404673638753593
24,4,13,1001,-399.9912898140535,-399.9912898140535,True,0.0,0.0,1,10626,1.4143634710241157,1.4143634710241157,0.0,3.3982340190559626
24,4,13,1002,-399.9912898140535,-399.9912898140535,True,0.0,0.0,1,10626,1.4143634710241157,1.4143634710241157,0.0,3.404435882344842
24,4,13,1003,-399.9912898140535,-399.9912898140535,True,0.0,0.0,1,10626,1.4143634710241157,1.4143634710241157,0.0,3.393238442018628
24,4,13,1004,-399.9912898140535,-399.9912898140535,True,0.0,0.0,1,10626,1.4143634710241157,1.4143634710241157,0.0,3.401600151322782
24,4,14,1000,-399.67750903923525,-399.67750903923525,True,0.0,0.0,1,10626,1.2297354290808833,1.2297354290808833,0.0,3.3844087067991495
24,4,14,1001,-399.67750903923525,-399.67750903923525,True,0.0,0.0,1,10626,1.2297354290808833,1.2297354290808833,0.0,3.379200540482998
24,4,14,1002,-399.67750903923525,-399.67750903923525,True,0.0,0.0,1,10626,1.2297354290808833,1.2297354290808833,0.0,3.37767375446856
24,4,14,1003,-399.67750903923525,-399.67750903923525,True,0.0,0.0,1,10626,1.2297354290808833,1.2297354290808833,0.0,3.3815574534237385
24,4,14,1004,-399.67750903923525,-399.67750903923525,True,0.0,0.0,1,10626,1.2297354290808833,1.2297354290808833,0.0,3.4027212942019105
24,4,15,1000,-400.05194130920233,-400.05194130920233,True,0.0,0.0,1,10626,1.831498688295787,1.831498688295787,0.0,3.3935042126104236
24,4,15,1001,-400.05194130920233,-400.05194130920233,True,0.0,0.0,1,10626,1.831498688295787,1.831498688295787,0.0,3.391212886199355
24,4,15,1002,-400.05194130920233,-400.05194130920233,True,0.0,0.0,1,10626,1.831498688295787,1.831498688295787,0.0,3.392312358133495
24,4,15,1003,-400.05194130920233,-400.05194130920233,True,0.0,0.0,1,10626,1.831498688295787,1.831498688295787,0.0,3.3845018725842237
24,4,15,1004,-400.05194130920233,-400.05194130920233,True,0.0,0.0,1,10626,1.831498688295787,1.831498688295787,0.0,3.396757712587714
24,4,16,1000,-399.9290099593384,-399.9290099593384,True,0.0,0.0,1,10626,1.3602907432691187,1.3602907432691187,0.0,3.400175298564136
24,4,16,1001,-399.9290099593384,-399.9290099593384,True,0.0,0.0,1,10626,1.3602907432691187,1.3602907432691187,0.0,3.4100255705416203
24,4,16,1002,-399.9290099593384,-399.9290099593384,True,0.0,0.0,1,10626,1.3602907432691187,1.3602907432691187,0.0,3.4166855914518237
24,4,16,1003,-399.9290099593384,-399.9290099593384,True,0.0,0.0,1,10626,1.3602907432691187,1.3602907432691187,0.0,3.3946562176570296
24,4,16,1004,-399.9290099593384,-399.9290099593384,True,0.0,0.0,1,10626,1.3602907432691187,1.3602907432691187,0.0,3.3863420179113746
24,4,17,1000,-399.8954471027813,-399.8954471027813,True,0.0,0.0,1,10626,1.4968031710564373,1.4968031710564373,0.0,3.378761154599488
24,4,17,1001,-399.8954471027813,-399.8954471027813,True,0.0,0.0,1,10626,1.4968031710564373,1.4968031710564373,0.0,3.3750917576253414
24,4,17,1002,-399.8954471027813,-399.8954471027813,True,0.0,0.0,1,10626,1.4968031710564373,1.4968031710564373,0.0,3.3880898039788008
24,4,17,1003,-399.8954471027813,-399.8954471027813,True,0.0,0.0,1,10626,1.4968031710564373,1.4968031710564373,0.0,3.3749333126470447
24,4,17,1004,-399.8954471027813,-399.8954471027813,True,0.0,0.0,1,10626,1.4968031710564373,1.4968031710564373,0.0,3.3766154954209924
24,4,18,1000,-399.7300205585859,-399.7300205585859,True,0.0,0.0,1,10626,1.4665052019435962,1.4665052019435962,0.0,3.400838761590421
24,4,18,1001,-399.7300205585859,-399.7300205585859,True,0.0,0.0,1,10626,1.4665052019435962,1.4665052019435962,0.0,3.426504253409803
24,4,18,1002,-399.7300205585859,-399.7300205585859,True,0.0,0.0,1,10626,1.4665052019435962,1.4665052019435962,0.0,3.420716343447566
24,4,18,1003,-399.7300205585859,-399.7300205585859,True,0.0,0.0,1,10626,1.4665052019435962,1.4665052019435962,0.0,3.4128342857584357
24,4,18,1004,-399.7300205585859,-399.7300205585859,True,0.0,0.0,1,10626,1.4665052019435962,1.4665052019435962,0.0,3.4160194769501686
24,4,19,1000,-399.84268655850434,-399.84268655850434,True,0.0,0.0,1,10626,1.151376691797839,1.151376691797839,0.0,3.391008018516004
24,4,19,1001,-399.84268655850434,-399.84268655850434,True,0.0,0.0,1,10626,1.151376691797839,1.151376691797839,0.0,3.39406861923635
24,4,19,1002,-399.84268655850434,-399.84268655850434,True,0.0,0.0,1,10626,1.151376691797839,1.151376691797839,0.0,3.3965344866737723
24,4,19,1003,-399.84268655850434,-399.84268655850434,True,0.0,0.0,1,10626,1.151376691797839,1.151376691797839,0.0,3.3798074703663588
24,4,19,1004,-399.84268655850434,-399.84268655850434,True,0.0,0.0,1,10626,1.151376691797839,1.151376691797839,0.0,3.412589461542666
24,4,20,1000,-400.1482748894364,-400.1482748894364,True,0.0,0.0,1,10626,1.7124231178571123,1.7124231178571123,0.0,3.381149356253445
24,4,20,1001,-400.1482748894364,-400.1482748894364,True,0.0,0.0,1,10626,1.7124231178571123,1.7124231178571123,0.0,3.395662593655288
24,4,20,1002,-400.1482748894364,-400.1482748894364,True,0.0,0.0,1,10626,1.7124231178571123,1.7124231178571123,0.0,3.4185645850375295
24,4,20,1003,-400.1482748894364,-400.1482748894364,True,0.0,0.0,1,10626,1.7124231178571123,1.7124231178571123,0.0,3.405309329740703
24,4,20,1004,-400.1482748894364,-400.1482748894364,True,0.0,0.0,1,10626,1.7124231178571123,1.7124231178571123,0.0,3.425195349380374
24,4,21,1000,-399.80167826390357,-399.80167826390357,True,0.0,0.0,1,10626,1.3542387252418633,1.3542387252418633,0.0,3.3975144047290087
24,4,21,1001,-399.80167826390357,-399.80167826390357,True,0.0,0.0,1,10626,1.3542387252418633,1.3542387252418633,0.0,3.3746505342423916
24,4,21,1002,-399.80167826390357,-399.80167826390357,True,0.0,0.0,1,10626,1.3542387252418633,1.3542387252418633,0.0,3.39517230913043
24,4,21,1003,-399.80167826390357,-399.80167826390357,True,0.0,0.0,1,10626,1.3542387252418633,1.3542387252418633,0.0,3.3724121740087867
24,4,21,1004,-399.80167826390357,-399.80167826390357,True,0.0,0.0,1,10626,1.3542387252418633,1.3542387252418633,0.0,3.375356021337211
24,4,22,1000,-399.9668317793024,-399.9668317793024,True,0.0,0.0,1,10626,1.472523664749926,1.4725236647499258,-1.5079187536367398e-14,3.3942386992275715
24,4,22,1001,-399.9668317793024,-399.9668317793024,True,0.0,0.0,1,10626,1.472523664749926,1.4725236647499258,-1.5079187536367398e-14,3.368083846755326
24,4,22,1002,-399.9668317793024,-399.9668317793024,True,0.0,0.0,1,10626,1.472523664749926,1.4725236647499258,-1.5079187536367398e-14,3.375239339657128
24,4,22,1003,-399.9668317793024,-399.9668317793024,True,0.0,0.0,1,10626,1.472523664749926,1.4725236647499258,-1.5079187536367398e-14,3.3823738284409046
24,4,22,1004,-399.9668317793024,-399.9668317793024,True,0.0,0.0,1,10626,1.472523664749926,1.4725236647499258,-1.5079187536367398e-14,3.387528559193015
24,4,23,1000,-400.0154230519834,-400.0154230519834,True,0.0,0.0,1,10626,1.7300176850228919,1.730017685022892,1.2834817056918882e-14,3.394735336303711
24,4,23,1001,-400.0154230519834,-400.0154230519834,True,0.0,0.0,1,10626,1.7300176850228919,1.730017685022892,1.2834817056918882e-14,3.4058777820318937
24,4,23,1002,-400.0154230519834,-400.0154230519834,True,0.0,0.0,1,10626,1.7300176850228919,1.730017685022892,1.2834817056918882e-14,3.411668200045824
24,4,23,1003,-400.0154230519834,-400.0154230519834,True,0.0,0.0,1,10626,1.7300176850228919,1.730017685022892,1.2834817056918882e-14,3.4078851407393813
24,4,23,1004,-400.0154230519834,-400.0154230519834,True,0.0,0.0,1,10626,1.7300176850228919,1.730017685022892,1.2834817056918882e-14,3.40943631157279
24,4,24,1000,-400.3479327435425,-400.3479327435425,True,0.0,0.0,1,10626,1.6594198556105058,1.6594198556105058,0.0,3.389093383215368
24,4,24,1001,-400.3479327435425,-400.3479327435425,True,0.0,0.0,1,10626,1.6594198556105058,1.6594198556105058,0.0,3.3873907886445522
24,4,24,1002,-400.3479327435425,-400.3479327435425,True,0.0,0.0,1,10626,1.6594198556105058,1.6594198556105058,0.0,3.3778920648619533
24,4,24,1003,-400.3479327435425,-400.3479327435425,True,0.0,0.0,1,10626,1.6594198556105058,1.6594198556105058,0.0,3.396924945525825
24,4,24,1004,-400.3479327435425,-400.3479327435425,True,0.0,0.0,1,10626,1.6594198556105058,1.6594198556105058,0.0,3.3968274760991335
24,4,25,1000,-400.0549750810862,-400.0549750810862,True,0.0,0.0,1,10626,1.5965950642339537,1.5965950642339535,-1.3907383900849543e-14,3.386292053386569
24,4,25,1001,-400.0549750810862,-400.0549750810862,True,0.0,0.0,1,10626,1.5965950642339537,1.5965950642339535,-1.3907383900849543e-14,3.3933046460151672
24,4,25,1002,-400.0549750810862,-400.0549750810862,True,0.0,0.0,1,10626,1.5965950642339537,1.5965950642339535,-1.3907383900849543e-14,3.3814806267619133
24,4,25,1003,-400.0549750810862,-400.0549750810862,True,0.0,0.0,1,10626,1.5965950642339537,1.5965950642339535,-1.3907383900849543e-14,3.3943954035639763
24,4,25,1004,-400.0549750810862,-400.0549750810862,True,0.0,0.0,1,10626,1.5965950642339537,1.5965950642339535,-1.3907383900849543e-14,3.397945422679186
24,4,26,1000,-399.8653058424462,-399.8653058424462,True,0.0,0.0,1,10626,1.4896270478909508,1.4896270478909508,0.0,3.3983881678432226
24,4,26,1001,-399.8653058424462,-399.8653058424462,True,0.0,0.0,1,10626,1.4896270478909508,1.4896270478909508,0.0,3.3819003719836473
24,4,26,1002,-399.8653058424462,-399.8653058424462,True,0.0,0.0,1,10626,1.4896270478909508,1.4896270478909508,0.0,3.398350608535111
24,4,26,1003,-399.8653058424462,-399.8653058424462,True,0.0,0.0,1,10626,1.4896270478909508,1.4896270478909508,0.0,3.398986814543605
24,4,26,1004,-399.8653058424462,-399.8653058424462,True,0.0,0.0,1,10626,1.4896270478909508,1.4896270478909508,0.0,3.39694357290864
24,4,27,1000,-399.99084415764077,-399.99084415764077,True,0.0,0.0,1,10626,1.6022379661207105,1.6022379661207105,0.0,3.4052687231451273
24,4,27,1001,-399.99084415764077,-399.99084415764077,True,0.0,0.0,1,10626,1.6022379661207105,1.6022379661207105,0.0,3.384521189145744
24,4,27,1002,-399.99084415764077,-399.99084415764077,True,0.0,0.0,1,10626,1.6022379661207105,1.6022379661207105,0.0,3.3801757730543613
24,4,27,1003,-399.99084415764077,-399.99084415764077,True,0.0,0.0,1,10626,1.6022379661207105,1.6022379661207105,0.0,3.3761009192094207
24,4,27,1004,-399.99084415764077,-399.99084415764077,True,0.0,0.0,1,10626,1.6022379661207105,1.6022379661207105,0.0,3.3758408557623625
24,4,28,1000,-400.05497508108624,-400.05497508108624,True,0.0,0.0,1,10626,1.5965950642339537,1.5965950642339535,-1.3907383900849543e-14,3.385233757086098
24,4,28,1001,-400.05497508108624,-400.05497508108624,True,0.0,0.0,1,10626,1.5965950642339537,1.5965950642339535,-1.3907383900849543e-14,3.4087681686505675
24,4,28,1002,-400.05497508108624,-400.05497508108624,True,0.0,0.0,1,10626,1.5965950642339537,1.5965950642339535,-1.3907383900849543e-14,3.3910495908930898
24,4,28,1003,-400.05497508108624,-400.05497508108624,True,0.0,0.0,1,10626,1.5965950642339537,1.5965950642339535,-1.3907383900849543e-14,3.3779412349686027
24,4,28,1004,-400.05497508108624,-400.05497508108624,True,0.0,0.0,1,10626,1.5965950642339537,1.5965950642339535,-1.3907383900849543e-14,3.389088192023337
24,4,29,1000,-399.52706978972697,-399.52706978972697,True,0.0,0.0,1,10626,1.0610857266868245,1.0610857266868248,2.0926170180269226e-14,3.3884261939674616
24,4,29,1001,-399.52706978972697,-399.52706978972697,True,0.0,0.0,1,10626,1.0610857266868245,1.0610857266868248,2.0926170180269226e-14,3.401262945495546
24,4,29,1002,-399.52706978972697,-399.52706978972697,True,0.0,0.0,1,10626,1.0610857266868245,1.0610857266868248,2.0926170180269226e-14,3.394125715829432
24,4,29,1003,-399.52706978972697,-399.52706978972697,True,0.0,0.0,1,10626,1.0610857266868245,1.0610857266868248,2.0926170180269226e-14,3.3910657335072756
24,4,29,1004,-399.52706978972697,-399.52706978972697,True,0.0,0.0,1,10626,1.0610857266868245,1.0610857266868248,2.0926170180269226e-14,3.392886341549456
28,5,0,1000,-725.1676098057208,-725.1676098057208,True,0.0,0.0,1,98280,1.6658055803404568,1.6658055803404568,0.0,3.399910689331591
28,5,0,1001,-725.1676098057208,-725.1676098057208,True,0.0,0.0,1,98280,1.6658055803404568,1.6658055803404568,0.0,3.393942709080875
28,5,0,1002,-725.1676098057208,-725.1676098057208,True,0.0,0.0,1,98280,1.6658055803404568,1.6658055803404568,0.0,3.4058000696823
28,5,0,1003,-725.1676098057208,-725.1676098057208,True,0.0,0.0,1,98280,1.6658055803404568,1.6658055803404568,0.0,3.3970587635412812
28,5,0,1004,-725.1676098057208,-725.1676098057208,True,0.0,0.0,1,98280,1.6658055803404568,1.6658055803404568,0.0,3.3953609159216285
28,5,1,1000,-724.8147669703444,-724.8147669703444,True,0.0,0.0,1,98280,1.4435250794883738,1.4435250794883738,0.0,3.4113194551318884
28,5,1,1001,-724.8147669703444,-724.8147669703444,True,0.0,0.0,1,98280,1.4435250794883738,1.4435250794883738,0.0,3.409198191948235
28,5,1,1002,-724.8147669703444,-724.8147669703444,True,0.0,0.0,1,98280,1.4435250794883738,1.4435250794883738,0.0,3.3992585968226194
28,5,1,1003,-724.8147669703444,-724.8147669703444,True,0.0,0.0,1,98280,1.4435250794883738,1.4435250794883738,0.0,3.398775715380907
28,5,1,1004,-724.8147669703444,-724.8147669703444,True,0.0,0.0,1,98280,1.4435250794883738,1.4435250794883738,0.0,3.3970168568193913
28,5,2,1000,-724.7734475802249,-724.7734475802249,True,0.0,0.0,1,98280,1.3666537751796526,1.3666537751796524,-1.6247319471666666e-14,3.384755549952388
28,5,2,1001,-724.7734475802249,-724.7734475802249,True,0.0,0.0,1,98280,1.3666537751796526,1.3666537751796524,-1.6247319471666666e-14,3.3989195972681046
28,5,2,1002,-724.7734475802249,-724.7734475802249,True,0.0,0.0,1,98280,1.3666537751796526,1.3666537751796524,-1.6247319471666666e-14,3.3756565572693944
28,5,2,1003,-724.7734475802249,-724.7734475802249,True,0.0,0.0,1,98280,1.3666537751796526,1.3666537751796524,-1.6247319471666666e-14,3.4152851002290845
28,5,2,1004,-724.7734475802249,-724.7734475802249,True,0.0,0.0,1,98280,1.3666537751796526,1.3666537751796524,-1.6247319471666666e-14,3.3890323070809245
28,5,3,1000,-724.424909703094,-724.424909703094,True,0.0,0.0,1,98280,1.0254024601858664,1.0254024601858662,-2.16543858188894e-14,3.3867297479882836
28,5,3,1001,-724.424909703094,-724.424909703094,True,0.0,0.0,1,98280,1.0254024601858664,1.0254024601858662,-2.16543858188894e-14,3.4216074207797647
28,5,3,1002,-724.424909703094,-724.424909703094,True,0.0,0.0,1,98280,1.0254024601858664,1.0254024601858662,-2.16543858188894e-14,3.4296807097271085
28,5,3,1003,-724.424909703094,-724.424909703094,True,0.0,0.0,1,98280,1.0254024601858664,1.0254024601858662,-2.16543858188894e-14,3.4340977240353823
28,5,3,1004,-724.424909703094,-724.424909703094,True,0.0,0.0,1,98280,1.0254024601858664,1.0254024601858662,-2.16543858188894e-14,3.3914694460108876
28,5,4,1000,-724.8287268854069,-724.8287268854069,True,0.0,0.0,1,98280,1.6621001637503328,1.662100163750333,1.335927940852938e-14,3.4146106988191605
28,5,4,1001,-724.8287268854069,-724.8287268854069,True,0.0,0.0,1,98280,1.6621001637503328,1.662100163750333,1.335927940852938e-14,3.389459114521742
28,5,4,1002,-724.8287268854069,-724.8287268854069,True,0.0,0.0,1,98280,1.6621001637503328,1.662100163750333,1.335927940852938e-14,3.3895756797865033
28,5,4,1003,-724.8287268854069,-724.8287268854069,True,0.0,0.0,1,98280,1.6621001637503328,1.662100163750333,1.335927940852938e-14,3.395241681486368
28,5,4,1004,-724.8287268854069,-724.8287268854069,True,0.0,0.0,1,98280,1.6621001637503328,1.662100163750333,1.335927940852938e-14,3.4145298209041357
28,5,5,1000,-724.7471462675128,-724.7471462675128,True,0.0,0.0,1,98280,1.388723307541231,1.388723307541231,0.0,3.397882749326527
28,5,5,1001,-724.7471462675128,-724.7471462675128,True,0.0,0.0,1,98280,1.388723307541231,1.388723307541231,0.0,3.3925246875733137
28,5,5,1002,-724.7471462675128,-724.7471462675128,True,0.0,0.0,1,98280,1.388723307541231,1.388723307541231,0.0,3.3840235034003854
28,5,5,1003,-724.7471462675128,-724.7471462675128,True,0.0,0.0,1,98280,1.388723307541231,1.388723307541231,0.0,3.3881079964339733
28,5,5,1004,-724.7471462675128,-724.7471462675128,True,0.0,0.0,1,98280,1.388723307541231,1.388723307541231,0.0,3.3952486012130976
28,5,6,1000,-724.9215493328209,-724.9215493328209,True,0.0,0.0,1,98280,1.7158088734486905,1.71580887344869,-2.58822073205313e-14,3.4206835962831974
28,5,6,1001,-724.9215493328209,-724.9215493328209,True,0.0,0.0,1,98280,1.7158088734486905,1.71580887344869,-2.58822073205313e-14,3.387749033048749
28,5,6,1002,-724.9215493328209,-724.9215493328209,True,0.0,0.0,1,98280,1.7158088734486905,1.71580887344869,-2.58822073205313e-14,3.3987275920808315
28,5,6,1003,-724.9215493328209,-724.9215493328209,True,0.0,0.0,1,98280,1.7158088734486905,1.71580887344869,-2.58822073205313e-14,3.40357081964612
28,5,6,1004,-724.9215493328209,-724.9215493328209,True,0.0,0.0,1,98280,1.7158088734486905,1.71580887344869,-2.58822073205313e-14,3.4030870432034135
28,5,7,1000,-724.8682777356045,-724.8682777356045,True,0.0,0.0,1,98280,1.570175045808181,1.5701750458081807,-1.4141391784171634e-14,3.405490230768919
28,5,7,1001,-724.8682777356045,-724.8682777356045,True,0.0,0.0,1,98280,1.570175045808181,1.5701750458081807,-1.4141391784171634e-14,3.397982115857303
28,5,7,1002,-724.8682777356045,-724.8682777356045,True,0.0,0.0,1,98280,1.570175045808181,1.5701750458081807,-1.4141391784171634e-14,3.3932873057201505
28,5,7,1003,-724.8682777356045,-724.8682777356045,True,0.0,0.0,1,98280,1.570175045808181,1.5701750458081807,-1.4141391784171634e-14,3.399285568855703
28,5,7,1004,-724.8682777356045,-724.8682777356045,True,0.0,0.0,1,98280,1.570175045808181,1.5701750458081807,-1.4141391784171634e-14,3.3934754729270935
28,5,8,1000,-724.3735376154931,-724.3735376154931,True,0.0,0.0,1,98280,1.1447018322507623,1.1447018322507623,0.0,3.4034364856779575
28,5,8,1001,-724.3735376154931,-724.3735376154931,True,0.0,0.0,1,98280,1.1447018322507623,1.1447018322507623,0.0,3.394198418594897
28,5,8,1002,-724.3735376154931,-724.3735376154931,True,0.0,0.0,1,98280,1.1447018322507623,1.1447018322507623,0.0,3.43140603415668
28,5,8,1003,-724.3735376154931,-724.3735376154931,True,0.0,0.0,1,98280,1.1447018322507623,1.1447018322507623,0.0,3.3979913871735334
28,5,8,1004,-724.3735376154931,-724.3735376154931,True,0.0,0.0,1,98280,1.1447018322507623,1.1447018322507623,0.0,3.4292580895125866
28,5,9,1000,-724.6525556942896,-724.6525556942896,True,0.0,0.0,1,98280,1.450947636031561,1.4509476360315616,4.591025880141441e-14,3.405560849234462
28,5,9,1001,-724.6525556942896,-724.6525556942896,True,0.0,0.0,1,98280,1.450947636031561,1.4509476360315616,4.591025880141441e-14,3.409737890586257
28,5,9,1002,-724.6525556942896,-724.6525556942896,True,0.0,0.0,1,98280,1.450947636031561,1.4509476360315616,4.591025880141441e-14,3.383930256590247
28,5,9,1003,-724.6525556942896,-724.6525556942896,True,0.0,0.0,1,98280,1.450947636031561,1.4509476360315616,4.591025880141441e-14,3.399359095841646
28,5,9,1004,-724.6525556942896,-724.6525556942896,True,0.0,0.0,1,98280,1.450947636031561,1.4509476360315616,4.591025880141441e-14,3.4142854856327176
28,5,10,1000,-724.6418581957684,-724.6418581957684,True,0.0,0.0,1,98280,1.2211778243907543,1.221177824390754,-1.8182823212975504e-14,3.4198795864358544
28,5,10,1001,-724.6418581957684,-724.6418581957684,True,0.0,0.0,1,98280,1.2211778243907543,1.221177824390754,-1.8182823212975504e-14,3.4068269254639745
28,5,10,1002,-724.6418581957684,-724.6418581957684,True,0.0,0.0,1,98280,1.2211778243907543,1.221177824390754,-1.8182823212975504e-14,3.4314646627753973
28,5,10,1003,-724.6418581957684,-724.6418581957684,True,0.0,0.0,1,98280,1.2211778243907543,1.221177824390754,-1.8182823212975504e-14,3.4096468230709434
28,5,10,1004,-724.6418581957684,-724.6418581957684,True,0.0,0.0,1,98280,1.2211778243907543,1.221177824390754,-1.8182823212975504e-14,3.429654311388731
28,5,11,1000,-724.7606096900383,-724.7606096900383,True,0.0,0.0,1,98280,1.3488317938101948,1.3488317938101946,-1.646199370032621e-14,3.4132406497374177
28,5,11,1001,-724.7606096900383,-724.7606096900383,True,0.0,0.0,1,98280,1.3488317938101948,1.3488317938101946,-1.646199370032621e-14,3.396615813486278
28,5,11,1002,-724.7606096900383,-724.7606096900383,True,0.0,0.0,1,98280,1.3488317938101948,1.3488317938101946,-1.646199370032621e-14,3.4060005638748407
28,5,11,1003,-724.7606096900383,-724.7606096900383,True,0.0,0.0,1,98280,1.3488317938101948,1.3488317938101946,-1.646199370032621e-14,3.399095947854221
28,5,11,1004,-724.7606096900383,-724.7606096900383,True,0.0,0.0,1,98280,1.3488317938101948,1.3488317938101946,-1.646199370032621e-14,3.3936046361923218
28,5,12,1000,-724.8594720503834,-724.8594720503834,True,0.0,0.0,1,98280,1.4630000945798858,1.4630000945798856,-1.5177347270698127e-14,3.4333960050716996
28,5,12,1001,-724.8594720503834,-724.8594720503834,True,0.0,0.0,1,98280,1.4630000945798858,1.4630000945798856,-1.5177347270698127e-14,3.4323361460119486
28,5,12,1002,-724.8594720503834,-724.8594720503834,True,0.0,0.0,1,98280,1.4630000945798858,1.4630000945798856,-1.5177347270698127e-14,3.436453890055418
28,5,12,1003,-724.8594720503834,-724.8594720503834,True,0.0,0.0,1,98280,1.4630000945798858,1.4630000945798856,-1.5177347270698127e-14,3.4367084689438343
28,5,12,1004,-724.8594720503834,-724.8594720503834,True,0.0,0.0,1,98280,1.4630000945798858,1.4630000945798856,-1.5177347270698127e-14,3.419575247913599
28,5,13,1000,-724.8626740910413,-724.8626740910413,True,0.0,0.0,1,98280,1.612350540054507,1.6123505400545068,-1.3771484513381617e-14,3.4243507720530033
28,5,13,1001,-724.8626740910413,-724.8626740910413,True,0.0,0.0,1,98280,1.612350540054507,1.6123505400545068,-1.3771484513381617e-14,3.402093470096588
28,5,13,1002,-724.8626740910413,-724.8626740910413,True,0.0,0.0,1,98280,1.612350540054507,1.6123505400545068,-1.3771484513381617e-14,3.4313121493905783
28,5,13,1003,-724.8626740910413,-724.8626740910413,True,0.0,0.0,1,98280,1.612350540054507,1.6123505400545068,-1.3771484513381617e-14,3.399721974506974
28,5,13,1004,-724.8626740910413,-724.8626740910413,True,0.0,0.0,1,98280,1.612350540054507,1.6123505400545068,-1.3771484513381617e-14,3.4244532007724047
28,5,14,1000,-724.6525556942896,-724.6525556942896,True,0.0,0.0,1,98280,1.450947636031561,1.4509476360315616,4.591025880141441e-14,3.421282117255032
28,5,14,1001,-724.6525556942896,-724.6525556942896,True,0.0,0.0,1,98280,1.450947636031561,1.4509476360315616,4.591025880141441e-14,3.4227376049384475
28,5,14,1002,-724.6525556942896,-724.6525556942896,True,0.0,0.0,1,98280,1.450947636031561,1.4509476360315616,4.591025880141441e-14,3.4402134073898196
28,5,14,1003,-724.6525556942896,-724.6525556942896,True,0.0,0.0,1,98280,1.450947636031561,1.4509476360315616,4.591025880141441e-14,3.4091851226985455
28,5,14,1004,-724.6525556942896,-724.6525556942896,True,0.0,0.0,1,98280,1.450947636031561,1.4509476360315616,4.591025880141441e-14,3.415899924002588
28,5,15,1000,-724.6026699745594,-724.6026699745594,True,0.0,0.0,1,98280,1.2652326435635641,1.2652326435635644,1.754970566516813e-14,3.4199026795104146
28,5,15,1001,-724.6026699745594,-724.6026699745594,True,0.0,0.0,1,98280,1.2652326435635641,1.2652326435635644,1.754970566516813e-14,3.432216809131205
28,5,15,1002,-724.6026699745594,-724.6026699745594,True,0.0,0.0,1,98280,1.2652326435635641,1.2652326435635644,1.754970566516813e-14,3.409172920510173
28,5,15,1003,-724.6026699745594,-724.6026699745594,True,0.0,0.0,1,98280,1.2652326435635641,1.2652326435635644,1.754970566516813e-14,3.390091103501618
28,5,15,1004,-724.6026699745594,-724.6026699745594,True,0.0,0.0,1,98280,1.2652326435635641,1.2652326435635644,1.754970566516813e-14,3.4215861447155476
28,5,16,1000,-724.9326952104325,-724.9326952104325,True,0.0,0.0,1,98280,1.6309289967504113,1.6309289967504117,2.7229217871219423e-14,3.413584690541029
28,5,16,1001,-724.9326952104325,-724.9326952104325,True,0.0,0.0,1,98280,1.6309289967504113,1.6309289967504117,2.7229217871219423e-14,3.464860260486603
28,5,16,1002,-724.9326952104325,-724.9326952104325,True,0.0,0.0,1,98280,1.6309289967504113,1.6309289967504117,2.7229217871219423e-14,3.399581831879914
28,5,16,1003,-724.9326952104325,-724.9326952104325,True,0.0,0.0,1,98280,1.6309289967504113,1.6309289967504117,2.7229217871219423e-14,3.414958728477359
28,5,16,1004,-724.9326952104325,-724.9326952104325,True,0.0,0.0,1,98280,1.6309289967504113,1.6309289967504117,2.7229217871219423e-14,3.3940016124397516
28,5,17,1000,-724.6573947834398,-724.6573947834398,True,0.0,0.0,1,98280,1.2143498632291394,1.2143498632291396,1.8285060314873442e-14,3.3957437705248594
28,5,17,1001,-724.6573947834398,-724.6573947834398,True,0.0,0.0,1,98280,1.2143498632291394,1.2143498632291396,1.8285060314873442e-14,3.422247457318008
28,5,17,1002,-724.6573947834398,-724.6573947834398,True,0.0,0.0,1,98280,1.2143498632291394,1.2143498632291396,1.8285060314873442e-14,3.4189459569752216
28,5,17,1003,-724.6573947834398,-724.6573947834398,True,0.0,0.0,1,98280,1.2143498632291394,1.2143498632291396,1.8285060314873442e-14,3.3988240715116262
28,5,17,1004,-724.6573947834398,-724.6573947834398,True,0.0,0.0,1,98280,1.2143498632291394,1.2143498632291396,1.8285060314873442e-14,3.407499359920621
28,5,18,1000,-724.5669638184297,-724.5669638184297,True,0.0,0.0,1,98280,1.2780961423980277,1.278096142398028,1.7373075276514028e-14,3.3976778956130147
28,5,18,1001,-724.5669638184297,-724.5669638184297,True,0.0,0.0,1,98280,1.2780961423980277,1.278096142398028,1.7373075276514028e-14,3.391770675778389
28,5,18,1002,-724.5669638184297,-724.5669638184297,True,0.0,0.0,1,98280,1.2780961423980277,1.278096142398028,1.7373075276514028e-14,3.398198841139674
28,5,18,1003,-724.5669638184297,-724.5669638184297,True,0.0,0.0,1,98280,1.2780961423980277,1.278096142398028,1.7373075276514028e-14,3.378836871124804
28,5,18,1004,-724.5669638184297,-724.5669638184297,True,0.0,0.0,1,98280,1.2780961423980277,1.278096142398028,1.7373075276514028e-14,3.3738635145127773
28,5,19,1000,-724.9086433355903,-724.9086433355903,True,0.0,0.0,1,98280,1.5535265217835201,1.5535265217835201,0.0,3.394205240532756
28,5,19,1001,-724.9086433355903,-724.9086433355903,True,0.0,0.0,1,98280,1.5535265217835201,1.5535265217835201,0.0,3.3949304623529315
28,5,19,1002,-724.9086433355903,-724.9086433355903,True,0.0,0.0,1,98280,1.5535265217835201,1.5535265217835201,0.0,3.3958051428198814
28,5,19,1003,-724.9086433355903,-724.9086433355903,True,0.0,0.0,1,98280,1.5535265217835201,1.5535265217835201,0.0,3.4290761668235064
28,5,19,1004,-724.9086433355903,-724.9086433355903,True,0.0,0.0,1,98280,1.5535265217835201,1.5535265217835201,0.0,3.4260090347379446
28,5,20,1000,-724.8299226259854,-724.8299226259854,True,0.0,0.0,1,98280,1.4656890628359869,1.465689062835987,1.5149502753018665e-14,3.397965549491346
28,5,20,1001,-724.8299226259854,-724.8299226259854,True,0.0,0.0,1,98280,1.4656890628359869,1.465689062835987,1.5149502753018665e-14,3.3969065751880407
28,5,20,1002,-724.8299226259854,-724.8299226259854,True,0.0,0.0,1,98280,1.4656890628359869,1.465689062835987,1.5149502753018665e-14,3.3944860054180026
28,5,20,1003,-724.8299226259854,-724.8299226259854,True,0.0,0.0,1,98280,1.4656890628359869,1.465689062835987,1.5149502753018665e-14,3.3892475655302405
28,5,20,1004,-724.8299226259854,-724.8299226259854,True,0.0,0.0,1,98280,1.4656890628359869,1.465689062835987,1.5149502753018665e-14,3.4184140330180526
28,5,21,1000,-724.7232887054766,-724.7232887054766,True,0.0,0.0,1,98280,1.3770661222021165,1.3770661222021165,0.0,3.3917674692347646
28,5,21,1001,-724.7232887054766,-724.7232887054766,True,0.0,0.0,1,98280,1.3770661222021165,1.3770661222021165,0.0,3.402985050342977
28,5,21,1002,-724.7232887054766,-724.7232887054766,True,0.0,0.0,1,98280,1.3770661222021165,1.3770661222021165,0.0,3.415880771353841
28,5,21,1003,-724.7232887054766,-724.7232887054766,True,0.0,0.0,1,98280,1.3770661222021165,1.3770661222021165,0.0,3.395134672522545
28,5,21,1004,-724.7232887054766,-724.7232887054766,True,0.0,0.0,1,98280,1.3770661222021165,1.3770661222021165,0.0,3.391028846614063
28,5,22,1000,-724.299044870106,-724.299044870106,True,0.0,0.0,1,98280,1.0581098555158324,1.0581098555158324,0.0,3.414339947514236
28,5,22,1001,-724.299044870106,-724.299044870106,True,0.0,0.0,1,98280,1.0581098555158324,1.0581098555158324,0.0,3.4180700685828924
28,5,22,1002,-724.299044870106,-724.299044870106,True,0.0,0.0,1,98280,1.0581098555158324,1.0581098555158324,0.0,3.4260727679356933
28,5,22,1003,-724.299044870106,-724.299044870106,True,0.0,0.0,1,98280,1.0581098555158324,1.0581098555158324,0.0,3.4164705388247967
28,5,22,1004,-724.299044870106,-724.299044870106,True,0.0,0.0,1,98280,1.0581098555158324,1.0581098555158324,0.0,3.424294902011752
28,5,23,1000,-724.5026785311939,-724.5026785311939,True,0.0,0.0,1,98280,0.9314311628272044,0.9314311628272044,0.0,3.3951327055692673
28,5,23,1001,-724.5026785311939,-724.5026785311939,True,0.0,0.0,1,98280,0.9314311628272044,0.9314311628272044,0.0,3.3779519479721785
28,5,23,1002,-724.5026785311939,-724.5026785311939,True,0.0,0.0,1,98280,0.9314311628272044,0.9314311628272044,0.0,3.4193957718089223
28,5,23,1003,-724.5026785311939,-724.5026785311939,True,0.0,0.0,1,98280,0.9314311628272044,0.9314311628272044,0.0,3.4254821240901947
28,5,23,1004,-724.5026785311939,-724.5026785311939,True,0.0,0.0,1,98280,0.9314311628272044,0.9314311628272044,0.0,3.3901577685028315
28,5,24,1000,-724.7468246112237,-724.7468246112237,True,0.0,0.0,1,98280,1.2117696170199026,1.2117696170199026,0.0,3.397421416826546
28,5,24,1001,-724.7468246112237,-724.7468246112237,True,0.0,0.0,1,98280,1.2117696170199026,1.2117696170199026,0.0,3.40039602573961
28,5,24,1002,-724.7468246112237,-724.7468246112237,True,0.0,0.0,1,98280,1.2117696170199026,1.2117696170199026,0.0,3.3809557165950537
28,5,24,1003,-724.7468246112237,-724.7468246112237,True,0.0,0.0,1,98280,1.2117696170199026,1.2117696170199026,0.0,3.3985435143113136
28,5,24,1004,-724.7468246112237,-724.7468246112237,True,0.0,0.0,1,98280,1.2117696170199026,1.2117696170199026,0.0,3.3757990868762136
28,5,25,1000,-724.6039389893616,-724.6039389893616,True,0.0,0.0,1,98280,1.0389818698343516,1.0389818698343516,0.0,3.4239545902237296
28,5,25,1001,-724.6039389893616,-724.6039389893616,True,0.0,0.0,1,98280,1.0389818698343516,1.0389818698343516,0.0,3.3877674397081137
28,5,25,1002,-724.6039389893616,-724.6039389893616,True,0.0,0.0,1,98280,1.0389818698343516,1.0389818698343516,0.0,3.4168498320505023
28,5,25,1003,-724.6039389893616,-724.6039389893616,True,0.0,0.0,1,98280,1.0389818698343516,1.0389818698343516,0.0,3.3928325036540627
28,5,25,1004,-724.6039389893616,-724.6039389893616,True,0.0,0.0,1,98280,1.0389818698343516,1.0389818698343516,0.0,3.3926306711509824
28,5,26,1000,-724.5021681164362,-724.5021681164362,True,0.0,0.0,1,98280,1.1992231997260192,1.1992231997260194,1.851570291299908e-14,3.382799919694662
28,5,26,1001,-724.5021681164362,-724.5021681164362,True,0.0,0.0,1,98280,1.1992231997260192,1.1992231997260194,1.851570291299908e-14,3.379521243274212
28,5,26,1002,-724.5021681164362,-724.5021681164362,True,0.0,0.0,1,98280,1.1992231997260192,1.1992231997260194,1.851570291299908e-14,3.394758970476687
28,5,26,1003,-724.5021681164362,-724.5021681164362,True,0.0,0.0,1,98280,1.1992231997260192,1.1992231997260194,1.851570291299908e-14,3.3989825481548905
28,5,26,1004,-724.5021681164362,-724.5021681164362,True,0.0,0.0,1,98280,1.1992231997260192,1.1992231997260194,1.851570291299908e-14,3.417145955376327
28,5,27,1000,-724.800482556293,-724.800482556293,True,0.0,0.0,1,98280,1.3349190580921686,1.3349190580921682,-3.326712635931225e-14,3.389208643697202
28,5,27,1001,-724.800482556293,-724.800482556293,True,0.0,0.0,1,98280,1.3349190580921686,1.3349190580921682,-3.326712635931225e-14,3.397207260131836
28,5,27,1002,-724.800482556293,-724.800482556293,True,0.0,0.0,1,98280,1.3349190580921686,1.3349190580921682,-3.326712635931225e-14,3.3935682643204927
28,5,27,1003,-724.800482556293,-724.800482556293,True,0.0,0.0,1,98280,1.3349190580921686,1.3349190580921682,-3.326712635931225e-14,3.377469278872013
28,5,27,1004,-724.800482556293,-724.800482556293,True,0.0,0.0,1,98280,1.3349190580921686,1.3349190580921682,-3.326712635931225e-14,3.4245317624881864
28,5,28,1000,-724.8484595992479,-724.8484595992479,True,0.0,0.0,1,98280,1.4839865609505818,1.4839865609505818,0.0,3.41653089877218
28,5,28,1001,-724.8484595992479,-724.8484595992479,True,0.0,0.0,1,98280,1.4839865609505818,1.4839865609505818,0.0,3.4544486440718174
28,5,28,1002,-724.8484595992479,-724.8484595992479,True,0.0,0.0,1,98280,1.4839865609505818,1.4839865609505818,0.0,3.4093165826052427
28,5,28,1003,-724.8484595992479,-724.8484595992479,True,0.0,0.0,1,98280,1.4839865609505818,1.4839865609505818,0.0,3.4132341472432017
28,5,28,1004,-724.8484595992479,-724.8484595992479,True,0.0,0.0,1,98280,1.4839865609505818,1.4839865609505818,0.0,3.4110127361491323
28,5,29,1000,-724.746616822371,-724.746616822371,True,0.0,0.0,1,98280,1.3748711446092479,1.3748711446092476,-1.6150212025006795e-14,3.3978943610563874
28,5,29,1001,-724.746616822371,-724.746616822371,True,0.0,0.0,1,98280,1.3748711446092479,1.3748711446092476,-1.6150212025006795e-14,3.3927949937060475
28,5,29,1002,-724.746616822371,-724.746616822371,True,0.0,0.0,1,98280,1.3748711446092479,1.3748711446092476,-1.6150212025006795e-14,3.4201866183429956
28,5,29,1003,-724.746616822371,-724.746616822371,True,0.0,0.0,1,98280,1.3748711446092479,1.3748711446092476,-1.6150212025006795e-14,3.4271014826372266
28,5,29,1004,-724.746616822371,-724.746616822371,True,0.0,0.0,1,98280,1.3748711446092479,1.3748711446092476,-1.6150212025006795e-14,3.4175860602408648
30,6,0,1000,-1115.9576980794068,-1115.9576980794068,True,0.0,0.0,1,593775,1.552609162714545,1.5526091627145457,4.290415326484621e-14,3.4349237391725183
30,6,0,1001,-1115.9576980794068,-1115.9576980794068,True,0.0,0.0,1,593775,1.552609162714545,1.5526091627145457,4.290415326484621e-14,3.447364553809166
30,6,0,1002,-1115.9576980794068,-1115.9576980794068,True,0.0,0.0,1,593775,1.552609162714545,1.5526091627145457,4.290415326484621e-14,3.4359134593978524
30,6,0,1003,-1115.9576980794068,-1115.9576980794068,True,0.0,0.0,1,593775,1.552609162714545,1.5526091627145457,4.290415326484621e-14,3.438200297765434
30,6,0,1004,-1115.9576980794068,-1115.9576980794068,True,0.0,0.0,1,593775,1.552609162714545,1.5526091627145457,4.290415326484621e-14,3.448533169925213
30,6,1,1000,-1115.143468104739,-1115.143468104739,True,0.0,0.0,1,593775,1.0169711251560223,1.0169711251560223,0.0,3.433340079151094
30,6,1,1001,-1115.143468104739,-1115.143468104739,True,0.0,0.0,1,593775,1.0169711251560223,1.0169711251560223,0.0,3.423289954662323
30,6,1,1002,-1115.143468104739,-1115.143468104739,True,0.0,0.0,1,593775,1.0169711251560223,1.0169711251560223,0.0,3.42687033303082
30,6,1,1003,-1115.143468104739,-1115.136375977944,True,0.0006359833508275484,0.15815609411497522,2,593775,1.0169711251560223,1.0737308672726855,5.581254050645266,3.4098454555496573
30,6,1,1004,-1115.143468104739,-1115.143468104739,True,0.0,0.0,1,593775,1.0169711251560223,1.0169711251560223,0.0,3.424837712198496
30,6,2,1000,-1115.15480358193,-1115.15480358193,True,0.0,0.0,1,593775,1.173764757889141,1.1737647578891408,-1.8917300373232268e-14,3.432381894439459
30,6,2,1001,-1115.15480358193,-1115.15480358193,True,0.0,0.0,1,593775,1.173764757889141,1.1737647578891408,-1.8917300373232268e-14,3.445575585588813
30,6,2,1002,-1115.15480358193,-1115.15480358193,True,0.0,0.0,1,593775,1.173764757889141,1.1737647578891408,-1.8917300373232268e-14,3.4334878027439117
30,6,2,1003,-1115.15480358193,-1115.15480358193,True,0.0,0.0,1,593775,1.173764757889141,1.1737647578891408,-1.8917300373232268e-14,3.423529534600675
30,6,2,1004,-1115.15480358193,-1115.15480358193,True,0.0,0.0,1,593775,1.173764757889141,1.1737647578891408,-1.8917300373232268e-14,3.4504460897296667
30,6,3,1000,-1115.5394860063516,-1115.5394860063516,True,0.0,0.0,1,593775,1.3413691375878254,1.3413691375878258,3.310715875338127e-14,3.4056847486644983
30,6,3,1001,-1115.5394860063516,-1115.5394860063516,True,0.0,0.0,1,593775,1.3413691375878254,1.3413691375878258,3.310715875338127e-14,3.504844630137086
30,6,3,1002,-1115.5394860063516,-1115.5394860063516,True,0.0,0.0,1,593775,1.3413691375878254,1.3413691375878258,3.310715875338127e-14,3.4062081379815936
30,6,3,1003,-1115.5394860063516,-1115.5394860063516,True,0.0,0.0,1,593775,1.3413691375878254,1.3413691375878258,3.310715875338127e-14,3.4361017383635044
30,6,3,1004,-1115.5394860063516,-1115.5394860063516,True,0.0,0.0,1,593775,1.3413691375878254,1.3413691375878258,3.310715875338127e-14,3.550920913927257
30,6,4,1000,-1115.000154677562,-1115.000154677562,True,0.0,0.0,1,593775,1.25348815118164,1.25348815118164,0.0,3.4296567318961024
30,6,4,1001,-1115.000154677562,-1115.000154677562,True,0.0,0.0,1,593775,1.25348815118164,1.25348815118164,0.0,3.4086884455755353
30,6,4,1002,-1115.000154677562,-1115.000154677562,True,0.0,0.0,1,593775,1.25348815118164,1.25348815118164,0.0,3.4041262939572334
30,6,4,1003,-1115.000154677562,-1115.000154677562,True,0.0,0.0,1,593775,1.25348815118164,1.25348815118164,0.0,3.3971048556268215
30,6,4,1004,-1115.000154677562,-1115.000154677562,True,0.0,0.0,1,593775,1.25348815118164,1.25348815118164,0.0,3.3883500080555677
30,6,5,1000,-1115.5403738436662,-1115.5403738436662,True,0.0,0.0,1,593775,1.133538108996453,1.1335381089964527,-1.958863166246898e-14,3.4257987225428224
30,6,5,1001,-1115.5403738436662,-1115.5403738436662,True,0.0,0.0,1,593775,1.133538108996453,1.1335381089964527,-1.958863166246898e-14,3.4152092281728983
30,6,5,1002,-1115.5403738436662,-1115.5403738436662,True,0.0,0.0,1,593775,1.133538108996453,1.1335381089964527,-1.958863166246898e-14,3.4392559146508574
30,6,5,1003,-1115.5403738436662,-1115.5403738436662,True,0.0,0.0,1,593775,1.133538108996453,1.1335381089964527,-1.958863166246898e-14,3.4017190309241414
30,6,5,1004,-1115.5403738436662,-1115.5403738436662,True,0.0,0.0,1,593775,1.133538108996453,1.1335381089964527,-1.958863166246898e-14,3.4331634752452374
30,6,6,1000,-1115.5811896488976,-1115.5811896488976,True,0.0,0.0,1,593775,1.3326744369156274,1.3326744369156276,1.6661579060444537e-14,3.4062658976763487
30,6,6,1001,-1115.5811896488976,-1115.5811896488976,True,0.0,0.0,1,593775,1.3326744369156274,1.3326744369156276,1.6661579060444537e-14,3.41305339243263
30,6,6,1002,-1115.5811896488976,-1115.5811896488976,True,0.0,0.0,1,593775,1.3326744369156274,1.3326744369156276,1.6661579060444537e-14,3.4019868206232786
30,6,6,1003,-1115.5811896488976,-1115.5811896488976,True,0.0,0.0,1,593775,1.3326744369156274,1.3326744369156276,1.6661579060444537e-14,3.4077387480065227
30,6,6,1004,-1115.5811896488976,-1115.5811896488976,True,0.0,0.0,1,593775,1.3326744369156274,1.3326744369156276,1.6661579060444537e-14,3.4241492422297597
30,6,7,1000,-1114.804685693366,-1114.804685693366,True,0.0,0.0,1,593775,1.0990998820975384,1.0990998820975384,0.0,3.4199123922735453
30,6,7,1001,-1114.804685693366,-1114.804685693366,True,0.0,0.0,1,593775,1.0990998820975384,1.0990998820975384,0.0,3.4242149936035275
30,6,7,1002,-1114.804685693366,-1114.804685693366,True,0.0,0.0,1,593775,1.0990998820975384,1.0990998820975384,0.0,3.406324247829616
30,6,7,1003,-1114.804685693366,-1114.804685693366,True,0.0,0.0,1,593775,1.0990998820975384,1.0990998820975384,0.0,3.411158467642963
30,6,7,1004,-1114.804685693366,-1114.804685693366,True,0.0,0.0,1,593775,1.0990998820975384,1.0990998820975384,0.0,3.447962853126228
30,6,8,1000,-1115.5657878658894,-1115.5657878658894,True,0.0,0.0,1,593775,1.1959984557621524,1.1959984557621524,0.0,3.415876845829189
30,6,8,1001,-1115.5657878658894,-1115.5657878658894,True,0.0,0.0,1,593775,1.1959984557621524,1.1959984557621524,0.0,3.421436756849289
30,6,8,1002,-1115.5657878658894,-1115.5657878658894,True,0.0,0.0,1,593775,1.1959984557621524,1.1959984557621524,0.0,3.4443486081436276
30,6,8,1003,-1115.5657878658894,-1115.5657878658894,True,0.0,0.0,1,593775,1.1959984557621524,1.1959984557621524,0.0,3.426059789955616
30,6,8,1004,-1115.5657878658894,-1115.5657878658894,True,0.0,0.0,1,593775,1.1959984557621524,1.1959984557621524,0.0,3.435355161316693
30,6,9,1000,-1115.238525331171,-1115.238525331171,True,0.0,0.0,1,593775,1.1822071790724882,1.1822071790724882,0.0,3.4088879944756627
30,6,9,1001,-1115.238525331171,-1115.238525331171,True,0.0,0.0,1,593775,1.1822071790724882,1.1822071790724882,0.0,3.4125865511596203
30,6,9,1002,-1115.238525331171,-1115.238525331171,True,0.0,0.0,1,593775,1.1822071790724882,1.1822071790724882,0.0,3.4168832805007696
30,6,9,1003,-1115.238525331171,-1115.238525331171,True,0.0,0.0,1,593775,1.1822071790724882,1.1822071790724882,0.0,3.419170911423862
30,6,9,1004,-1115.238525331171,-1115.238525331171,True,0.0,0.0,1,593775,1.1822071790724882,1.1822071790724882,0.0,3.386727345176041
30,6,10,1000,-1115.3105823528924,-1115.3105823528924,True,0.0,0.0,1,593775,1.2570835115276453,1.2570835115276455,1.7663472863087362e-14,3.4019218254834414
30,6,10,1001,-1115.3105823528924,-1115.3105823528924,True,0.0,0.0,1,593775,1.2570835115276453,1.2570835115276455,1.7663472863087362e-14,3.397100917994976
30,6,10,1002,-1115.3105823528924,-1115.3105823528924,True,0.0,0.0,1,593775,1.2570835115276453,1.2570835115276455,1.7663472863087362e-14,3.3919463232159615
30,6,10,1003,-1115.3105823528924,-1115.3105823528924,True,0.0,0.0,1,593775,1.2570835115276453,1.2570835115276455,1.7663472863087362e-14,3.4161422811448574
30,6,10,1004,-1115.3105823528924,-1115.307178346865,True,0.0003052070052373659,0.0897230179569512,2,593775,1.2570835115276453,1.213794054824494,-3.443642073591799,3.4160131122916937
30,6,11,1000,-1115.4899986884125,-1115.4899986884125,True,0.0,0.0,1,593775,1.4483440738069222,1.4483440738069218,-3.066185845486215e-14,3.3979572458192706
30,6,11,1001,-1115.4899986884125,-1115.4899986884125,True,0.0,0.0,1,593775,1.4483440738069222,1.4483440738069218,-3.066185845486215e-14,3.390584100037813
30,6,11,1002,-1115.4899986884125,-1115.4899986884125,True,0.0,0.0,1,593775,1.4483440738069222,1.4483440738069218,-3.066185845486215e-14,3.396899257786572
30,6,11,1003,-1115.4899986884125,-1115.4899986884125,True,0.0,0.0,1,593775,1.4483440738069222,1.4483440738069218,-3.066185845486215e-14,3.4080550465732813
30,6,11,1004,-1115.4899986884125,-1115.4899986884125,True,0.0,0.0,1,593775,1.4483440738069222,1.4483440738069218,-3.066185845486215e-14,3.4236776949837804
30,6,12,1000,-1115.3346654140728,-1115.3346654140728,True,0.0,0.0,1,593775,1.309099507743065,1.3090995077430652,1.6961629242978194e-14,3.4047494009137154
30,6,12,1001,-1115.3346654140728,-1115.3346654140728,True,0.0,0.0,1,593775,1.309099507743065,1.3090995077430652,1.6961629242978194e-14,3.4178455425426364
30,6,12,1002,-1115.3346654140728,-1115.3346654140728,True,0.0,0.0,1,593775,1.309099507743065,1.3090995077430652,1.6961629242978194e-14,3.433027652092278
30,6,12,1003,-1115.3346654140728,-1115.3346654140728,True,0.0,0.0,1,593775,1.309099507743065,1.3090995077430652,1.6961629242978194e-14,3.395304105244577
30,6,12,1004,-1115.3346654140728,-1115.3346654140728,True,0.0,0.0,1,593775,1.309099507743065,1.3090995077430652,1.6961629242978194e-14,3.411603480577469
30,6,13,1000,-1115.5596843473818,-1115.5596843473818,True,0.0,0.0,1,593775,1.4444566105865524,1.4444566105865524,0.0,3.4256814643740654
30,6,13,1001,-1115.5596843473818,-1115.5596843473818,True,0.0,0.0,1,593775,1.4444566105865524,1.4444566105865524,0.0,3.4126990139484406
30,6,13,1002,-1115.5596843473818,-1115.5596843473818,True,0.0,0.0,1,593775,1.4444566105865524,1.4444566105865524,0.0,3.3948761112987995
30,6,13,1003,-1115.5596843473818,-1115.5596843473818,True,0.0,0.0,1,593775,1.4444566105865524,1.4444566105865524,0.0,3.420918034389615
30,6,13,1004,-1115.5596843473818,-1115.5596843473818,True,0.0,0.0,1,593775,1.4444566105865524,1.4444566105865524,0.0,3.4277994511649013
30,6,14,1000,-1115.5293565568209,-1115.5293565568209,True,0.0,0.0,1,593775,1.2639713054837154,1.2639713054837154,0.0,3.4032255774363875
30,6,14,1001,-1115.5293565568209,-1115.5293565568209,True,0.0,0.0,1,593775,1.2639713054837154,1.2639713054837154,0.0,3.4466938683763146
30,6,14,1002,-1115.5293565568209,-1115.5293565568209,True,0.0,0.0,1,593775,1.2639713054837154,1.2639713054837154,0.0,3.4461670611053705
30,6,14,1003,-1115.5293565568209,-1115.5293565568209,True,0.0,0.0,1,593775,1.2639713054837154,1.2639713054837154,0.0,3.433534753508866
30,6,14,1004,-1115.5293565568209,-1115.5293565568209,True,0.0,0.0,1,593775,1.2639713054837154,1.2639713054837154,0.0,3.4288855558261275
30,6,15,1000,-1115.6916083848037,-1115.6916083848037,True,0.0,0.0,1,593775,1.5546800470690043,1.5546800470690043,0.0,3.4013195568695664
30,6,15,1001,-1115.6916083848037,-1115.6916083848037,True,0.0,0.0,1,593775,1.5546800470690043,1.5546800470690043,0.0,3.4196527004241943
30,6,15,1002,-1115.6916083848037,-1115.6916083848037,True,0.0,0.0,1,593775,1.5546800470690043,1.5546800470690043,0.0,3.4232986606657505
30,6,15,1003,-1115.6916083848037,-1115.6916083848037,True,0.0,0.0,1,593775,1.5546800470690043,1.5546800470690043,0.0,3.411255449987948
30,6,15,1004,-1115.6916083848037,-1115.6916083848037,True,0.0,0.0,1,593775,1.5546800470690043,1.5546800470690043,0.0,3.406862779520452
30,6,16,1000,-1115.4037834750752,-1115.3986492902575,True,0.0004602983147267718,0.1433681854554736,2,593775,1.3145804371372003,1.3050090075556668,-0.7280976736864753,3.41413910780102
30,6,16,1001,-1115.4037834750752,-1115.4037834750752,True,0.0,0.0,1,593775,1.3145804371372003,1.3145804371372005,1.6890910487652186e-14,3.4200494457036257
30,6,16,1002,-1115.4037834750752,-1115.4037834750752,True,0.0,0.0,1,593775,1.3145804371372003,1.3145804371372005,1.6890910487652186e-14,3.4192183036357164
30,6,16,1003,-1115.4037834750752,-1115.4037834750752,True,0.0,0.0,1,593775,1.3145804371372003,1.3145804371372005,1.6890910487652186e-14,3.408592567779124
30,6,16,1004,-1115.4037834750752,-1115.4037834750752,True,0.0,0.0,1,593775,1.3145804371372003,1.3145804371372005,1.6890910487652186e-14,3.413815688341856
30,6,17,1000,-1115.3022199562063,-1115.3022199562063,True,0.0,0.0,1,593775,1.350372941821216,1.3503729418212163,1.6443206024667896e-14,3.4196082623675466
30,6,17,1001,-1115.3022199562063,-1115.3022199562063,True,0.0,0.0,1,593775,1.350372941821216,1.3503729418212163,1.6443206024667896e-14,3.427559376694262
30,6,17,1002,-1115.3022199562063,-1115.3022199562063,True,0.0,0.0,1,593775,1.350372941821216,1.3503729418212163,1.6443206024667896e-14,3.4300790075212717
30,6,17,1003,-1115.3022199562063,-1115.3022199562063,True,0.0,0.0,1,593775,1.350372941821216,1.3503729418212163,1.6443206024667896e-14,3.457424688152969
30,6,17,1004,-1115.3022199562063,-1115.3022199562063,True,0.0,0.0,1,593775,1.350372941821216,1.3503729418212163,1.6443206024667896e-14,3.4128258107230067
30,6,18,1000,-1114.7707502115131,-1114.7707502115131,True,0.0,0.0,1,593775,1.1337538880344111,1.1337538880344114,1.958490350229272e-14,3.420800101943314
30,6,18,1001,-1114.7707502115131,-1114.7707502115131,True,0.0,0.0,1,593775,1.1337538880344111,1.1337538880344114,1.958490350229272e-14,3.4237908301874995
30,6,18,1002,-1114.7707502115131,-1114.7707502115131,True,0.0,0.0,1,593775,1.1337538880344111,1.1337538880344114,1.958490350229272e-14,3.4251706721261144
30,6,18,1003,-1114.7707502115131,-1114.7707502115131,True,0.0,0.0,1,593775,1.1337538880344111,1.1337538880344114,1.958490350229272e-14,3.437753152102232
30,6,18,1004,-1114.7707502115131,-1114.7707502115131,True,0.0,0.0,1,593775,1.1337538880344111,1.1337538880344114,1.958490350229272e-14,3.4392957221716642
30,6,19,1000,-1115.579622704962,-1115.5547977327863,True,0.0022252981024876973,0.6689919585737476,3,593775,1.4004438599432363,1.558247862369091,11.268141975519882,3.422574990428984
30,6,19,1001,-1115.579622704962,-1115.579622704962,True,0.0,0.0,1,593775,1.4004438599432363,1.4004438599432365,1.5855302113576433e-14,3.4413114497438073
30,6,19,1002,-1115.579622704962,-1115.579622704962,True,0.0,0.0,1,593775,1.4004438599432363,1.4004438599432365,1.5855302113576433e-14,3.410134912468493
30,6,19,1003,-1115.579622704962,-1115.579622704962,True,0.0,0.0,1,593775,1.4004438599432363,1.4004438599432365,1.5855302113576433e-14,3.420911013148725
30,6,19,1004,-1115.579622704962,-1115.5609130346488,True,0.0016771254989278788,0.504194683421269,2,593775,1.4004438599432363,1.5094128707347894,7.781033849937397,3.4030335722491145
30,6,20,1000,-1115.5647683772786,-1115.5647683772786,True,0.0,0.0,1,593775,1.50256845913526,1.5025684591352602,1.4777669767726906e-14,3.3978306902572513
30,6,20,1001,-1115.5647683772786,-1115.5647683772786,True,0.0,0.0,1,593775,1.50256845913526,1.5025684591352602,1.4777669767726906e-14,3.422432594001293
30,6,20,1002,-1115.5647683772786,-1115.5647683772786,True,0.0,0.0,1,593775,1.50256845913526,1.5025684591352602,1.4777669767726906e-14,3.4364966275170445
30,6,20,1003,-1115.5647683772786,-1115.5647683772786,True,0.0,0.0,1,593775,1.50256845913526,1.5025684591352602,1.4777669767726906e-14,3.3995888214558363
30,6,20,1004,-1115.5647683772786,-1115.5647683772786,True,0.0,0.0,1,593775,1.50256845913526,1.5025684591352602,1.4777669767726906e-14,3.4184486027806997
30,6,21,1000,-1115.258784986347,-1115.258784986347,True,0.0,0.0,1,593775,1.2477695258785177,1.247769525878518,1.779532199816278e-14,3.4185774801298976
30,6,21,1001,-1115.258784986347,-1115.258784986347,True,0.0,0.0,1,593775,1.2477695258785177,1.247769525878518,1.779532199816278e-14,3.4090400794520974
30,6,21,1002,-1115.258784986347,-1115.258784986347,True,0.0,0.0,1,593775,1.2477695258785177,1.247769525878518,1.779532199816278e-14,3.4039328433573246
30,6,21,1003,-1115.258784986347,-1115.258784986347,True,0.0,0.0,1,593775,1.2477695258785177,1.247769525878518,1.779532199816278e-14,3.4123972915112972
30,6,21,1004,-1115.258784986347,-1115.258784986347,True,0.0,0.0,1,593775,1.2477695258785177,1.247769525878518,1.779532199816278e-14,3.41341529879719
30,6,22,1000,-1115.3313094540488,-1115.3313094540488,True,0.0,0.0,1,593775,1.2424287721763327,1.2424287721763327,0.0,3.4527751365676522
30,6,22,1001,-1115.3313094540488,-1115.3313094540488,True,0.0,0.0,1,593775,1.2424287721763327,1.2424287721763327,0.0,3.4292623875662684
30,6,22,1002,-1115.3313094540488,-1115.3313094540488,True,0.0,0.0,1,593775,1.2424287721763327,1.2424287721763327,0.0,3.438367288559675
30,6,22,1003,-1115.3313094540488,-1115.3313094540488,True,0.0,0.0,1,593775,1.2424287721763327,1.2424287721763327,0.0,3.428177386522293
30,6,22,1004,-1115.3313094540488,-1115.3313094540488,True,0.0,0.0,1,593775,1.2424287721763327,1.2424287721763327,0.0,3.4202019535005093
30,6,23,1000,-1115.3119841960292,-1115.3119841960292,True,0.0,0.0,1,593775,1.2390120250125989,1.239012025012599,1.7921101687675182e-14,3.440179460681975
30,6,23,1001,-1115.3119841960292,-1115.3119841960292,True,0.0,0.0,1,593775,1.2390120250125989,1.239012025012599,1.7921101687675182e-14,3.421795160509646
30,6,23,1002,-1115.3119841960292,-1115.3119841960292,True,0.0,0.0,1,593775,1.2390120250125989,1.239012025012599,1.7921101687675182e-14,3.4167039040476084
30,6,23,1003,-1115.3119841960292,-1115.3119841960292,True,0.0,0.0,1,593775,1.2390120250125989,1.239012025012599,1.7921101687675182e-14,3.4211113788187504
30,6,23,1004,-1115.3119841960292,-1115.3119841960292,True,0.0,0.0,1,593775,1.2390120250125989,1.239012025012599,1.7921101687675182e-14,3.4211666053161025
30,6,24,1000,-1115.407966678454,-1115.407966678454,True,0.0,0.0,1,593775,1.1711610758602495,1.1711610758602495,0.0,3.414855387993157
30,6,24,1001,-1115.407966678454,-1115.407966678454,True,0.0,0.0,1,593775,1.1711610758602495,1.1711610758602495,0.0,3.4340284764766693
30,6,24,1002,-1115.407966678454,-1115.407966678454,True,0.0,0.0,1,593775,1.1711610758602495,1.1711610758602495,0.0,3.4450863134115934
30,6,24,1003,-1115.407966678454,-1115.407966678454,True,0.0,0.0,1,593775,1.1711610758602495,1.1711610758602495,0.0,3.441139296628535
30,6,24,1004,-1115.407966678454,-1115.407966678454,True,0.0,0.0,1,593775,1.1711610758602495,1.1711610758602495,0.0,3.441680012270808
30,6,25,1000,-1115.5769158544645,-1115.5769158544645,True,0.0,0.0,1,593775,1.0559267223310689,1.0559267223310693,4.205682084356092e-14,3.43389811553061
30,6,25,1001,-1115.5769158544645,-1115.5769158544645,True,0.0,0.0,1,593775,1.0559267223310689,1.0559267223310693,4.205682084356092e-14,3.431742607615888
30,6,25,1002,-1115.5769158544645,-1115.5769158544645,True,0.0,0.0,1,593775,1.0559267223310689,1.0559267223310693,4.205682084356092e-14,3.44669640250504
30,6,25,1003,-1115.5769158544645,-1115.5769158544645,True,0.0,0.0,1,593775,1.0559267223310689,1.0559267223310693,4.205682084356092e-14,3.4088754169642925
30,6,25,1004,-1115.5769158544645,-1115.5769158544645,True,0.0,0.0,1,593775,1.0559267223310689,1.0559267223310693,4.205682084356092e-14,3.423792129382491
30,6,26,1000,-1115.4734217998644,-1115.4734217998644,True,0.0,0.0,1,593775,1.4947819270812743,1.4947819270812743,0.0,3.4264558078721166
30,6,26,1001,-1115.4734217998644,-1115.4734217998644,True,0.0,0.0,1,593775,1.4947819270812743,1.4947819270812743,0.0,3.4220674326643348
30,6,26,1002,-1115.4734217998644,-1115.4734217998644,True,0.0,0.0,1,593775,1.4947819270812743,1.4947819270812743,0.0,3.4192639384418726
30,6,26,1003,-1115.4734217998644,-1115.4734217998644,True,0.0,0.0,1,593775,1.4947819270812743,1.4947819270812743,0.0,3.4502958906814456
30,6,26,1004,-1115.4734217998644,-1115.4734217998644,True,0.0,0.0,1,593775,1.4947819270812743,1.4947819270812743,0.0,3.413586577400565
30,6,27,1000,-1115.4956203332438,-1115.4956203332438,True,0.0,0.0,1,593775,1.3525190515937275,1.3525190515937278,1.6417114765473155e-14,3.4268950074911118
30,6,27,1001,-1115.4956203332438,-1115.4956203332438,True,0.0,0.0,1,593775,1.3525190515937275,1.3525190515937278,1.6417114765473155e-14,3.434850993566215
30,6,27,1002,-1115.4956203332438,-1115.4956203332438,True,0.0,0.0,1,593775,1.3525190515937275,1.3525190515937278,1.6417114765473155e-14,3.4409314459189773
30,6,27,1003,-1115.4956203332438,-1115.4956203332438,True,0.0,0.0,1,593775,1.3525190515937275,1.3525190515937278,1.6417114765473155e-14,3.416110834106803
30,6,27,1004,-1115.4956203332438,-1115.4956203332438,True,0.0,0.0,1,593775,1.3525190515937275,1.3525190515937278,1.6417114765473155e-14,3.4174343766644597
30,6,28,1000,-1115.2538792140704,-1115.2538792140704,True,0.0,0.0,1,593775,1.1783590366346988,1.178359036634699,1.8843544117009814e-14,3.4113521790131927
30,6,28,1001,-1115.2538792140704,-1115.2538792140704,True,0.0,0.0,1,593775,1.1783590366346988,1.178359036634699,1.8843544117009814e-14,3.4221747014671564
30,6,28,1002,-1115.2538792140704,-1115.2538792140704,True,0.0,0.0,1,593775,1.1783590366346988,1.178359036634699,1.8843544117009814e-14,3.4097635690122843
30,6,28,1003,-1115.2538792140704,-1115.2538792140704,True,0.0,0.0,1,593775,1.1783590366346988,1.178359036634699,1.8843544117009814e-14,3.547862402163446
30,6,28,1004,-1115.2538792140704,-1115.2538792140704,True,0.0,0.0,1,593775,1.1783590366346988,1.178359036634699,1.8843544117009814e-14,3.410104127600789
30,6,29,1000,-1115.4865212884943,-1115.4865212884943,True,0.0,0.0,1,593775,1.3189387199046911,1.3189387199046914,1.6835096397888497e-14,3.4103041514754295
30,6,29,1001,-1115.4865212884943,-1115.4865212884943,True,0.0,0.0,1,593775,1.3189387199046911,1.3189387199046914,1.6835096397888497e-14,3.4428482688963413
30,6,29,1002,-1115.4865212884943,-1115.4865212884943,True,0.0,0.0,1,593775,1.3189387199046911,1.3189387199046914,1.6835096397888497e-14,3.3993241703137755
30,6,29,1003,-1115.4865212884943,-1115.4865212884943,True,0.0,0.0,1,593775,1.3189387199046911,1.3189387199046914,1.6835096397888497e-14,3.425945715047419
30,6,29,1004,-1115.4865212884943,-1115.4865212884943,True,0.0,0.0,1,593775,1.3189387199046911,1.3189387199046914,1.6835096397888497e-14,3.450097668915987
