spec_version,run_id,n_assets,n_select,instance,instance_digest,penalty_label,penalty,a_crit,a_over_crit,a_margin,a_heur,qaoa_seed,backend,precision,p_layers,steps,optimizer,stepsize,f_star,delta_F,feasible_set_size,data_start,data_end,status,error,shots,feasible_shots,distinct_shots,best_all_index,best_all_cardinality,best_all_feasible,best_all_E,best_all_f,energy_no_offset_solver,best_shot_scorer_agrees,feasible_shot_fraction,best_feasible_index,f_best_feasible,g_F,g_off,rank_best_feasible,rank_ties,is_optimal,within_tau_main,within_tau_alt,sharpe_best_feasible,return_best_feasible,volatility_best_feasible,shots_within_tau_main,shots_optimal,sharpe_optimum,deflation_D,abs_E_star,final_probs_sum,final_P_F,final_P_opt,final_P_tau_main,final_P_tau_alt,final_expected_f,final_expected_violation,final_Q_tau_main_10,final_Q_opt_10,final_Q_tau_main_100,final_Q_opt_100,final_Q_tau_main_1000,final_Q_opt_1000,final_Q_tau_main_10000,final_Q_opt_10000,initial_probs_sum,initial_P_F,initial_P_opt,initial_P_tau_main,initial_P_tau_alt,initial_expected_f,initial_expected_violation,initial_Q_tau_main_10,initial_Q_opt_10,initial_Q_tau_main_100,initial_Q_opt_100,initial_Q_tau_main_1000,initial_Q_opt_1000,initial_Q_tau_main_10000,initial_Q_opt_10000,hamiltonian_scale,final_expectation,expectation_at_final_angles,best_expectation,best_expectation_step,best_expectation_by_50,best_expectation_by_100,objective_evaluations,gradient_evaluations,initial_angles,final_angles,optimisation_seconds,sampling_seconds,state_seconds,runtime_s,evaluation_seconds
e1-v2,N12_i00_Aheur_s42,12,2,0,941157873a8b,Aheur,12.999999999979208,0.01071663840056869,1213.066963170965,0.19822334062316602,12.999999999979208,42,lightning_gpu,single,2,100,lbfgs_100grad,,-0.25261168083239516,0.6490147388383165,66,2023-08-06,2026-08-05,ok,,1000,183,630,12,2,True,-52.1507686029985,-0.15076860308166284,-52.15076860299848,True,0.183,12,-0.15076860308166284,0.1569195145444973,0.0019490523913516286,3,1,False,False,False,1.337964475552203,0.49124459998426784,0.36641077468214145,0,0,1.3218756853432454,80.51067033435503,52.252611680749226,1.0000012254358808,0.18375721666961908,0.002612411044538021,0.002612411044538021,0.002612411044538021,1.5154868565912012,12.926628258039273,0.02581912904689939,0.02581912904689939,0.2301679728502366,0.2301679728502366,0.9268928674809175,0.9268928674809175,0.9999999999956389,0.9999999999956389,0.9999987254332154,0.11304889840539545,0.0016602466348558664,0.0016602466348558664,0.0016602466348558664,1.9290688999262837,17.57221278230645,0.01647897506642292,0.01647897506642292,0.15309151580657682,0.15309151580657682,0.8101700052141562,0.8101700052141562,0.9999999392357197,0.9999999392357197,52.55393699499583,-1.5170623064041138,-1.5170623064041138,-1.517063021659851,24,-1.517063021659851,-1.517063021659851,35,35,2.4314546363447995 1.3787772821439981 2.6973649175810768 2.1908462769412909,2.243748352546552 1.3932321764233848 2.7954883204329564 2.0888006064765259,8.936997684650123,0.03545618709176779,0.09046138264238834,8.972453871741891,0.001695532351732254
e1-v2,N12_i00_Aheur_s43,12,2,0,941157873a8b,Aheur,12.999999999979208,0.01071663840056869,1213.066963170965,0.19822334062316602,12.999999999979208,43,lightning_gpu,single,2,100,lbfgs_100grad,,-0.25261168083239516,0.6490147388383165,66,2023-08-06,2026-08-05,ok,,1000,6,860,1032,2,True,-52.110616873275504,-0.1106168733586747,-52.110616873275504,True,0.006,1032,-0.1106168733586747,0.2187851815628711,0.002717468139990289,6,1,False,False,False,1.088869188485919,0.3163022861826948,0.2895685629796588,0,0,1.3218756853432454,80.51067033435503,52.252611680749226,1.0000008896922736,0.010599945613648742,0.0001598601375008002,0.0001598601375008002,0.0001598601375008002,1.9676789908790153,15.577752917502949,0.001597451878242757,0.001597451878242757,0.015860173230276137,0.015860173230276137,0.1477479107324519,0.1477479107324519,0.7978467417300777,0.7978467417300777,1.0000005665060598,0.2215427365154028,0.0033561328891664743,0.0033561328891664743,0.0033561328891664743,2.3450475490473313,21.8980077522574,0.03305897536534337,0.03305897536534337,0.28550389541308757,0.28550389541308757,0.9653264224404678,0.9653264224404678,0.9999999999999974,0.9999999999999974,52.55393699499583,-0.8526623249053955,-0.8526623249053955,-0.8526623249053955,13,-0.8526623249053955,-0.8526623249053955,34,34,2.0492585716432195 0.13752423515278736 0.062924802978478217 2.6364640840167701,1.8714461018218378 -0.018429645132979035 0.15435475131975787 2.7748203717067503,8.716057796031237,0.03183203376829624,0.08076759148389101,8.747889829799533,0.0016843723133206367
e1-v2,N12_i00_Aheur_s44,12,2,0,941157873a8b,Aheur,12.999999999979208,0.01071663840056869,1213.066963170965,0.19822334062316602,12.999999999979208,44,lightning_gpu,single,2,100,lbfgs_100grad,,-0.25261168083239516,0.6490147388383165,66,2023-08-06,2026-08-05,ok,,1000,539,201,1028,2,True,-52.252611680749226,-0.25261168083239516,-52.25261168074922,True,0.539,1028,-0.25261168083239516,0.0,0.0,1,1,True,True,True,1.3218756853432454,0.3043831643149789,0.229509603420991,10,10,1.3218756853432454,80.51067033435503,52.252611680749226,1.0000008693939328,0.5275763478130102,0.008079824969172478,0.008079824969172478,0.008079824969172478,0.14223815033931558,0.5841929569311155,0.07792290016378876,0.07792290016378876,0.5557040414928756,0.5557040414928756,0.9997002745454963,0.9997002745454963,1.0,1.0,1.0000004935645848,0.11896329908631742,0.001821970334276557,0.001821970334276557,0.001821970334276557,1.3455117267230983,11.752967032582092,0.018071045898507686,0.018071045898507686,0.16670138036876278,0.16670138036876278,0.8385616819804185,0.8385616819804185,0.9999999879755217,0.9999999879755217,52.55393699499583,-4.596272945404053,-4.596273899078369,-4.596273899078369,52,-4.596273422241211,-4.596273899078369,100,100,0.38505090477492371 0.8108861395016167 1.274766337564649 3.0447811714676671,0.31495067097641727 0.96668034572081518 0.45239347425578935 3.3295196886424261,25.739933595061302,0.031176691874861717,0.08566484414041042,25.771110286936164,0.0016851499676704407
e1-v2,N12_i00_Aheur_s45,12,2,0,941157873a8b,Aheur,12.999999999979208,0.01071663840056869,1213.066963170965,0.19822334062316602,12.999999999979208,45,lightning_gpu,single,2,100,lbfgs_100grad,,-0.25261168083239516,0.6490147388383165,66,2023-08-06,2026-08-05,ok,,1000,522,209,1028,2,True,-52.252611680749226,-0.25261168083239516,-52.25261168074922,True,0.522,1028,-0.25261168083239516,0.0,0.0,1,1,True,True,True,1.3218756853432454,0.3043831643149789,0.229509603420991,5,5,1.3218756853432454,80.51067033435503,52.252611680749226,1.0000009218711874,0.5277453530579805,0.00808237586170435,0.00808237586170435,0.00808237586170435,0.1422540592865476,0.5841903442088956,0.07794661268045316,0.07794661268045316,0.5558182852606816,0.5558182852606816,0.9997010443515326,0.9997010443515326,1.0,1.0,1.000000907136382,0.06755057454574853,0.001034809509292245,0.001034809509292245,0.001034809509292245,2.5986586865560186,24.629574968536872,0.01030004044269276,0.01030004044269276,0.0983551110804577,0.0983551110804577,0.6448962555483828,0.6448962555483828,0.9999681174890016,0.9999681174890016,52.55393699499583,-4.5962724685668945,-4.5962724685668945,-4.5962724685668945,48,-4.5962724685668945,-4.5962724685668945,89,89,1.8005430614133757 1.660303899153966 2.3990779832738145 2.5500080338093531,0.31545995466029492 0.96813255821310973 3.5938188634274293 3.3291451318699585,22.873444453813136,0.030374376103281975,0.08145296666771173,22.903818829916418,0.001507471315562725
e1-v2,N12_i00_Aheur_s46,12,2,0,941157873a8b,Aheur,12.999999999979208,0.01071663840056869,1213.066963170965,0.19822334062316602,12.999999999979208,46,lightning_gpu,single,2,100,lbfgs_100grad,,-0.25261168083239516,0.6490147388383165,66,2023-08-06,2026-08-05,ok,,1000,448,244,1028,2,True,-52.252611680749226,-0.25261168083239516,-52.25261168074922,True,0.448,1028,-0.25261168083239516,0.0,0.0,1,1,True,True,True,1.3218756853432454,0.3043831643149789,0.229509603420991,8,8,1.3218756853432454,80.51067033435503,52.252611680749226,1.0000006718595529,0.4414446116425097,0.006178307346999645,0.006178307346999645,0.006178307346999645,0.1711531061705192,0.822746592284588,0.06009335328603471,0.06009335328603471,0.4619195563918866,0.4619195563918866,0.9979654326062841,0.9979654326062841,1.0,1.0,1.0000004891253411,0.011615844035986811,0.0001726314949337393,0.0001726314949337393,0.0001726314949337393,2.9484879453256134,28.414050952081197,0.0017249744930280407,0.0017249744930280407,0.017116459836801105,0.017116459836801105,0.15856490417089064,0.15856490417089064,0.8220875982198487,0.8220875982198487,52.55393699499583,-4.536712169647217,-4.536712169647217,-4.536712169647217,39,-4.536712169647217,-4.536712169647217,55,55,2.8450397427097829 0.24261512621431053 0.85630314278475539 1.9536009066557216,1.946936358254358 -2.2547600222340671 1.5791146982324045 2.0438437733752446,14.12605960574001,0.03017289750277996,0.08375336229801178,14.15623250324279,0.001505252905189991
e1-v2,N12_i00_Amargin_s42,12,2,0,941157873a8b,Amargin,0.19822334062316602,0.01071663840056869,18.49678352613326,0.19822334062316602,12.999999999979208,42,lightning_gpu,single,2,100,lbfgs_100grad,,-0.25261168083239516,0.6490147388383165,66,2023-08-06,2026-08-05,ok,,1000,446,162,1028,2,True,-1.0455050433250592,-0.25261168083239516,-1.0455050433250592,True,0.446,1028,-0.25261168083239516,0.0,0.0,1,1,True,True,True,1.3218756853432454,0.3043831643149789,0.229509603420991,10,10,1.3218756853432454,1.6109110945560774,1.0455050433250592,0.9999999607920578,0.44295258121564984,0.006967807654291391,0.006967807654291391,0.006967807654291391,0.0832688649257775,0.7968459942005861,0.06753341493610185,0.06753341493610185,0.5030270188161504,0.5030270188161504,0.999080974034369,0.999080974034369,1.0,1.0,0.999998708334541,0.19428754411637783,0.0001988208678085357,0.0001988208678085357,0.0001988208678085357,1.6294665068892236,12.765428231552175,0.001986430782691268,0.001986430782691268,0.019687679331102517,0.019687679331102517,0.18031948893444147,0.18031948893444147,0.8630865566206324,0.8630865566206324,1.3468303575716642,-4.316870212554932,-4.316870212554932,-4.316870212554932,48,-4.316870212554932,-4.316870212554932,66,66,2.4314546363447995 1.3787772821439981 2.6973649175810768 2.1908462769412909,0.34009822885544433 0.85871937865928949 2.0187714653800586 1.3298035331019911,17.010162433609366,0.030810036696493626,0.08140384219586849,17.04097247030586,0.0015207184478640556
e1-v2,N12_i00_Amargin_s43,12,2,0,941157873a8b,Amargin,0.19822334062316602,0.01071663840056869,18.49678352613326,0.19822334062316602,12.999999999979208,43,lightning_gpu,single,2,100,lbfgs_100grad,,-0.25261168083239516,0.6490147388383165,66,2023-08-06,2026-08-05,ok,,1000,11,820,260,2,True,-0.9100028390465092,-0.11710947655384518,-0.9100028390465091,True,0.011,260,-0.11710947655384518,0.20878139766299897,0.12960454389354947,5,1,False,False,False,1.1121478218618994,0.3282008230161339,0.2942062346247745,0,0,1.3218756853432454,1.6109110945560774,1.0455050433250592,0.9999997705429138,0.012867974262917414,0.00023066751600708812,0.00023066751600708812,0.00023066751600708812,1.8376113750344838,15.085864317172081,0.0023042822946332925,0.0023042822946332925,0.022805347992317045,0.022805347992317045,0.20601771085805373,0.20601771085805373,0.9004346671269626,0.9004346671269626,0.9999993937294747,0.10368476493749768,0.003290303749963641,0.003290303749963641,0.003290303749963641,1.9491955232879932,17.083975530642824,0.03242011307751257,0.03242011307751257,0.2807691272599747,0.2807691272599747,0.9629589566884877,0.9629589566884877,0.9999999999999951,0.9999999999999951,1.3468303575716642,-0.9112797975540161,-0.9112797975540161,-0.9112797975540161,19,-0.9112797975540161,-0.9112797975540161,28,28,2.0492585716432195 0.13752423515278736 0.062924802978478217 2.6364640840167701,2.1982678523463335 -0.035502495365703428 0.19479311381584191 2.6793744082195268,7.208765482529998,0.030093125998973846,0.08069659397006035,7.238858608528972,0.0014251228421926498
e1-v2,N12_i00_Amargin_s44,12,2,0,941157873a8b,Amargin,0.19822334062316602,0.01071663840056869,18.49678352613326,0.19822334062316602,12.999999999979208,44,lightning_gpu,single,2,100,lbfgs_100grad,,-0.25261168083239516,0.6490147388383165,66,2023-08-06,2026-08-05,ok,,1000,463,146,1028,2,True,-1.0455050433250592,-0.25261168083239516,-1.0455050433250592,True,0.463,1028,-0.25261168083239516,0.0,0.0,1,1,True,True,True,1.3218756853432454,0.3043831643149789,0.229509603420991,20,20,1.3218756853432454,1.6109110945560774,1.0455050433250592,1.0000004975578847,0.4491604526992887,0.013481716625392437,0.013481716625392437,0.013481716625392437,0.05067379549009516,0.7799952768715315,0.12692533609303808,0.12692533609303808,0.742656114163667,0.742656114163667,0.999998726090594,0.999998726090594,1.0,1.0,1.000001264430466,0.12332593882456422,0.002728606341406703,0.002728606341406703,0.002728606341406703,1.4383779077460996,12.447065051215759,0.026953451478511,0.026953451478511,0.2390849656346325,0.2390849656346325,0.9349328700351905,0.9349328700351905,0.9999999999986398,0.9999999999986398,1.3468303575716642,-4.3435564041137695,-4.3435564041137695,-4.3435564041137695,23,-4.3435564041137695,-4.3435564041137695,63,63,0.38505090477492371 0.8108861395016167 1.274766337564649 3.0447811714676671,0.36215987229713265 1.0852947110699398 0.48824200932021866 3.3661336191872024,16.2968774382025,0.03150404989719391,0.0813221912831068,16.328381488099694,0.0015169894322752953
e1-v2,N12_i00_Amargin_s45,12,2,0,941157873a8b,Amargin,0.19822334062316602,0.01071663840056869,18.49678352613326,0.19822334062316602,12.999999999979208,45,lightning_gpu,single,2,100,lbfgs_100grad,,-0.25261168083239516,0.6490147388383165,66,2023-08-06,2026-08-05,ok,,1000,528,175,1028,2,True,-1.0455050433250592,-0.25261168083239516,-1.0455050433250592,True,0.528,1028,-0.25261168083239516,0.0,0.0,1,1,True,True,True,1.3218756853432454,0.3043831643149789,0.229509603420991,14,14,1.3218756853432454,1.6109110945560774,1.0455050433250592,1.0000009851355571,0.5573748275637627,0.009316937066614628,0.009316937066614628,0.009316937066614628,0.13690913994670256,0.8481813809821546,0.08935861776350638,0.08935861776350638,0.607830494602519,0.607830494602519,0.9999139525103824,0.9999139525103824,1.0,1.0,1.000000941915399,0.13479332547285594,0.004262568429112434,0.004262568429112434,0.004262568429112434,3.1121062671157205,28.969783817941774,0.04181728212766554,0.04181728212766554,0.34764599196631585,0.34764599196631585,0.9860416735824582,0.9860416735824582,1.0,1.0,1.3468303575716642,-4.269491672515869,-4.269491672515869,-4.269491672515869,97,-4.2671427726745605,-4.269491672515869,100,100,1.8005430614133757 1.660303899153966 2.3990779832738145 2.5500080338093531,0.52789755280469997 2.7884075554908576 2.0594814797385532 1.4415042936020714,25.708027886226773,0.030303072184324265,0.08109304029494524,25.738330958411098,0.001441657543182373
e1-v2,N12_i00_Amargin_s46,12,2,0,941157873a8b,Amargin,0.19822334062316602,0.01071663840056869,18.49678352613326,0.19822334062316602,12.999999999979208,46,lightning_gpu,single,2,100,lbfgs_100grad,,-0.25261168083239516,0.6490147388383165,66,2023-08-06,2026-08-05,ok,,1000,351,117,1028,2,True,-1.0455050433250592,-0.25261168083239516,-1.0455050433250592,True,0.351,1028,-0.25261168083239516,0.0,0.0,1,1,True,True,True,1.3218756853432454,0.3043831643149789,0.229509603420991,45,45,1.3218756853432454,1.6109110945560774,1.0455050433250592,1.0000000884209996,0.3710523281333735,0.037315890192985535,0.037315890192985535,0.037315890192985535,-0.008044288686560668,1.0383099365233004,0.316343364278764,0.316343364278764,0.9776961243489661,0.9776961243489661,1.0,1.0,1.0,1.0,0.9999999284692507,0.11947683713515289,0.0054632145911455154,0.0054632145911455154,0.0054632145911455154,2.745484234859372,22.068894265423125,0.05330842502388277,0.05330842502388277,0.42179063485726376,0.42179063485726376,0.9958231275268664,0.9958231275268664,1.0,1.0,1.3468303575716642,-4.34913444519043,-4.34913444519043,-4.34913444519043,69,-4.3491339683532715,-4.34913444519043,87,87,2.8450397427097829 0.24261512621431053 0.85630314278475539 1.9536009066557216,1.2984380919800003 -1.1035137738482046 1.5636455929232951 0.93659860663102068,22.373936981894076,0.03043239563703537,0.08122907299548388,22.40436937753111,0.0013608718290925026
e1-v2,N12_i01_Aheur_s42,12,2,1,3798cace2ea7,Aheur,12.999999999983347,0.17571589589173636,73.98306188526632,0.3539176455668778,12.999999999983347,42,lightning_gpu,single,2,100,lbfgs_100grad,,0.15347271196197812,0.6821104373880992,66,2023-08-06,2026-08-05,ok,,1000,198,616,17,2,True,-51.846527287971405,0.15347271196197812,-51.84652728797141,True,0.198,17,0.15347271196197812,0.0,0.0,1,1,True,True,True,0.8071062374637792,0.172876351205122,0.21295381354655352,2,2,0.8071062374637792,76.00899274683343,51.846527287971405,1.000000988206466,0.178514514118433,0.0024998553562909365,0.0024998553562909365,0.0024998553562909365,2.9644788414261614,12.872812884299492,0.024719202604697267,0.024719202604697267,0.22143167076755005,0.22143167076755005,0.918159677105016,0.918159677105016,0.9999999999865206,0.9999999999865206,0.9999980769207468,0.11475107236765325,0.001693314639851451,0.001693314639851451,0.001693314639851451,3.656944717588556,17.53705701293802,0.01680469815624354,0.01680469815624354,0.15589213612869737,0.15589213612869737,0.8163548502885108,0.8163548502885108,0.9999999563690544,0.9999999563690544,52.83619466974709,-1.5349767208099365,-1.5349767208099365,-1.5349767208099365,41,-1.5349767208099365,-1.5349767208099365,50,50,2.4314546363447995 1.3787772821439981 2.6973649175810768 2.1908462769412909,2.2429547844565132 1.3903182652083346 2.7927940446833164 2.0942021702368034,12.831372303888202,0.030292008072137833,0.08123001176863909,12.86166431196034,0.0015067486092448235
e1-v2,N12_i01_Aheur_s43,12,2,1,3798cace2ea7,Aheur,12.999999999983347,0.17571589589173636,73.98306188526632,0.3539176455668778,12.999999999983347,43,lightning_gpu,single,2,100,lbfgs_100grad,,0.15347271196197812,0.6821104373880992,66,2023-08-06,2026-08-05,ok,,1000,16,856,129,2,True,-51.723174808645304,0.2768251912880799,-51.72317480864531,True,0.016,129,0.2768251912880799,0.18083945438283647,0.00237918498650767,7,1,False,False,False,0.9245006956164254,0.2484950359282484,0.2677067060108886,0,0,0.8071062374637792,76.00899274683343,51.846527287971405,1.0000008419701771,0.010676877500372939,0.0001612061751075089,0.0001612061751075089,0.0001612061751075089,3.86456978013253,15.547849350754404,0.001610892819263238,0.001610892819263238,0.0159926545031834,0.0159926545031834,0.14889448631832794,0.14889448631832794,0.8005500003121329,0.8005500003121329,0.9999994358452113,0.22293777321465313,0.003375985426828265,0.003375985426828265,0.003375985426828265,4.36362425692342,21.829161711011693,0.033251566852989876,0.033251566852989876,0.28692572564489,0.28692572564489,0.9660102722111797,0.9660102722111797,0.9999999999999979,0.9999999999999979,52.83619466974709,-0.8597660064697266,-0.8597660064697266,-0.8597660064697266,64,-0.8597646355628967,-0.8597660064697266,99,99,2.0492585716432195 0.13752423515278736 0.062924802978478217 2.6364640840167701,1.873836705106994 -0.019009381514646376 0.15092189030436634 2.7772081039837202,25.723400778137147,0.030112318694591522,0.0853772321715951,25.75351309683174,0.0014161188155412674
e1-v2,N12_i01_Aheur_s44,12,2,1,3798cace2ea7,Aheur,12.999999999983347,0.17571589589173636,73.98306188526632,0.3539176455668778,12.999999999983347,44,lightning_gpu,single,2,100,lbfgs_100grad,,0.15347271196197812,0.6821104373880992,66,2023-08-06,2026-08-05,ok,,1000,518,212,17,2,True,-51.846527287971405,0.15347271196197812,-51.84652728797141,True,0.518,17,0.15347271196197812,0.0,0.0,1,1,True,True,True,0.8071062374637792,0.172876351205122,0.21295381354655352,12,12,0.8071062374637792,76.00899274683343,51.846527287971405,1.0000011575778451,0.5273113902658224,0.008085533045232296,0.008085533045232296,0.008085533045232296,0.5188867146480947,0.5858167105109224,0.07797596038030256,0.07797596038030256,0.5559596419856874,0.5559596419856874,0.9997019943889237,0.9997019943889237,1.0,1.0,1.0000000789077603,0.11910597118549049,0.0018288360442966223,0.0018288360442966223,0.0018288360442966223,2.655610369609354,11.748848209390417,0.01813858325752397,0.01813858325752397,0.16727434822025514,0.16727434822025514,0.8396682874881596,0.8396682874881596,0.9999999887747941,0.9999999887747941,52.83619466974709,-4.604396343231201,-4.604396343231201,-4.604396820068359,53,-4.604396343231201,-4.604396820068359,72,72,0.38505090477492371 0.8108861395016167 1.274766337564649 3.0447811714676671,0.31570961088610916 0.96869681662247487 0.45298398143949425 3.3299096672548218,18.658343168906868,0.03012859169393778,0.0855822628363967,18.688471760600805,0.0014236969873309135
e1-v2,N12_i01_Aheur_s45,12,2,1,3798cace2ea7,Aheur,12.999999999983347,0.17571589589173636,73.98306188526632,0.3539176455668778,12.999999999983347,45,lightning_gpu,single,2,100,lbfgs_100grad,,0.15347271196197812,0.6821104373880992,66,2023-08-06,2026-08-05,ok,,1000,542,197,17,2,True,-51.846527287971405,0.15347271196197812,-51.84652728797141,True,0.542,17,0.15347271196197812,0.0,0.0,1,1,True,True,True,0.8071062374637792,0.172876351205122,0.21295381354655352,9,9,0.8071062374637792,76.00899274683343,51.846527287971405,1.000000456974675,0.5273772003129125,0.00808669999241829,0.00808669999241829,0.00808669999241829,0.5184751176869729,0.5858502423388856,0.07798680756217304,0.07798680756217304,0.5560118784928741,0.5560118784928741,0.9997023447745108,0.9997023447745108,1.0,1.0,1.0000003811219358,0.06965742155443877,0.0010688207112252712,0.0010688207112252712,0.0010688207112252712,4.819971144289112,24.690745325238822,0.010636946361109909,0.010636946361109909,0.10141972261098207,0.10141972261098207,0.6567829754982906,0.6567829754982906,0.9999773176410431,0.9999773176410431,52.83619466974709,-4.604391098022461,-4.604391098022461,-4.604391098022461,65,-4.604384422302246,-4.604391098022461,74,74,1.8005430614133757 1.660303899153966 2.3990779832738145 2.5500080338093531,0.31564898706639649 0.96957609450444948 3.5948995107844168 3.32995629275075,19.121880603022873,0.030639220029115677,0.08571644779294729,19.15251982305199,0.0015081241726875305
e1-v2,N12_i01_Aheur_s46,12,2,1,3798cace2ea7,Aheur,12.999999999983347,0.17571589589173636,73.98306188526632,0.3539176455668778,12.999999999983347,46,lightning_gpu,single,2,100,lbfgs_100grad,,0.15347271196197812,0.6821104373880992,66,2023-08-06,2026-08-05,ok,,1000,421,243,17,2,True,-51.846527287971405,0.15347271196197812,-51.84652728797141,True,0.421,17,0.15347271196197812,0.0,0.0,1,1,True,True,True,0.8071062374637792,0.172876351205122,0.21295381354655352,8,8,0.8071062374637792,76.00899274683343,51.846527287971405,1.000000542832872,0.44149306789040565,0.006102736108005047,0.006102736108005047,0.006102736108005047,0.5625531152463632,0.8228327749797018,0.059378393845783646,0.059378393845783646,0.4578124972130017,0.4578124972130017,0.9978046941717591,0.9978046941717591,1.0,1.0,1.0000001385060386,0.011511284072184935,0.00017094997747335583,0.00017094997747335583,0.00017094997747335583,5.384896055196883,28.421791855877927,0.00170818529878723,0.00170818529878723,0.01695114395494572,0.01695114395494572,0.15714858260360526,0.15714858260360526,0.8190701534306194,0.8190701534306194,52.83619466974709,-4.5452494621276855,-4.5452494621276855,-4.5452494621276855,37,-4.5452494621276855,-4.5452494621276855,45,45,2.8450397427097829 0.24261512621431053 0.85630314278475539 1.9536009066557216,1.9471188159238755 -2.2543444810789754 1.5791277556030994 2.0449668539669501,11.671355419792235,0.03245370462536812,0.08184951916337013,11.703809124417603,0.001320796087384224
e1-v2,N12_i01_Amargin_s42,12,2,1,3798cace2ea7,Amargin,0.3539176455668778,0.17571589589173636,2.0141470057150475,0.3539176455668778,12.999999999983347,42,lightning_gpu,single,2,100,lbfgs_100grad,,0.15347271196197812,0.6821104373880992,66,2023-08-06,2026-08-05,ok,,1000,191,469,24,2,True,-1.2087405679314887,0.20693001433602265,-1.208740567931489,True,0.191,24,0.20693001433602265,0.07837045065420839,0.04235255313899747,3,1,False,False,False,1.5910944783780911,0.522570631365531,0.32780619784263393,0,0,0.8071062374637792,1.8504303718598323,1.2621978703055332,0.9999999852940711,0.19260162800492253,0.0008904158603399992,0.0008904158603399992,0.0008904158603399992,2.627866232897669,12.013298742370587,0.008868565368260759,0.008868565368260759,0.08522875607411821,0.08522875607411821,0.5896777761077993,0.5896777761077993,0.9998647147654843,0.9998647147654843,0.9999981885582763,0.20211332801409299,0.0012702832464128733,0.0012702832464128733,0.0012702832464128733,3.0053976067862775,12.920731101675551,0.01263046500995681,0.01263046500995681,0.11936238731547476,0.11936238731547476,0.7194745255329702,0.7194745255329702,0.9999969819734511,0.9999969819734511,2.2518652520812137,-1.890913963317871,-1.890913963317871,-1.890913963317871,12,-1.890913963317871,-1.890913963317871,24,24,2.4314546363447995 1.3787772821439981 2.6973649175810768 2.1908462769412909,2.3396151247937058 1.4262246428126113 2.7303234909608447 2.3443216260692767,6.194289875216782,0.031215290538966656,0.08735815156251192,6.225505165755749,0.0013552363961935043
e1-v2,N12_i01_Amargin_s43,12,2,1,3798cace2ea7,Amargin,0.3539176455668778,0.17571589589173636,2.0141470057150475,0.3539176455668778,12.999999999983347,43,lightning_gpu,single,2,100,lbfgs_100grad,,0.15347271196197812,0.6821104373880992,66,2023-08-06,2026-08-05,ok,,1000,28,850,1040,2,True,-1.1488351620752064,0.2668354201923049,-1.1488351620752066,True,0.028,1040,0.2668354201923049,0.1661940677295735,0.08981373752665713,6,1,False,False,False,1.0537754708630322,0.2953138156004542,0.27929461610964806,0,0,0.8071062374637792,1.8504303718598323,1.2621978703055332,1.0000008503629942,0.02103891782462597,0.0003712936013471335,0.0003712936013471335,0.0003712936013471335,3.5639061930969724,14.252890109333748,0.003706738499590991,0.003706738499590991,0.036455161193676776,0.036455161193676776,0.310206187066951,0.310206187066951,0.9756110587975764,0.9756110587975764,1.000000343627562,0.19667955837212503,0.004416975658386946,0.004416975658386946,0.004416975658386946,3.676286573808942,16.667502849089942,0.04330208259632891,0.04330208259632891,0.3576846725008298,0.3576846725008298,0.9880468365937636,0.9880468365937636,1.0,1.0,2.2518652520812137,-1.1232565641403198,-1.1232565641403198,-1.1232565641403198,21,-1.1232565641403198,-1.1232565641403198,38,38,2.0492585716432195 0.13752423515278736 0.062924802978478217 2.6364640840167701,2.1159051704432761 -0.027774428718933871 0.16403310037727342 2.7008396734959486,9.751000141724944,0.030296499840915203,0.08118819072842598,9.78129664156586,0.0014164717867970467
e1-v2,N12_i01_Amargin_s44,12,2,1,3798cace2ea7,Amargin,0.3539176455668778,0.17571589589173636,2.0141470057150475,0.3539176455668778,12.999999999983347,44,lightning_gpu,single,2,100,lbfgs_100grad,,0.15347271196197812,0.6821104373880992,66,2023-08-06,2026-08-05,ok,,1000,399,130,17,2,True,-1.2621978703055332,0.15347271196197812,-1.2621978703055334,True,0.399,17,0.15347271196197812,0.0,0.0,1,1,True,True,True,0.8071062374637792,0.172876351205122,0.21295381354655352,18,18,0.8071062374637792,1.8504303718598323,1.2621978703055332,1.00000063780024,0.4083282258361578,0.010196436196565628,0.010196436196565628,0.010196436196565628,0.31349732680246983,0.8879007924586757,0.09741080209945199,0.09741080209945199,0.6411596131377709,0.6411596131377709,0.9999645991930188,0.9999645991930188,1.0,1.0,1.0000001517910277,0.12422660435549915,0.0025230329483747482,0.0025230329483747482,0.0025230329483747482,2.7763145446212296,12.047801711290958,0.02494579201625042,0.02494579201625042,0.22323864792434395,0.22323864792434395,0.920039391536047,0.920039391536047,0.9999999999893153,0.9999999999893153,2.2518652520812137,-4.667207717895508,-4.667207717895508,-4.667207717895508,29,-4.667207717895508,-4.667207717895508,75,75,0.38505090477492371 0.8108861395016167 1.274766337564649 3.0447811714676671,0.35386185688225591 1.0600048979675343 0.48633021704307283 3.371175734625028,19.41005101520568,0.030224108137190342,0.08512561582028866,19.44027512334287,0.001351785846054554
e1-v2,N12_i01_Amargin_s45,12,2,1,3798cace2ea7,Amargin,0.3539176455668778,0.17571589589173636,2.0141470057150475,0.3539176455668778,12.999999999983347,45,lightning_gpu,single,2,100,lbfgs_100grad,,0.15347271196197812,0.6821104373880992,66,2023-08-06,2026-08-05,ok,,1000,59,639,17,2,True,-1.2621978703055332,0.15347271196197812,-1.2621978703055334,True,0.059,17,0.15347271196197812,0.0,0.0,1,1,True,True,True,0.8071062374637792,0.172876351205122,0.21295381354655352,1,1,0.8071062374637792,1.8504303718598323,1.2621978703055332,1.0000002877517487,0.06743915815258106,0.004152956884354353,0.004152956884354353,0.004152956884354353,3.353722110525674,13.432666772163806,0.04076198454830965,0.04076198454830965,0.3404255574786518,0.3404255574786518,0.9844174621430092,0.9844174621430092,1.0,1.0,1.0000008261713005,0.14922964057768695,0.004855194594711065,0.004855194594711065,0.004855194594711065,5.4866667213627025,30.156456771090014,0.0475047829065817,0.0475047829065817,0.38534978813774534,0.38534978813774534,0.9923037289128099,0.9923037289128099,1.0,1.0,2.2518652520812137,-1.3455036878585815,-1.3455036878585815,-1.3455036878585815,37,-1.3455036878585815,-1.3455036878585815,45,45,1.8005430614133757 1.660303899153966 2.3990779832738145 2.5500080338093531,6.1269179649798398 13.056243109394943 6.6757094977409084 0.78443786715514419,11.556409120559692,0.03207053802907467,0.08720916416496038,11.588479658588767,0.0014118338003754616
e1-v2,N12_i01_Amargin_s46,12,2,1,3798cace2ea7,Amargin,0.3539176455668778,0.17571589589173636,2.0141470057150475,0.3539176455668778,12.999999999983347,46,lightning_gpu,single,2,100,lbfgs_100grad,,0.15347271196197812,0.6821104373880992,66,2023-08-06,2026-08-05,ok,,1000,308,156,17,2,True,-1.2621978703055332,0.15347271196197812,-1.2621978703055334,True,0.308,17,0.15347271196197812,0.0,0.0,1,1,True,True,True,0.8071062374637792,0.172876351205122,0.21295381354655352,3,3,0.8071062374637792,1.8504303718598323,1.2621978703055332,1.0000010253212337,0.32460620254278183,0.005149591248482466,0.005149591248482466,0.005149591248482466,0.3285729182800483,1.186024753965112,0.05031882966866715,0.05031882966866715,0.4032694508594918,0.4032694508594918,0.99427490473485,0.99427490473485,1.0,1.0,1.0000004445129989,0.07429760263767093,0.0026411900762468576,0.0026411900762468576,0.0026411900762468576,5.134732647384349,25.2662369236917,0.026100186706307676,0.026100186706307676,0.2323861081571475,0.2323861081571475,0.9289722172749122,0.9289722172749122,0.999999999996732,0.999999999996732,2.2518652520812137,-4.613662242889404,-4.613662242889404,-4.613662242889404,86,-4.594365119934082,-4.613662242889404,100,100,2.8450397427097829 0.24261512621431053 0.85630314278475539 1.9536009066557216,1.1665244056907065 -1.6009480107135836 1.5348927367394192 1.017512125753905,25.82076397445053,0.030166231095790863,0.08545307349413633,25.85093020554632,0.001470077782869339
e1-v2,N12_i02_Aheur_s42,12,2,2,742e2b26d834,Aheur,12.99999999998611,0.0,,0.15047462098089207,12.99999999998611,42,lightning_gpu,single,2,100,lbfgs_100grad,,-0.1375171886609703,0.5915073884278561,66,2023-08-06,2026-08-05,ok,,1000,189,614,17,2,True,-52.137517188605415,-0.1375171886609703,-52.137517188605415,True,0.189,17,-0.1375171886609703,0.0,0.0,1,1,True,True,True,1.5925130800477116,0.44467945089569777,0.2786033323396032,2,2,1.5925130800477116,88.14347581892365,52.137517188605415,1.000001497287485,0.18391992175020278,0.0026969530154019594,0.0026969530154019594,0.0026969530154019594,1.356245810177727,12.92865010427704,0.026644563051912887,0.026644563051912887,0.23666602807954001,0.23666602807954001,0.9328345530010465,0.9328345530010465,0.9999999999981316,0.9999999999981316,0.9999989823863871,0.11263081384822726,0.0016917921602725983,0.0016917921602725983,0.0016917921602725983,1.7033202733511423,17.623268690331315,0.01678970371551773,0.01678970371551773,0.15576339472843476,0.15576339472843476,0.8160745665943318,0.8160745665943318,0.9999999556985562,0.9999999556985562,52.43747176825782,-1.518041729927063,-1.518041729927063,-1.518041729927063,22,-1.518041729927063,-1.518041729927063,76,76,2.4314546363447995 1.3787772821439981 2.6973649175810768 2.1908462769412909,2.2414069128467475 1.3918905330140681 2.7955583503475658 2.0885544261243996,19.64428812544793,0.03060420136898756,0.08136408776044846,19.674892326816916,0.0015147682279348373
e1-v2,N12_i02_Aheur_s43,12,2,2,742e2b26d834,Aheur,12.99999999998611,0.0,,0.15047462098089207,12.99999999998611,43,lightning_gpu,single,2,100,lbfgs_100grad,,-0.1375171886609703,0.5915073884278561,66,2023-08-06,2026-08-05,ok,,1000,16,841,3,2,True,-51.98128809662722,0.018711903317222472,-51.981288096627225,True,0.016,3,0.018711903317222472,0.26412027141947936,0.002996481236592839,9,1,False,False,False,0.6375433240521916,0.11269724861407177,0.1751994639425129,0,0,1.5925130800477116,88.14347581892365,52.137517188605415,1.000000596789505,0.010598035645671189,0.00015964076737873256,0.00015964076737873256,0.00015964076737873256,1.7616630570348646,15.578456618110067,0.0015952613290102806,0.0015952613290102806,0.01583858045658816,0.01583858045658816,0.14756090170147262,0.14756090170147262,0.7974027201006891,0.7974027201006891,1.0000006233763088,0.22198683861643076,0.003365699201822281,0.003365699201822281,0.003365699201822281,2.052232826609427,21.933402565256984,0.03315178344790503,0.03315178344790503,0.2861893806534603,0.2861893806534603,0.9656576471087363,0.9656576471087363,0.9999999999999977,0.9999999999999977,52.43747176825782,-0.8533821702003479,-0.8533821702003479,-0.8533821702003479,14,-0.8533821702003479,-0.8533821702003479,63,63,2.0492585716432195 0.13752423515278736 0.062924802978478217 2.6364640840167701,1.8694246990339531 -0.018421301253790642 0.15415306888217681 2.7750585909123129,16.420965373516083,0.03032576944679022,0.08101699408143759,16.451291142962873,0.0013776039704680443
e1-v2,N12_i02_Aheur_s44,12,2,2,742e2b26d834,Aheur,12.99999999998611,0.0,,0.15047462098089207,12.99999999998611,44,lightning_gpu,single,2,100,lbfgs_100grad,,-0.1375171886609703,0.5915073884278561,66,2023-08-06,2026-08-05,ok,,1000,538,200,17,2,True,-52.137517188605415,-0.1375171886609703,-52.137517188605415,True,0.538,17,-0.1375171886609703,0.0,0.0,1,1,True,True,True,1.5925130800477116,0.44467945089569777,0.2786033323396032,9,9,1.5925130800477116,88.14347581892365,52.137517188605415,1.0000009021428156,0.527763931080699,0.008059194311499596,0.008059194311499596,0.008059194311499596,0.17738048480990745,0.5841428055041291,0.07773110209354196,0.07773110209354196,0.5547790113019635,0.5547790113019635,0.9996939754292508,0.9996939754292508,1.0,1.0,1.0000008314236766,0.11892753292340785,0.0018073623068630695,0.0018073623068630695,0.0018073623068630695,1.2054750224180872,11.74467378771078,0.01792733416239273,0.01792733416239273,0.1654809897013784,0.1654809897013784,0.8361817269560371,0.8361817269560371,0.9999999860805064,0.9999999860805064,52.43747176825782,-4.60089635848999,-4.60089635848999,-4.60089635848999,93,-4.600894451141357,-4.60089635848999,100,100,0.38505090477492371 0.8108861395016167 1.274766337564649 3.0447811714676671,0.31505315401451012 0.9673082281689408 0.45238984821698619 3.3291620908871247,25.859053710475564,0.0301720779389143,0.08073099423199892,25.88922578841448,0.0014441106468439102
e1-v2,N12_i02_Aheur_s45,12,2,2,742e2b26d834,Aheur,12.99999999998611,0.0,,0.15047462098089207,12.99999999998611,45,lightning_gpu,single,2,100,lbfgs_100grad,,-0.1375171886609703,0.5915073884278561,66,2023-08-06,2026-08-05,ok,,1000,90,614,17,2,True,-52.137517188605415,-0.1375171886609703,-52.137517188605415,True,0.09,17,-0.1375171886609703,0.0,0.0,1,1,True,True,True,1.5925130800477116,0.44467945089569777,0.2786033323396032,4,4,1.5925130800477116,88.14347581892365,52.137517188605415,0.9999996279536845,0.07988120126537979,0.001281936769373715,0.001281936769373715,0.001281936769373715,1.658963243615531,17.512406072382873,0.01274566864516679,0.01274566864516679,0.12038935239543505,0.12038935239543505,0.7227287896931737,0.7227287896931737,0.9999973143600941,0.9999973143600941,1.0000010988251233,0.06879983097314835,0.00104676210321486,0.00104676210321486,0.00104676210321486,2.2646697400189213,24.58919671858075,0.010418451423647649,0.010418451423647649,0.0994332882747529,0.0994332882747529,0.6491197708645052,0.6491197708645052,0.9999717128639394,0.9999717128639394,52.43747176825782,-0.3758833408355713,-0.3758833408355713,-0.3758833408355713,39,-0.3758833408355713,-0.3758833408355713,70,70,1.8005430614133757 1.660303899153966 2.3990779832738145 2.5500080338093531,1.6716315010182816 2.0743089842909797 2.517582535727243 2.5391951987233221,18.07321066968143,0.02999616041779518,0.08599507622420788,18.103206830099225,0.0013717571273446083
e1-v2,N12_i02_Aheur_s46,12,2,2,742e2b26d834,Aheur,12.99999999998611,0.0,,0.15047462098089207,12.99999999998611,46,lightning_gpu,single,2,100,lbfgs_100grad,,-0.1375171886609703,0.5915073884278561,66,2023-08-06,2026-08-05,ok,,1000,452,232,17,2,True,-52.137517188605415,-0.1375171886609703,-52.137517188605415,True,0.452,17,-0.1375171886609703,0.0,0.0,1,1,True,True,True,1.5925130800477116,0.44467945089569777,0.2786033323396032,9,9,1.5925130800477116,88.14347581892365,52.137517188605415,1.0000004290410445,0.441483783069998,0.006411842070519924,0.006411842070519924,0.006411842070519924,0.19921004619260524,0.8225640601894497,0.06229967336375528,0.06229967336375528,0.4744177704340643,0.4744177704340643,0.9983915530966873,0.9983915530966873,1.0,1.0,1.0000005150000106,0.01154630639939569,0.00016949514974839985,0.00016949514974839985,0.00016949514974839985,2.552868623714964,28.42106005782125,0.0016936592943733644,0.0016936592943733644,0.016808092525781727,0.016808092525781727,0.1559212775363292,0.1559212775363292,0.8164182408463201,0.8164182408463201,52.43747176825782,-4.541372299194336,-4.541372299194336,-4.541372299194336,57,-4.541371822357178,-4.541372299194336,97,97,2.8450397427097829 0.24261512621431053 0.85630314278475539 1.9536009066557216,1.9449087714914555 -2.2524290346211036 1.579115048814334 2.0437916911565881,25.227935837581754,0.030852201394736767,0.08077945373952389,25.25878803897649,0.001401429995894432
e1-v2,N12_i02_Amargin_s42,12,2,2,742e2b26d834,Amargin,0.15047462098089207,0.0,,0.15047462098089207,12.99999999998611,42,lightning_gpu,single,2,100,lbfgs_100grad,,-0.1375171886609703,0.5915073884278561,66,2023-08-06,2026-08-05,ok,,1000,398,102,17,2,True,-0.7394156725845386,-0.1375171886609703,-0.7394156725845386,True,0.398,17,-0.1375171886609703,0.0,0.0,1,1,True,True,True,1.5925130800477116,0.44467945089569777,0.2786033323396032,3,3,1.5925130800477116,1.2500531473491852,0.7394156725845386,0.9999995508372113,0.41741083725355566,0.0031251285690814257,0.0031251285690814257,0.0031251285690814257,0.10909311076121227,0.7836059681251787,0.03081543901087587,0.03081543901087587,0.26875169479382627,0.26875169479382627,0.9562831637000055,0.9562831637000055,0.9999999999999745,0.9999999999999745,0.999998362148804,0.22086244365209495,0.0014666022034361959,0.0014666022034361959,0.0014666022034361959,1.40437818067125,12.746758523975402,0.014569608119108821,0.014569608119108821,0.136505604370314,0.136505604370314,0.7695401727815873,0.7695401727815873,0.9999995773777873,0.9999995773777873,1.0393702522369421,-4.486110210418701,-4.486110210418701,-4.486110687255859,62,-4.486110210418701,-4.486110687255859,74,74,2.4314546363447995 1.3787772821439981 2.6973649175810768 2.1908462769412909,0.59159977675624309 0.66734762213451293 2.4772406268646789 1.2124522010230345,19.1346847563982,0.030448933131992817,0.08487511239945889,19.165133689530194,0.001339999958872795
e1-v2,N12_i02_Amargin_s43,12,2,2,742e2b26d834,Amargin,0.15047462098089207,0.0,,0.15047462098089207,12.99999999998611,43,lightning_gpu,single,2,100,lbfgs_100grad,,-0.1375171886609703,0.5915073884278561,66,2023-08-06,2026-08-05,ok,,1000,16,823,1040,2,True,-0.5975495200562224,0.004348963867345845,-0.5975495200562224,True,0.016,1040,0.004348963867345845,0.2398383440405986,0.1918625176451022,8,1,False,False,False,1.5401900582094736,0.570761866226741,0.3699295831639828,0,0,1.5925130800477116,1.2500531473491852,0.7394156725845386,1.0000007363747727,0.01694062199385371,0.000312697869958356,0.000312697869958356,0.000312697869958356,1.6254619010355464,14.610534983165053,0.0031225822685422245,0.0031225822685422245,0.03079068300982575,0.03079068300982575,0.2685648896641382,0.2685648896641382,0.9561713559373939,0.9561713559373939,1.0000004127614375,0.1430962603772059,0.004335907753556967,0.004335907753556967,0.004335907753556967,1.6984791954093308,16.64426490256301,0.042522781232944375,0.042522781232944375,0.35243331753409535,0.35243331753409535,0.9870328372846695,0.9870328372846695,1.0,1.0,1.0393702522369421,-1.025396466255188,-1.025396466255188,-1.025396466255188,20,-1.025396466255188,-1.025396466255188,49,49,2.0492585716432195 0.13752423515278736 0.062924802978478217 2.6364640840167701,2.172836688414888 -0.031310859162442563 0.17820686615350861 2.6874441593987686,12.65980191808194,0.030502820387482643,0.08106990903615952,12.690304738469422,0.00148079264909029
e1-v2,N12_i02_Amargin_s44,12,2,2,742e2b26d834,Amargin,0.15047462098089207,0.0,,0.15047462098089207,12.99999999998611,44,lightning_gpu,single,2,100,lbfgs_100grad,,-0.1375171886609703,0.5915073884278561,66,2023-08-06,2026-08-05,ok,,1000,427,129,17,2,True,-0.7394156725845386,-0.1375171886609703,-0.7394156725845386,True,0.427,17,-0.1375171886609703,0.0,0.0,1,1,True,True,True,1.5925130800477116,0.44467945089569777,0.2786033323396032,19,19,1.5925130800477116,1.2500531473491852,0.7394156725845386,1.000001019759147,0.41934707458131015,0.012245628982782364,0.012245628982782364,0.012245628982782364,0.08495067848841265,0.8580991595695888,0.11592399783633271,0.11592399783633271,0.7083271400544127,0.7083271400544127,0.9999955438459037,0.9999955438459037,1.0,1.0,1.000001245891326,0.1239016770850867,0.0021375752985477448,0.0021375752985477448,0.0021375752985477448,1.2823755023708507,12.277676720281306,0.021171305393601778,0.021171305393601778,0.19264056823994674,0.19264056823994674,0.8823290575816765,0.8823290575816765,0.9999999994910298,0.9999999994910298,1.0393702522369421,-4.498554229736328,-4.498555660247803,-4.498555660247803,58,-4.4985551834106445,-4.498555660247803,100,100,0.38505090477492371 0.8108861395016167 1.274766337564649 3.0447811714676671,0.36160248994308697 1.0832604598637621 0.49058762677371293 3.3716184916638809,25.88608162663877,0.029905798844993114,0.08149080909788609,25.915987425483763,0.001371697522699833
e1-v2,N12_i02_Amargin_s45,12,2,2,742e2b26d834,Amargin,0.15047462098089207,0.0,,0.15047462098089207,12.99999999998611,45,lightning_gpu,single,2,100,lbfgs_100grad,,-0.1375171886609703,0.5915073884278561,66,2023-08-06,2026-08-05,ok,,1000,97,576,17,2,True,-0.7394156725845386,-0.1375171886609703,-0.7394156725845386,True,0.097,17,-0.1375171886609703,0.0,0.0,1,1,True,True,True,1.5925130800477116,0.44467945089569777,0.2786033323396032,8,8,1.5925130800477116,1.2500531473491852,0.7394156725845386,1.000000374753924,0.1057154793816153,0.003917439840734005,0.003917439840734005,0.003917439840734005,1.586269462056241,15.340937480266874,0.0384909783124707,0.0384909783124707,0.32464264316597924,0.32464264316597924,0.9802604907642647,0.9802604907642647,1.0,1.0,1.000000777174555,0.13958951918175444,0.006514234468340874,0.006514234468340874,0.006514234468340874,2.7052407611314067,30.096304094768556,0.06326555516476148,0.06326555516476148,0.4798065248774493,0.4798065248774493,0.9985490615001333,0.9985490615001333,1.0,1.0,1.0393702522369421,-0.9573593139648438,-0.9573593139648438,-0.9573593139648438,42,-0.9573593139648438,-0.9573593139648438,43,43,1.8005430614133757 1.660303899153966 2.3990779832738145 2.5500080338093531,1.8274662149978873 2.6981990195727352 2.6026780216118879 2.4724821739887561,11.159133010543883,0.030205325223505497,0.08566654194146395,11.189338335767388,0.00147179514169693
e1-v2,N12_i02_Amargin_s46,12,2,2,742e2b26d834,Amargin,0.15047462098089207,0.0,,0.15047462098089207,12.99999999998611,46,lightning_gpu,single,2,100,lbfgs_100grad,,-0.1375171886609703,0.5915073884278561,66,2023-08-06,2026-08-05,ok,,1000,367,135,17,2,True,-0.7394156725845386,-0.1375171886609703,-0.7394156725845386,True,0.367,17,-0.1375171886609703,0.0,0.0,1,1,True,True,True,1.5925130800477116,0.44467945089569777,0.2786033323396032,28,28,1.5925130800477116,1.2500531473491852,0.7394156725845386,1.0000006980269363,0.36583811085438356,0.017579210922122,0.017579210922122,0.017579210922122,0.06755434725360136,1.0396855532104166,0.1625180794552625,0.1625180794552625,0.8302716445812369,0.8302716445812369,0.999999980159892,0.999999980159892,1.0,1.0,1.0000002187914845,0.11175487688160501,0.0039521739818155766,0.0039521739818155766,0.0039521739818155766,2.3846242478503887,23.311967922055402,0.038826211065269775,0.038826211065269775,0.32699360421167556,0.32699360421167556,0.9809369707263299,0.9809369707263299,1.0,1.0,1.0393702522369421,-4.489002704620361,-4.489002704620361,-4.489002704620361,30,-4.489002704620361,-4.489002704620361,31,31,2.8450397427097829 0.24261512621431053 0.85630314278475539 1.9536009066557216,1.0392631153676986 -1.2700858936061934 1.5970237198014754 0.61800250229994358,8.051380563527346,0.03267831262201071,0.08450419455766678,8.084058876149356,0.0013298876583576202
e1-v2,N12_i03_Aheur_s42,12,2,3,f66f5903076c,Aheur,12.99999999998611,0.054235573769679746,239.69507643069736,0.20186523904343281,12.99999999998611,42,lightning_gpu,single,2,100,lbfgs_100grad,,-0.08268798014019274,0.7183763607746534,66,2023-08-06,2026-08-05,ok,,1000,177,630,96,2,True,-52.082687980084636,-0.08268798014019274,-52.082687980084636,True,0.177,96,-0.08268798014019274,0.0,0.0,1,1,True,True,True,1.5910944783780911,0.522570631365531,0.32780619784263393,2,2,1.5910944783780911,72.50055935014598,52.082687980084636,1.0000010952016964,0.1821806093212217,0.002687210915610194,0.002687210915610194,0.002687210915610194,1.9450178030881844,12.91192048391531,0.026549477183359482,0.026549477183359482,0.23592000883114425,0.23592000883114425,0.9321752392657083,0.9321752392657083,0.99999999999794,0.99999999999794,0.9999994715317371,0.11407148756552488,0.0017110846238210797,0.0017110846238210797,0.0017110846238210797,2.4442643991360846,17.486676426164195,0.016979694133023387,0.016979694133023387,0.15739333558064,0.15739333558064,0.8195948639062209,0.8195948639062209,0.9999999634835142,0.9999999634835142,52.72899469693888,-1.5195622444152832,-1.5195622444152832,-1.5195622444152832,17,-1.5195622444152832,-1.5195622444152832,48,48,2.4314546363447995 1.3787772821439981 2.6973649175810768 2.1908462769412909,2.2470215297593863 1.3945552728170616 2.7946827114629249 2.0903004578822237,12.449115979485214,0.030016283504664898,0.08098595775663853,12.479132262989879,0.001407223753631115
e1-v2,N12_i03_Aheur_s43,12,2,3,f66f5903076c,Aheur,12.99999999998611,0.054235573769679746,239.69507643069736,0.20186523904343281,12.99999999998611,43,lightning_gpu,single,2,100,lbfgs_100grad,,-0.08268798014019274,0.7183763607746534,66,2023-08-06,2026-08-05,ok,,1000,14,838,66,2,True,-51.97076379896638,0.02923620097806434,-51.97076379896638,True,0.014,66,0.02923620097806434,0.15580159263253715,0.0021489709049013488,3,1,False,False,False,1.01602090059978,0.2708195569512416,0.26556496701195914,0,0,1.5910944783780911,72.50055935014598,52.082687980084636,1.00000187185924,0.010614879007334821,0.00015985625213943422,0.00015985625213943422,0.00015985625213943422,2.5290575724635294,15.569602014918928,0.0015974130804929836,0.0015974130804929836,0.015859790795180292,0.015859790795180292,0.14774459888925104,0.14774459888925104,0.797838885937056,0.797838885937056,1.0000002232468432,0.2212302868720144,0.00335450260899961,0.00335450260899961,0.00335450260899961,2.9588056160465426,21.83075101659597,0.03304315831744116,0.03304315831744116,0.2853870108177972,0.2853870108177972,0.9652696580738758,0.9652696580738758,0.9999999999999974,0.9999999999999974,52.72899469693888,-0.8532562851905823,-0.8532562851905823,-0.8532562851905823,40,-0.8532562851905823,-0.8532562851905823,85,85,2.0492585716432195 0.13752423515278736 0.062924802978478217 2.6364640840167701,1.8750747327765618 -0.018692445643457855 0.15329031929779258 2.7756260590142672,21.893373679369688,0.03023037500679493,0.08136780001223087,21.923604054376483,0.0014475882053375244
e1-v2,N12_i03_Aheur_s44,12,2,3,f66f5903076c,Aheur,12.99999999998611,0.054235573769679746,239.69507643069736,0.20186523904343281,12.99999999998611,44,lightning_gpu,single,2,100,lbfgs_100grad,,-0.08268798014019274,0.7183763607746534,66,2023-08-06,2026-08-05,ok,,1000,522,203,96,2,True,-52.082687980084636,-0.08268798014019274,-52.082687980084636,True,0.522,96,-0.08268798014019274,0.0,0.0,1,1,True,True,True,1.5910944783780911,0.522570631365531,0.32780619784263393,6,6,1.5910944783780911,72.50055935014598,52.082687980084636,1.0000014646267914,0.5276404954493046,0.008048241958022118,0.008048241958022118,0.008048241958022118,0.23230649313804902,0.5846176445268014,0.07762926620971468,0.07762926620971468,0.5542871590003282,0.5542871590003282,0.9996905778047153,0.9996905778047153,1.0,1.0,1.0000008385832189,0.11904787726234645,0.0018059955909848213,0.0018059955909848213,0.0018059955909848213,1.7338955025759415,11.76438973590848,0.01791388763388509,0.01791388763388509,0.16536672040673694,0.16536672040673694,0.8359572750626278,0.8359572750626278,0.9999999858886115,0.9999999858886115,52.72899469693888,-4.591258525848389,-4.591259002685547,-4.591259479522705,50,-4.591259002685547,-4.591259479522705,78,78,0.38505090477492371 0.8108861395016167 1.274766337564649 3.0447811714676671,0.31599733266003965 0.96998038392078689 0.45256174417037381 3.3293679311220532,20.286707698367536,0.030255647376179695,0.08543870598077774,20.316963345743716,0.0013539865612983704
e1-v2,N12_i03_Aheur_s45,12,2,3,f66f5903076c,Aheur,12.99999999998611,0.054235573769679746,239.69507643069736,0.20186523904343281,12.99999999998611,45,lightning_gpu,single,2,100,lbfgs_100grad,,-0.08268798014019274,0.7183763607746534,66,2023-08-06,2026-08-05,ok,,1000,501,229,96,2,True,-52.082687980084636,-0.08268798014019274,-52.082687980084636,True,0.501,96,-0.08268798014019274,0.0,0.0,1,1,True,True,True,1.5910944783780911,0.522570631365531,0.32780619784263393,9,9,1.5910944783780911,72.50055935014598,52.082687980084636,0.9999997680216239,0.5089556640014052,0.0077163465321063995,0.0077163465321063995,0.0077163465321063995,0.25865799334819073,0.6030930086027695,0.07453847110517965,0.07453847110517965,0.5391244170139868,0.5391244170139868,0.9995676484704213,0.9995676484704213,1.0,1.0,1.0000005099773261,0.06623775593470782,0.001008814200758934,0.001008814200758934,0.001008814200758934,3.288550541294962,24.708661517868677,0.010042468217388542,0.010042468217388542,0.0960058046005974,0.0960058046005974,0.6355345051282317,0.6355345051282317,0.9999586415565597,0.9999586415565597,52.72899469693888,-4.5861968994140625,-4.5861968994140625,-4.5861968994140625,39,-4.5861968994140625,-4.5861968994140625,48,48,1.8005430614133757 1.660303899153966 2.3990779832738145 2.5500080338093531,0.28414413361675628 0.80418324163938315 5.1421433122357829 4.4888667011431211,12.435333249159157,0.032756160013377666,0.08694739546626806,12.468089409172535,0.0014029080048203468
e1-v2,N12_i03_Aheur_s46,12,2,3,f66f5903076c,Aheur,12.99999999998611,0.054235573769679746,239.69507643069736,0.20186523904343281,12.99999999998611,46,lightning_gpu,single,2,100,lbfgs_100grad,,-0.08268798014019274,0.7183763607746534,66,2023-08-06,2026-08-05,ok,,1000,445,242,96,2,True,-52.082687980084636,-0.08268798014019274,-52.082687980084636,True,0.445,96,-0.08268798014019274,0.0,0.0,1,1,True,True,True,1.5910944783780911,0.522570631365531,0.32780619784263393,7,7,1.5910944783780911,72.50055935014598,52.082687980084636,1.0000004192710952,0.42813395988196135,0.0066770100966095924,0.0066770100966095924,0.0066770100966095924,0.25612221643055794,0.8640527759226897,0.06479919733169832,0.06479919733169832,0.4882607727122775,0.4882607727122775,0.9987683506266697,0.9987683506266697,1.0,1.0,1.0000009791374396,0.01162281040160451,0.000171590072568506,0.000171590072568506,0.000171590072568506,3.702842803627753,28.407980991302793,0.001714576389876197,0.001714576389876197,0.017014077194443585,0.017014077194443585,0.15768800738911687,0.15768800738911687,0.8202247749753439,0.8202247749753439,52.72899469693888,-4.521910190582275,-4.521910190582275,-4.521910190582275,34,-4.521910190582275,-4.521910190582275,44,44,2.8450397427097829 0.24261512621431053 0.85630314278475539 1.9536009066557216,2.0161488715468026 -1.675908320593652 1.5708212278449525 2.0438912397644819,11.370032700709999,0.03009941801428795,0.08107058424502611,11.400132118724287,0.0014291033148765564
e1-v2,N12_i03_Amargin_s42,12,2,3,f66f5903076c,Amargin,0.20186523904343281,0.054235573769679746,3.722007992405255,0.20186523904343281,12.99999999998611,42,lightning_gpu,single,2,100,lbfgs_100grad,,-0.08268798014019274,0.7183763607746534,66,2023-08-06,2026-08-05,ok,,1000,450,117,96,2,True,-0.890148936313924,-0.08268798014019274,-0.890148936313924,True,0.45,96,-0.08268798014019274,0.0,0.0,1,1,True,True,True,1.5910944783780911,0.522570631365531,0.32780619784263393,6,6,1.5910944783780911,1.2391122326937951,0.890148936313924,1.0000008629303778,0.45598439557943493,0.010166894644498825,0.010166894644498825,0.010166894644498825,0.12597718754317797,0.7614929460692821,0.09714138028510112,0.09714138028510112,0.6400870388606613,0.6400870388606613,0.9999635267161162,0.9999635267161162,1.0,1.0,0.999999349363776,0.12811768800747814,0.0002840447414200753,0.0002840447414200753,0.0002840447414200753,1.9215462252841058,12.688257791584562,0.0028368194992092516,0.0028368194992092516,0.028008781450721536,0.028008781450721536,0.24729740530815505,0.24729740530815505,0.9416240271544245,0.9416240271544245,1.5364556531681692,-4.217868804931641,-4.217870235443115,-4.217870235443115,71,-4.217868328094482,-4.217870235443115,100,100,2.4314546363447995 1.3787772821439981 2.6973649175810768 2.1908462769412909,-0.54239330177045364 0.41507906516667364 2.1557589972789435 0.40241869902186078,25.768527052365243,0.030166213400661945,0.08551010489463806,25.798693265765905,0.0013515399768948555
e1-v2,N12_i03_Amargin_s43,12,2,3,f66f5903076c,Amargin,0.20186523904343281,0.054235573769679746,3.722007992405255,0.20186523904343281,12.99999999998611,43,lightning_gpu,single,2,100,lbfgs_100grad,,-0.08268798014019274,0.7183763607746534,66,2023-08-06,2026-08-05,ok,,1000,189,226,66,2,True,-0.7782247551956669,0.02923620097806434,-0.7782247551956669,True,0.189,66,0.02923620097806434,0.15580159263253715,0.12573646560959928,3,1,False,False,False,1.01602090059978,0.2708195569512416,0.26556496701195914,0,0,1.5910944783780911,1.2391122326937951,0.890148936313924,1.0000000036699745,0.17262526591366623,0.0014439242659136653,0.0014439242659136653,0.0014439242659136653,0.3526738275814767,1.8426410355703098,0.014345781725534731,0.014345781725534731,0.1345422946942666,0.1345422946942666,0.7642463155908732,0.7642463155908732,0.9999994696227501,0.9999994696227501,0.9999999425463564,0.08569332037586719,0.0015273109311237931,0.0015273109311237931,0.0015273109311237931,2.5022612149416226,16.987361027090135,0.01516856515710051,0.01516856515710051,0.14173970033380423,0.14173970033380423,0.783134614098584,0.783134614098584,0.9999997699075366,0.9999997699075366,1.5364556531681692,-3.928276777267456,-3.928276777267456,-3.928276777267456,66,-3.667743444442749,-3.928276777267456,67,67,2.0492585716432195 0.13752423515278736 0.062924802978478217 2.6364640840167701,-0.98038275840013789 8.6630511751558643 -0.98310846850784561 3.3061670342676441,17.22202219814062,0.030329600907862186,0.08128018118441105,17.252351799048483,0.0013950690627098083
e1-v2,N12_i03_Amargin_s44,12,2,3,f66f5903076c,Amargin,0.20186523904343281,0.054235573769679746,3.722007992405255,0.20186523904343281,12.99999999998611,44,lightning_gpu,single,2,100,lbfgs_100grad,,-0.08268798014019274,0.7183763607746534,66,2023-08-06,2026-08-05,ok,,1000,409,129,96,2,True,-0.890148936313924,-0.08268798014019274,-0.890148936313924,True,0.409,96,-0.08268798014019274,0.0,0.0,1,1,True,True,True,1.5910944783780911,0.522570631365531,0.32780619784263393,10,10,1.5910944783780911,1.2391122326937951,0.890148936313924,1.000000661259632,0.4185051198583096,0.0092548169195652,0.0092548169195652,0.0092548169195652,0.11847163227891255,0.8598815992291269,0.08878744476718423,0.08878744476718423,0.6053637725395743,0.6053637725395743,0.9999083843835431,0.9999083843835431,1.0,1.0,1.000001505111868,0.12166805332526565,0.0018911735387519002,0.0018911735387519002,0.0018911735387519002,1.9118824613794567,12.714312713265826,0.018751600188786542,0.018751600188786542,0.17245881826732642,0.17245881826732642,0.8493753148830216,0.8493753148830216,0.9999999939887952,0.9999999939887952,1.5364556531681692,-4.2098259925842285,-4.2098259925842285,-4.2098259925842285,36,-4.2098259925842285,-4.2098259925842285,70,70,0.38505090477492371 0.8108861395016167 1.274766337564649 3.0447811714676671,0.38477880640492024 1.1488683131983985 0.49137593139386182 3.3722506120285414,17.962684884667397,0.03015025705099106,0.08533402811735868,17.992835141718388,0.0013459213078022003
e1-v2,N12_i03_Amargin_s45,12,2,3,f66f5903076c,Amargin,0.20186523904343281,0.054235573769679746,3.722007992405255,0.20186523904343281,12.99999999998611,45,lightning_gpu,single,2,100,lbfgs_100grad,,-0.08268798014019274,0.7183763607746534,66,2023-08-06,2026-08-05,ok,,1000,516,130,96,2,True,-0.890148936313924,-0.08268798014019274,-0.890148936313924,True,0.516,96,-0.08268798014019274,0.0,0.0,1,1,True,True,True,1.5910944783780911,0.522570631365531,0.32780619784263393,7,7,1.5910944783780911,1.2391122326937951,0.890148936313924,1.0000017867450453,0.5163998054340482,0.007359018549323082,0.007359018549323082,0.007359018549323082,0.18852852905283057,0.7377247630805357,0.07120041653836069,0.07120041653836069,0.5222286320662745,0.5222286320662745,0.9993802718890252,0.9993802718890252,1.0,1.0,1.0000005763973427,0.11632954323431477,0.002155363792553544,0.002155363792553544,0.002155363792553544,4.044105171137627,32.32659960168451,0.02134578326976671,0.02134578326976671,0.19407854630413776,0.19407854630413776,0.8844081621586148,0.8844081621586148,0.9999999995741352,0.9999999995741352,1.5364556531681692,-4.180284023284912,-4.180284023284912,-4.180284023284912,69,-4.180279731750488,-4.180284023284912,100,100,1.8005430614133757 1.660303899153966 2.3990779832738145 2.5500080338093531,0.48190552433189332 1.9855101702251932 2.0642801659303514 1.7504092348970448,25.897004378959537,0.03020759206265211,0.08124941028654575,25.92721197102219,0.0014085276052355766
e1-v2,N12_i03_Amargin_s46,12,2,3,f66f5903076c,Amargin,0.20186523904343281,0.054235573769679746,3.722007992405255,0.20186523904343281,12.99999999998611,46,lightning_gpu,single,2,100,lbfgs_100grad,,-0.08268798014019274,0.7183763607746534,66,2023-08-06,2026-08-05,ok,,1000,512,233,96,2,True,-0.890148936313924,-0.08268798014019274,-0.890148936313924,True,0.512,96,-0.08268798014019274,0.0,0.0,1,1,True,True,True,1.5910944783780911,0.522570631365531,0.32780619784263393,5,5,1.5910944783780911,1.2391122326937951,0.890148936313924,1.0000000029983838,0.5459286137484014,0.005739246960729361,0.005739246960729361,0.005739246960729361,0.49232023904713473,2.212439555308748,0.055932675695013125,0.055932675695013125,0.4376202652205629,0.4376202652205629,0.9968355617459045,0.9968355617459045,1.0,1.0,0.9999993422600528,0.13071807177038863,0.0020713515114039183,0.0020713515114039183,0.0020713515114039183,3.052806919363907,20.278326881522073,0.020521505344418243,0.020521505344418243,0.18726483490503681,0.18726483490503681,0.8742550622069432,0.8742550622069432,0.9999999990116629,0.9999999990116629,1.5364556531681692,-3.788801670074463,-3.788801670074463,-3.788801670074463,37,-3.788801670074463,-3.788801670074463,38,38,2.8450397427097829 0.24261512621431053 0.85630314278475539 1.9536009066557216,1.4183318745901989 0.73645346468596384 0.89850039022068995 2.6055315492671256,9.831154996529222,0.030264041386544704,0.0858147069811821,9.861419037915766,0.00134316086769104
e1-v2,N12_i04_Aheur_s42,12,2,4,740c7a03908a,Aheur,12.999999999979208,0.0,,0.12954294170129868,12.999999999979208,42,lightning_gpu,single,2,100,lbfgs_100grad,,-0.3071571889127932,0.7133683375969784,66,2023-08-06,2026-08-05,ok,,1000,184,640,136,2,True,-52.30715718882963,-0.3071571889127932,-52.30715718882962,True,0.184,136,-0.3071571889127932,0.0,0.0,1,1,True,True,True,1.4663767341361262,0.39839422515811135,0.27100418051315084,5,5,1.4663767341361262,73.32419233103231,52.30715718882963,1.0000000287873263,0.18572170077823102,0.00275867385789752,0.00275867385789752,0.00275867385789752,0.9362504270445484,12.945129807045305,0.027246783105403603,0.027246783105403603,0.2413756875392063,0.2413756875392063,0.9368653802697423,0.9368653802697423,0.9999999999989938,0.9999999999989938,0.9999985477152222,0.1122976983897388,0.0016664520371705294,0.0016664520371705294,0.0016664520371705294,1.2053159746930362,17.6110551303791,0.01654010628870875,0.01654010628870875,0.15361776863824667,0.15361776863824667,0.8113462798493025,0.8113462798493025,0.9999999428976822,0.9999999428976822,52.385784376424596,-1.5118192434310913,-1.5118192434310913,-1.5118192434310913,13,-1.5118192434310913,-1.5118192434310913,48,48,2.4314546363447995 1.3787772821439981 2.6973649175810768 2.1908462769412909,2.2429434856328143 1.3936534752353236 2.7964923057913014 2.0867543706154819,12.482620943337679,0.030462597496807575,0.08145303651690483,12.513083540834486,0.0013993587344884872
e1-v2,N12_i04_Aheur_s43,12,2,4,740c7a03908a,Aheur,12.999999999979208,0.0,,0.12954294170129868,12.999999999979208,43,lightning_gpu,single,2,100,lbfgs_100grad,,-0.3071571889127932,0.7133683375969784,66,2023-08-06,2026-08-05,ok,,1000,7,838,2176,2,True,-52.10474046952351,-0.10474046960668015,-52.104740469523506,True,0.007,2176,-0.10474046960668015,0.28374783213390886,0.0038697709870828124,11,1,False,False,False,1.0537754708630322,0.2953138156004542,0.27929461610964806,0,0,1.4663767341361262,73.32419233103231,52.30715718882963,1.000001220424565,0.010567977456958033,0.00015887852350715548,0.00015887852350715548,0.00015887852350715548,1.213959524710738,15.587284406214167,0.0015876498088590884,0.0015876498088590884,0.015763548546369424,0.015763548546369424,0.1469107839427218,0.1469107839427218,0.7958522862938738,0.7958522862938738,0.9999998103676262,0.22135644452646375,0.0033586241770535707,0.0033586241770535707,0.0033586241770535707,1.4731889207928177,21.93812894454095,0.03308314549717218,0.03308314549717218,0.28568247427349924,0.28568247427349924,0.9654129870608243,0.9654129870608243,0.9999999999999976,0.9999999999999976,52.385784376424596,-0.8508498668670654,-0.8508498668670654,-0.8508498668670654,36,-0.8508498668670654,-0.8508498668670654,51,51,2.0492585716432195 0.13752423515278736 0.062924802978478217 2.6364640840167701,1.8697903183410804 -0.018414482547810362 0.15412849002967396 2.7754663771693369,13.171786280348897,0.030328295193612576,0.08516211248934269,13.20211457554251,0.0014360463246703148
e1-v2,N12_i04_Aheur_s44,12,2,4,740c7a03908a,Aheur,12.999999999979208,0.0,,0.12954294170129868,12.999999999979208,44,lightning_gpu,single,2,100,lbfgs_100grad,,-0.3071571889127932,0.7133683375969784,66,2023-08-06,2026-08-05,ok,,1000,557,201,136,2,True,-52.30715718882963,-0.3071571889127932,-52.30715718882962,True,0.557,136,-0.3071571889127932,0.0,0.0,1,1,True,True,True,1.4663767341361262,0.39839422515811135,0.27100418051315084,15,15,1.4663767341361262,73.32419233103231,52.30715718882963,0.9999998016240959,0.5279258713126183,0.008047259412705898,0.008047259412705898,0.008047259412705898,0.06082828815396617,0.5837053306434363,0.07762012992786917,0.07762012992786917,0.554243008210376,0.554243008210376,0.9996902711650079,0.9996902711650079,1.0,1.0,1.000000639280188,0.11889966286253184,0.0017997523536905646,0.0017997523536905646,0.0017997523536905646,0.8282374679907183,11.749990106713085,0.017852461005501315,0.017852461005501315,0.16484453462025692,0.16484453462025692,0.834928052353935,0.834928052353935,0.9999999849778272,0.9999999849778272,52.385784376424596,-4.596120834350586,-4.596120834350586,-4.596120834350586,35,-4.596120834350586,-4.596120834350586,49,49,0.38505090477492371 0.8108861395016167 1.274766337564649 3.0447811714676671,0.31522827847699192 0.96872640956814271 0.45267523151002881 3.3288289464638168,12.730552457273006,0.03003978542983532,0.0813131807371974,12.760592242702842,0.001349390484392643
e1-v2,N12_i04_Aheur_s45,12,2,4,740c7a03908a,Aheur,12.999999999979208,0.0,,0.12954294170129868,12.999999999979208,45,lightning_gpu,single,2,100,lbfgs_100grad,,-0.3071571889127932,0.7133683375969784,66,2023-08-06,2026-08-05,ok,,1000,374,425,136,2,True,-52.30715718882963,-0.3071571889127932,-52.30715718882962,True,0.374,136,-0.3071571889127932,0.0,0.0,1,1,True,True,True,1.4663767341361262,0.39839422515811135,0.27100418051315084,4,4,1.4663767341361262,73.32419233103231,52.30715718882963,1.000000267561063,0.36415629647672176,0.0055105602368712425,0.0055105602368712425,0.0055105602368712425,0.2905157542899451,3.2558002451442007,0.05375900788646229,0.05375900788646229,0.4245367661205882,0.4245367661205882,0.9960173162738619,0.9960173162738619,1.0,1.0,1.000001130475539,0.06750733777880669,0.0010292663937434554,0.0010292663937434554,0.0010292663937434554,1.6365245624414833,24.591052449296512,0.01024512203038084,0.01024512203038084,0.09785466373042567,0.09785466373042567,0.6429203640330678,0.6429203640330678,0.9999662983756488,0.9999662983756488,52.385784376424596,-3.9286370277404785,-3.9286370277404785,-3.9286370277404785,89,-3.1666152477264404,-3.9286370277404785,100,100,1.8005430614133757 1.660303899153966 2.3990779832738145 2.5500080338093531,-1.1175340218935459 -0.50793990442661996 8.5731187234159201 6.7805653105975194,25.950998878106475,0.030039237812161446,0.08158830180764198,25.981038115918636,0.0014165593311190605
e1-v2,N12_i04_Aheur_s46,12,2,4,740c7a03908a,Aheur,12.999999999979208,0.0,,0.12954294170129868,12.999999999979208,46,lightning_gpu,single,2,100,lbfgs_100grad,,-0.3071571889127932,0.7133683375969784,66,2023-08-06,2026-08-05,ok,,1000,469,236,136,2,True,-52.30715718882963,-0.3071571889127932,-52.30715718882962,True,0.469,136,-0.3071571889127932,0.0,0.0,1,1,True,True,True,1.4663767341361262,0.39839422515811135,0.27100418051315084,4,4,1.4663767341361262,73.32419233103231,52.30715718882963,1.000000195824427,0.44143283274024725,0.006536172237247229,0.006536172237247229,0.006536172237247229,0.07816898907547268,0.8225340172510869,0.0634723806938919,0.0634723806938919,0.4809539413767679,0.4809539413767679,0.9985807497619026,0.9985807497619026,1.0,1.0,1.0000004345802154,0.011583354775211774,0.00017157326510641724,0.00017157326510641724,0.00017157326510641724,1.8601652076506683,28.416820020085652,0.0017144085746239623,0.0017144085746239623,0.01701242475966427,0.01701242475966427,0.15767384771369966,0.15767384771369966,0.8201945515969549,0.8201945515969549,52.385784376424596,-4.536526679992676,-4.536526679992676,-4.536530494689941,35,-4.536530494689941,-4.536530494689941,56,56,2.8450397427097829 0.24261512621431053 0.85630314278475539 1.9536009066557216,1.9459789979640396 -2.2536859416735084 1.5790984136549338 2.0436039651847224,14.515246229246259,0.03012735489755869,0.08577720820903778,14.545373584143817,0.0013509979471564293
e1-v2,N12_i04_Amargin_s42,12,2,4,740c7a03908a,Amargin,0.12954294170129868,0.0,,0.12954294170129868,12.999999999979208,42,lightning_gpu,single,2,100,lbfgs_100grad,,-0.3071571889127932,0.7133683375969784,66,2023-08-06,2026-08-05,ok,,1000,466,173,136,2,True,-0.8253289557179879,-0.3071571889127932,-0.8253289557179878,True,0.466,136,-0.3071571889127932,0.0,0.0,1,1,True,True,True,1.4663767341361262,0.39839422515811135,0.27100418051315084,13,13,1.4663767341361262,1.1569464359718504,0.8253289557179879,1.0000018953552539,0.46444550855085254,0.008041872642934322,0.008041872642934322,0.008041872642934322,0.03069717351993123,0.7420849506613427,0.0775700391400736,0.0775700391400736,0.5540008761243502,0.5540008761243502,0.9996885846211684,0.9996885846211684,1.0,1.0,0.9999980413067218,0.15483885478170123,4.693495066021569e-05,4.693495066021569e-05,4.693495066021569e-05,0.9756960995568196,13.364952192179413,0.00046925038897653316,0.00046925038897653316,0.004682607462091952,0.004682607462091952,0.04585158861097162,0.04585158861097162,0.374597928319282,0.374597928319282,0.9039561433129614,-4.154355525970459,-4.154355525970459,-4.154355525970459,69,-4.0935959815979,-4.154355525970459,70,70,2.4314546363447995 1.3787772821439981 2.6973649175810768 2.1908462769412909,0.35998706122970447 0.90392577788040829 2.0130415224555316 1.3379745155755844,18.0989449582994,0.029998281970620155,0.08085377421230078,18.12894324027002,0.0014178194105625153
e1-v2,N12_i04_Amargin_s43,12,2,4,740c7a03908a,Amargin,0.12954294170129868,0.0,,0.12954294170129868,12.999999999979208,43,lightning_gpu,single,2,100,lbfgs_100grad,,-0.3071571889127932,0.7133683375969784,66,2023-08-06,2026-08-05,ok,,1000,10,833,24,2,True,-0.7315065113511645,-0.21333474454596985,-0.7315065113511645,True,0.01,24,-0.21333474454596985,0.13152033728167634,0.113678847345424,3,1,False,False,False,1.2575305992549464,0.33307290140722995,0.2640674521987571,0,0,1.4663767341361262,1.1569464359718504,0.8253289557179879,1.0000009596926418,0.01600735571992118,0.00017735087021719664,0.00017735087021719664,0.00017735087021719664,1.1291759066845226,14.751048993970016,0.0017720939714548278,0.0017720939714548278,0.017580291173474698,0.017580291173474698,0.16252728820278786,0.16252728820278786,0.8302903065749938,0.8302903065749938,1.0000000299184997,0.10765630414243788,0.0020154111552983522,0.0020154111552983522,0.0020154111552983522,1.2035793836303323,17.226262512906448,0.019972305764467815,0.019972305764467815,0.1826962636782883,0.1826962636782883,0.8670051441435848,0.8670051441435848,0.9999999982687953,0.9999999982687953,0.9039561433129614,-0.9315890669822693,-0.9315890669822693,-0.931589663028717,22,-0.931589663028717,-0.931589663028717,87,87,2.0492585716432195 0.13752423515278736 0.062924802978478217 2.6364640840167701,2.2789546614302703 -0.033823729500827987 0.18630744072115007 2.6908105561682714,21.072543264366686,0.027649994008243084,0.07448051683604717,21.10019325837493,0.0012653879821300507
e1-v2,N12_i04_Amargin_s44,12,2,4,740c7a03908a,Amargin,0.12954294170129868,0.0,,0.12954294170129868,12.999999999979208,44,lightning_gpu,single,2,100,lbfgs_100grad,,-0.3071571889127932,0.7133683375969784,66,2023-08-06,2026-08-05,ok,,1000,456,138,136,2,True,-0.8253289557179879,-0.3071571889127932,-0.8253289557179878,True,0.456,136,-0.3071571889127932,0.0,0.0,1,1,True,True,True,1.4663767341361262,0.39839422515811135,0.27100418051315084,12,12,1.4663767341361262,1.1569464359718504,0.8253289557179879,0.9999995967322932,0.4595280319917947,0.011427296325564384,0.011427296325564384,0.011427296325564384,0.0019567909329141937,0.7543300144276257,0.10857225684267632,0.10857225684267632,0.6831443457726618,0.6831443457726618,0.9999897996607914,0.9999897996607914,1.0,1.0,1.0000005304973456,0.12160795531235635,0.001725520589388907,0.001725520589388907,0.001725520589388907,0.910179843468471,12.715856828246615,0.017121836589593886,0.017121836589593886,0.15861093278921046,0.15861093278921046,0.8221848968295704,0.8221848968295704,0.9999999684000452,0.9999999684000452,0.9039561433129614,-4.184385776519775,-4.184385776519775,-4.184385776519775,22,-4.184385776519775,-4.184385776519775,33,33,0.38505090477492371 0.8108861395016167 1.274766337564649 3.0447811714676671,0.37728115946844759 1.1343193378151006 0.48761880517274381 3.3612361405403921,7.912029064260423,0.027293664403259754,0.07482494693249464,7.939322728663683,0.0012316517531871796
e1-v2,N12_i04_Amargin_s45,12,2,4,740c7a03908a,Amargin,0.12954294170129868,0.0,,0.12954294170129868,12.999999999979208,45,lightning_gpu,single,2,100,lbfgs_100grad,,-0.3071571889127932,0.7133683375969784,66,2023-08-06,2026-08-05,ok,,1000,584,144,136,2,True,-0.8253289557179879,-0.3071571889127932,-0.8253289557179878,True,0.584,136,-0.3071571889127932,0.0,0.0,1,1,True,True,True,1.4663767341361262,0.39839422515811135,0.27100418051315084,11,11,1.4663767341361262,1.1569464359718504,0.8253289557179879,1.0000010697647337,0.5935894032008946,0.010069910436868668,0.010069910436868668,0.010069910436868668,0.046952863072979016,0.6151588332921261,0.09625636598311237,0.09625636598311237,0.6365434403717215,0.6365434403717215,0.9999597723082453,0.9999597723082453,1.0,1.0,1.0000011762225949,0.12049121659947559,0.0032179022673517466,0.0032179022673517466,0.0032179022673517466,2.0621859991098908,32.93570769925611,0.03171702849293763,0.03171702849293763,0.27552576830614717,0.27552576830614717,0.9601682461251161,0.9601682461251161,0.9999999999999899,0.9999999999999899,0.9039561433129614,-4.154560565948486,-4.154560565948486,-4.154560565948486,58,-4.1545257568359375,-4.154560565948486,100,100,1.8005430614133757 1.660303899153966 2.3990779832738145 2.5500080338093531,0.47085697208413224 1.9714778232039749 2.0520284503109925 1.7354193296456941,24.2176647298038,0.027457481250166893,0.07756759133189917,24.245122211053967,0.0012912014499306679
e1-v2,N12_i04_Amargin_s46,12,2,4,740c7a03908a,Amargin,0.12954294170129868,0.0,,0.12954294170129868,12.999999999979208,46,lightning_gpu,single,2,100,lbfgs_100grad,,-0.3071571889127932,0.7133683375969784,66,2023-08-06,2026-08-05,ok,,1000,557,279,136,2,True,-0.8253289557179879,-0.3071571889127932,-0.8253289557179878,True,0.557,136,-0.3071571889127932,0.0,0.0,1,1,True,True,True,1.4663767341361262,0.39839422515811135,0.27100418051315084,3,3,1.4663767341361262,1.1569464359718504,0.8253289557179879,1.0000011327080358,0.5627859835512936,0.006079973187297583,0.006079973187297583,0.006079973187297583,0.2282450954883061,2.43326337812573,0.05916294399354584,0.05916294399354584,0.45656933318438,0.45656933318438,0.9977538361763627,0.9977538361763627,1.0,1.0,1.0000000315384199,0.12041403877083212,0.0019160149386152625,0.0019160149386152625,0.0019160149386152625,1.5777584110904372,22.145382882389413,0.018995790535377637,0.018995790535377637,0.1745159061609647,0.1745159061609647,0.8530779115493075,0.8530779115493075,0.9999999953132592,0.9999999953132592,0.9039561433129614,-3.6934590339660645,-3.6934590339660645,-3.6934590339660645,37,-3.6934590339660645,-3.6934590339660645,50,50,2.8450397427097829 0.24261512621431053 0.85630314278475539 1.9536009066557216,1.3787394061122036 0.68232326312336999 0.89348495757541491 2.6084457367277283,11.983983982354403,0.027443211525678635,0.07504819147288799,12.011427193880081,0.001227240078151226
e1-v2,N12_i05_Aheur_s42,12,2,5,9c3650a19eba,Aheur,12.999999999974966,0.25134071621934995,51.7226185853215,0.42247766420937366,12.999999999974966,42,lightning_gpu,single,2,100,lbfgs_100grad,,0.13183357119524308,0.6963787541284728,66,2023-08-06,2026-08-05,ok,,1000,173,620,2056,2,True,-51.86816642870462,0.13183357119524308,-51.86816642870462,True,0.173,2056,0.13183357119524308,0.0,0.0,1,1,True,True,True,1.3951242001054784,0.36567873633556525,0.2613951763635049,3,3,1.3951242001054784,74.48269511556008,51.86816642870462,0.9999999523361112,0.17688921908847988,0.0025778021663427353,0.0025778021663427353,0.005191311007365584,3.875070797538494,12.853730069924495,0.025481040097958138,0.025481040097958138,0.22749209861279715,0.22749209861279715,0.9243116039778506,0.9243116039778506,0.9999999999938299,0.9999999999938299,0.999999136896804,0.11595735501032323,0.0017335948068648577,0.0017335948068648577,0.003474604804068804,4.857500303237354,17.42631077387341,0.01720133059018988,0.01720133059018988,0.15929119050077475,0.15929119050077475,0.8236173015008271,0.8236173015008271,0.9999999708552841,0.9999999708552841,53.21409290623708,-1.5384761095046997,-1.5384761095046997,-1.5384761095046997,37,-1.5384761095046997,-1.5384761095046997,51,51,2.4314546363447995 1.3787772821439981 2.6973649175810768 2.1908462769412909,2.2469321782714458 1.3921138367077681 2.7919932827928928 2.0960187394144092,12.468275428749621,0.029004862532019615,0.0753310089930892,12.49728029128164,0.0013216733932495117
e1-v2,N12_i05_Aheur_s43,12,2,5,9c3650a19eba,Aheur,12.999999999974966,0.25134071621934995,51.7226185853215,0.42247766420937366,12.999999999974966,43,lightning_gpu,single,2,100,lbfgs_100grad,,0.13183357119524308,0.6963787541284728,66,2023-08-06,2026-08-05,ok,,1000,14,847,2064,2,True,-51.84753876031342,0.15246123958644464,-51.84753876031341,True,0.014,2064,0.15246123958644464,0.029621335040609268,0.000397694189162351,2,1,False,False,True,1.3871554782995212,0.36923496267614736,0.26546048257514526,0,0,1.3951242001054784,74.48269511556008,51.86816642870462,1.0000005214469638,0.010719486876041628,0.00016135856276378036,0.00016135856276378036,0.0003226311964681372,5.057037639896051,15.537388714041299,0.001612414485282625,0.001612414485282625,0.01600765186503593,0.01600765186503593,0.14902419532929706,0.14902419532929706,0.8008537549812617,0.8008537549812617,0.9999999868726945,0.22257926547899842,0.003373960731551051,0.003373960731551051,0.006749668624252081,5.865476013470782,21.74642347857116,0.033231926659169624,0.033231926659169624,0.2867808462027746,0.2867808462027746,0.9659411501328187,0.9659411501328187,0.9999999999999979,0.9999999999999979,53.21409290623708,-0.8606593608856201,-0.8606593608856201,-0.8606593608856201,38,-0.8606593608856201,-0.8606593608856201,64,64,2.0492585716432195 0.13752423515278736 0.062924802978478217 2.6364640840167701,1.8776671825075328 -0.018535010565802156 0.15457367472167091 2.773088931732421,15.322548147290945,0.02938736416399479,0.07683425676077604,15.35193551145494,0.0012245532125234604
e1-v2,N12_i05_Aheur_s44,12,2,5,9c3650a19eba,Aheur,12.999999999974966,0.25134071621934995,51.7226185853215,0.42247766420937366,12.999999999974966,44,lightning_gpu,single,2,100,lbfgs_100grad,,0.13183357119524308,0.6963787541284728,66,2023-08-06,2026-08-05,ok,,1000,543,206,2056,2,True,-51.86816642870462,0.13183357119524308,-51.86816642870462,True,0.543,2056,0.13183357119524308,0.0,0.0,1,1,True,True,True,1.3951242001054784,0.36567873633556525,0.2613951763635049,5,5,1.3951242001054784,74.48269511556008,51.86816642870462,1.0000008100301407,0.5271321050822735,0.00805155374109745,0.00805155374109745,0.016091478057205677,0.5035258688867117,0.586443621065829,0.07766006050860559,0.07766006050860559,0.5544359424781535,0.5544359424781535,0.9996916091373015,0.9996916091373015,1.0,1.0,1.000001241787686,0.11920964391902089,0.0018109229858964682,0.0018109229858964682,0.0036162055330350995,3.4752640282321865,11.762229074854986,0.017962365370672688,0.017962365370672688,0.1657786206008707,0.1657786206008707,0.8367650474301921,0.8367650474301921,0.9999999865682817,0.9999999865682817,53.21409290623708,-4.598682880401611,-4.598682880401611,-4.598682880401611,42,-4.598682880401611,-4.598682880401611,43,43,0.38505090477492371 0.8108861395016167 1.274766337564649 3.0447811714676671,0.31641619401936055 0.97060601231288723 0.45317541299111586 3.3301673014750843,10.473905245773494,0.027353440411388874,0.07470054738223553,10.501258686184883,0.0012218281626701355
e1-v2,N12_i05_Aheur_s45,12,2,5,9c3650a19eba,Aheur,12.999999999974966,0.25134071621934995,51.7226185853215,0.42247766420937366,12.999999999974966,45,lightning_gpu,single,2,100,lbfgs_100grad,,0.13183357119524308,0.6963787541284728,66,2023-08-06,2026-08-05,ok,,1000,82,599,2064,2,True,-51.84753876031342,0.15246123958644464,-51.84753876031341,True,0.082,2064,0.15246123958644464,0.029621335040609268,0.000397694189162351,2,1,False,False,True,1.3871554782995212,0.36923496267614736,0.26546048257514526,0,0,1.3951242001054784,74.48269511556008,51.86816642870462,1.0000008893319432,0.08143961592577398,0.0013093424495309591,0.0013093424495309591,0.002594248973764479,4.7814460729343,17.571498477252135,0.013016546249704603,0.013016546249704603,0.12279980376536834,0.12279980376536834,0.7302340067183256,0.7302340067183256,0.9999979588636548,0.9999979588636548,1.0000015630148482,0.06818544026464224,0.0010411030380055308,0.0010411030380055308,0.0020796091994270682,6.546521482110581,24.78827161768004,0.010362390248172789,0.010362390248172789,0.09892297458568092,0.09892297458568092,0.6471264008431645,0.6471264008431645,0.9999700641447022,0.9999700641447022,53.21409290623708,-0.3689156174659729,-0.3689156174659729,-0.3689156174659729,29,-0.3689156174659729,-0.3689156174659729,53,53,1.8005430614133757 1.660303899153966 2.3990779832738145 2.5500080338093531,1.677263078724581 2.0840084392106126 2.5163159444883521 2.5397476886547641,12.82221484836191,0.027697889134287834,0.07467144727706909,12.849912737496197,0.00128194410353899
e1-v2,N12_i05_Aheur_s46,12,2,5,9c3650a19eba,Aheur,12.999999999974966,0.25134071621934995,51.7226185853215,0.42247766420937366,12.999999999974966,46,lightning_gpu,single,2,100,lbfgs_100grad,,0.13183357119524308,0.6963787541284728,66,2023-08-06,2026-08-05,ok,,1000,416,248,2056,2,True,-51.86816642870462,0.13183357119524308,-51.86816642870462,True,0.416,2056,0.13183357119524308,0.0,0.0,1,1,True,True,True,1.3951242001054784,0.36567873633556525,0.2613951763635049,7,7,1.3951242001054784,74.48269511556008,51.86816642870462,1.0000001092816202,0.4279755516909063,0.006730183027684689,0.006730183027684689,0.013372055254876614,0.5504183472296603,0.864647706068105,0.06529969305545168,0.06529969305545168,0.49099288495580445,0.49099288495580445,0.9988325493516496,0.9988325493516496,1.0,1.0,1.0000002056613084,0.011550083669135347,0.00016959037748165429,0.00016959037748165429,0.00033903955772984773,7.341809123260165,28.412275659414263,0.0016946101196253698,0.0016946101196253698,0.016817456782507064,0.016817456782507064,0.15600166704150065,0.15600166704150065,0.8165930079981287,0.8165930079981287,53.21409290623708,-4.529837131500244,-4.529837131500244,-4.529837131500244,36,-4.529837131500244,-4.529837131500244,77,77,2.8450397427097829 0.24261512621431053 0.85630314278475539 1.9536009066557216,2.01725684088311 -1.6772863035439394 1.5708306797970613 2.0451057514668078,18.72496729809791,0.029665855690836906,0.07489304710179567,18.754633153788745,0.0012327320873737335
e1-v2,N12_i05_Amargin_s42,12,2,5,9c3650a19eba,Amargin,0.42247766420937366,0.25134071621934995,1.6808962374431573,0.42247766420937366,12.999999999974966,42,lightning_gpu,single,2,100,lbfgs_100grad,,0.13183357119524308,0.6963787541284728,66,2023-08-06,2026-08-05,ok,,1000,238,471,2064,2,True,-1.53744941725105,0.15246123958644464,-1.53744941725105,True,0.238,2064,0.15246123958644464,0.029621335040609268,0.013239183466136834,2,1,False,False,True,1.3871554782995212,0.36923496267614736,0.26546048257514526,0,0,1.3951242001054784,2.2373989390187607,1.5580770856422514,1.000001628202646,0.22912159946281463,0.0007105607655830681,0.0007105607655830681,0.0017465518903918564,3.4577202612762092,11.980281423535963,0.0070829303064375015,0.0070829303064375015,0.06861386371089756,0.06861386371089756,0.508755510681672,0.508755510681672,0.9991815787147884,0.9991815787147884,0.9999985697915292,0.2502813243481796,0.0003908673534169793,0.0003908673534169793,0.0010783246252685785,3.821754348730436,12.687359301698955,0.003901805717190484,0.003901805717190484,0.03834005294526075,0.03834005294526075,0.3235818046049499,0.3235818046049499,0.9799482253860066,0.9799482253860066,2.9040035631747116,-1.842354655265808,-1.842354655265808,-1.842354655265808,18,-1.842354655265808,-1.842354655265808,19,19,2.4314546363447995 1.3787772821439981 2.6973649175810768 2.1908462769412909,2.399523507234715 1.4732582092445232 2.7395812218356257 2.3243849798768652,4.59339520521462,0.02745003718882799,0.07481785863637924,4.620845242403448,0.0012324070557951927
e1-v2,N12_i05_Amargin_s43,12,2,5,9c3650a19eba,Amargin,0.42247766420937366,0.25134071621934995,1.6808962374431573,0.42247766420937366,12.999999999974966,43,lightning_gpu,single,2,100,lbfgs_100grad,,0.13183357119524308,0.6963787541284728,66,2023-08-06,2026-08-05,ok,,1000,20,840,2064,2,True,-1.53744941725105,0.15246123958644464,-1.53744941725105,True,0.02,2064,0.15246123958644464,0.029621335040609268,0.013239183466136834,2,1,False,False,True,1.3871554782995212,0.36923496267614736,0.26546048257514526,0,0,1.3951242001054784,2.2373989390187607,1.5580770856422514,1.0000003935329005,0.020110790530452505,0.00028892105910927057,0.00028892105910927057,0.000575869926251471,4.682829534931066,14.321629149617365,0.002885457091737415,0.002885457091737415,0.028482775462512835,0.028482775462512835,0.25095993444998843,0.25095993444998843,0.9444031118821176,0.9444031118821176,0.999999794354153,0.17994065955281258,0.0027023940347135067,0.0027023940347135067,0.005435164552181959,4.879737035837849,16.64995033514424,0.026697665423606052,0.026697665423606052,0.2370823702791961,0.2370823702791961,0.9331999929768807,0.9331999929768807,0.9999999999982309,0.9999999999982309,2.9040035631747116,-1.0798594951629639,-1.0798594951629639,-1.0798594951629639,47,-1.0798594951629639,-1.0798594951629639,74,74,2.0492585716432195 0.13752423515278736 0.062924802978478217 2.6364640840167701,2.155219855236632 -0.02822711824458924 0.16480503379157282 2.7037417330746631,17.930652912706137,0.027569793164730072,0.07594204880297184,17.958222705870867,0.0013029985129833221
e1-v2,N12_i05_Amargin_s44,12,2,5,9c3650a19eba,Amargin,0.42247766420937366,0.25134071621934995,1.6808962374431573,0.42247766420937366,12.999999999974966,44,lightning_gpu,single,2,100,lbfgs_100grad,,0.13183357119524308,0.6963787541284728,66,2023-08-06,2026-08-05,ok,,1000,434,122,2056,2,True,-1.5580770856422514,0.13183357119524308,-1.5580770856422517,True,0.434,2056,0.13183357119524308,0.0,0.0,1,1,True,True,True,1.3951242001054784,0.36567873633556525,0.2613951763635049,3,3,1.3951242001054784,2.2373989390187607,1.5580770856422514,1.000000668090224,0.4195063253864646,0.007968572899699211,0.007968572899699211,0.015541258733719587,0.2851931440681761,0.8593090383167281,0.07688819214456351,0.07688819214456351,0.550693126797026,0.550693126797026,0.9996647022632446,0.9996647022632446,1.0,1.0,1.0000001311200322,0.12367244123015553,0.0019494207808747888,0.0019494207808747888,0.0037877392023801804,3.6741046541112414,12.200223423969874,0.019324082913247373,0.019324082913247373,0.1772742265880826,0.1772742265880826,0.8579140857779056,0.8579140857779056,0.9999999966464077,0.9999999966464077,2.9040035631747116,-4.552704334259033,-4.552704334259033,-4.552704334259033,44,-4.552704334259033,-4.552704334259033,45,45,0.38505090477492371 0.8108861395016167 1.274766337564649 3.0447811714676671,0.35994552070131497 1.0789990309750905 0.48396799811654911 3.3684182184491069,10.81289211474359,0.029793119989335537,0.07460949942469597,10.842685234732926,0.001199638471007347
e1-v2,N12_i05_Amargin_s45,12,2,5,9c3650a19eba,Amargin,0.42247766420937366,0.25134071621934995,1.6808962374431573,0.42247766420937366,12.999999999974966,45,lightning_gpu,single,2,100,lbfgs_100grad,,0.13183357119524308,0.6963787541284728,66,2023-08-06,2026-08-05,ok,,1000,42,611,2056,2,True,-1.5580770856422514,0.13183357119524308,-1.5580770856422517,True,0.042,2056,0.13183357119524308,0.0,0.0,1,1,True,True,True,1.3951242001054784,0.36567873633556525,0.2613951763635049,3,3,1.3951242001054784,2.2373989390187607,1.5580770856422514,0.9999999621982754,0.044567973956873175,0.0014275924768298864,0.0014275924768298864,0.0025619255611672997,4.456038468781511,15.318910448716071,0.014184562120445481,0.014184562120445481,0.13312565697829018,0.13312565697829018,0.7603587960609046,0.7603587960609046,0.9999993753813781,0.9999993753813781,1.0000000833654576,0.14904730694252066,0.0032681224402040243,0.0032681224402040243,0.006418291246518493,7.713014057438621,31.196160398346333,0.03220476111758987,0.03220476111758987,0.2791667479545793,0.2791667479545793,0.9621253939351889,0.9621253939351889,0.9999999999999939,0.9999999999999939,2.9040035631747116,-1.012868046760559,-1.012868046760559,-1.012868046760559,32,-1.012868046760559,-1.012868046760559,68,68,1.8005430614133757 1.660303899153966 2.3990779832738145 2.5500080338093531,1.7964575341431985 2.7594046101104577 2.6193778704113644 2.4981497928209966,16.564217876642942,0.027441619895398617,0.07484824489802122,16.59165949653834,0.0012498414143919945
e1-v2,N12_i05_Amargin_s46,12,2,5,9c3650a19eba,Amargin,0.42247766420937366,0.25134071621934995,1.6808962374431573,0.42247766420937366,12.999999999974966,46,lightning_gpu,single,2,100,lbfgs_100grad,,0.13183357119524308,0.6963787541284728,66,2023-08-06,2026-08-05,ok,,1000,371,156,2056,2,True,-1.5580770856422514,0.13183357119524308,-1.5580770856422517,True,0.371,2056,0.13183357119524308,0.0,0.0,1,1,True,True,True,1.3951242001054784,0.36567873633556525,0.2613951763635049,13,13,1.3951242001054784,2.2373989390187607,1.5580770856422514,1.0000006202951077,0.3546404705848545,0.007667700294405222,0.007667700294405222,0.013707336504012346,0.30896802762110903,1.089505669991971,0.07408466785459646,0.07408466785459646,0.5368595044645392,0.5368595044645392,0.9995459250332045,0.9995459250332045,1.0,1.0,1.0000000899513282,0.08227493477170356,0.0008754528244026005,0.0008754528244026005,0.0016898165922611952,6.779057390355031,24.693877622984274,0.008720119842152712,0.008720119842152712,0.0838577445925574,0.0838577445925574,0.5834864383944217,0.5834864383944217,0.9998428582934596,0.9998428582934596,2.9040035631747116,-4.511031150817871,-4.511031150817871,-4.511031150817871,44,-4.511031150817871,-4.511031150817871,83,83,2.8450397427097829 0.24261512621431053 0.85630314278475539 1.9536009066557216,1.0001180672729471 -1.2814279231669021 1.604362119996638 0.58323973192499012,20.149453738704324,0.02745895553380251,0.07484875619411469,20.176912694238126,0.0012919977307319641
e1-v2,N12_i06_Aheur_s42,12,2,6,61cd771b698a,Aheur,12.999999999975014,0.24575293206339022,52.898656755890734,0.44182107852103675,12.999999999975014,42,lightning_gpu,single,2,100,lbfgs_100grad,,0.1612028492881744,0.9042243763176306,66,2023-08-06,2026-08-05,ok,,1000,159,647,18,2,True,-51.83879715061188,0.1612028492881744,-51.838797150611875,True,0.159,18,0.1612028492881744,0.0,0.0,1,1,True,True,True,1.0149862954812678,0.2592541011299535,0.25444097351826733,1,1,1.0149862954812678,57.32957273472381,51.83879715061188,1.000000509248821,0.17799093038775027,0.002590995980426669,0.005214968929067254,0.01309827878139913,3.145271871931711,12.866901199970016,0.0509427384903707,0.025609940945316094,0.4071782017782172,0.22851329653540464,0.9946390513920933,0.9253062172440414,1.0,0.9999999999945944,0.9999985765180099,0.11559866461902857,0.0017323148204013705,0.0034618787467479706,0.0086129957344383,3.860566150621286,17.43429456787635,0.0340844289390869,0.017188728981590552,0.29304516057773095,0.1591833871937343,0.9688170845143903,0.8233909970566173,0.9999999999999991,0.999999970479182,52.97640523221024,-1.5339878797531128,-1.5339878797531128,-1.5339878797531128,16,-1.5339878797531128,-1.5339878797531128,24,24,2.4314546363447995 1.3787772821439981 2.6973649175810768 2.1908462769412909,2.2472523402437736 1.3927302302314242 2.7925015781727156 2.0948039576608597,5.814109460450709,0.030371837317943573,0.08338990435004234,5.844481297768652,0.001289593055844307
e1-v2,N12_i06_Aheur_s43,12,2,6,61cd771b698a,Aheur,12.999999999975014,0.24575293206339022,52.898656755890734,0.44182107852103675,12.999999999975014,43,lightning_gpu,single,2,100,lbfgs_100grad,,0.1612028492881744,0.9042243763176306,66,2023-08-06,2026-08-05,ok,,1000,9,846,272,2,True,-51.78712978093945,0.21287021896060643,-51.78712978093944,True,0.009,272,0.21287021896060643,0.05713998762435775,0.0009966930660508615,6,1,False,False,False,1.2842947469146042,0.4001941096039613,0.3108274876643287,0,0,1.0149862954812678,57.32957273472381,51.83879715061188,1.0000004907119546,0.010700475439080037,0.00016085799143183976,0.0003216142940800637,0.0008041546680033207,4.101115679926112,15.544182455540067,0.0032114923215877224,0.0016074160254442135,0.031654759909304366,0.01595838685898096,0.27505973675668566,0.14859804593092232,0.9599112779750049,0.7998542253456093,1.0000005617293937,0.2222510357387364,0.003370696445927024,0.006742777302861214,0.01685787970200181,4.609879718496213,21.76098440741589,0.06541820265890826,0.03320026128506618,0.4916378812792271,0.28654720505350456,0.9988472588131153,0.965829413234267,1.0,0.9999999999999978,52.97640523221024,-0.8589614629745483,-0.8589614629745483,-0.8589614629745483,33,-0.8589614629745483,-0.8589614629745483,47,47,2.0492585716432195 0.13752423515278736 0.062924802978478217 2.6364640840167701,1.87694842073202 -0.018320387525613234 0.15458530568350451 2.7733559431307264,11.25648274924606,0.0275614270940423,0.07509246002882719,11.284044176340103,0.0012533413246273994
e1-v2,N12_i06_Aheur_s44,12,2,6,61cd771b698a,Aheur,12.999999999975014,0.24575293206339022,52.898656755890734,0.44182107852103675,12.999999999975014,44,lightning_gpu,single,2,100,lbfgs_100grad,,0.1612028492881744,0.9042243763176306,66,2023-08-06,2026-08-05,ok,,1000,524,207,18,2,True,-51.83879715061188,0.1612028492881744,-51.838797150611875,True,0.524,18,0.1612028492881744,0.0,0.0,1,1,True,True,True,1.0149862954812678,0.2592541011299535,0.25444097351826733,14,3,1.0149862954812678,57.32957273472381,51.83879715061188,1.0000000752302292,0.5270718643441796,0.008061500266194344,0.016109906136989594,0.04022942204028368,0.5614813063244598,0.5859816644753586,0.14990809683072134,0.07775254176045708,0.8029126287473554,0.5548824994629776,0.9999999115723733,0.9996946860160146,1.0,1.0,1.0000010377407307,0.11917800060473382,0.0018098970176652074,0.0036144598852843046,0.009028954664245248,2.8230396973363945,11.763897912001994,0.03556233520935513,0.017952271650972174,0.30378780193405464,0.16569287249967438,0.973244302251091,0.8365971835554363,0.9999999999999998,0.9999999864295147,52.97640523221024,-4.596396446228027,-4.596396446228027,-4.596396446228027,30,-4.596396446228027,-4.596396446228027,46,46,0.38505090477492371 0.8108861395016167 1.274766337564649 3.0447811714676671,0.31598180978921792 0.96921077357403917 0.45308440988041665 3.3301569062827121,11.213314582593739,0.030171546153724194,0.08304208889603615,11.243486128747463,0.0012028468772768974
e1-v2,N12_i06_Aheur_s45,12,2,6,61cd771b698a,Aheur,12.999999999975014,0.24575293206339022,52.898656755890734,0.44182107852103675,12.999999999975014,45,lightning_gpu,single,2,100,lbfgs_100grad,,0.1612028492881744,0.9042243763176306,66,2023-08-06,2026-08-05,ok,,1000,81,644,18,2,True,-51.83879715061188,0.1612028492881744,-51.838797150611875,True,0.081,18,0.1612028492881744,0.0,0.0,1,1,True,True,True,1.0149862954812678,0.2592541011299535,0.25444097351826733,2,1,1.0149862954812678,57.32957273472381,51.83879715061188,0.9999985327478953,0.0812968797981739,0.001313804998062551,0.0026073133340105414,0.006486839381977916,3.787887723465996,17.561038166912113,0.025769336906340264,0.013060647723629276,0.22977440730987897,0.12319168514545606,0.9265182567844648,0.731436742400267,0.9999999999954102,0.9999980480622582,1.0000008391880328,0.06755396141670644,0.0010320828296244144,0.00206267845351249,0.005157371750101447,5.1152780329320935,24.77878567215248,0.020436374950090885,0.010273026209072582,0.18655817792127466,0.09810897347647811,0.8731574473515958,0.6439256757182229,0.9999999989219231,0.9999672352704088,52.97640523221024,-0.3699460029602051,-0.3699460029602051,-0.3699460029602051,25,-0.3699460029602051,-0.3699460029602051,41,41,1.8005430614133757 1.660303899153966 2.3990779832738145 2.5500080338093531,1.6773170921298945 2.0834254963503813 2.5164253917212598 2.5398066090404856,10.565956186503172,0.030263123102486134,0.08121687360107899,10.596219309605658,0.0014182208105921745
e1-v2,N12_i06_Aheur_s46,12,2,6,61cd771b698a,Aheur,12.999999999975014,0.24575293206339022,52.898656755890734,0.44182107852103675,12.999999999975014,46,lightning_gpu,single,2,100,lbfgs_100grad,,0.1612028492881744,0.9042243763176306,66,2023-08-06,2026-08-05,ok,,1000,453,237,18,2,True,-51.83879715061188,0.1612028492881744,-51.838797150611875,True,0.453,18,0.1612028492881744,0.0,0.0,1,1,True,True,True,1.0149862954812678,0.2592541011299535,0.25444097351826733,15,9,1.0149862954812678,57.32957273472381,51.83879715061188,1.000001212040793,0.4415174098685384,0.006378229707479477,0.012857948895543814,0.03237456129863858,0.606820961317261,0.8227562100704802,0.12138922011593051,0.06198240788437166,0.7258645032884655,0.4726367834156834,0.9999976030843976,0.9983362106266445,1.0,1.0,1.0000004825988071,0.011530984527780674,0.00016945452080108225,0.00033895477827172726,0.0008509095205226913,5.691252294327575,28.41273023361191,0.0033843823876849844,0.0016932536241828322,0.033333016234709634,0.016804097235343134,0.28752626909677553,0.15588697699651127,0.9662954475856387,0.8163436257080745,52.97640523221024,-4.537444591522217,-4.537444591522217,-4.537444591522217,60,-4.537442207336426,-4.537444591522217,90,90,2.8450397427097829 0.24261512621431053 0.85630314278475539 1.9536009066557216,1.9509441836064014 -2.2587231194930872 1.5791288020373075 2.0450714330236539,23.310752695426345,0.030117355287075043,0.0810939958319068,23.34087005071342,0.0013888441026210785
e1-v2,N12_i06_Amargin_s42,12,2,6,61cd771b698a,Amargin,0.44182107852103675,0.24575293206339022,1.7978262754035916,0.44182107852103675,12.999999999975014,42,lightning_gpu,single,2,100,lbfgs_100grad,,0.1612028492881744,0.9042243763176306,66,2023-08-06,2026-08-05,ok,,1000,258,468,144,2,True,-1.5893210920014027,0.1779632220827443,-1.5893210920014025,True,0.258,144,0.1779632220827443,0.018535634775546452,0.010435568283392786,3,1,False,False,True,1.310535097105537,0.40240912687901276,0.30629406855685865,0,0,1.0149862954812678,1.7761979292535657,1.6060814647959725,0.999999491724644,0.2547408115929102,0.00044610784971155226,0.0014679776795674115,0.005187581409700215,2.7968463763164695,12.200641365004365,0.014583182302847109,0.00445213359290118,0.1366245422998024,0.04363987640460072,0.7698574120274897,0.3599489789542149,0.9999995831594842,0.9884615905214755,0.9999986617912253,0.2267156978487037,0.0002550435019657016,0.000921312952414155,0.003277854950283654,3.04968880149442,12.825123099473444,0.009175026426165725,0.0025475098860969886,0.08805332608777576,0.02518503268695045,0.602172833105851,0.22514241754569694,0.999900701115487,0.9219776777783939,2.7436895463943314,-1.7813140153884888,-1.7813140153884888,-1.7813143730163574,19,-1.7813143730163574,-1.7813143730163574,43,43,2.4314546363447995 1.3787772821439981 2.6973649175810768 2.1908462769412909,2.4356119105925034 1.4775020596428778 2.7355403866552455 2.30180290136372,11.046484178863466,0.03154905419796705,0.08115280605852604,11.078033233061433,0.0013919435441493988
e1-v2,N12_i06_Amargin_s43,12,2,6,61cd771b698a,Amargin,0.44182107852103675,0.24575293206339022,1.7978262754035916,0.44182107852103675,12.999999999975014,43,lightning_gpu,single,2,100,lbfgs_100grad,,0.1612028492881744,0.9042243763176306,66,2023-08-06,2026-08-05,ok,,1000,17,827,48,2,True,-1.5991574881824948,0.1681268259016523,-1.5991574881824948,True,0.017,48,0.1681268259016523,0.007657365577419099,0.004311099259437292,2,1,False,True,True,1.128174476410969,0.3104087979677689,0.2742561584552797,1,0,1.0149862954812678,1.7761979292535657,1.6060814647959725,1.0000004567723408,0.019931379007175565,0.00029201508732512593,0.000573966943193227,0.0014010067679919302,3.810680059825602,14.300893606678073,0.005724867387208438,0.0029163165833333317,0.05579613033714374,0.028783406446270223,0.436806336604631,0.25327457524784885,0.9967894635992135,0.9460974407274395,0.999999246504558,0.18537307740189135,0.0031563800293952227,0.006145647261291742,0.014752573100849986,3.900334426873965,16.80141460518462,0.059784424914630485,0.0311192300001608,0.46014837631923633,0.271040562913079,0.9978974607150535,0.9576324230469693,1.0,0.9999999999999813,2.7436895463943314,-1.0735979080200195,-1.0735979080200195,-1.0735979080200195,68,-1.0735975503921509,-1.0735979080200195,86,86,2.0492585716432195 0.13752423515278736 0.062924802978478217 2.6364640840167701,2.1632878953744954 -0.026347178588567693 0.15721626827946208 2.7163342040932856,22.295818051323295,0.030063936486840248,0.08146980032324791,22.325881987810135,0.0014194166287779808
e1-v2,N12_i06_Amargin_s44,12,2,6,61cd771b698a,Amargin,0.44182107852103675,0.24575293206339022,1.7978262754035916,0.44182107852103675,12.999999999975014,44,lightning_gpu,single,2,100,lbfgs_100grad,,0.1612028492881744,0.9042243763176306,66,2023-08-06,2026-08-05,ok,,1000,431,118,18,2,True,-1.6060814647959725,0.1612028492881744,-1.6060814647959727,True,0.431,18,0.1612028492881744,0.0,0.0,1,1,True,True,True,1.0149862954812678,0.2592541011299535,0.25444097351826733,11,5,1.0149862954812678,1.7761979292535657,1.6060814647959725,1.0000011522968604,0.4297535573132336,0.008670060895383358,0.016819951124489307,0.04030357301235199,0.3593446718294885,0.8335511443999593,0.15602307910231483,0.08339499395558791,0.8166395326559076,0.5813778072843506,0.9999999570407123,0.9998347191712763,1.0,1.0,1.000000790139893,0.1231347534339875,0.0019424146739766002,0.003776835626922548,0.009297031327150762,3.003113860243177,12.274696916530957,0.03713287675641029,0.019255239334632013,0.31504256955241383,0.176696489526947,0.9772680960261932,0.8569131667976606,1.0,0.9999999964025338,2.7436895463943314,-4.500182628631592,-4.500184535980225,-4.500184535980225,44,-4.500184535980225,-4.500184535980225,97,97,0.38505090477492371 0.8108861395016167 1.274766337564649 3.0447811714676671,0.363016351541117 1.0900767785716057 0.48206509850733043 3.3652836083764046,24.887651193886995,0.030133026652038097,0.08082081843167543,24.917784220539033,0.0014203628525137901
e1-v2,N12_i06_Amargin_s45,12,2,6,61cd771b698a,Amargin,0.44182107852103675,0.24575293206339022,1.7978262754035916,0.44182107852103675,12.999999999975014,45,lightning_gpu,single,2,100,lbfgs_100grad,,0.1612028492881744,0.9042243763176306,66,2023-08-06,2026-08-05,ok,,1000,38,614,18,2,True,-1.6060814647959725,0.1612028492881744,-1.6060814647959727,True,0.038,18,0.1612028492881744,0.0,0.0,1,1,True,True,True,1.0149862954812678,0.2592541011299535,0.25444097351826733,1,1,1.0149862954812678,1.7761979292535657,1.6060814647959725,1.0000002055041044,0.0298087751739331,0.001366263604722917,0.0022977840853855014,0.005485133675392717,3.416467482786458,14.593203717629248,0.022741699313358628,0.013578940930611728,0.20550040615791518,0.1277853955954755,0.8997840621072921,0.7451799817571345,0.9999999998978195,0.9999988456555355,1.0000007325917153,0.14980732830008492,0.003431234508752823,0.006617271341383457,0.016367439879104495,6.120929784132128,32.75903063096274,0.06423661240822598,0.03378736210035178,0.485173977077444,0.2908679130406524,0.998692008532912,0.9678433077974555,1.0,0.9999999999999988,2.7436895463943314,-1.1702048778533936,-1.1702048778533936,-1.1702048778533936,33,-1.1702048778533936,-1.1702048778533936,73,73,1.8005430614133757 1.660303899153966 2.3990779832738145 2.5500080338093531,1.8045298639234106 2.8196653702099503 2.62833684338475 2.5340377244705352,18.808276396244764,0.03009303379803896,0.08131836354732513,18.838369430042803,0.0013731690123677254
e1-v2,N12_i06_Amargin_s46,12,2,6,61cd771b698a,Amargin,0.44182107852103675,0.24575293206339022,1.7978262754035916,0.44182107852103675,12.999999999975014,46,lightning_gpu,single,2,100,lbfgs_100grad,,0.1612028492881744,0.9042243763176306,66,2023-08-06,2026-08-05,ok,,1000,351,162,18,2,True,-1.6060814647959725,0.1612028492881744,-1.6060814647959727,True,0.351,18,0.1612028492881744,0.0,0.0,1,1,True,True,True,1.0149862954812678,0.2592541011299535,0.25444097351826733,12,5,1.0149862954812678,1.7761979292535657,1.6060814647959725,1.0000009937347603,0.3590760000515729,0.009950426407158375,0.01769130164757371,0.0397319421172142,0.3721165784403056,1.091757225974408,0.16347312614857185,0.09516495961102661,0.832197288389732,0.6321302255055133,0.9999999822993284,0.999954611998454,1.0,1.0,1.0000003479872817,0.0770318404538557,0.001210414688102901,0.0021558934822678566,0.004541172296740115,5.247446531657177,25.188365790110822,0.02135097828525683,0.012038429569606204,0.19412132621919032,0.11406773635060381,0.8844695059525912,0.7021448044734071,0.9999999995763899,0.999994503935769,2.7436895463943314,-4.453946590423584,-4.453946590423584,-4.453946590423584,29,-4.453946590423584,-4.453946590423584,30,30,2.8450397427097829 0.24261512621431053 0.85630314278475539 1.9536009066557216,1.3554013160680578 -1.0505107479836358 1.5566263141925101 1.032023838106825,7.794039295986295,0.03235654067248106,0.08879800606518984,7.826395836658776,0.001356407068669796
e1-v2,N12_i07_Aheur_s42,12,2,7,6ae2087493d3,Aheur,12.999999999974966,0.0,,0.2451029175931008,12.999999999974966,42,lightning_gpu,single,2,100,lbfgs_100grad,,-0.2433183778032576,1.1416497313076124,66,2023-08-06,2026-08-05,ok,,1000,200,613,2052,2,True,-52.24331837770312,-0.2433183778032576,-52.24331837770312,True,0.2,2052,-0.2433183778032576,0.0,0.0,1,1,True,True,True,1.7210190677255686,0.4105310771456001,0.23795847752391283,2,2,1.7210190677255686,45.76124965917974,52.24331837770312,1.0000003377208486,0.18048154283314943,0.0025981334038078785,0.0025981334038078785,0.0052187161054462194,2.526426575189444,12.894588010094594,0.025679665706313217,0.025679665706313217,0.22906517416848265,0.22906517416848265,0.9258388172978814,0.9258388172978814,0.9999999999949677,0.9999999999949677,0.99999887305421,0.1142601037863642,0.001690021948888898,0.001690021948888898,0.0033805009443312883,3.1784129989425383,17.521058422222268,0.016772269180435215,0.016772269180435215,0.15561368059994876,0.15561368059994876,0.8157481389018552,0.8157481389018552,0.9999999549059925,0.9999999549059925,52.82132507196758,-1.5267349481582642,-1.5267349481582642,-1.5267349481582642,21,-1.5267349481582642,-1.5267349481582642,50,50,2.4314546363447995 1.3787772821439981 2.6973649175810768 2.1908462769412909,2.2446195057983189 1.3922597533086583 2.7938153505992869 2.0920688090819013,12.782699069008231,0.03023376315832138,0.08317769505083561,12.812932832166553,0.0014553600922226906
e1-v2,N12_i07_Aheur_s43,12,2,7,6ae2087493d3,Aheur,12.999999999974966,0.0,,0.2451029175931008,12.999999999974966,43,lightning_gpu,single,2,100,lbfgs_100grad,,-0.2433183778032576,1.1416497313076124,66,2023-08-06,2026-08-05,ok,,1000,8,846,2052,2,True,-52.24331837770312,-0.2433183778032576,-52.24331837770312,True,0.008,2052,-0.2433183778032576,0.0,0.0,1,1,True,True,True,1.7210190677255686,0.4105310771456001,0.23795847752391283,1,1,1.7210190677255686,45.76124965917974,52.24331837770312,1.0000001643993528,0.010641573331668042,0.0001595734356669709,0.0001595734356669709,0.0003191581490682438,3.2864143830602064,15.560078103833803,0.0015945889784711508,0.0015945889784711508,0.015831952849159798,0.015831952849159798,0.14750349442255875,0.14750349442255875,0.7972662401589989,0.7972662401589989,0.9999997366520574,0.22209311975166202,0.0033703779336065054,0.0033703779336065054,0.006741750054061413,3.840444684875113,21.838062963375705,0.033197171489592385,0.033197171489592385,0.2865244034863174,0.2865244034863174,0.9658184909279913,0.9658184909279913,0.9999999999999978,0.9999999999999978,52.82132507196758,-0.8563361763954163,-0.8563361763954163,-0.8563361763954163,30,-0.8563361763954163,-0.8563361763954163,40,40,2.0492585716432195 0.13752423515278736 0.062924802978478217 2.6364640840167701,1.8735183854729598 -0.018362883696911494 0.15446884437171185 2.7741510135254566,10.350487674586475,0.03039806243032217,0.08582552894949913,10.380885737016797,0.0013808393850922585
e1-v2,N12_i07_Aheur_s44,12,2,7,6ae2087493d3,Aheur,12.999999999974966,0.0,,0.2451029175931008,12.999999999974966,44,lightning_gpu,single,2,100,lbfgs_100grad,,-0.2433183778032576,1.1416497313076124,66,2023-08-06,2026-08-05,ok,,1000,549,207,2052,2,True,-52.24331837770312,-0.2433183778032576,-52.24331837770312,True,0.549,2052,-0.2433183778032576,0.0,0.0,1,1,True,True,True,1.7210190677255686,0.4105310771456001,0.23795847752391283,14,14,1.7210190677255686,45.76124965917974,52.24331837770312,1.0000010702848812,0.5274978987872601,0.008086185902357101,0.008086185902357101,0.016160327941179276,0.3075587075050977,0.5851325920882147,0.07798202892956468,0.07798202892956468,0.5559888668308285,0.5559888668308285,0.9997021904654454,0.9997021904654454,1.0,1.0,1.0000019424187485,0.11906583688687533,0.001809567678719759,0.001809567678719759,0.0036156357964500785,2.2529737567385277,11.755453518439026,0.017949031516227662,0.017949031516227662,0.16566534524647136,0.16566534524647136,0.8365432621822159,0.8365432621822159,0.9999999863846668,0.9999999863846668,52.82132507196758,-4.598254203796387,-4.5982537269592285,-4.598254203796387,70,-4.5982537269592285,-4.598254203796387,85,85,0.38505090477492371 0.8108861395016167 1.274766337564649 3.0447811714676671,0.31577988435722448 0.96911997033272013 0.45274151097371956 3.3296123362072541,22.02596766874194,0.030332930386066437,0.08099432475864887,22.056300599128008,0.0014033690094947815
e1-v2,N12_i07_Aheur_s45,12,2,7,6ae2087493d3,Aheur,12.999999999974966,0.0,,0.2451029175931008,12.999999999974966,45,lightning_gpu,single,2,100,lbfgs_100grad,,-0.2433183778032576,1.1416497313076124,66,2023-08-06,2026-08-05,ok,,1000,515,214,2052,2,True,-52.24331837770312,-0.2433183778032576,-52.24331837770312,True,0.515,2052,-0.2433183778032576,0.0,0.0,1,1,True,True,True,1.7210190677255686,0.4105310771456001,0.23795847752391283,10,10,1.7210190677255686,45.76124965917974,52.24331837770312,1.0000005721267087,0.5274973651394248,0.00808617752045393,0.00808617752045393,0.016160307452082634,0.3075568920350874,0.5851324103625117,0.07798195101689183,0.07798195101689183,0.5559884916309039,0.5559884916309039,0.9997021879488747,0.9997021879488747,1.0,1.0,1.0000007513544915,0.06803786603268236,0.0010422805789858103,0.0010422805789858103,0.0020834329770877957,4.263937593141412,24.68981886340316,0.010374055719727045,0.010374055719727045,0.09902918448259372,0.09902918448259372,0.6475421122034821,0.6475421122034821,0.9999704149476129,0.9999704149476129,52.82132507196758,-4.59825325012207,-4.59825325012207,-4.59825325012207,61,-4.574024200439453,-4.59825325012207,62,62,1.8005430614133757 1.660303899153966 2.3990779832738145 2.5500080338093531,0.31577600332645611 0.96911889468633572 3.5943370620566228 3.3296149144762217,15.888127616606653,0.030796737410128117,0.08495134580880404,15.91892435401678,0.0014800187200307846
e1-v2,N12_i07_Aheur_s46,12,2,7,6ae2087493d3,Aheur,12.999999999974966,0.0,,0.2451029175931008,12.999999999974966,46,lightning_gpu,single,2,100,lbfgs_100grad,,-0.2433183778032576,1.1416497313076124,66,2023-08-06,2026-08-05,ok,,1000,438,254,2052,2,True,-52.24331837770312,-0.2433183778032576,-52.24331837770312,True,0.438,2052,-0.2433183778032576,0.0,0.0,1,1,True,True,True,1.7210190677255686,0.4105310771456001,0.23795847752391283,2,2,1.7210190677255686,45.76124965917974,52.24331837770312,1.0000007396029957,0.44147671572864056,0.006302814465016127,0.006302814465016127,0.012683504726737738,0.35276736219508564,0.8228330193011288,0.0612702154539,0.0612702154539,0.4686190557062318,0.4686190557062318,0.998205019386521,0.998205019386521,1.0,1.0,1.000000188327249,0.01158774115901906,0.00016966660041362047,0.00016966660041362047,0.0003396080282982439,4.8040304326888705,28.414817249704356,0.0016953711860720107,0.0016953711860720107,0.01682495213097599,0.01682495213097599,0.15606600753085176,0.15606600753085176,0.8167327766189649,0.8167327766189649,52.82132507196758,-4.538896083831787,-4.538896083831787,-4.538896083831787,46,-4.538896083831787,-4.538896083831787,87,87,2.8450397427097829 0.24261512621431053 0.85630314278475539 1.9536009066557216,1.9482539277219415 -2.2558845350805234 1.5791288977695876 2.0445173681725386,22.628239908255637,0.03050457313656807,0.08540889527648687,22.658744481392205,0.0014387788251042366
e1-v2,N12_i07_Amargin_s42,12,2,7,6ae2087493d3,Amargin,0.2451029175931008,0.0,,0.2451029175931008,12.999999999974966,42,lightning_gpu,single,2,100,lbfgs_100grad,,-0.2433183778032576,1.1416497313076124,66,2023-08-06,2026-08-05,ok,,1000,173,434,2052,2,True,-1.2237300481756608,-0.2433183778032576,-1.223730048175661,True,0.173,2052,-0.2433183778032576,0.0,0.0,1,1,True,True,True,1.7210190677255686,0.4105310771456001,0.23795847752391283,1,1,1.7210190677255686,1.0718962345605214,1.2237300481756608,0.9999994667863712,0.17520889674142381,0.002031819662079215,0.002031819662079215,0.004957549972459674,2.331506751504616,11.63775018707871,0.02013342650242656,0.02013342650242656,0.1840389522759874,0.1840389522759874,0.8691739378502279,0.8691739378502279,0.9999999985312675,0.9999999985312675,0.9999989664784024,0.24427091357210884,0.00047453748993575573,0.00047453748993575573,0.0011186596238985658,2.594781965748016,12.760416416259767,0.004735254349488034,0.004735254349488034,0.04635616121576211,0.04635616121576211,0.3778973193787981,0.3778973193787981,0.9913179810968646,0.9913179810968646,1.801736742440119,-1.8167210817337036,-1.8167210817337036,-1.8167210817337036,12,-1.8167210817337036,-1.8167210817337036,29,29,2.4314546363447995 1.3787772821439981 2.6973649175810768 2.1908462769412909,2.4044232881121674 1.5026437975064977 2.7475493439324197 2.4101048281473849,7.421260308474302,0.03217227756977081,0.0860365591943264,7.453432586044073,0.0013392167165875435
e1-v2,N12_i07_Amargin_s43,12,2,7,6ae2087493d3,Amargin,0.2451029175931008,0.0,,0.2451029175931008,12.999999999974966,43,lightning_gpu,single,2,100,lbfgs_100grad,,-0.2433183778032576,1.1416497313076124,66,2023-08-06,2026-08-05,ok,,1000,26,832,2049,2,True,-1.0201943492647672,-0.03978267889236392,-1.0201943492647672,True,0.026,2049,-0.03978267889236392,0.17828208891861239,0.16632401828681506,4,1,False,False,False,1.029124974051068,0.18501320319261078,0.17880549771157292,0,0,1.7210190677255686,1.0718962345605214,1.2237300481756608,1.0000007869857654,0.020422241461346857,0.00032136906520463526,0.00032136906520463526,0.0006460028525907546,3.006858344902903,14.379093624878806,0.0032090471192295594,0.0032090471192295594,0.031631005359725045,0.031631005359725045,0.27488188148545534,0.27488188148545534,0.95981281651967,0.95981281651967,0.9999997492133019,0.141648318618536,0.0030359486117959023,0.0030359486117959023,0.006123000290244818,3.11608449579781,16.287326787196875,0.029948061938660085,0.029948061938660085,0.26218092867907566,0.26218092867907566,0.9521921990257556,0.9521921990257556,0.9999999999999376,0.9999999999999376,1.801736742440119,-1.0689700841903687,-1.0689700841903687,-1.0689700841903687,20,-1.0689700841903687,-1.0689700841903687,21,21,2.0492585716432195 0.13752423515278736 0.062924802978478217 2.6364640840167701,2.2066442651919393 -0.033956190982838218 0.18300914927387046 2.6735899966724515,5.390881773084402,0.03265839163213968,0.08143894467502832,5.423540164716542,0.0013595493510365486
e1-v2,N12_i07_Amargin_s44,12,2,7,6ae2087493d3,Amargin,0.2451029175931008,0.0,,0.2451029175931008,12.999999999974966,44,lightning_gpu,single,2,100,lbfgs_100grad,,-0.2433183778032576,1.1416497313076124,66,2023-08-06,2026-08-05,ok,,1000,416,122,2052,2,True,-1.2237300481756608,-0.2433183778032576,-1.223730048175661,True,0.416,2052,-0.2433183778032576,0.0,0.0,1,1,True,True,True,1.7210190677255686,0.4105310771456001,0.23795847752391283,11,11,1.7210190677255686,1.0718962345605214,1.2237300481756608,1.00000031640959,0.40400199708528817,0.01074561383575201,0.01074561383575201,0.020632024854421616,0.12857119680743598,0.8975617078754716,0.1024061977016304,0.1024061977016304,0.6605323045598585,0.6605323045598585,0.9999796771542546,0.9999796771542546,1.0,1.0,1.0000009242430679,0.12355579389259219,0.002018371131271124,0.002018371131271124,0.003916000830940902,2.400854302776888,12.31222259279457,0.02000137254308511,0.02000137254308511,0.1829386365875869,0.1829386365875869,0.867399016904795,0.867399016904795,0.9999999983193881,0.9999999983193881,1.801736742440119,-4.500457286834717,-4.500457286834717,-4.500458717346191,28,-4.500458717346191,-4.500458717346191,64,64,0.38505090477492371 0.8108861395016167 1.274766337564649 3.0447811714676671,0.36591473547975573 1.0927840496978225 0.49493576242770398 3.3752291077500711,16.47370481491089,0.030289391987025738,0.08587232697755098,16.503994206897914,0.001363738439977169
e1-v2,N12_i07_Amargin_s45,12,2,7,6ae2087493d3,Amargin,0.2451029175931008,0.0,,0.2451029175931008,12.999999999974966,45,lightning_gpu,single,2,100,lbfgs_100grad,,-0.2433183778032576,1.1416497313076124,66,2023-08-06,2026-08-05,ok,,1000,65,210,2052,2,True,-1.2237300481756608,-0.2433183778032576,-1.223730048175661,True,0.065,2052,-0.2433183778032576,0.0,0.0,1,1,True,True,True,1.7210190677255686,0.4105310771456001,0.23795847752391283,1,1,1.7210190677255686,1.0718962345605214,1.2237300481756608,0.999999360912112,0.062241492933026166,0.0013330321526154876,0.0013330321526154876,0.0027934868121519685,0.4301632646168735,2.81624162740167,0.013250641253446724,0.013250641253446724,0.12487814812578879,0.12487814812578879,0.736557837001144,0.736557837001144,0.9999983899000554,0.9999983899000554,1.0000003037191458,0.1389439216873143,0.004761673975735903,0.004761673975735903,0.010114835109561682,5.032489437836942,30.446112811375876,0.0466092788358234,0.0466092788358234,0.3795465431321355,0.3795465431321355,0.9915454190671349,0.9915454190671349,1.0,1.0,1.801736742440119,-4.072055816650391,-4.072055816650391,-4.072055816650391,32,-4.072055816650391,-4.072055816650391,44,44,1.8005430614133757 1.660303899153966 2.3990779832738145 2.5500080338093531,0.89327471248571622 2.9899262355795915 2.5514828357885051 1.6394502189520361,11.356503064744174,0.030202656984329224,0.08136853110045195,11.386705721728504,0.001380731351673603
e1-v2,N12_i07_Amargin_s46,12,2,7,6ae2087493d3,Amargin,0.2451029175931008,0.0,,0.2451029175931008,12.999999999974966,46,lightning_gpu,single,2,100,lbfgs_100grad,,-0.2433183778032576,1.1416497313076124,66,2023-08-06,2026-08-05,ok,,1000,298,131,2052,2,True,-1.2237300481756608,-0.2433183778032576,-1.223730048175661,True,0.298,2052,-0.2433183778032576,0.0,0.0,1,1,True,True,True,1.7210190677255686,0.4105310771456001,0.23795847752391283,10,10,1.7210190677255686,1.0718962345605214,1.2237300481756608,1.0000013951017093,0.3256572733516805,0.012591768987476826,0.012591768987476826,0.021072340197861195,0.08546172430838328,1.2066134877286805,0.11901719554973553,0.11901719554973553,0.7183729819556095,0.7183729819556095,0.9999968613479869,0.9999968613479869,1.0,1.0,1.0000002106949921,0.11614422523416579,0.002544296672567725,0.002544296672567725,0.004964948166161776,4.324645273802879,22.872915189510053,0.025153629346141602,0.025153629346141602,0.2248927635566426,0.2248927635566426,0.9217259302299784,0.9217259302299784,0.9999999999913667,0.9999999999913667,1.801736742440119,-4.482347011566162,-4.482347011566162,-4.482347011566162,71,-4.482346534729004,-4.482347011566162,94,94,2.8450397427097829 0.24261512621431053 0.85630314278475539 1.9536009066557216,1.3113514402358111 -1.0894195988092816 1.5624513225948928 0.95178622164187476,24.501996125094593,0.02999951969832182,0.08475085999816656,24.531995644792914,0.001373477280139923
e1-v2,N12_i08_Aheur_s42,12,2,8,e516d5ec7c2b,Aheur,12.99999999997615,0.11805440907930864,110.118716457619,0.29081914513312296,12.99999999997615,42,lightning_gpu,single,2,100,lbfgs_100grad,,-0.1460625980423026,1.0175618013780192,66,2023-08-06,2026-08-05,ok,,1000,187,640,12,2,True,-52.14606259794691,-0.1460625980423026,-52.146062597946894,True,0.187,12,-0.1460625980423026,0.0,0.0,1,1,True,True,True,1.4332036463892788,0.47576925177596985,0.3312643342570841,2,2,1.4332036463892788,51.24608896219258,52.14606259794691,1.0000000524305506,0.18247368815355003,0.002674824558198452,0.002674824558198452,0.024421973852440715,1.8273647357649516,12.915948579106043,0.026428570481550215,0.026428570481550215,0.23497045833135652,0.23497045833135652,0.9313276265218438,0.9313276265218438,0.9999999999976675,0.9999999999976675,0.9999993212668414,0.11312711634673178,0.0015885991742834449,0.0015885991742834449,0.015088752144947648,2.305593025329499,17.604521574041428,0.01577290736547851,0.01577290736547851,0.14699189825248826,0.14699189825248826,0.7960463130976814,0.7960463130976814,0.999999875458066,0.999999875458066,52.57412992192412,-1.5218751430511475,-1.5218751430511475,-1.5218751430511475,17,-1.5218751430511475,-1.5218751430511475,40,40,2.4314546363447995 1.3787772821439981 2.6973649175810768 2.1908462769412909,2.2417811372889123 1.391425051846896 2.7948287003557493 2.0899134031080675,10.350578936748207,0.03107298258692026,0.08838870376348495,10.381651919335127,0.0014195973053574562
e1-v2,N12_i08_Aheur_s43,12,2,8,e516d5ec7c2b,Aheur,12.99999999997615,0.11805440907930864,110.118716457619,0.29081914513312296,12.99999999997615,43,lightning_gpu,single,2,100,lbfgs_100grad,,-0.1460625980423026,1.0175618013780192,66,2023-08-06,2026-08-05,ok,,1000,10,849,12,2,True,-52.14606259794691,-0.1460625980423026,-52.146062597946894,True,0.01,12,-0.1460625980423026,0.0,0.0,1,1,True,True,True,1.4332036463892788,0.47576925177596985,0.3312643342570841,2,2,1.4332036463892788,51.24608896219258,52.14606259794691,1.0000005679921742,0.010618676169542596,0.00016013080312404782,0.00016013080312404782,0.001438217455870472,2.3749355950073223,15.571382760594133,0.001600154639493984,0.001600154639493984,0.01588681441415817,0.01588681441415817,0.14797859176315656,0.14797859176315656,0.7983932486082952,0.7983932486082952,0.9999994785498529,0.22220882400870323,0.0033702459186315536,0.0033702459186315536,0.030340539989992976,2.784420062121936,21.909367856485915,0.03319589084807379,0.03319589084807379,0.28651495262528487,0.28651495262528487,0.9658139628971738,0.9658139628971738,0.9999999999999978,0.9999999999999978,52.57412992192412,-0.8548533320426941,-0.8548533320426941,-0.8548533320426941,14,-0.8548533320426941,-0.8548533320426941,32,32,2.0492585716432195 0.13752423515278736 0.062924802978478217 2.6364640840167701,1.8703650923163804 -0.018434964316530671 0.15419495118967522 2.7747520066902558,8.257495317608118,0.031523880548775196,0.08126395847648382,8.289019198156893,0.001414361409842968
e1-v2,N12_i08_Aheur_s44,12,2,8,e516d5ec7c2b,Aheur,12.99999999997615,0.11805440907930864,110.118716457619,0.29081914513312296,12.99999999997615,44,lightning_gpu,single,2,100,lbfgs_100grad,,-0.1460625980423026,1.0175618013780192,66,2023-08-06,2026-08-05,ok,,1000,515,210,12,2,True,-52.14606259794691,-0.1460625980423026,-52.146062597946894,True,0.515,12,-0.1460625980423026,0.0,0.0,1,1,True,True,True,1.4332036463892788,0.47576925177596985,0.3312643342570841,13,13,1.4332036463892788,51.24608896219258,52.14606259794691,1.0000013546888589,0.5271584894508123,0.00800397340208292,0.00800397340208292,0.0722481096163392,0.21823059998338806,0.5845208762893854,0.07721755040647954,0.07721755040647954,0.5522936432229378,0.5522936432229378,0.9996764565532684,0.9996764565532684,1.0,1.0,1.0000017551938072,0.1189691232284531,0.0018082859460264444,0.0018082859460264444,0.016209783614613116,1.6254640335641386,11.74570273127756,0.01793642135622896,0.01793642135622896,0.16555820517140069,0.16555820517140069,0.8363332398549566,0.8363332398549566,0.9999999862087111,0.9999999862087111,52.57412992192412,-4.601674556732178,-4.601674556732178,-4.601674556732178,51,-4.601673126220703,-4.601674556732178,71,71,0.38505090477492371 0.8108861395016167 1.274766337564649 3.0447811714676671,0.31506480661362057 0.96420273817769875 0.45282718063310173 3.3293923569511161,18.376586976461112,0.03040846437215805,0.08121949713677168,18.40699544083327,0.0013574110344052315
e1-v2,N12_i08_Aheur_s45,12,2,8,e516d5ec7c2b,Aheur,12.99999999997615,0.11805440907930864,110.118716457619,0.29081914513312296,12.99999999997615,45,lightning_gpu,single,2,100,lbfgs_100grad,,-0.1460625980423026,1.0175618013780192,66,2023-08-06,2026-08-05,ok,,1000,283,300,12,2,True,-52.14606259794691,-0.1460625980423026,-52.146062597946894,True,0.283,12,-0.1460625980423026,0.0,0.0,1,1,True,True,True,1.4332036463892788,0.47576925177596985,0.3312643342570841,2,2,1.4332036463892788,51.24608896219258,52.14606259794691,1.0000003644213393,0.30486260959878564,0.00525694340467453,0.00525694340467453,0.04332684865221381,0.5197289927490092,3.216093510927294,0.05134311260710955,0.05134311260710955,0.409674367557408,0.409674367557408,0.994860552776664,0.994860552776664,1.0,1.0,1.0000006368954928,0.0689767743460834,0.0010609636083245277,0.0010609636083245277,0.009463955648243427,3.082466789514376,24.612773354945602,0.01055912515952987,0.01055912515952987,0.10071266817028396,0.10071266817028396,0.6540727646921911,0.6540727646921911,0.9999754615255434,0.9999754615255434,52.57412992192412,-3.945222854614258,-3.94522762298584,-3.94522762298584,60,-3.945225954055786,-3.94522762298584,100,100,1.8005430614133757 1.660303899153966 2.3990779832738145 2.5500080338093531,-11.77096953423851 -10.67788412871813 25.667361647606867 23.474371914332139,25.955653816461563,0.03144415467977524,0.08089661970734596,25.98709797114134,0.0014102989807724953
e1-v2,N12_i08_Aheur_s46,12,2,8,e516d5ec7c2b,Aheur,12.99999999997615,0.11805440907930864,110.118716457619,0.29081914513312296,12.99999999997615,46,lightning_gpu,single,2,100,lbfgs_100grad,,-0.1460625980423026,1.0175618013780192,66,2023-08-06,2026-08-05,ok,,1000,449,252,12,2,True,-52.14606259794691,-0.1460625980423026,-52.146062597946894,True,0.449,12,-0.1460625980423026,0.0,0.0,1,1,True,True,True,1.4332036463892788,0.47576925177596985,0.3312643342570841,5,5,1.4332036463892788,51.24608896219258,52.14606259794691,0.999999895684816,0.441503067035228,0.0065530166029930115,0.0065530166029930115,0.05905509926378727,0.248013742812374,0.822558282235363,0.06363115859542716,0.06363115859542716,0.48183325551248724,0.48183325551248724,0.9986046107629657,0.9986046107629657,1.0,1.0,0.9999999480724,0.011533178490935825,0.00017929838213603944,0.00017929838213603944,0.001546097846585326,3.475587839276098,28.421646774196233,0.0017915378568889482,0.0017915378568889482,0.01777163407111646,0.01777163407111646,0.16415697946803987,0.16415697946803987,0.8335640253457185,0.8335640253457185,52.57412992192412,-4.542242050170898,-4.542242050170898,-4.542242050170898,42,-4.542242050170898,-4.542242050170898,43,43,2.8450397427097829 0.24261512621431053 0.85630314278475539 1.9536009066557216,1.9454287102793779 -2.2528960135027254 1.5791183318946691 2.0440433898815376,11.127463813871145,0.03017294593155384,0.08584432862699032,11.157636759802699,0.0013569081202149391
e1-v2,N12_i08_Amargin_s42,12,2,8,e516d5ec7c2b,Amargin,0.29081914513312296,0.11805440907930864,2.46343315257079,0.29081914513312296,12.99999999997615,42,lightning_gpu,single,2,100,lbfgs_100grad,,-0.1460625980423026,1.0175618013780192,66,2023-08-06,2026-08-05,ok,,1000,253,518,260,2,True,-1.2869272153625997,-0.12365063483010774,-1.2869272153625997,True,0.253,260,-0.12365063483010774,0.022025161697150734,0.017117003431143106,3,1,False,False,True,1.2117261291943424,0.32611229795870633,0.26830509809577874,0,0,1.4332036463892788,1.2867416768216335,1.3093391785747945,1.0000003806003228,0.24795779798660078,5.9526890254346654e-05,5.9526890254346654e-05,0.01002662125392817,1.7028343652387736,12.093672361386563,0.0005951094725726508,0.0005951094725726508,0.005935183002950038,0.005935183002950038,0.057791472423711916,0.057791472423711916,0.448595500616905,0.448595500616905,0.9999989164459713,0.17164801353646908,7.845326763344929e-05,7.845326763344929e-05,0.0070980891832732596,1.8686731150888787,12.885673729640231,0.0007842557630872169,0.0007842557630872169,0.007814937865367003,0.007814937865367003,0.07545758028306968,0.07545758028306968,0.5436811368395132,0.5436811368395132,1.7374065025520133,-1.756449818611145,-1.756449818611145,-1.756449818611145,12,-1.756449818611145,-1.756449818611145,24,24,2.4314546363447995 1.3787772821439981 2.6973649175810768 2.1908462769412909,2.3794113486369146 1.4532770042158802 2.7527776992337443 2.2646555156327302,6.196777863427997,0.03276060335338116,0.08975979778915644,6.229538466781378,0.0013901162892580032
e1-v2,N12_i08_Amargin_s43,12,2,8,e516d5ec7c2b,Amargin,0.29081914513312296,0.11805440907930864,2.46343315257079,0.29081914513312296,12.99999999997615,43,lightning_gpu,single,2,100,lbfgs_100grad,,-0.1460625980423026,1.0175618013780192,66,2023-08-06,2026-08-05,ok,,1000,13,827,9,2,True,-1.262959088494928,-0.09968250796243616,-1.2629590884949278,True,0.013,9,-0.09968250796243616,0.04557962967660227,0.03542251758658196,8,1,False,False,True,1.0952250431648551,0.2679634557017634,0.24375214698371317,0,0,1.4332036463892788,1.2867416768216335,1.3093391785747945,1.0000004148361654,0.016191325688851066,0.00020778088946826756,0.00020778088946826756,0.001935811946168542,2.2303350461743916,14.641285782338173,0.0020758671903404625,0.0020758671903404625,0.02056582635224097,0.02056582635224097,0.18763251942216871,0.18763251942216871,0.8748227804164046,0.8748227804164046,0.9999998576935241,0.19705766066908836,0.0027744213584810495,0.0027744213584810495,0.029257708927616477,2.3806576867180356,17.61780302049783,0.02740038026358918,0.02740038026358918,0.2425727000658635,0.2425727000658635,0.9378545204936836,0.9378545204936836,0.9999999999991408,0.9999999999991408,1.7374065025520133,-1.0263997316360474,-1.026399850845337,-1.026399850845337,23,-1.026399850845337,-1.026399850845337,78,78,2.0492585716432195 0.13752423515278736 0.062924802978478217 2.6364640840167701,2.0788833132919722 -0.025668534991362114 0.16355919196318805 2.7209935940407934,20.14586080890149,0.030499417334794998,0.08098116796463728,20.176360226236284,0.0014280350878834724
e1-v2,N12_i08_Amargin_s44,12,2,8,e516d5ec7c2b,Amargin,0.29081914513312296,0.11805440907930864,2.46343315257079,0.29081914513312296,12.99999999997615,44,lightning_gpu,single,2,100,lbfgs_100grad,,-0.1460625980423026,1.0175618013780192,66,2023-08-06,2026-08-05,ok,,1000,487,137,12,2,True,-1.3093391785747945,-0.1460625980423026,-1.3093391785747945,True,0.487,12,-0.1460625980423026,0.0,0.0,1,1,True,True,True,1.4332036463892788,0.47576925177596985,0.3312643342570841,7,7,1.4332036463892788,1.2867416768216335,1.3093391785747945,1.000000767614482,0.46195422671735287,0.007268028799444437,0.007268028799444437,0.07681797072291374,0.12036789097520645,0.7519822617729712,0.0703486875459088,0.0703486875459088,0.5178292429099646,0.5178292429099646,0.99932078279939,0.99932078279939,1.0,1.0,1.0000004370886018,0.123416468501091,0.0020209013018757105,0.0020209013018757105,0.01633167651016265,1.7032971174491545,12.103332916602085,0.020026218044839436,0.020026218044839436,0.18314575916034173,0.18314575916034173,0.8677347731800846,0.8677347731800846,0.9999999983614609,0.9999999983614609,1.7374065025520133,-4.565720558166504,-4.565720558166504,-4.565720558166504,28,-4.565720558166504,-4.565720558166504,64,64,0.38505090477492371 0.8108861395016167 1.274766337564649 3.0447811714676671,0.3480566861071932 1.0502595101376191 0.47872159333461245 3.358136117055555,16.536087254062295,0.030233139172196388,0.08104962203651667,16.56632039323449,0.0013529257848858833
e1-v2,N12_i08_Amargin_s45,12,2,8,e516d5ec7c2b,Amargin,0.29081914513312296,0.11805440907930864,2.46343315257079,0.29081914513312296,12.99999999997615,45,lightning_gpu,single,2,100,lbfgs_100grad,,-0.1460625980423026,1.0175618013780192,66,2023-08-06,2026-08-05,ok,,1000,58,627,6,2,True,-1.2908279527159305,-0.1275513721834387,-1.2908279527159305,True,0.058,6,-0.1275513721834387,0.018191746028393865,0.014137838507981724,2,1,False,False,True,1.1350936494761146,0.2698868965467776,0.23688520913748248,0,0,1.4332036463892788,1.2867416768216335,1.3093391785747945,1.000000702432768,0.05308509522478744,0.003196738427504897,0.003196738427504897,0.016939771303441375,1.980686722833983,14.132319373814791,0.03151142143145931,0.03151142143145931,0.27398593504363583,0.27398593504363583,0.959313498957625,0.959313498957625,0.9999999999999876,0.9999999999999876,1.0000013473992624,0.14364588243188336,0.0038442458026111126,0.0038442458026111126,0.027679544873535633,3.5252357009195245,29.845860482654984,0.03778420954916064,0.03778420954916064,0.3196618947180564,0.3196618947180564,0.9787554291850897,0.9787554291850897,1.0,1.0,1.7374065025520133,-1.2552846670150757,-1.2552846670150757,-1.2552846670150757,40,-1.2552846670150757,-1.2552846670150757,50,50,1.8005430614133757 1.660303899153966 2.3990779832738145 2.5500080338093531,1.7377798048905579 2.6951736188537656 2.6328829697013489 2.4972715735284177,12.768138570711017,0.031586503610014915,0.08159383106976748,12.799725074321032,0.0014740955084562302
e1-v2,N12_i08_Amargin_s46,12,2,8,e516d5ec7c2b,Amargin,0.29081914513312296,0.11805440907930864,2.46343315257079,0.29081914513312296,12.99999999997615,46,lightning_gpu,single,2,100,lbfgs_100grad,,-0.1460625980423026,1.0175618013780192,66,2023-08-06,2026-08-05,ok,,1000,353,165,12,2,True,-1.3093391785747945,-0.1460625980423026,-1.3093391785747945,True,0.353,12,-0.1460625980423026,0.0,0.0,1,1,True,True,True,1.4332036463892788,0.47576925177596985,0.3312643342570841,8,8,1.4332036463892788,1.2867416768216335,1.3093391785747945,1.0000003950743572,0.3600422703893855,0.00681453850120306,0.00681453850120306,0.09252891852520406,0.11887537164648385,1.0971896920986097,0.06609320313035814,0.06609320313035814,0.4952976096734481,0.4952976096734481,0.9989276078751773,0.9989276078751773,1.0,1.0,1.0000006261263366,0.05853432195726782,0.0003472886746749282,0.0003472886746749282,0.007452470250427723,3.3343309412221247,25.97336932584875,0.003467464345990099,0.003467464345990099,0.03413856717110941,0.03413856717110941,0.2934412990651305,0.2934412990651305,0.9689913764306214,0.9689913764306214,1.7374065025520133,-4.50879430770874,-4.508793830871582,-4.508795738220215,66,-4.508793830871582,-4.508795738220215,92,92,2.8450397427097829 0.24261512621431053 0.85630314278475539 1.9536009066557216,2.1269672776368238 -1.8453009851783229 1.5747077895104953 2.1630698197679181,23.763888732530177,0.03030551504343748,0.08123552333563566,23.794194247573614,0.0013796696439385414
e1-v2,N12_i09_Aheur_s42,12,2,9,2f1babcfca89,Aheur,12.99999999998611,0.0,,0.1680400752662409,12.99999999998611,42,lightning_gpu,single,2,100,lbfgs_100grad,,-0.1375171886609703,0.6975894625131225,66,2023-08-06,2026-08-05,ok,,1000,205,626,17,2,True,-52.137517188605415,-0.1375171886609703,-52.137517188605415,True,0.205,17,-0.1375171886609703,0.0,0.0,1,1,True,True,True,1.5925130800477116,0.44467945089569777,0.2786033323396032,4,4,1.5925130800477116,74.73954236747755,52.137517188605415,1.0000002352162483,0.18394675268791616,0.00270428997464478,0.00270428997464478,0.00270428997464478,1.2789172142671223,12.928717013757705,0.02671616849594786,0.02671616849594786,0.2372273931773637,0.2372273931773637,0.9333268644461277,0.9333268644461277,0.9999999999982642,0.9999999999982642,0.9999989596417436,0.11262312578037381,0.0016875017900019884,0.0016875017900019884,0.0016875017900019884,1.5845847897338543,17.62431496537465,0.016747448049654525,0.016747448049654525,0.15540049494951366,0.15540049494951366,0.815282421857925,0.815282421857925,0.9999999537531392,0.9999999537531392,52.40181886605155,-1.5180344581604004,-1.5180344581604004,-1.5180346965789795,22,-1.5180346965789795,-1.5180346965789795,49,49,2.4314546363447995 1.3787772821439981 2.6973649175810768 2.1908462769412909,2.241370072197435 1.3918768745166972 2.7955599962086208 2.0885463792360528,12.795078177936375,0.03267358336597681,0.08549511153250933,12.827751761302352,0.0013884911313652992
e1-v2,N12_i09_Aheur_s43,12,2,9,2f1babcfca89,Aheur,12.99999999998611,0.0,,0.1680400752662409,12.99999999998611,43,lightning_gpu,single,2,100,lbfgs_100grad,,-0.1375171886609703,0.6975894625131225,66,2023-08-06,2026-08-05,ok,,1000,15,820,3,2,True,-51.99551394823519,0.004486051709253591,-51.995513948235185,True,0.015,3,0.004486051709253591,0.20356276578296598,0.002723628742360952,4,1,False,False,False,0.8864519106636221,0.1929283764814085,0.21651301573452045,0,0,1.5925130800477116,74.73954236747755,52.137517188605415,1.0000006857671906,0.010598246270092204,0.00015946856001392007,0.00015946856001392007,0.00015946856001392007,1.6609171267254097,15.578400003552815,0.0015935417266684383,0.0015935417266684383,0.015821629621589898,0.015821629621589898,0.14741406934045947,0.14741406934045947,0.7970534763148795,0.7970534763148795,0.9999999940811222,0.22199852019548416,0.0033670179545879364,0.0033670179545879364,0.0033670179545879364,1.8954681566941554,21.93388280993713,0.03316457676804719,0.03316457676804719,0.28628382633667526,0.28628382633667526,0.965703059104451,0.965703059104451,0.9999999999999978,0.9999999999999978,52.40181886605155,-0.8534067869186401,-0.8534067869186401,-0.8534067869186401,29,-0.8534067869186401,-0.8534067869186401,43,43,2.0492585716432195 0.13752423515278736 0.062924802978478217 2.6364640840167701,1.8693983213906056 -0.018418707129461812 0.15414838665679276 2.7750628969082225,10.955771366134286,0.030353412963449955,0.08164470922201872,10.986124779097736,0.0014068735763430595
e1-v2,N12_i09_Aheur_s44,12,2,9,2f1babcfca89,Aheur,12.99999999998611,0.0,,0.1680400752662409,12.99999999998611,44,lightning_gpu,single,2,100,lbfgs_100grad,,-0.1375171886609703,0.6975894625131225,66,2023-08-06,2026-08-05,ok,,1000,530,198,17,2,True,-52.137517188605415,-0.1375171886609703,-52.137517188605415,True,0.53,17,-0.1375171886609703,0.0,0.0,1,1,True,True,True,1.5925130800477116,0.44467945089569777,0.2786033323396032,9,9,1.5925130800477116,74.73954236747755,52.137517188605415,1.0000004283499244,0.5277553535997868,0.008059187792241573,0.008059187792241573,0.008059187792241573,0.20734895823389127,0.5841408095034488,0.0777310414799544,0.0777310414799544,0.5547787186926233,0.5547787186926233,0.9996939734179819,0.9996939734179819,1.0,1.0,1.0000009250143194,0.11892701138276607,0.0018049874342978,0.0018049874342978,0.0018049874342978,1.1380866289524723,11.744577039607975,0.01790396870853636,0.01790396870853636,0.16528241984124076,0.16528241984124076,0.8357915114639796,0.8357915114639796,0.9999999857453671,0.9999999857453671,52.40181886605155,-4.6009602546691895,-4.6009602546691895,-4.6009602546691895,87,-4.60095739364624,-4.6009602546691895,100,100,0.38505090477492371 0.8108861395016167 1.274766337564649 3.0447811714676671,0.31502459554705037 0.96720426483656241 0.45238798156739118 3.3291825666383663,25.944448276422918,0.030154718086123466,0.08741070237010717,25.97460299450904,0.0013547781854867935
e1-v2,N12_i09_Aheur_s45,12,2,9,2f1babcfca89,Aheur,12.99999999998611,0.0,,0.1680400752662409,12.99999999998611,45,lightning_gpu,single,2,100,lbfgs_100grad,,-0.1375171886609703,0.6975894625131225,66,2023-08-06,2026-08-05,ok,,1000,89,615,17,2,True,-52.137517188605415,-0.1375171886609703,-52.137517188605415,True,0.089,17,-0.1375171886609703,0.0,0.0,1,1,True,True,True,1.5925130800477116,0.44467945089569777,0.2786033323396032,2,2,1.5925130800477116,74.73954236747755,52.137517188605415,0.999999420591621,0.07987871661316603,0.0012796522350981832,0.0012796522350981832,0.0012796522350981832,1.5413129590157657,17.51231729436222,0.012723085298993528,0.012723085298993528,0.1201881216077356,0.1201881216077356,0.7220938158052591,0.7220938158052591,0.9999972522190291,0.9999972522190291,1.0000005737601896,0.06880762113723904,0.0010475014569237828,0.0010475014569237828,0.0010475014569237828,2.085788801572728,24.58908654156039,0.010425775573804533,0.010425775573804533,0.0994999393370772,0.0994999393370772,0.6493793713190728,0.6493793713190728,0.9999719214522944,0.9999719214522944,52.40181886605155,-0.3759125769138336,-0.3759125769138336,-0.3759125769138336,24,-0.3759125769138336,-0.3759125769138336,39,39,1.8005430614133757 1.660303899153966 2.3990779832738145 2.5500080338093531,1.6716159352838877 2.0742838407680519 2.5175737034458425 2.5392240566772553,10.142374817281961,0.02876069489866495,0.0756819099187851,10.171135512180626,0.0014778077602386475
e1-v2,N12_i09_Aheur_s46,12,2,9,2f1babcfca89,Aheur,12.99999999998611,0.0,,0.1680400752662409,12.99999999998611,46,lightning_gpu,single,2,100,lbfgs_100grad,,-0.1375171886609703,0.6975894625131225,66,2023-08-06,2026-08-05,ok,,1000,418,241,17,2,True,-52.137517188605415,-0.1375171886609703,-52.137517188605415,True,0.418,17,-0.1375171886609703,0.0,0.0,1,1,True,True,True,1.5925130800477116,0.44467945089569777,0.2786033323396032,5,5,1.5925130800477116,74.73954236747755,52.137517188605415,1.000000648385246,0.44148036232218146,0.006437136325985193,0.006437136325985193,0.006437136325985193,0.2274356401111522,0.8225361193596967,0.06253836093722048,0.06253836093722048,0.47575408592447943,0.47575408592447943,0.9984319838083164,0.9984319838083164,1.0,1.0,1.0000009664295249,0.011541509535163641,0.0001693424565019086,0.0001693424565019086,0.0001693424565019086,2.338950168152582,28.42152709886659,0.0016921346885509342,0.0016921346885509342,0.016793077190837318,0.016793077190837318,0.15579236073285938,0.15579236073285938,0.8161376622052108,0.8161376622052108,52.40181886605155,-4.541433334350586,-4.541433334350586,-4.541433334350586,39,-4.541433334350586,-4.541433334350586,51,51,2.8450397427097829 0.24261512621431053 0.85630314278475539 1.9536009066557216,1.944901884493367 -2.2524032152523401 1.579112682341453 2.0437899968364346,12.586993243545294,0.028648877516388893,0.07542539294809103,12.615642121061683,0.0013560876250267029
e1-v2,N12_i09_Amargin_s42,12,2,9,2f1babcfca89,Amargin,0.1680400752662409,0.0,,0.1680400752662409,12.99999999998611,42,lightning_gpu,single,2,100,lbfgs_100grad,,-0.1375171886609703,0.6975894625131225,66,2023-08-06,2026-08-05,ok,,1000,176,461,17,2,True,-0.8096774897259339,-0.1375171886609703,-0.809677489725934,True,0.176,17,-0.1375171886609703,0.0,0.0,1,1,True,True,True,1.5925130800477116,0.44467945089569777,0.2786033323396032,1,1,1.5925130800477116,1.1606790716261757,0.8096774897259339,1.0000001742134605,0.18125306795991492,0.0009016080293804407,0.0009016080293804407,0.0009016080293804407,1.1977076715794912,11.977590457183677,0.0089795877381868,0.0089795877381868,0.08625292794165143,0.08625292794165143,0.5942486406469634,0.5942486406469634,0.9998790516815309,0.9998790516815309,0.9999986113132202,0.24710560154926497,0.0017003481043502688,0.0017003481043502688,0.0017003481043502688,1.3093181685978532,12.81462815531556,0.016873965948524673,0.016873965948524673,0.15648663606996074,0.15648663606996074,0.8176441601890037,0.8176441601890037,0.9999999593372488,0.9999999593372488,1.0739791671720689,-1.7527391910552979,-1.7527391910552979,-1.7527391910552979,12,-1.7527391910552979,-1.7527391910552979,25,25,2.4314546363447995 1.3787772821439981 2.6973649175810768 2.1908462769412909,2.4091524609196253 1.4620320008579735 2.7312678652424647 2.3515914811297893,6.057119556702673,0.028032557107508183,0.0754866385832429,6.085152113810182,0.00129630696028471
e1-v2,N12_i09_Amargin_s43,12,2,9,2f1babcfca89,Amargin,0.1680400752662409,0.0,,0.1680400752662409,12.99999999998611,43,lightning_gpu,single,2,100,lbfgs_100grad,,-0.1375171886609703,0.6975894625131225,66,2023-08-06,2026-08-05,ok,,1000,24,818,17,2,True,-0.8096774897259339,-0.1375171886609703,-0.809677489725934,True,0.024,17,-0.1375171886609703,0.0,0.0,1,1,True,True,True,1.5925130800477116,0.44467945089569777,0.2786033323396032,1,1,1.5925130800477116,1.1606790716261757,0.8096774897259339,1.0000008899075965,0.0186827119323425,0.0003194759483449161,0.0003194759483449161,0.0003194759483449161,1.523024688549668,14.452835211784986,0.0031901704744646694,0.0031901704744646694,0.03144760566801324,0.03144760566801324,0.273507407127827,0.273507407127827,0.9590445306759215,0.9590445306759215,0.9999998106671057,0.16254888707771897,0.004630235489457846,0.004630235489457846,0.004630235489457846,1.5705717205964613,16.66787711324241,0.045349412433765536,0.045349412433765536,0.37129857904442404,0.37129857904442404,0.9903518417278064,0.9903518417278064,1.0,1.0,1.0739791671720689,-1.0625462532043457,-1.0625464916229248,-1.0625464916229248,32,-1.0625464916229248,-1.0625464916229248,81,81,2.0492585716432195 0.13752423515278736 0.062924802978478217 2.6364640840167701,2.1624631521493733 -0.029409694001546145 0.17233321981310087 2.6948045355574433,19.90631563961506,0.028078656643629074,0.07579165603965521,19.934394296258688,0.0013067526742815971
e1-v2,N12_i09_Amargin_s44,12,2,9,2f1babcfca89,Amargin,0.1680400752662409,0.0,,0.1680400752662409,12.99999999998611,44,lightning_gpu,single,2,100,lbfgs_100grad,,-0.1375171886609703,0.6975894625131225,66,2023-08-06,2026-08-05,ok,,1000,425,139,17,2,True,-0.8096774897259339,-0.1375171886609703,-0.809677489725934,True,0.425,17,-0.1375171886609703,0.0,0.0,1,1,True,True,True,1.5925130800477116,0.44467945089569777,0.2786033323396032,19,19,1.5925130800477116,1.1606790716261757,0.8096774897259339,1.0000003877909747,0.42486746003851295,0.01194676198065281,0.01194676198065281,0.01194676198065281,0.1095246778866559,0.8437317885411372,0.11324538461550905,0.11324538461550905,0.6993684363768949,0.6993684363768949,0.9999939696050449,0.9999939696050449,1.0,1.0,1.0000004570829333,0.12339086446445435,0.002004866022616625,0.002004866022616625,0.002004866022616625,1.2080077193940246,12.27401835010096,0.019868746916041766,0.019868746916041766,0.18183221368811414,0.18183221368811414,0.8655924204100427,0.8655924204100427,0.9999999980758558,0.9999999980758558,1.0739791671720689,-4.508018970489502,-4.508018970489502,-4.508018970489502,32,-4.508018970489502,-4.508018970489502,33,33,0.38505090477492371 0.8108861395016167 1.274766337564649 3.0447811714676671,0.36139972422217598 1.0813650529584318 0.4896591676655126 3.3692745378638049,8.102578506805003,0.028155305422842503,0.07522484287619591,8.130733812227845,0.0012538693845272064
e1-v2,N12_i09_Amargin_s45,12,2,9,2f1babcfca89,Amargin,0.1680400752662409,0.0,,0.1680400752662409,12.99999999998611,45,lightning_gpu,single,2,100,lbfgs_100grad,,-0.1375171886609703,0.6975894625131225,66,2023-08-06,2026-08-05,ok,,1000,76,239,17,2,True,-0.8096774897259339,-0.1375171886609703,-0.809677489725934,True,0.076,17,-0.1375171886609703,0.0,0.0,1,1,True,True,True,1.5925130800477116,0.44467945089569777,0.2786033323396032,5,5,1.5925130800477116,1.1606790716261757,0.8096774897259339,1.0000000337223274,0.0702066372958825,0.00256305281072855,0.00256305281072855,0.00256305281072855,0.2622504597102434,2.7174343954661966,0.02533692376258846,0.02533692376258846,0.22634891792332598,0.22634891792332598,0.9231840558173496,0.9231840558173496,0.9999999999928466,0.9999999999928466,1.000001411037175,0.14108370908070356,0.0061478461138904095,0.0061478461138904095,0.0061478461138904095,2.4945560097810113,31.123522824571264,0.05980522650262948,0.05980522650262948,0.46026780268689566,0.46026780268689566,0.9979021073401457,0.9979021073401457,1.0,1.0,1.0739791671720689,-4.072647571563721,-4.072647571563721,-4.072647571563721,46,-4.072647571563721,-4.072647571563721,59,59,1.8005430614133757 1.660303899153966 2.3990779832738145 2.5500080338093531,0.88690490182198178 2.9601583337721675 2.5534683917315459 1.649600998162998,14.393443601205945,0.0277584046125412,0.07597501669079065,14.421202005818486,0.0012720981612801552
e1-v2,N12_i09_Amargin_s46,12,2,9,2f1babcfca89,Amargin,0.1680400752662409,0.0,,0.1680400752662409,12.99999999998611,46,lightning_gpu,single,2,100,lbfgs_100grad,,-0.1375171886609703,0.6975894625131225,66,2023-08-06,2026-08-05,ok,,1000,351,135,17,2,True,-0.8096774897259339,-0.1375171886609703,-0.809677489725934,True,0.351,17,-0.1375171886609703,0.0,0.0,1,1,True,True,True,1.5925130800477116,0.44467945089569777,0.2786033323396032,16,16,1.5925130800477116,1.1606790716261757,0.8096774897259339,1.000001097810856,0.3575125184142962,0.017929796129465103,0.017929796129465103,0.017929796129465103,0.0765633131717208,1.0844843910397988,0.16550191009982332,0.16550191009982332,0.836222789615046,0.836222789615046,0.9999999861153577,0.9999999861153577,1.0,1.0,1.000000378155363,0.10300038606510498,0.0036744000390172005,0.0036744000390172005,0.0036744000390172005,2.1983529804335826,24.19929983970789,0.03614236063902087,0.03614236063902087,0.30796359950981916,0.30796359950981916,0.9748064489727991,0.9748064489727991,0.9999999999999999,0.9999999999999999,1.0739791671720689,-4.5010457038879395,-4.5010457038879395,-4.5010457038879395,42,-4.5010457038879395,-4.5010457038879395,83,83,2.8450397427097829 0.24261512621431053 0.85630314278475539 1.9536009066557216,1.3178573576787354 -1.0579102264160627 1.5606388260950681 0.98962569770547659,20.278597860597074,0.02850881591439247,0.07983098551630974,20.307106676511467,0.0014451052993535995
e1-v2,N16_i00_Aheur_s42,16,3,0,514ae30a9bf6,Aheur,16.999999999972275,0.04411181027848038,385.38431981481386,0.31113031231330396,16.999999999972275,42,lightning_gpu,single,2,100,lbfgs_100grad,,-0.2671105968767471,1.2705106296258624,560,2023-08-06,2026-08-05,ok,,1000,289,826,16394,3,True,-153.2671105966272,-0.2671105968767471,-153.26711059662722,True,0.289,16394,-0.2671105968767471,0.0,0.0,1,1,True,True,True,1.3851408274006345,0.2568156466299874,0.1846856590820826,4,3,1.3851408274006345,120.63426076313978,153.2671105966272,1.000001409190645,0.2823523912811652,0.000450815336080268,0.0013705258897971362,0.0032911621092353016,2.1593910739736017,18.13984930839979,0.013621041721448252,0.004499018795653204,0.12815758830579863,0.044090177574271895,0.7462652678726287,0.3629562751090019,0.9999988938877785,0.9889924055366628,0.9999988074220596,0.03190982837259071,4.177100345259532e-05,0.00012985356443095952,0.00032588999965810217,3.778684559987865,34.84298674407819,0.0012977771193311912,0.0004176315265184187,0.01290224274314425,0.004168475275660636,0.12178338015404601,0.04091145315568434,0.7270918429194855,0.3414525869870708,85.75412863060436,-2.1709234714508057,-2.1709225177764893,-2.1709234714508057,51,-2.1709225177764893,-2.1709234714508057,69,69,2.4314546363447995 1.3787772821439981 2.6973649175810768 2.1908462769412909,2.127385126190926 1.3186601506121469 2.7786932547829815 2.1477400166521723,27.8117735395208,0.03950820676982403,0.21118170395493507,27.851281746290624,0.0024811886250972748
e1-v2,N16_i00_Aheur_s43,16,3,0,514ae30a9bf6,Aheur,16.999999999972275,0.04411181027848038,385.38431981481386,0.31113031231330396,16.999999999972275,43,lightning_gpu,single,2,100,lbfgs_100grad,,-0.2671105968767471,1.2705106296258624,560,2023-08-06,2026-08-05,ok,,1000,0,988,8242,4,False,-135.90206488933012,0.09793511044804815,-135.90206488933015,True,0.0,,,,,,,,,,,,,0,0,1.3851408274006345,120.63426076313978,153.2671105966272,1.0000036158196508,0.0006491075184840156,1.1819006431323942e-06,3.514195896059391e-06,8.096780902633327e-06,3.076496203509418,22.68114284311332,3.5141403235025924e-05,1.1818943571511199e-05,0.0003513584662375904,0.00011818314997900123,0.003508034489587058,0.0011812031712701277,0.03453170997026838,0.01174944323010351,0.9999994966201413,0.2055194009153638,0.0003709208103828132,0.0011108783073723316,0.002588712581200525,3.55274262042536,32.31863190088134,0.011053414982330525,0.0037030230225682122,0.10519510510478623,0.03641922710752505,0.6709336214380439,0.30994889472805576,0.9999851120426031,0.975519935467756,85.75412863060436,-1.2599711418151855,-1.2599711418151855,-1.2599711418151855,17,-1.2599711418151855,-1.2599711418151855,36,36,2.0492585716432195 0.13752423515278736 0.062924802978478217 2.6364640840167701,1.9184025467640995 -0.018108003456471088 0.15812352362396795 2.7657914597270419,14.457933366298676,0.03945079818367958,0.12775894068181515,14.497384164482355,0.0024968264624476433
e1-v2,N16_i00_Aheur_s44,16,3,0,514ae30a9bf6,Aheur,16.999999999972275,0.04411181027848038,385.38431981481386,0.31113031231330396,16.999999999972275,44,lightning_gpu,single,2,100,lbfgs_100grad,,-0.2671105968767471,1.2705106296258624,560,2023-08-06,2026-08-05,ok,,1000,435,705,16394,3,True,-153.2671105966272,-0.2671105968767471,-153.26711059662722,True,0.435,16394,-0.2671105968767471,0.0,0.0,1,1,True,True,True,1.3851408274006345,0.2568156466299874,0.1846856590820826,1,1,1.3851408274006345,120.63426076313978,153.2671105966272,0.9999996282799941,0.46182809461606666,0.0008378094062209129,0.0025096326717175543,0.005841880280058831,0.33806593404784335,0.883423397463309,0.024814793642439197,0.008346577921278613,0.22219443916847062,0.08039960491584414,0.9189579463763009,0.5674946421831477,0.9999999999877791,0.999770958110306,1.0000003464979272,0.10086732641502749,0.0001825682120397687,0.0005466193833854049,0.0012698079808615148,2.0270376529216447,16.73699861566911,0.005452767740464052,0.0018241829485473625,0.053208977590948225,0.01809281163849064,0.42118295408902434,0.16688607348674964,0.9957790216539562,0.8389191387747549,85.75412863060436,-5.613077163696289,-5.613077163696289,-5.613077163696289,24,-5.613077163696289,-5.613077163696289,39,39,0.38505090477492371 0.8108861395016167 1.274766337564649 3.0447811714676671,0.24402676144023494 0.82839270376963159 0.73628943660557178 3.4181795235047279,15.57086321245879,0.039800530299544334,0.1208837628364563,15.610663742758334,0.0022477982565760612
e1-v2,N16_i00_Aheur_s45,16,3,0,514ae30a9bf6,Aheur,16.999999999972275,0.04411181027848038,385.38431981481386,0.31113031231330396,16.999999999972275,45,lightning_gpu,single,2,100,lbfgs_100grad,,-0.2671105968767471,1.2705106296258624,560,2023-08-06,2026-08-05,ok,,1000,25,757,18448,3,True,-153.05179890560217,-0.05179890585170177,-153.0517989056022,True,0.025,18448,-0.05179890585170177,0.1694686262392389,0.0014048134018244062,56,1,False,False,False,1.1257806338569394,0.2612063292908539,0.23113413169969318,0,0,1.3851408274006345,120.63426076313978,153.2671105966272,0.999998598454301,0.024005746650800575,3.894388282787986e-05,0.00011724490468623117,0.00028012783877784386,3.533592438817807,31.90574903842986,0.0011718306536802536,0.00038937058719547523,0.01165670581985889,0.0038868905255637484,0.11063875698563327,0.03819604797683856,0.6904135127565194,0.3225682109092438,1.0000009398256484,0.007375569256510062,2.0396835680003278e-05,5.769944800704252e-05,0.00012183693252154626,4.281980912947901,39.875340272952805,0.0005768446879359259,0.00020394963642752308,0.005753496148787771,0.002037625586478361,0.0560679654093466,0.020190431148700574,0.43842566485463197,0.18451352092829174,85.75412863060436,0.5740817189216614,0.5740817189216614,0.5740817189216614,16,0.5740817189216614,0.5740817189216614,29,29,1.8005430614133757 1.660303899153966 2.3990779832738145 2.5500080338093531,2.0151438953688645 2.640884822512136 2.0640625803248973 2.5528706099033491,11.71003908291459,0.039492323994636536,0.12102439906448126,11.749531406909227,0.0027252240106463432
e1-v2,N16_i00_Aheur_s46,16,3,0,514ae30a9bf6,Aheur,16.999999999972275,0.04411181027848038,385.38431981481386,0.31113031231330396,16.999999999972275,46,lightning_gpu,single,2,100,lbfgs_100grad,,-0.2671105968767471,1.2705106296258624,560,2023-08-06,2026-08-05,ok,,1000,607,732,16394,3,True,-153.2671105966272,-0.2671105968767471,-153.26711059662722,True,0.607,16394,-0.2671105968767471,0.0,0.0,1,1,True,True,True,1.3851408274006345,0.2568156466299874,0.1846856590820826,2,2,1.3851408274006345,120.63426076313978,153.2671105966272,1.000000995773604,0.6285556505899876,0.0011110822670161724,0.003339091781526804,0.00781788513995707,0.41704563422455443,0.8908044065406946,0.03289363030544378,0.011055434275598845,0.28428118020974213,0.10521337562541841,0.9647284641234412,0.6710008054879198,0.999999999999997,0.9999851424107865,0.9999994257588298,0.03483046779001597,6.246833800105378e-05,0.0001871971253422089,0.0004385240681585856,4.841155954390269,46.2550467023772,0.0018703951159846869,0.0006245078060633455,0.01854730679231522,0.00622755680643693,0.17073428370277022,0.06055902608545653,0.8462068081446081,0.4645795175565089,85.75412863060436,-5.61070442199707,-5.61070442199707,-5.61070442199707,36,-5.61070442199707,-5.61070442199707,49,49,2.8450397427097829 0.24261512621431053 0.85630314278475539 1.9536009066557216,0.48606825859443725 -2.1483447109777627 1.9513172291596235 1.6622570601666362,19.56634794175625,0.03952967654913664,0.12147665955126286,19.605877618305385,0.0022759921848773956
e1-v2,N16_i00_Amargin_s42,16,3,0,514ae30a9bf6,Amargin,0.31113031231330396,0.04411181027848038,7.0532202226369884,0.31113031231330396,16.999999999972275,42,lightning_gpu,single,2,100,lbfgs_100grad,,-0.2671105968767471,1.2705106296258624,560,2023-08-06,2026-08-05,ok,,1000,451,456,16394,3,True,-3.0672834076964826,-0.2671105968767471,-3.0672834076964826,True,0.451,16394,-0.2671105968767471,0.0,0.0,1,1,True,True,True,1.3851408274006345,0.2568156466299874,0.1846856590820826,1,1,1.3851408274006345,2.414213101546211,3.0672834076964826,1.0000028205335822,0.44546267701662146,0.00033556585549376905,0.0011507191229611635,0.0033049252815544605,0.22635801054398152,0.8619463927449176,0.011447786756999617,0.0033505958866689805,0.10875700840804253,0.033005254182701324,0.6838004282461574,0.2851068373457518,0.9999900089122326,0.9651332526908541,0.9999986924463524,0.14549804504167696,0.0002316074533155188,0.0006458734133047983,0.0014065476570976898,2.6048127788349955,19.437397899803425,0.006439994566884715,0.0023136621328584666,0.06256532910007766,0.022897215079813873,0.47590487736539594,0.2067638261833114,0.9984364881374291,0.9013663487110921,2.3097801923095114,-5.294995307922363,-5.294995307922363,-5.294995307922363,36,-5.294995307922363,-5.294995307922363,45,45,2.4314546363447995 1.3787772821439981 2.6973649175810768 2.1908462769412909,0.64823593083279674 0.65522831072136911 2.5402125380542171 1.2475540794101052,17.858728640712798,0.03932612109929323,0.12087398115545511,17.89805476181209,0.002690308727324009
e1-v2,N16_i00_Amargin_s43,16,3,0,514ae30a9bf6,Amargin,0.31113031231330396,0.04411181027848038,7.0532202226369884,0.31113031231330396,16.999999999972275,43,lightning_gpu,single,2,100,lbfgs_100grad,,-0.2671105968767471,1.2705106296258624,560,2023-08-06,2026-08-05,ok,,1000,0,982,24576,2,False,-2.6112422411007437,-0.12219974259431182,-2.6112422411007437,True,0.0,,,,,,,,,,,,,0,0,1.3851408274006345,2.414213101546211,3.0672834076964826,1.000000651838683,0.0015891258182989532,9.81667199084768e-06,2.4825325454003178e-05,4.6784061851212755e-05,2.8605956273080935,21.610851930386417,0.00024822552302064885,9.81623835047914e-05,0.002479484348803894,0.0009811903351247295,0.024520011873385778,0.009768693460609086,0.21984006549104837,0.09350267685396474,0.9999998563346231,0.17274454458674882,0.0007481553475372493,0.0019377347198314965,0.0037493878044188023,3.0049938598402974,25.551173943045274,0.019209250631917113,0.007456415522931181,0.17631034776620993,0.07211134343277593,0.8562406498017857,0.5268937829863725,0.9999999962298294,0.9994381937700988,2.3097801923095114,-1.3596203327178955,-1.3596203327178955,-1.3596203327178955,26,-1.3596203327178955,-1.3596203327178955,27,27,2.0492585716432195 0.13752423515278736 0.062924802978478217 2.6364640840167701,2.2194605994775509 -0.02886153890796804 0.19320352432628707 2.6848975697295137,10.907961437478662,0.03940118849277496,0.12172152940183878,10.947362625971437,0.001988581381738186
e1-v2,N16_i00_Amargin_s44,16,3,0,514ae30a9bf6,Amargin,0.31113031231330396,0.04411181027848038,7.0532202226369884,0.31113031231330396,16.999999999972275,44,lightning_gpu,single,2,100,lbfgs_100grad,,-0.2671105968767471,1.2705106296258624,560,2023-08-06,2026-08-05,ok,,1000,405,555,16394,3,True,-3.0672834076964826,-0.2671105968767471,-3.0672834076964826,True,0.405,16394,-0.2671105968767471,0.0,0.0,1,1,True,True,True,1.3851408274006345,0.2568156466299874,0.1846856590820826,7,2,1.3851408274006345,2.414213101546211,3.0672834076964826,1.0000013173063944,0.4122071929159574,0.0015469832578673959,0.004293830716051161,0.008940349100157619,0.16364353586765368,1.0600729477347044,0.042118071777176726,0.015362583565080638,0.34969095034859565,0.1434290325901826,0.9864731094327915,0.7873656110579268,1.0,0.9999998110551607,1.000000756704594,0.10164483111293521,0.0002995653485413641,0.0008356447797268629,0.0016676294762874022,2.1772923679522083,17.727315799273583,0.008325094119975337,0.0029916184367486695,0.0802003574981844,0.029516640387356255,0.5665566299099767,0.2588929722476763,0.9997659419167958,0.9500184965019203,2.3097801923095114,-5.295454025268555,-5.2954535484313965,-5.295454025268555,69,-5.2954535484313965,-5.295454025268555,72,72,0.38505090477492371 0.8108861395016167 1.274766337564649 3.0447811714676671,0.26658720696856453 0.95270383139695625 0.6831387481913318 3.4226079991597209,28.750461333431304,0.03934887517243624,0.12896141223609447,28.78981020860374,0.002724406309425831
e1-v2,N16_i00_Amargin_s45,16,3,0,514ae30a9bf6,Amargin,0.31113031231330396,0.04411181027848038,7.0532202226369884,0.31113031231330396,16.999999999972275,45,lightning_gpu,single,2,100,lbfgs_100grad,,-0.2671105968767471,1.2705106296258624,560,2023-08-06,2026-08-05,ok,,1000,275,549,16394,3,True,-3.0672834076964826,-0.2671105968767471,-3.0672834076964826,True,0.275,16394,-0.2671105968767471,0.0,0.0,1,1,True,True,True,1.3851408274006345,0.2568156466299874,0.1846856590820826,19,8,1.3851408274006345,2.414213101546211,3.0672834076964826,1.0000007157125073,0.288998257201456,0.006899847649037838,0.013832338794600219,0.017082444624975324,0.9606591817634801,8.579519963629826,0.13002340539217463,0.06689506751895619,0.7516434104473482,0.4996143442335073,0.9999991071944639,0.9990158789629539,1.0,1.0,1.0000000442014771,0.11219763842609609,0.001236101845279336,0.003205963526852429,0.0051635947020258754,4.909085385132739,47.58129794025687,0.031601048257784786,0.012292486957400326,0.2746575304193609,0.11634330419209345,0.9596883043803182,0.7097075597096296,0.9999999999999887,0.9999957503098907,2.3097801923095114,-3.937513589859009,-3.937513589859009,-3.937513589859009,62,-3.9374961853027344,-3.937513589859009,75,75,1.8005430614133757 1.660303899153966 2.3990779832738145 2.5500080338093531,1.6415716948567709 2.3336269264956684 2.8824734464523396 3.6647624436367132,29.91041616909206,0.0394433680921793,0.12192357704043388,29.94985953718424,0.002268601208925247
e1-v2,N16_i00_Amargin_s46,16,3,0,514ae30a9bf6,Amargin,0.31113031231330396,0.04411181027848038,7.0532202226369884,0.31113031231330396,16.999999999972275,46,lightning_gpu,single,2,100,lbfgs_100grad,,-0.2671105968767471,1.2705106296258624,560,2023-08-06,2026-08-05,ok,,1000,399,616,4114,3,True,-3.026709691031965,-0.22653688021222906,-3.0267096910319653,True,0.399,4114,-0.22653688021222906,0.03193496828630714,0.013227899503094411,6,1,False,False,True,1.480960702092154,0.3746437787949361,0.252298240099882,0,0,1.3851408274006345,2.414213101546211,3.0672834076964826,1.0000010028152937,0.371602018509293,0.0002878883096855134,0.0009577661694493145,0.002425935468636453,0.5788633663099269,3.1301509748038203,0.009536487725309116,0.0028751563730756006,0.09137472820861717,0.028382407948034954,0.61642692185351,0.2501857407676271,0.9999310584287348,0.9438257928421458,1.0000012461143288,0.059748224038685294,0.0006013088277541101,0.0013049414119450375,0.0019139465148327872,4.498640266058522,36.35631071486611,0.012973050925260023,0.005996843586315934,0.12241315417936172,0.058375749349528536,0.729042579244726,0.4520053124934273,0.9999978669035346,0.9975578997802861,2.3097801923095114,-4.836848258972168,-4.836846828460693,-4.836848258972168,77,-4.836846828460693,-4.836848258972168,78,78,2.8450397427097829 0.24261512621431053 0.85630314278475539 1.9536009066557216,1.3664608087148506 0.61823362698187911 0.93705616498143307 2.5689163934524868,31.042996547184885,0.039261979050934315,0.12814928218722343,31.08225852623582,0.002735717222094536
e1-v2,N16_i01_Aheur_s42,16,3,1,f9598a6bfdd0,Aheur,16.999999999977796,0.16999090952598905,100.00534762347837,0.47365326741735486,16.999999999977796,42,lightning_gpu,single,2,100,lbfgs_100grad,,0.13112281842114482,1.2939192012170153,560,2023-08-06,2026-08-05,ok,,1000,257,809,49153,3,True,-152.82455131864143,0.17544868115874124,-152.82455131864145,True,0.257,49153,0.17544868115874124,0.03425705615613792,0.00028996002034478057,2,1,False,False,True,1.0888101742109118,0.18579278723010573,0.16971993062429797,0,0,1.3851408274006345,118.14406729384329,152.86887718137902,1.0000013309229132,0.2805669036170002,0.00045834327465854585,0.00045834327465854585,0.0013793023827020079,3.3396352817569337,18.147109765729653,0.004573990756809786,0.004573990756809786,0.044809836847905606,0.044809836847905606,0.3677360603854386,0.3677360603854386,0.9897909782103773,0.9897909782103773,0.9999987379637787,0.03153033256603521,4.334916957304813e-05,4.334916957304813e-05,0.00013148217112757266,5.529602210803522,34.79836076936408,0.0004334071437322732,0.0004334071437322732,0.0043256283205009936,0.0043256283205009936,0.04242392479807265,0.04242392479807265,0.35176441509890116,0.35176441509890116,85.93887363468885,-2.1731173992156982,-2.1731173992156982,-2.1731173992156982,14,-2.1731173992156982,-2.1731173992156982,55,55,2.4314546363447995 1.3787772821439981 2.6973649175810768 2.1908462769412909,2.1269386405930386 1.3176419408665332 2.7778516585735842 2.1494160750581313,21.942165086977184,0.03937324043363333,0.12178337201476097,21.981538327410817,0.002409340813755989
e1-v2,N16_i01_Aheur_s43,16,3,1,f9598a6bfdd0,Aheur,16.999999999977796,0.16999090952598905,100.00534762347837,0.47365326741735486,16.999999999977796,43,lightning_gpu,single,2,100,lbfgs_100grad,,0.13112281842114482,1.2939192012170153,560,2023-08-06,2026-08-05,ok,,1000,0,987,16400,2,False,-135.9699250578359,0.030074941986479975,-135.9699250578359,True,0.0,,,,,,,,,,,,,0,0,1.3851408274006345,118.14406729384329,152.86887718137902,1.0000039343144635,0.0006244616427011351,1.1194749731657794e-06,1.1194749731657794e-06,3.360292566867429e-06,4.7415076097623885,22.65702914030453,1.1194693336736448e-05,1.1194693336736448e-05,0.00011194129408356236,0.00011194129408356236,0.0011188492207295962,0.0011188492207295962,0.011132327889831846,0.011132327889831846,1.0000001609169828,0.20545508098439313,0.0003707106225192547,0.0003707106225192547,0.0011114726075902581,5.228281806259474,32.25906966425697,0.003700928148223689,0.003700928148223689,0.0363989660830864,0.0363989660830864,0.309803785302051,0.309803785302051,0.9754684081028046,0.9754684081028046,85.93887363468885,-1.2646909952163696,-1.2646909952163696,-1.2646909952163696,30,-1.2646909952163696,-1.2646909952163696,50,50,2.0492585716432195 0.13752423515278736 0.062924802978478217 2.6364640840167701,1.9195638981383851 -0.018173807343873638 0.1580289096456004 2.7654212227135107,19.975404016673565,0.03937110770493746,0.12096548359841108,20.014775124378502,0.002398577518761158
e1-v2,N16_i01_Aheur_s44,16,3,1,f9598a6bfdd0,Aheur,16.999999999977796,0.16999090952598905,100.00534762347837,0.47365326741735486,16.999999999977796,44,lightning_gpu,single,2,100,lbfgs_100grad,,0.13112281842114482,1.2939192012170153,560,2023-08-06,2026-08-05,ok,,1000,460,689,32785,3,True,-152.8146850551818,0.18531494461837372,-152.81468505518183,True,0.46,32785,0.18531494461837372,0.04188215627858191,0.00035450071457599516,3,1,False,False,True,1.4680414110056843,0.30005017887076635,0.20370690951142958,0,0,1.3851408274006345,118.14406729384329,152.86887718137902,1.000001309917895,0.4619471840560436,0.0008373803575523198,0.0008373803575523198,0.0025103966472670436,0.8285020405456119,0.8831964932121892,0.008342319669649377,0.008342319669649377,0.0803601156601963,0.0803601156601963,0.5673088808950483,0.5673088808950483,0.9997699724706374,0.9997699724706374,1.0000012000705283,0.10090384387876838,0.00018188015383202583,0.00018188015383202583,0.0005455345963127911,3.167626999803095,16.73445399200773,0.001817313642524373,0.001817313642524373,0.01802523606979889,0.01802523606979889,0.1663125408108026,0.1663125408108026,0.8378067835535319,0.8378067835535319,85.93887363468885,-5.617392063140869,-5.6173906326293945,-5.617392063140869,36,-5.617392063140869,-5.617392063140869,68,68,0.38505090477492371 0.8108861395016167 1.274766337564649 3.0447811714676671,0.24399459418256883 0.82866647495619239 0.73615302494311774 3.4183933423029376,27.267504866234958,0.0395551435649395,0.12474082875996828,27.307060009799898,0.002121410332620144
e1-v2,N16_i01_Aheur_s45,16,3,1,f9598a6bfdd0,Aheur,16.999999999977796,0.16999090952598905,100.00534762347837,0.47365326741735486,16.999999999977796,45,lightning_gpu,single,2,100,lbfgs_100grad,,0.13112281842114482,1.2939192012170153,560,2023-08-06,2026-08-05,ok,,1000,26,769,19,3,True,-152.78290818067424,0.21709181912593156,-152.78290818067424,True,0.026,19,0.21709181912593156,0.0664407797827927,0.0005623708520000738,4,1,False,False,False,1.2215941427161707,0.23253584088784374,0.18953581454887472,0,0,1.3851408274006345,118.14406729384329,152.86887718137902,0.9999977396113664,0.023305731658183504,3.838553311652504e-05,3.838553311652504e-05,0.00011547212125151418,5.221624492582476,31.92041425143759,0.00038378903274002146,0.00038378903274002146,0.0038312688754515447,0.0038312688754515447,0.03765885429039618,0.03765885429039618,0.3187750461010824,0.3187750461010824,1.0000015750110087,0.0073825499466693145,1.9006944057764485e-05,1.9006944057764485e-05,5.635545130644459e-05,6.231926667411624,39.89115782369758,0.00019005318452509155,0.00019005318452509155,0.0018989072591657113,0.0018989072591657113,0.018827628333058143,0.018827628333058143,0.17309978224919392,0.17309978224919392,85.93887363468885,0.5733641982078552,0.5733639597892761,0.5733639597892761,78,0.5733655095100403,0.5733639597892761,100,100,1.8005430614133757 1.660303899153966 2.3990779832738145 2.5500080338093531,2.0157352013230008 2.642574805536281 2.0637805946778389 2.5555970017609693,39.80939318891615,0.03948771767318249,0.12153186183422804,39.84888090658933,0.0025654947385191917
e1-v2,N16_i01_Aheur_s46,16,3,1,f9598a6bfdd0,Aheur,16.999999999977796,0.16999090952598905,100.00534762347837,0.47365326741735486,16.999999999977796,46,lightning_gpu,single,2,100,lbfgs_100grad,,0.13112281842114482,1.2939192012170153,560,2023-08-06,2026-08-05,ok,,1000,366,670,32785,3,True,-152.8146850551818,0.18531494461837372,-152.81468505518183,True,0.366,32785,0.18531494461837372,0.04188215627858191,0.00035450071457599516,3,1,False,False,True,1.4680414110056843,0.30005017887076635,0.20370690951142958,0,0,1.3851408274006345,118.14406729384329,152.86887718137902,1.0000019450836106,0.383808363461867,0.0007322074379771948,0.0007322074379771948,0.002190605504438281,0.7928479090567113,1.109665592843809,0.007297995678319312,0.007297995678319312,0.07062927651761294,0.07062927651761294,0.5192825640627776,0.5192825640627776,0.9993409797711658,0.9993409797711658,1.0000011474765245,0.03495336681953631,6.305956048890948e-05,6.305956048890948e-05,0.00018893623200710863,6.9526061657235,46.25817853857657,0.0006304166921089899,0.0006304166921089899,0.006286312818908141,0.006286312818908141,0.061114315401457044,0.061114315401457044,0.4677359021380375,0.4677359021380375,85.93887363468885,-5.57301139831543,-5.57301139831543,-5.57301139831543,44,-5.57301139831543,-5.57301139831543,59,59,2.8450397427097829 0.24261512621431053 0.85630314278475539 1.9536009066557216,2.0261753797104558 -1.642739069681201 1.5722742272417842 2.0116511198555469,23.678414310328662,0.039473713375627995,0.12194946967065334,23.71788802370429,0.0025433264672756195
e1-v2,N16_i01_Amargin_s42,16,3,1,f9598a6bfdd0,Amargin,0.47365326741735486,0.16999090952598905,2.7863446859488707,0.47365326741735486,16.999999999977796,42,lightning_gpu,single,2,100,lbfgs_100grad,,0.13112281842114482,1.2939192012170153,560,2023-08-06,2026-08-05,ok,,1000,356,518,49153,3,True,-4.087430725597453,0.17544868115874124,-4.087430725597452,True,0.356,49153,0.17544868115874124,0.03425705615613792,0.010728091500534925,2,1,False,False,True,1.0888101742109118,0.18579278723010573,0.16971993062429797,0,0,1.3851408274006345,3.1932106614144553,4.131756588335049,1.0000012475196072,0.36750173862674274,0.0003977342275902629,0.0003977342275902629,0.0012116779980715364,0.6211182599792722,1.239610494832791,0.0039702311576684255,0.0039702311576684255,0.03900044635641522,0.03900044635641522,0.32821259144507464,0.32821259144507464,0.9812794503790984,0.9812794503790984,0.9999979310279781,0.10091879160609096,0.0004795398854184896,0.0004795398854184896,0.0013021203922107816,4.100226514193016,22.270335612217437,0.004785063943422296,0.004785063943422296,0.046833319845252935,0.046833319845252935,0.38100303008617414,0.38100303008617414,0.9917418031507859,0.9917418031507859,3.307139971886637,-5.479986667633057,-5.479986667633057,-5.479986667633057,52,-5.479907035827637,-5.479986667633057,62,62,2.4314546363447995 1.3787772821439981 2.6973649175810768 2.1908462769412909,-0.69469823734046021 0.29144766157483276 1.4611248000537473 0.54903325712078932,24.952179783023894,0.039431710727512836,0.12145557347685099,24.991611493751407,0.002580198459327221
e1-v2,N16_i01_Amargin_s43,16,3,1,f9598a6bfdd0,Amargin,0.47365326741735486,0.16999090952598905,2.7863446859488707,0.47365326741735486,16.999999999977796,43,lightning_gpu,single,2,100,lbfgs_100grad,,0.13112281842114482,1.2939192012170153,560,2023-08-06,2026-08-05,ok,,1000,4,988,32802,3,True,-3.7691689706518314,0.4937104361043623,-3.769168970651831,True,0.004,32802,0.4937104361043623,0.28022431179797025,0.0877562871701809,96,1,False,False,False,0.9626578829029802,0.21160973711122727,0.21877942397990338,0,0,1.3851408274006345,3.1932106614144553,4.131756588335049,1.00000113168043,0.002377236319603071,8.035694918362424e-06,8.035694918362424e-06,2.3251346192409983e-05,4.416941920723075,21.071192712009562,8.035404348821251e-05,8.035404348821251e-05,0.0008032499423789818,0.0008032499423789818,0.008003527057137555,0.008003527057137555,0.07721339837255038,0.07721339837255038,0.9999994934923764,0.20763014018302783,0.0006087030633352697,0.0006087030633352697,0.0017578576225787401,4.507412176592968,25.364294074763315,0.006070384295031519,0.006070384295031519,0.059072172335872225,0.059072172335872225,0.4560448053304739,0.4560448053304739,0.9977320614380715,0.9977320614380715,3.307139971886637,-1.4919205904006958,-1.4919205904006958,-1.4919205904006958,24,-1.4919205904006958,-1.4919205904006958,34,34,2.0492585716432195 0.13752423515278736 0.062924802978478217 2.6364640840167701,2.1535724549881197 -0.025017118109683 0.17614017494719555 2.7008503337770864,13.617516855709255,0.04337483551353216,0.12230219412595034,13.660891691222787,0.0020673880353569984
e1-v2,N16_i01_Amargin_s44,16,3,1,f9598a6bfdd0,Amargin,0.47365326741735486,0.16999090952598905,2.7863446859488707,0.47365326741735486,16.999999999977796,44,lightning_gpu,single,2,100,lbfgs_100grad,,0.13112281842114482,1.2939192012170153,560,2023-08-06,2026-08-05,ok,,1000,376,501,49153,3,True,-4.087430725597453,0.17544868115874124,-4.087430725597452,True,0.376,49153,0.17544868115874124,0.03425705615613792,0.010728091500534925,2,1,False,False,True,1.0888101742109118,0.18579278723010573,0.16971993062429797,0,0,1.3851408274006345,3.1932106614144553,4.131756588335049,0.9999999378933828,0.39658791868714616,0.0010773231042549014,0.0010773231042549014,0.003161322558298707,0.5187749720939413,1.0165239982919396,0.010721152676025029,0.010721152676025029,0.1021842261954078,0.1021842261954078,0.6596918791341668,0.6596918791341668,0.9999791683759565,0.9999791683759565,1.0000022373255888,0.10226154506381135,0.00023415597388520837,0.00023415597388520837,0.0007006232481217012,3.3389325317715675,17.34192625693686,0.002339093972941291,0.002339093972941291,0.02314625799606412,0.02314625799606412,0.20878330075807097,0.20878330075807097,0.9038488577127467,0.9038488577127467,3.307139971886637,-5.542873859405518,-5.542873859405518,-5.54287576675415,33,-5.54287576675415,-5.54287576675415,44,44,0.38505090477492371 0.8108861395016167 1.274766337564649 3.0447811714676671,0.3607483277495529 1.1087555718872517 0.44565620660174765 3.3196288057529433,17.593562019988894,0.03932397533208132,0.12099639140069485,17.632885995320976,0.002063620835542679
e1-v2,N16_i01_Amargin_s45,16,3,1,f9598a6bfdd0,Amargin,0.47365326741735486,0.16999090952598905,2.7863446859488707,0.47365326741735486,16.999999999977796,45,lightning_gpu,single,2,100,lbfgs_100grad,,0.13112281842114482,1.2939192012170153,560,2023-08-06,2026-08-05,ok,,1000,54,785,145,3,True,-3.891063128248443,0.37181627850775123,-3.8910631282484425,True,0.054,145,0.37181627850775123,0.186018925957833,0.05825451111184585,35,1,False,False,False,1.743614384749418,0.4538573090755944,0.25972331556594513,0,0,1.3851408274006345,3.1932106614144553,4.131756588335049,1.0000006480855839,0.06695666663563316,1.5412417269544676e-05,1.5412417269544676e-05,7.066416583256796e-05,3.7749227651807464,19.562848754057548,0.00015411348371749354,0.00015411348371749354,0.001540066482833926,0.001540066482833926,0.015294370762897747,0.015294370762897747,0.14283544023390046,0.14283544023390046,1.0000010095420127,0.08664391949787387,0.0008791021537035704,0.0008791021537035704,0.0024158817250281572,6.82584415294029,47.43070151976653,0.008756326011486099,0.008756326011486099,0.08419230752450638,0.08419230752450638,0.5850049931929499,0.5850049931929499,0.9998484943903247,0.9998484943903247,3.307139971886637,-1.9020763635635376,-1.9020763635635376,-1.9020763635635376,40,-1.9020763635635376,-1.9020763635635376,50,50,1.8005430614133757 1.660303899153966 2.3990779832738145 2.5500080338093531,2.1200363951746755 3.3142238210603709 2.7439406646600291 2.8523006369791783,20.084352634847164,0.03931501414626837,0.12107356172055006,20.123667648993433,0.0025450512766838074
e1-v2,N16_i01_Amargin_s46,16,3,1,f9598a6bfdd0,Amargin,0.47365326741735486,0.16999090952598905,2.7863446859488707,0.47365326741735486,16.999999999977796,46,lightning_gpu,single,2,100,lbfgs_100grad,,0.13112281842114482,1.2939192012170153,560,2023-08-06,2026-08-05,ok,,1000,349,522,32785,3,True,-4.07756446213782,0.18531494461837372,-4.07756446213782,True,0.349,32785,0.18531494461837372,0.04188215627858191,0.013116001642068272,3,1,False,False,True,1.4680414110056843,0.30005017887076635,0.20370690951142958,0,0,1.3851408274006345,3.1932106614144553,4.131756588335049,1.0000005529360754,0.3469428818207234,0.002098619705066085,0.002098619705066085,0.006062938715331256,0.5130142075151416,1.3294730679151836,0.020789112907618812,0.020789112907618812,0.18948261581319967,0.18948261581319967,0.8776445435675441,0.8776445435675441,0.999999999247973,0.999999999247973,0.9999993170232688,0.02586527538444905,0.0001684220042079687,0.0001684220042079687,0.000460519251646474,6.545880982531855,40.01898740924622,0.0016829441464876378,0.0016829441464876378,0.016702558231186503,0.016702558231186503,0.15501481877147852,0.15501481877147852,0.814437195938132,0.814437195938132,3.307139971886637,-5.499807834625244,-5.499807834625244,-5.499807834625244,58,-5.499795913696289,-5.499807834625244,68,68,2.8450397427097829 0.24261512621431053 0.85630314278475539 1.9536009066557216,1.3346949821469194 -0.99576665848789947 1.555045983689483 1.0761401298134987,27.304695587605238,0.039451489225029945,0.1213397765532136,27.344147076830268,0.0025048572570085526
e1-v2,N16_i02_Aheur_s42,16,3,2,75660748013c,Aheur,16.999999999972275,0.12723591140579504,133.6100776278009,0.3395442826208949,16.999999999972275,42,lightning_gpu,single,2,100,lbfgs_100grad,,-0.11763741225508972,0.9002704346258038,560,2023-08-06,2026-08-05,ok,,1000,284,821,152,3,True,-153.10239556346454,-0.10239556371409364,-153.10239556346457,True,0.284,152,-0.10239556371409364,0.016930300001833713,9.954338898257459e-05,2,1,False,False,True,1.2983315293632645,0.33078052876886277,0.2540033275865955,0,0,1.3514628008784804,170.0796022204691,153.11763741200554,0.9999995233466734,0.2825920323666651,0.0004910036223009229,0.0004910036223009229,0.001973736973013729,1.989839780078822,18.139782404429184,0.004899201610547677,0.004899201610547677,0.04792590887312924,0.04792590887312924,0.3880619359059403,0.3880619359059403,0.992636662913574,0.992636662913574,0.9999982834406183,0.03386214752754313,5.536667231353931e-05,5.536667231353931e-05,0.00022437958978116512,3.4342013571347794,34.92448605000004,0.0005535287974222557,0.0005535287974222557,0.005521520570447381,0.005521520570447381,0.05386328855716642,0.05386328855716642,0.4251706420679442,0.4251706420679442,85.5948553399006,-2.173278331756592,-2.173278331756592,-2.173278331756592,13,-2.173278331756592,-2.173278331756592,31,31,2.4314546363447995 1.3787772821439981 2.6973649175810768 2.1908462769412909,2.1248676588073163 1.3171942304383717 2.7787687710986924 2.1476225795524004,12.40010614413768,0.04238362796604633,0.12172627542167902,12.442489772103727,0.002044418826699257
e1-v2,N16_i02_Aheur_s43,16,3,2,75660748013c,Aheur,16.999999999972275,0.12723591140579504,133.6100776278009,0.3395442826208949,16.999999999972275,43,lightning_gpu,single,2,100,lbfgs_100grad,,-0.11763741225508972,0.9002704346258038,560,2023-08-06,2026-08-05,ok,,1000,0,989,16896,2,False,-135.77868404928105,0.22131595049711755,-135.77868404928108,True,0.0,,,,,,,,,,,,,0,0,1.3514628008784804,170.0796022204691,153.11763741200554,1.0000059139148334,0.0006503597961682317,1.1378521094229654e-06,1.1378521094229654e-06,4.549928121377889e-06,2.8347709361637845,22.68284084998413,1.1378462832572405e-05,1.1378462832572405e-05,0.00011377880237876064,0.00011377880237876064,0.0011372056477906344,0.0011372056477906344,0.011314036957454332,0.011314036957454332,0.9999996009399155,0.2047216511273291,0.0003669557918328792,0.0003669557918328792,0.0014674038393422961,3.2295532259441107,32.38561789734041,0.003663504299190731,0.003663504299190731,0.03603694872446564,0.03603694872446564,0.307206384019416,0.307206384019416,0.9745294237566146,0.9745294237566146,85.5948553399006,-1.2611472606658936,-1.2611472606658936,-1.2611472606658936,32,-1.2611472606658936,-1.2611472606658936,46,46,2.0492585716432195 0.13752423515278736 0.062924802978478217 2.6364640840167701,1.9160905235543682 -0.018126496259015936 0.15812591817294622 2.7659065734491373,18.395682490430772,0.039190865121781826,0.12358542159199715,18.434873355552554,0.0017180591821670532
e1-v2,N16_i02_Aheur_s44,16,3,2,75660748013c,Aheur,16.999999999972275,0.12723591140579504,133.6100776278009,0.3395442826208949,16.999999999972275,44,lightning_gpu,single,2,100,lbfgs_100grad,,-0.11763741225508972,0.9002704346258038,560,2023-08-06,2026-08-05,ok,,1000,452,709,16408,3,True,-153.11763741200554,-0.11763741225508972,-153.1176374120056,True,0.452,16408,-0.11763741225508972,0.0,0.0,1,1,True,True,True,1.3514628008784804,0.35482033841586325,0.2618054586377607,2,2,1.3514628008784804,170.0796022204691,153.11763741200554,1.0000000904399702,0.46167859487468377,0.0008302446804009378,0.0008302446804009378,0.0033188555971719325,0.37058467653882576,0.8834232835024842,0.00827149659914825,0.00827149659914825,0.0797031081262871,0.0797031081262871,0.5642076996146244,0.5642076996146244,0.9997529439302318,0.9997529439302318,1.0000007143466974,0.10085868304304313,0.00018030108185485005,0.00018030108185485005,0.0007207685266621411,1.8733358086015126,16.72315165925238,0.001801548640079005,0.001801548640079005,0.017870134853745362,0.017870134853745362,0.16499480955511658,0.16499480955511658,0.8352248366166241,0.8352248366166241,85.5948553399006,-5.619481563568115,-5.619481563568115,-5.619481563568115,21,-5.619481563568115,-5.619481563568115,35,35,0.38505090477492371 0.8108861395016167 1.274766337564649 3.0447811714676671,0.24370762734731688 0.82689156909617312 0.73635747604241131 3.4182641795035922,14.037388190627098,0.03980300948023796,0.12223365996032953,14.077191200107336,0.0025902260094881058
e1-v2,N16_i02_Aheur_s45,16,3,2,75660748013c,Aheur,16.999999999972275,0.12723591140579504,133.6100776278009,0.3395442826208949,16.999999999972275,45,lightning_gpu,single,2,100,lbfgs_100grad,,-0.11763741225508972,0.9002704346258038,560,2023-08-06,2026-08-05,ok,,1000,32,787,280,3,True,-153.0461131969705,-0.046113197220049584,-153.04611319697054,True,0.032,280,-0.046113197220049584,0.07944747742912282,0.0004671193746451584,11,1,False,False,False,1.221260755588069,0.3135501277999939,0.25592415572994714,0,0,1.3514628008784804,170.0796022204691,153.11763741200554,0.9999991850024941,0.024091514405881753,4.130731031182222e-05,4.130731031182222e-05,0.00016613168554613367,3.213381071705599,31.90418713962663,0.00041299632835066626,0.00041299632835066626,0.004122296262048996,0.004122296262048996,0.04046660876898329,0.04046660876898329,0.33839172965054976,0.33839172965054976,1.0000017577804172,0.006851468002423644,1.3615400348498952e-05,1.3615400348498952e-05,5.348084232537076e-05,3.875094565684708,39.783843232795135,0.0001361456617271644,0.0001361456617271644,0.0013606228161708415,0.0013606228161708415,0.013523221462612103,0.013523221462612103,0.127292586884834,0.127292586884834,85.5948553399006,0.5747628808021545,0.5747628808021545,0.5747628808021545,20,0.5747628808021545,0.5747628808021545,30,30,1.8005430614133757 1.660303899153966 2.3990779832738145 2.5500080338093531,2.0126894149470829 2.6375972329619972 2.0640757292946739 2.5525957942619306,11.991426170803607,0.03931839857250452,0.210309780202806,12.030744569376111,0.0021290937438607216
e1-v2,N16_i02_Aheur_s46,16,3,2,75660748013c,Aheur,16.999999999972275,0.12723591140579504,133.6100776278009,0.3395442826208949,16.999999999972275,46,lightning_gpu,single,2,100,lbfgs_100grad,,-0.11763741225508972,0.9002704346258038,560,2023-08-06,2026-08-05,ok,,1000,388,703,16408,3,True,-153.11763741200554,-0.11763741225508972,-153.1176374120056,True,0.388,16408,-0.11763741225508972,0.0,0.0,1,1,True,True,True,1.3514628008784804,0.35482033841586325,0.2618054586377607,1,1,1.3514628008784804,170.0796022204691,153.11763741200554,0.9999996109265334,0.3837137052905746,0.0007010273984633386,0.0007010273984633386,0.002795855049043894,0.3553898574323543,1.1093133139460043,0.006988200501854744,0.006988200501854744,0.0677248880011351,0.0677248880011351,0.5040465626964196,0.5040465626964196,0.9990996548162571,0.9990996548162571,1.000000560410598,0.03465909096848918,6.245140684768558e-05,6.245140684768558e-05,0.0002498574249329977,4.357401372737495,46.28419849435991,0.0006243385896824791,0.0006243385896824791,0.00622587412854772,0.00622587412854772,0.060543119138039794,0.060543119138039794,0.4644888513552621,0.4644888513552621,85.5948553399006,-5.574789524078369,-5.574789524078369,-5.574789524078369,46,-5.574789524078369,-5.574789524078369,55,55,2.8450397427097829 0.24261512621431053 0.85630314278475539 1.9536009066557216,2.023328240735601 -1.6402884870528347 1.5722687847980277 2.0111234556310587,21.643780894577503,0.03981306869536638,0.12180440593510866,21.68359396327287,0.0025719022378325462
e1-v2,N16_i02_Amargin_s42,16,3,2,75660748013c,Amargin,0.3395442826208949,0.12723591140579504,2.66861987994869,0.3395442826208949,16.999999999972275,42,lightning_gpu,single,2,100,lbfgs_100grad,,-0.11763741225508972,0.9002704346258038,560,2023-08-06,2026-08-05,ok,,1000,419,559,152,3,True,-3.1582941073021478,-0.10239556371409364,-3.158294107302148,True,0.419,152,-0.10239556371409364,0.016930300001833713,0.004802796865412112,2,1,False,False,True,1.2983315293632645,0.33078052876886277,0.2540033275865955,0,0,1.3514628008784804,3.5250918321695415,3.173535955843144,1.0000019211604438,0.43606000463478267,0.0008024473208934069,0.0008024473208934069,0.00324430747423321,0.2549913544948987,0.8830043071556866,0.007995558650907505,0.007995558650907505,0.07713927104945449,0.07713927104945449,0.5519137102594608,0.5519137102594608,0.999673700387154,0.999673700387154,0.9999991709560918,0.04742372949431228,0.00019696248637046665,0.00019696248637046665,0.0007272545844898559,2.564646131382598,24.13819493881323,0.001967880040362765,0.001967880040362765,0.019505446914457308,0.019505446914457308,0.17879449152877852,0.17879449152877852,0.8605178803215301,0.8605178803215301,2.292576753143709,-5.5309319496154785,-5.5309319496154785,-5.5309319496154785,69,-5.447331428527832,-5.5309319496154785,100,100,2.4314546363447995 1.3787772821439981 2.6973649175810768 2.1908462769412909,0.31609973859503027 0.86215988876846739 1.9737003195265095 1.3536447372534299,40.05876878555864,0.03936030808836222,0.20960295293480158,40.098129093647,0.0026920726522803307
e1-v2,N16_i02_Amargin_s43,16,3,2,75660748013c,Amargin,0.3395442826208949,0.12723591140579504,2.66861987994869,0.3395442826208949,16.999999999972275,43,lightning_gpu,single,2,100,lbfgs_100grad,,-0.11763741225508972,0.9002704346258038,560,2023-08-06,2026-08-05,ok,,1000,1,985,145,3,True,-2.88647519368313,0.16942334990492403,-2.8864751936831308,True,0.001,145,0.16942334990492403,0.31886059023956526,0.09045454853961078,128,1,False,False,False,1.1763792215503108,0.3633755207155165,0.3080431157547597,0,0,1.3514628008784804,3.5250918321695415,3.173535955843144,1.0000006674205375,0.0011907300082611982,3.4618321933521656e-06,3.4618321933521656e-06,1.3742338069278048e-05,2.673755260139205,21.337629095984596,3.461778264580406e-05,3.461778264580406e-05,0.00034612390384662617,0.00034612390384662617,0.0034558529323470764,0.0034558529323470764,0.03402602087408139,0.03402602087408139,0.9999998653720468,0.22204882311052643,0.00047290066140703857,0.00047290066140703857,0.0018729286966845393,2.8038028083386637,26.505942360371137,0.004718955717832274,0.004718955717832274,0.04619997930345358,0.04619997930345358,0.37687772674147535,0.37687772674147535,0.9911746334524935,0.9911746334524935,2.292576753143709,-1.446438193321228,-1.446438193321228,-1.446438193321228,58,-1.446437954902649,-1.446438193321228,72,72,2.0492585716432195 0.13752423515278736 0.062924802978478217 2.6364640840167701,2.1086666001660213 -0.021931465685233527 0.16867954533252508 2.7210067499605968,28.834933017380536,0.039142253808677197,0.12125083897262812,28.874075271189213,0.0020791050046682358
e1-v2,N16_i02_Amargin_s44,16,3,2,75660748013c,Amargin,0.3395442826208949,0.12723591140579504,2.66861987994869,0.3395442826208949,16.999999999972275,44,lightning_gpu,single,2,100,lbfgs_100grad,,-0.11763741225508972,0.9002704346258038,560,2023-08-06,2026-08-05,ok,,1000,409,534,16408,3,True,-3.173535955843144,-0.11763741225508972,-3.1735359558431444,True,0.409,16408,-0.11763741225508972,0.0,0.0,1,1,True,True,True,1.3514628008784804,0.35482033841586325,0.2618054586377607,1,1,1.3514628008784804,3.5250918321695415,3.173535955843144,1.0000015618147777,0.42149942368268967,0.0009608720429241657,0.0009608720429241657,0.003771773132029921,0.21988785049117401,0.9248452788130446,0.009567279329612667,0.009567279329612667,0.0916571628039661,0.0916571628039661,0.6176175435705249,0.6176175435705249,0.9999331687494327,0.9999331687494327,1.0000009792706805,0.10210343269864097,0.00018987592193298042,0.00018987592193298042,0.0007427865057252347,1.9697347050885101,17.273089846567018,0.001897137661567595,0.001897137661567595,0.018810232358466326,0.018810232358466326,0.17295316292602728,0.17295316292602728,0.8502726800902733,0.8502726800902733,2.292576753143709,-5.540043830871582,-5.540043830871582,-5.540043830871582,50,-5.540042877197266,-5.540043830871582,60,60,0.38505090477492371 0.8108861395016167 1.274766337564649 3.0447811714676671,0.35576156256297714 1.1001149163377282 0.43947339940005054 3.3130856328276357,23.99856549780816,0.0391701040789485,0.12105991505086422,24.037735601887107,0.0026270728558301926
e1-v2,N16_i02_Amargin_s45,16,3,2,75660748013c,Amargin,0.3395442826208949,0.12723591140579504,2.66861987994869,0.3395442826208949,16.999999999972275,45,lightning_gpu,single,2,100,lbfgs_100grad,,-0.11763741225508972,0.9002704346258038,560,2023-08-06,2026-08-05,ok,,1000,44,801,168,3,True,-3.0804228066405615,-0.02452426305250721,-3.080422806640562,True,0.044,168,-0.02452426305250721,0.10342797632945135,0.029340505511255267,16,1,False,False,False,1.2105934915284837,0.3168284424473496,0.2608872793860701,0,0,1.3514628008784804,3.5250918321695415,3.173535955843144,1.0000012112705345,0.04692696812344366,3.853336238535121e-05,3.853336238535121e-05,0.00016290968414978124,2.1581768833196833,18.821909057517132,0.0003852668138181097,0.0003852668138181097,0.0038459956224965865,0.0038459956224965865,0.037801111434315096,0.037801111434315096,0.31978139065377637,0.31978139065377637,1.0000006089972662,0.058424123480676826,0.00037766387686133385,0.00037766387686133385,0.0012957992003066465,4.31829833922341,47.17360481776831,0.003770226878112337,0.003770226878112337,0.037069000135735,0.037069000135735,0.3145880330049059,0.3145880330049059,0.9771167962500712,0.9771167962500712,2.292576753143709,-2.0439224243164062,-2.0439224243164062,-2.0439224243164062,44,-2.0439224243164062,-2.0439224243164062,56,56,1.8005430614133757 1.660303899153966 2.3990779832738145 2.5500080338093531,2.0945168367672422 3.3181124341824284 2.7550035023879476 2.8423231094033721,22.35009361617267,0.03921456169337034,0.12089112773537636,22.38930817786604,0.002176828682422638
e1-v2,N16_i02_Amargin_s46,16,3,2,75660748013c,Amargin,0.3395442826208949,0.12723591140579504,2.66861987994869,0.3395442826208949,16.999999999972275,46,lightning_gpu,single,2,100,lbfgs_100grad,,-0.11763741225508972,0.9002704346258038,560,2023-08-06,2026-08-05,ok,,1000,368,531,16408,3,True,-3.173535955843144,-0.11763741225508972,-3.1735359558431444,True,0.368,16408,-0.11763741225508972,0.0,0.0,1,1,True,True,True,1.3514628008784804,0.35482033841586325,0.2618054586377607,3,3,1.3514628008784804,3.5250918321695415,3.173535955843144,1.000000341503831,0.3532332385220798,0.0016190956812351942,0.0016190956812351942,0.005924282653722912,0.22394647241598173,1.3065897519327776,0.016073498514335312,0.016073498514335312,0.14959347856591895,0.14959347856591895,0.8021819941147628,0.8021819941147628,0.9999999082389877,0.9999999082389877,1.0000008277568058,0.012302617924743409,4.3326308514224365e-05,4.3326308514224365e-05,0.0001581166916366783,4.113567200710786,42.29217243029275,0.00043317862229577404,0.00043317862229577404,0.004323352002210527,0.004323352002210527,0.04240203239608124,0.04240203239608124,0.3516161982158069,0.3516161982158069,2.292576753143709,-5.4817280769348145,-5.4817280769348145,-5.4817280769348145,35,-5.4817280769348145,-5.4817280769348145,45,45,2.8450397427097829 0.24261512621431053 0.85630314278475539 1.9536009066557216,2.1697567588996143 -1.7805853668517431 1.5740764349076966 2.0675817267333461,18.063558857887983,0.039091880433261395,0.12435791455209255,18.102650738321245,0.0026069628074765205
e1-v2,N16_i03_Aheur_s42,16,3,3,ba5bb77bd55e,Aheur,16.999999999981483,0.03003951242417713,565.9213025807679,0.3007600644778749,16.999999999981483,42,lightning_gpu,single,2,100,lbfgs_100grad,,-0.11549302526090832,1.7607173941878844,560,2023-08-06,2026-08-05,ok,,1000,290,824,34820,3,True,-153.00371621910904,-0.003716219275714805,-153.0037162191091,True,0.29,34820,-0.003716219275714805,0.06348367225437083,0.0007300163019223294,11,1,False,False,False,1.335964347981581,0.2832758158737119,0.2112899317262347,0,0,1.8371572841510873,86.9619926119475,153.11549302509425,1.0000011514637777,0.2819710976909846,0.0004846491210628301,0.0004846491210628301,0.0032562302658334374,2.284385810945482,18.140830996451598,0.004835935044778254,0.004835935044778254,0.04732042554646752,0.04732042554646752,0.3841590836052366,0.3841590836052366,0.9921533297886523,0.9921533297886523,0.9999980924491183,0.03042513299442362,4.7393987188115716e-05,4.7393987188115716e-05,0.00030256617537816055,3.849539339694874,34.7748632519349,0.0004738388061038344,0.0004738388061038344,0.004728297272357883,0.004728297272357883,0.04628949772275872,0.04628949772275872,0.3774623080668642,0.3774623080668642,85.81868349196083,-2.1694154739379883,-2.1694154739379883,-2.1694154739379883,14,-2.1694154739379883,-2.1694154739379883,49,49,2.4314546363447995 1.3787772821439981 2.6973649175810768 2.1908462769412909,2.1292068151532169 1.3196082297858438 2.7785304221606757 2.1480982988722781,19.569895481690764,0.039110736921429634,0.21021488774567842,19.609006218612194,0.0021172771230340004
e1-v2,N16_i03_Aheur_s43,16,3,3,ba5bb77bd55e,Aheur,16.999999999981483,0.03003951242417713,565.9213025807679,0.3007600644778749,16.999999999981483,43,lightning_gpu,single,2,100,lbfgs_100grad,,-0.11549302526090832,1.7607173941878844,560,2023-08-06,2026-08-05,ok,,1000,0,986,34816,2,False,-136.1056938128962,-0.10569381304434378,-136.10569381289622,True,0.0,,,,,,,,,,,,,0,0,1.8371572841510873,86.9619926119475,153.11549302509425,1.0000023457789666,0.0006439022263293737,1.1348415682732593e-06,1.1348415682732593e-06,8.118310802274209e-06,3.2439422219353258,22.677019024925812,1.1348357728965647e-05,1.1348357728965647e-05,0.00011347778212999158,0.00011347778212999158,0.0011341985223016539,0.0011341985223016539,0.01128427167782614,0.01128427167782614,1.0000004764717545,0.20609730531577952,0.00037151729338802397,0.00037151729338802397,0.002599978557555005,3.63695011515366,32.26261781337837,0.0037089679538587985,0.0037089679538587985,0.03647672269172513,0.03647672269172513,0.31036052851289303,0.31036052851289303,0.9756655741691954,0.9756655741691954,85.81868349196083,-1.2596592903137207,-1.2596592903137207,-1.2596592903137207,19,-1.2596592903137207,-1.2596592903137207,35,35,2.0492585716432195 0.13752423515278736 0.062924802978478217 2.6364640840167701,1.9203667745793489 -0.018141454332985158 0.15817255946106243 2.7657018605656183,13.933855021372437,0.03939331881701946,0.12185237929224968,13.973248340189457,0.0022692708298563957
e1-v2,N16_i03_Aheur_s44,16,3,3,ba5bb77bd55e,Aheur,16.999999999981483,0.03003951242417713,565.9213025807679,0.3007600644778749,16.999999999981483,44,lightning_gpu,single,2,100,lbfgs_100grad,,-0.11549302526090832,1.7607173941878844,560,2023-08-06,2026-08-05,ok,,1000,454,692,32774,3,True,-153.04766538122738,-0.04766538139405174,-153.0476653812274,True,0.454,32774,-0.04766538139405174,0.038522731751702545,0.0004429835448182911,3,1,False,False,True,1.152575636436022,0.1809359057450723,0.15611635371841412,0,0,1.8371572841510873,86.9619926119475,153.11549302509425,0.9999996136408225,0.46187654189998284,0.0008338071638718247,0.0008338071638718247,0.005847872467711568,0.4915804603858927,0.8834230999321289,0.008306855552891927,0.008306855552891927,0.08003117689411669,0.08003117689411669,0.5657587285785239,0.5657587285785239,0.9997615974065257,0.9997615974065257,1.0000007462467693,0.10087776146247052,0.0001803826744435355,0.0001803826744435355,0.001271997723961249,2.1573952806841383,16.74695638611138,0.0018023632426103107,0.0018023632426103107,0.01787814971827562,0.01787814971827562,0.1650629492987333,0.1650629492987333,0.8353592503350871,0.8353592503350871,85.81868349196083,-5.608846187591553,-5.608846187591553,-5.608846187591553,18,-5.608846187591553,-5.608846187591553,31,31,0.38505090477492371 0.8108861395016167 1.274766337564649 3.0447811714676671,0.24442205898962288 0.82984058491429691 0.73582504911915647 3.417990227311849,12.47884017508477,0.039194474928081036,0.21177469566464424,12.51803465001285,0.0020922785624861717
e1-v2,N16_i03_Aheur_s45,16,3,3,ba5bb77bd55e,Aheur,16.999999999981483,0.03003951242417713,565.9213025807679,0.3007600644778749,16.999999999981483,45,lightning_gpu,single,2,100,lbfgs_100grad,,-0.11549302526090832,1.7607173941878844,560,2023-08-06,2026-08-05,ok,,1000,19,799,2082,3,True,-152.8676941822529,0.13230581758043236,-152.8676941822529,True,0.019,2082,0.13230581758043236,0.14073743103766845,0.0016183786365807455,56,1,False,False,False,1.241138002622673,0.3072776433715603,0.246771626301313,0,0,1.8371572841510873,86.9619926119475,153.11549302509425,0.9999997140501575,0.023885413163952762,4.152520705247298e-05,4.152520705247298e-05,0.0002796473017951939,3.624308432843922,31.90854747421365,0.00041517448368961476,0.00041517448368961476,0.004143996774951768,0.004143996774951768,0.040675673848044616,0.040675673848044616,0.3398318426021998,0.3398318426021998,1.0000010677552158,0.007769330954943143,1.6693418729119003e-05,1.6693418729119003e-05,0.00013389311243372504,4.350410168446344,39.94649248121679,0.0001669216476891098,0.0001669216476891098,0.0016679632071963423,0.0016679632071963423,0.016554992746173638,0.016554992746173638,0.15374587528467512,0.15374587528467512,85.81868349196083,0.5734761953353882,0.5734761953353882,0.5734761953353882,20,0.5734761953353882,0.5734761953353882,35,35,1.8005430614133757 1.660303899153966 2.3990779832738145 2.5500080338093531,2.0170499285909815 2.6436014239633852 2.064011180260314 2.5533305928175341,13.958238130435348,0.039271690882742405,0.12548314314335585,13.99750982131809,0.0020518917590379715
e1-v2,N16_i03_Aheur_s46,16,3,3,ba5bb77bd55e,Aheur,16.999999999981483,0.03003951242417713,565.9213025807679,0.3007600644778749,16.999999999981483,46,lightning_gpu,single,2,100,lbfgs_100grad,,-0.11549302526090832,1.7607173941878844,560,2023-08-06,2026-08-05,ok,,1000,378,668,33282,3,True,-153.11549302509425,-0.11549302526090832,-153.11549302509425,True,0.378,33282,-0.11549302526090832,0.0,0.0,1,1,True,True,True,1.8371572841510873,0.4605438603961853,0.2501385506622701,2,2,1.8371572841510873,86.9619926119475,153.11549302509425,1.000000561169062,0.383673274947796,0.0007135027553886175,0.0007135027553886175,0.005084520729724318,0.46636265243384556,1.1096698762309714,0.007112162209446915,0.007112162209446915,0.06888803144691963,0.06888803144691963,0.5101996498704993,0.5101996498704993,0.9992053225081341,0.9992053225081341,1.0000008507541907,0.03494667463382939,6.364598812069744e-05,6.364598812069744e-05,0.0004398963792482391,4.884765256705929,46.23411622551231,0.0006362776256105053,0.0006362776256105053,0.006344588918533161,0.006344588918533161,0.06166477736445941,0.06166477736445941,0.47084830813701756,0.47084830813701756,85.81868349196083,-5.564330101013184,-5.564325332641602,-5.564330101013184,71,-5.564325332641602,-5.564330101013184,76,76,2.8450397427097829 0.24261512621431053 0.85630314278475539 1.9536009066557216,2.027586804172071 -1.6438715757834934 1.5722697157431127 2.0113060330760648,30.484605227597058,0.03935360163450241,0.12145900260657072,30.52395882923156,0.00262327678501606
e1-v2,N16_i03_Amargin_s42,16,3,3,ba5bb77bd55e,Amargin,0.3007600644778749,0.03003951242417713,10.012148673751772,0.3007600644778749,16.999999999981483,42,lightning_gpu,single,2,100,lbfgs_100grad,,-0.11549302526090832,1.7607173941878844,560,2023-08-06,2026-08-05,ok,,1000,393,517,34818,3,True,-2.781205122832286,-0.07436454253141234,-2.7812051228322865,True,0.393,34818,-0.07436454253141234,0.02335893475310735,0.014572509305224182,2,1,False,False,True,1.5429659333396755,0.33115166237468957,0.21397210090056376,0,0,1.8371572841510873,1.6029452624698803,2.822333605561782,1.0000002430053643,0.40449026075657457,0.0008930630283430219,0.0008930630283430219,0.005396739230491221,0.32350045401750416,1.0086465887185176,0.008894825351955033,0.008894825351955033,0.08547109541730598,0.08547109541730598,0.5907634984719405,0.5907634984719405,0.999868252120708,0.999868252120708,0.9999980135077017,0.12711321440411893,7.024002115940675e-05,7.024002115940675e-05,0.00045048986612528097,2.7001554619006436,17.96986482336626,0.0007021782384480457,0.0007021782384480457,0.006999636436375342,0.006999636436375342,0.06783224709436564,0.06783224709436564,0.5046173977091497,0.5046173977091497,2.3224838144427817,-5.145256996154785,-5.145256996154785,-5.145256996154785,47,-5.145256996154785,-5.145256996154785,87,87,2.4314546363447995 1.3787772821439981 2.6973649175810768 2.1908462769412909,0.37162530270593647 0.90848475200263212 1.9742298419686319 1.3674992126351528,34.68910392653197,0.03951054997742176,0.12199787050485611,34.72861447650939,0.0024897651746869087
e1-v2,N16_i03_Amargin_s43,16,3,3,ba5bb77bd55e,Amargin,0.3007600644778749,0.03003951242417713,10.012148673751772,0.3007600644778749,16.999999999981483,43,lightning_gpu,single,2,100,lbfgs_100grad,,-0.11549302526090832,1.7607173941878844,560,2023-08-06,2026-08-05,ok,,1000,3,983,38,3,True,-2.620772425506877,0.08606815479399671,-2.6207724255068774,True,0.003,38,0.08606815479399671,0.1144767358579276,0.071416497205611,34,1,False,False,False,0.8615335308880769,0.15706188674194305,0.18114429809954463,0,0,1.8371572841510873,1.6029452624698803,2.822333605561782,1.0000022228593806,0.002408861704878973,9.974176464311313e-06,9.974176464311313e-06,8.415709726250498e-05,3.021361670767167,21.567268959922067,9.973728797335745e-05,9.973728797335745e-05,0.0009969253600719632,0.0009969253600719632,0.009924648582257795,0.009924648582257795,0.09492934098234497,0.09492934098234497,0.9999998810418206,0.12810550849098945,0.000416284630773589,0.000416284630773589,0.0032991136831697077,3.122191030014047,25.636358368107025,0.0041550567779110245,0.0041550567779110245,0.04078221133542989,0.04078221133542989,0.3405646241730741,0.3405646241730741,0.9844502856879948,0.9844502856879948,2.3224838144427817,-1.3213201761245728,-1.3213201761245728,-1.6439664363861084,17,-1.6439664363861084,-1.6439664363861084,40,40,2.0492585716432195 0.13752423515278736 0.062924802978478217 2.6364640840167701,2.3227413275263902 -0.034871999823955308 0.20927347854340259 2.6565107569570312,16.09235514421016,0.03989040572196245,0.24294119514524937,16.132245549932122,0.0026493407785892487
e1-v2,N16_i03_Amargin_s44,16,3,3,ba5bb77bd55e,Amargin,0.3007600644778749,0.03003951242417713,10.012148673751772,0.3007600644778749,16.999999999981483,44,lightning_gpu,single,2,100,lbfgs_100grad,,-0.11549302526090832,1.7607173941878844,560,2023-08-06,2026-08-05,ok,,1000,396,507,33282,3,True,-2.822333605561782,-0.11549302526090832,-2.8223336055617825,True,0.396,33282,-0.11549302526090832,0.0,0.0,1,1,True,True,True,1.8371572841510873,0.4605438603961853,0.2501385506622701,2,2,1.8371572841510873,1.6029452624698803,2.822333605561782,1.000000006755707,0.39170834943070076,0.001191192539408803,0.001191192539408803,0.008558411616832018,0.24812863582792583,1.032194547556245,0.011848275514553789,0.011848275514553789,0.1123610950996204,0.1123610950996204,0.6963569888850066,0.6963569888850066,0.9999933375663788,0.9999933375663788,1.0000016430399228,0.10093855086597614,0.0001889393461169675,0.0001889393461169675,0.0017871013697003946,2.3561935509041843,18.048798452220126,0.00188778785683167,0.00188778785683167,0.018718314783525,0.018718314783525,0.17217806113539047,0.17217806113539047,0.8488635146666965,0.8488635146666965,2.3224838144427817,-5.174661636352539,-5.174661636352539,-5.1746625900268555,58,-5.174661636352539,-5.1746625900268555,75,75,0.38505090477492371 0.8108861395016167 1.274766337564649 3.0447811714676671,0.37991769420960281 1.1642556107686315 0.45542167143645368 3.3254148562874417,30.044122642837465,0.039009297266602516,0.12085303477942944,30.083131940104067,0.002093678340315819
e1-v2,N16_i03_Amargin_s45,16,3,3,ba5bb77bd55e,Amargin,0.3007600644778749,0.03003951242417713,10.012148673751772,0.3007600644778749,16.999999999981483,45,lightning_gpu,single,2,100,lbfgs_100grad,,-0.11549302526090832,1.7607173941878844,560,2023-08-06,2026-08-05,ok,,1000,219,411,32836,3,True,-2.6889165409678433,0.017924039333030273,-2.688916540967844,True,0.219,32836,0.017924039333030273,0.07577426396442005,0.047271897386978845,16,1,False,False,False,1.005236152029966,0.17208540925550464,0.17019424630721458,0,0,1.8371572841510873,1.6029452624698803,2.822333605561782,1.0000004348833742,0.23663094660241768,0.0001407950185239315,0.0001407950185239315,0.0006179481788421981,0.47264236403183296,3.2023881292893828,0.001407058474402522,0.001407058474402522,0.013981826598129061,0.013981826598129061,0.1313412564992751,0.1313412564992751,0.7553800043559386,0.7553800043559386,0.9999995076731069,0.12052478007262835,0.0009207566035911441,0.0009207566035911441,0.006077890226151794,5.0960673477633645,49.12201183326394,0.009169508885892297,0.009169508885892297,0.0880025418551891,0.0880025418551891,0.6019512366950566,0.6019512366950566,0.9999001466155527,0.9999001466155527,2.3224838144427817,-4.7969560623168945,-4.7969560623168945,-4.7969560623168945,43,-4.7969560623168945,-4.7969560623168945,57,57,1.8005430614133757 1.660303899153966 2.3990779832738145 2.5500080338093531,0.80271394390384765 1.5953184621613061 2.5555249919510277 1.8127373355152103,22.811355285346508,0.039332144893705845,0.12817247491329908,22.850687430240214,0.002514866180717945
e1-v2,N16_i03_Amargin_s46,16,3,3,ba5bb77bd55e,Amargin,0.3007600644778749,0.03003951242417713,10.012148673751772,0.3007600644778749,16.999999999981483,46,lightning_gpu,single,2,100,lbfgs_100grad,,-0.11549302526090832,1.7607173941878844,560,2023-08-06,2026-08-05,ok,,1000,395,589,33282,3,True,-2.822333605561782,-0.11549302526090832,-2.8223336055617825,True,0.395,33282,-0.11549302526090832,0.0,0.0,1,1,True,True,True,1.8371572841510873,0.4605438603961853,0.2501385506622701,2,2,1.8371572841510873,1.6029452624698803,2.822333605561782,1.000001523127456,0.3629418578930199,0.0003307709121145308,0.0003307709121145308,0.0022579623910132796,0.7230654170831659,3.0071453594995186,0.003302790038532467,0.003302790038532467,0.03254131989099952,0.03254131989099952,0.2816695857996171,0.2816695857996171,0.9634200970381546,0.9634200970381546,1.0000005700635344,0.09527106720088341,0.00035512205795384943,0.00035512205795384943,0.0034954205329995602,4.40717475525637,32.205585546887846,0.003545550924982554,0.003545550924982554,0.034895132798662,0.034895132798662,0.29895635212161575,0.29895635212161575,0.9713284887115755,0.9713284887115755,2.3224838144427817,-4.714416980743408,-4.714416980743408,-4.714416980743408,36,-4.714416980743408,-4.714416980743408,77,77,2.8450397427097829 0.24261512621431053 0.85630314278475539 1.9536009066557216,1.4208405238802471 0.66564759826236053 0.93435505905347183 2.5682282302488497,31.177000413648784,0.03933361079543829,0.1219971552491188,31.216334024444222,0.002461858093738556
e1-v2,N16_i04_Aheur_s42,16,3,4,1bcf1e63b3af,Aheur,16.999999999977796,0.06840812030252952,248.50850929387676,0.25206565047481155,16.999999999977796,42,lightning_gpu,single,2,100,lbfgs_100grad,,-0.14375872193528128,0.7426115576466197,560,2023-08-06,2026-08-05,ok,,1000,269,835,2114,3,True,-153.13231310632244,-0.13231310652226835,-153.13231310632244,True,0.269,2114,-0.13231310652226835,0.015412654563692436,7.473772035208943e-05,2,1,False,False,True,1.5357366972065334,0.3426619481230868,0.22247430092968498,0,0,1.6546213008669826,206.22323628662224,153.14375872173545,1.0000016122475017,0.2829813569842372,0.0004987362190149724,0.0004987362190149724,0.0014973240322433412,1.63413697356973,18.137793234933895,0.0049761838619845665,0.0049761838619845665,0.04866218903031243,0.04866218903031243,0.39277788318081486,0.39277788318081486,0.9931848437920501,0.9931848437920501,0.9999982287158673,0.03296084296744084,5.5782591516617686e-05,5.5782591516617686e-05,0.00016792338647064753,2.844557038970236,34.89829460428837,0.000557685909605336,0.000557685909605336,0.005562884278680544,0.005562884278680544,0.05425674502166926,0.05425674502166926,0.42755663501200253,0.42755663501200253,85.57504071063161,-2.1714000701904297,-2.1714000701904297,-2.1714000701904297,17,-2.1714000701904297,-2.1714000701904297,54,54,2.4314546363447995 1.3787772821439981 2.6973649175810768 2.1908462769412909,2.1262825445438831 1.31825901106704 2.7789909884618536 2.1471242078043544,21.725325585342944,0.039369032718241215,0.12128609418869019,21.764694618061185,0.0022561857476830482
e1-v2,N16_i04_Aheur_s43,16,3,4,1bcf1e63b3af,Aheur,16.999999999977796,0.06840812030252952,248.50850929387676,0.25206565047481155,16.999999999977796,43,lightning_gpu,single,2,100,lbfgs_100grad,,-0.14375872193528128,0.7426115576466197,560,2023-08-06,2026-08-05,ok,,1000,2,991,24580,3,True,-152.86356563621024,0.136434363589939,-152.86356563621024,True,0.002,24580,0.136434363589939,0.3773077359759507,0.0018296082573912489,175,1,False,False,False,0.8024072950559302,0.16228506721843475,0.20100149663668335,0,0,1.6546213008669826,206.22323628662224,153.14375872173545,1.0000047157866447,0.000656031658536449,1.14783597382484e-06,1.14783597382484e-06,3.441019771344145e-06,2.329393428507192,22.6892482717858,1.147830044969585e-05,1.147830044969585e-05,0.00011477707586627408,0.00011477707586627408,0.0011471781201005163,0.0011471781201005163,0.011412741208837136,0.011412741208837136,1.000000015295214,0.20515117803006433,0.0003677581553347409,0.0003677581553347409,0.0011024961713701487,2.6745907997889953,32.36990662233103,0.0036715014453122257,0.0036715014453122257,0.036114318919902584,0.036114318919902584,0.30776223749974957,0.30776223749974957,0.9747330471737792,0.9747330471737792,85.57504071063161,-1.2591193914413452,-1.2591193914413452,-1.2591193914413452,23,-1.2591193914413452,-1.2591193914413452,66,66,2.0492585716432195 0.13752423515278736 0.062924802978478217 2.6364640840167701,1.9170357159455402 -0.018139918983114244 0.15822313524458106 2.7659922514457955,26.17445094231516,0.03946828655898571,0.211404281668365,26.213919228874147,0.002471374347805977
e1-v2,N16_i04_Aheur_s44,16,3,4,1bcf1e63b3af,Aheur,16.999999999977796,0.06840812030252952,248.50850929387676,0.25206565047481155,16.999999999977796,44,lightning_gpu,single,2,100,lbfgs_100grad,,-0.14375872193528128,0.7426115576466197,560,2023-08-06,2026-08-05,ok,,1000,459,682,3074,3,True,-153.14375872173545,-0.14375872193528128,-153.14375872173545,True,0.459,3074,-0.14375872193528128,0.0,0.0,1,1,True,True,True,1.6546213008669826,0.40464477555741013,0.24394994512998822,1,1,1.6546213008669826,206.22323628662224,153.14375872173545,1.0000018422122068,0.4616164288017899,0.0008289934485219419,0.0008289934485219419,0.002485805656760931,0.27741976451665457,0.88351740198903,0.00825907739505577,0.00825907739505577,0.07958785481874044,0.07958785481874044,0.5636616278042504,0.5636616278042504,0.9997498306666829,0.9997498306666829,1.0000013544654394,0.10085198142041918,0.0001799338060664013,0.0001799338060664013,0.000539830929483287,1.5361304543111216,16.730998799491772,0.0017978818316566837,0.0017978818316566837,0.017834056440803454,0.017834056440803454,0.16468802077282912,0.16468802077282912,0.8346184352116743,0.8346184352116743,85.57504071063161,-5.614908695220947,-5.614908695220947,-5.614908695220947,64,-5.614906311035156,-5.614908695220947,100,100,0.38505090477492371 0.8108861395016167 1.274766337564649 3.0447811714676671,0.24436787678034153 0.8274704064643158 0.73628297342414806 3.418321280745273,40.678815664723516,0.039538281969726086,0.1209630761295557,40.71835394669324,0.002725222148001194
e1-v2,N16_i04_Aheur_s45,16,3,4,1bcf1e63b3af,Aheur,16.999999999977796,0.06840812030252952,248.50850929387676,0.25206565047481155,16.999999999977796,45,lightning_gpu,single,2,100,lbfgs_100grad,,-0.14375872193528128,0.7426115576466197,560,2023-08-06,2026-08-05,ok,,1000,45,760,1090,3,True,-153.10959692499642,-0.1095969251962603,-153.10959692499642,True,0.045,1090,-0.1095969251962603,0.0460022422049042,0.00022307012067722252,3,1,False,False,True,1.73143090526851,0.47465875244621747,0.2735649173206612,0,0,1.6546213008669826,206.22323628662224,153.14375872173545,0.9999982216560639,0.024315853039297508,4.257430919096805e-05,4.257430919096805e-05,0.0001273874077014625,2.6595964752337418,31.90033934579526,0.0004256615354381307,0.0004256615354381307,0.004248471154025253,0.004248471154025253,0.04168161758868033,0.04168161758868033,0.34672176621526063,0.34672176621526063,1.0000017584673806,0.0070920138650762965,1.3455489352054428e-05,1.3455489352054428e-05,3.989711149188224e-05,3.217286720443704,39.82626816065654,0.000134546746554155,0.000134546746554155,0.0013446531305385454,0.0013446531305385454,0.013365458228889496,0.013365458228889496,0.12589589642646828,0.12589589642646828,85.57504071063161,0.574611246585846,0.574611246585846,0.574611246585846,40,0.574611246585846,0.574611246585846,73,73,1.8005430614133757 1.660303899153966 2.3990779832738145 2.5500080338093531,2.013760466310266 2.6387573706523271 2.0641527345949027 2.5518846300764326,28.728829625993967,0.03969687223434448,0.12279687263071537,28.76852649822831,0.0024369843304157257
e1-v2,N16_i04_Aheur_s46,16,3,4,1bcf1e63b3af,Aheur,16.999999999977796,0.06840812030252952,248.50850929387676,0.25206565047481155,16.999999999977796,46,lightning_gpu,single,2,100,lbfgs_100grad,,-0.14375872193528128,0.7426115576466197,560,2023-08-06,2026-08-05,ok,,1000,366,677,3074,3,True,-153.14375872173545,-0.14375872193528128,-153.14375872173545,True,0.366,3074,-0.14375872193528128,0.0,0.0,1,1,True,True,True,1.6546213008669826,0.40464477555741013,0.24394994512998822,1,1,1.6546213008669826,206.22323628662224,153.14375872173545,1.0000018346329993,0.3990065398393199,0.0007005631923675537,0.0007005631923675537,0.0021062837331555784,0.26823214541689866,1.0455061748626846,0.006983587637169149,0.006983587637169149,0.06768157986681726,0.06768157986681726,0.503816123115035,0.503816123115035,0.9990954626987153,0.9990954626987153,1.0000005559518002,0.034715858921117615,6.272287282627076e-05,6.272287282627076e-05,0.00018780996470013633,3.6257932861315316,46.269421107546265,0.0006270517207259653,0.0006270517207259653,0.006252853037443245,0.006252853037443245,0.06079813106491141,0.06079813106491141,0.4659407012715474,0.4659407012715474,85.57504071063161,-5.582841396331787,-5.582841396331787,-5.582841396331787,27,-5.582841396331787,-5.582841396331787,49,49,2.8450397427097829 0.24261512621431053 0.85630314278475539 1.9536009066557216,1.9415986573563981 -2.2734054228041134 1.5792417064092479 2.0082996658034888,19.66067817993462,0.03915624413639307,0.12062398996204138,19.699834424071014,0.0020335903391242027
e1-v2,N16_i04_Amargin_s42,16,3,4,1bcf1e63b3af,Amargin,0.25206565047481155,0.06840812030252952,3.6847328849275653,0.25206565047481155,16.999999999977796,42,lightning_gpu,single,2,100,lbfgs_100grad,,-0.14375872193528128,0.7426115576466197,560,2023-08-06,2026-08-05,ok,,1000,420,592,2114,3,True,-2.4009039607955724,-0.13231310652226835,-2.400903960795572,True,0.42,2114,-0.13231310652226835,0.015412654563692436,0.0047445923782744774,2,1,False,False,True,1.5357366972065334,0.3426619481230868,0.22247430092968498,0,0,1.6546213008669826,3.248467588968673,2.4123495762085856,1.0000006600508615,0.42968024231959134,0.0008630701922811568,0.0008630701922811568,0.0025552913430146873,0.17833513108728904,0.9075157995893894,0.008597258896453991,0.008597258896453991,0.08272162849850243,0.08272162849850243,0.578292296974532,0.578292296974532,0.9998221248250428,0.9998221248250428,0.9999996543214853,0.12235747988006551,0.00027065383619628847,0.00027065383619628847,0.0007198213861556724,1.8561056477523763,19.558755293638256,0.0027032443325400893,0.0027032443325400893,0.026705963785895376,0.026705963785895376,0.23714741403558243,0.23714741403558243,0.9332569225410046,0.9332569225410046,1.8353689631166932,-5.2831130027771,-5.2831130027771,-5.2831130027771,64,-5.2117509841918945,-5.2831130027771,72,72,2.4314546363447995 1.3787772821439981 2.6973649175810768 2.1908462769412909,0.33630078599971858 0.8992983849886278 1.973290690694931 1.3551606425196916,28.92667760513723,0.03913350589573383,0.12140562199056149,28.965811111032963,0.002362075261771679
e1-v2,N16_i04_Amargin_s43,16,3,4,1bcf1e63b3af,Amargin,0.25206565047481155,0.06840812030252952,3.6847328849275653,0.25206565047481155,16.999999999977796,43,lightning_gpu,single,2,100,lbfgs_100grad,,-0.14375872193528128,0.7426115576466197,560,2023-08-06,2026-08-05,ok,,1000,2,992,3328,3,True,-2.1261112588731357,0.14247959540016863,-2.1261112588731352,True,0.002,3328,0.14247959540016863,0.38544823924173255,0.11865540556743095,181,1,False,False,False,1.4634833565387335,0.44078944485916216,0.3005086753424397,0,0,1.6546213008669826,3.248467588968673,2.4123495762085856,1.0000004274506953,0.0014566468447014813,4.518985861068359e-06,4.518985861068359e-06,1.3029304227529792e-05,2.190688498891425,21.437801853304673,4.518893966626293e-05,4.518893966626293e-05,0.0004517975159230025,0.0004517975159230025,0.004508800772255338,0.004508800772255338,0.04418410288662181,0.04418410288662181,1.000000184385099,0.193811234246823,0.0004419001052156091,0.0004419001052156091,0.0012874268577434123,2.2970347666187356,25.801882353539803,0.0044102239926004025,0.0044102239926004025,0.043237200998681134,0.043237200998681134,0.3572489323943329,0.3572489323943329,0.9879654995704301,0.9879654995704301,1.8353689631166932,-1.3671035766601562,-1.3671035766601562,-1.3671035766601562,23,-1.3671035766601562,-1.3671035766601562,64,64,2.0492585716432195 0.13752423515278736 0.062924802978478217 2.6364640840167701,2.2212707569253602 -0.026046260310045217 0.18017681874644884 2.7037959622144574,25.778991378843784,0.039380643516778946,0.12121542543172836,25.818372022360563,0.0020080888643860817
e1-v2,N16_i04_Amargin_s44,16,3,4,1bcf1e63b3af,Amargin,0.25206565047481155,0.06840812030252952,3.6847328849275653,0.25206565047481155,16.999999999977796,44,lightning_gpu,single,2,100,lbfgs_100grad,,-0.14375872193528128,0.7426115576466197,560,2023-08-06,2026-08-05,ok,,1000,436,537,3074,3,True,-2.4123495762085856,-0.14375872193528128,-2.4123495762085847,True,0.436,3074,-0.14375872193528128,0.0,0.0,1,1,True,True,True,1.6546213008669826,0.40464477555741013,0.24394994512998822,2,2,1.6546213008669826,3.248467588968673,2.4123495762085856,1.000000827813401,0.4145143964851741,0.0009934911504387856,0.0009934911504387856,0.0028629660955630243,0.14615158053301597,0.9484148852472288,0.009890612862108347,0.009890612862108347,0.09461815762212192,0.09461815762212192,0.6299010919015562,0.6299010919015562,0.9999517854588513,0.9999517854588513,1.0000014250645108,0.10147186998801772,0.00017298429156653583,0.00017298429156653583,0.0005201105523156002,1.664287966589093,17.75718884048456,0.00172849697620337,0.00172849697620337,0.017151141018549323,0.017151141018549323,0.15886175857050353,0.15886175857050353,0.8227142693888863,0.8227142693888863,1.8353689631166932,-5.295031547546387,-5.295031547546387,-5.295031547546387,74,-5.2950286865234375,-5.295031547546387,87,87,0.38505090477492371 0.8108861395016167 1.274766337564649 3.0447811714676671,0.37122294734088096 1.1457836475688841 0.44301139531003758 3.3160718658790351,35.085312174633145,0.039397455751895905,0.12195623945444822,35.12470963038504,0.002407277934253216
e1-v2,N16_i04_Amargin_s45,16,3,4,1bcf1e63b3af,Amargin,0.25206565047481155,0.06840812030252952,3.6847328849275653,0.25206565047481155,16.999999999977796,45,lightning_gpu,single,2,100,lbfgs_100grad,,-0.14375872193528128,0.7426115576466197,560,2023-08-06,2026-08-05,ok,,1000,151,790,70,3,True,-2.353226538008361,-0.0846356837350567,-2.353226538008361,True,0.151,70,-0.0846356837350567,0.0796150256368067,0.024508486988501228,6,1,False,False,False,1.277234848764987,0.2428586479755538,0.1893611407560773,0,0,1.6546213008669826,3.248467588968673,2.4123495762085856,1.0000024114688908,0.13922750391591876,0.0001714295503916219,0.0001714295503916219,0.0004459286428755149,2.1134475711647736,22.042353143808207,0.0017129736442097134,0.0017129736442097134,0.01699829525700174,0.01699829525700174,0.15755276358428338,0.15755276358428338,0.8199359145477523,0.8199359145477523,1.0000004457710228,0.08344286680858204,0.00022105492826085538,0.00022105492826085538,0.0005833924369653687,3.77488072595238,50.18438946576577,0.0022083516406777174,0.0022083516406777174,0.021865347029096965,0.021865347029096965,0.19834694503064793,0.19834694503064793,0.8903863803191205,0.8903863803191205,1.8353689631166932,-1.326170563697815,-1.326170563697815,-1.3261706829071045,51,-1.326170563697815,-1.3261706829071045,85,85,1.8005430614133757 1.660303899153966 2.3990779832738145 2.5500080338093531,2.6817517677492599 4.0857696875558513 2.7748043352561962 2.4344226992912188,34.17737372778356,0.039235251024365425,0.12068654131144285,34.216608978807926,0.0027374159544706345
e1-v2,N16_i04_Amargin_s46,16,3,4,1bcf1e63b3af,Amargin,0.25206565047481155,0.06840812030252952,3.6847328849275653,0.25206565047481155,16.999999999977796,46,lightning_gpu,single,2,100,lbfgs_100grad,,-0.14375872193528128,0.7426115576466197,560,2023-08-06,2026-08-05,ok,,1000,609,583,3074,3,True,-2.4123495762085856,-0.14375872193528128,-2.4123495762085847,True,0.609,3074,-0.14375872193528128,0.0,0.0,1,1,True,True,True,1.6546213008669826,0.40464477555741013,0.24394994512998822,1,1,1.6546213008669826,3.248467588968673,2.4123495762085856,1.000000793384359,0.610945011023432,0.0012765900464728475,0.0012765900464728475,0.003821448073722422,0.21886605352479713,0.7465848364706859,0.012692813863567527,0.012692813863567527,0.11991832046956424,0.11991832046956424,0.7212404179383437,0.7212404179383437,0.9999971666642123,0.9999971666642123,1.0000010959860839,0.038235729711573185,7.078860653564334e-05,7.078860653564334e-05,0.00019533642262103967,3.274719942503168,37.6578316817696,0.0007076606117113068,0.0007076606117113068,0.007054113331306014,0.007054113331306014,0.06834351649333913,0.06834351649333913,0.5073277442598467,0.5073277442598467,1.8353689631166932,-5.283131122589111,-5.283131122589111,-5.283131122589111,29,-5.283131122589111,-5.283131122589111,46,46,2.8450397427097829 0.24261512621431053 0.85630314278475539 1.9536009066557216,0.50383014624201339 2.8443195958581695 2.0269347598792393 1.456692538773362,18.481880135834217,0.03966505918651819,0.12193991802632809,18.521545195020735,0.0023987144231796265
e1-v2,N16_i05_Aheur_s42,16,3,5,9a047c6a7f24,Aheur,16.99999999996662,0.11694063054908133,145.37291205071384,0.5130221373337467,16.99999999996662,42,lightning_gpu,single,2,100,lbfgs_100grad,,-0.14030133226030816,1.610017545529923,560,2023-08-06,2026-08-05,ok,,1000,281,805,16401,3,True,-153.00313038909317,-0.0031303893935878957,-153.00313038909314,True,0.281,16401,-0.0031303893935878957,0.08519841491638631,0.0008957207323849841,3,1,False,False,False,1.3700003701454733,0.30472358279259804,0.22169598593637402,0,0,1.5201379574286038,95.11716301300004,153.1403013319599,1.0000008744112847,0.2806598575261887,0.00047095961053855717,0.00047095961053855717,0.00047095961053855717,3.260852488219685,18.146454665651106,0.004699627497323977,0.004699627497323977,0.04601473646821762,0.04601473646821762,0.37566646790522346,0.37566646790522346,0.9910015727640978,0.9910015727640978,0.9999982046367677,0.032177210807276424,4.6891451347619295e-05,4.6891451347619295e-05,4.6891451347619295e-05,5.47005752611239,34.826883324855544,0.00046881557947838783,0.00046881557947838783,0.00467827768731219,0.00467827768731219,0.045810080960933953,0.045810080960933953,0.37432581077089155,0.37432581077089155,85.9101865406755,-2.1736834049224854,-2.1736834049224854,-2.1736834049224854,14,-2.1736834049224854,-2.1736834049224854,47,47,2.4314546363447995 1.3787772821439981 2.6973649175810768 2.1908462769412909,2.1261657766420967 1.3171872557022382 2.7778897083019536 2.1492882307905203,18.87204789929092,0.039080177433788776,0.12338648270815611,18.911128076724708,0.0020195236429572105
e1-v2,N16_i05_Aheur_s43,16,3,5,9a047c6a7f24,Aheur,16.99999999996662,0.11694063054908133,145.37291205071384,0.5130221373337467,16.99999999996662,43,lightning_gpu,single,2,100,lbfgs_100grad,,-0.14030133226030816,1.610017545529923,560,2023-08-06,2026-08-05,ok,,1000,0,978,17428,4,False,-135.33736443218615,0.6626355675468079,-135.33736443218612,True,0.0,,,,,,,,,,,,,0,0,1.5201379574286038,95.11716301300004,153.1403013319599,1.0000040346609467,0.0006278242721009519,1.0906964007517672e-06,1.0906964007517672e-06,1.0906964007517672e-06,4.633453400402194,22.659459466495264,1.0906910474834637e-05,1.0906910474834637e-05,0.00010906375167271785,0.00010906375167271785,0.0010901024017869836,0.0010901024017869836,0.010847704622909671,0.010847704622909671,0.9999997730156593,0.2052118516585324,0.00036993686808273196,0.00036993686808273196,0.00036993686808273196,5.162723242231203,32.28413043525285,0.003693216354258641,0.003693216354258641,0.03632437651763291,0.03632437651763291,0.3092693382617175,0.3092693382617175,0.9752777867111722,0.9752777867111722,85.9101865406755,-1.264685034751892,-1.264685034751892,-1.264685034751892,10,-1.264685034751892,-1.264685034751892,27,27,2.0492585716432195 0.13752423515278736 0.062924802978478217 2.6364640840167701,1.9186625475911552 -0.018138958298419851 0.1579815973943301 2.7654575848716587,10.835606517270207,0.042642743326723576,0.22293156944215298,10.878249260596931,0.0018469169735908508
e1-v2,N16_i05_Aheur_s44,16,3,5,9a047c6a7f24,Aheur,16.99999999996662,0.11694063054908133,145.37291205071384,0.5130221373337467,16.99999999996662,44,lightning_gpu,single,2,100,lbfgs_100grad,,-0.14030133226030816,1.610017545529923,560,2023-08-06,2026-08-05,ok,,1000,457,691,1041,3,True,-153.05567260003292,-0.05567260033335153,-153.0556726000329,True,0.457,1041,-0.05567260033335153,0.05256385693554776,0.0005526222110762876,2,1,False,False,False,1.3390492189834708,0.2732617257763955,0.20332465895695825,0,0,1.5201379574286038,95.11716301300004,153.1403013319599,1.0000007972335059,0.4615051557775587,0.0008362903608940542,0.0008362903608940542,0.0008362903608940542,0.7428687624787214,0.8832932861775582,0.008331501522105338,0.008331501522105338,0.08025978579268014,0.08025978579268014,0.5668365964494041,0.5668365964494041,0.9997674493407963,0.9997674493407963,1.0000014015308807,0.10089853798854165,0.0001808463130146265,0.0001808463130146265,0.0001808463130146265,3.0857392014913363,16.730369278920534,0.0018069920971776749,0.0018069920971776749,0.017923691845211514,0.017923691845211514,0.16545003849211445,0.16545003849211445,0.836120958778057,0.836120958778057,85.9101865406755,-5.619035720825195,-5.619036674499512,-5.619036674499512,41,-5.619036674499512,-5.619036674499512,92,92,0.38505090477492371 0.8108861395016167 1.274766337564649 3.0447811714676671,0.24279048075688289 0.82779481783759656 0.73522986757888398 3.4178670901013519,36.9412291534245,0.03930200915783644,0.12082856614142656,36.98053116258234,0.002573237754404545
e1-v2,N16_i05_Aheur_s45,16,3,5,9a047c6a7f24,Aheur,16.99999999996662,0.11694063054908133,145.37291205071384,0.5130221373337467,16.99999999996662,45,lightning_gpu,single,2,100,lbfgs_100grad,,-0.14030133226030816,1.610017545529923,560,2023-08-06,2026-08-05,ok,,1000,29,805,273,3,True,-152.92699336319959,0.07300663649999739,-152.92699336319959,True,0.029,273,0.07300663649999739,0.1324879777568493,0.001392892445065268,9,1,False,False,False,1.3367179771453574,0.31271386133444096,0.23319343845447854,0,0,1.5201379574286038,95.11716301300004,153.1403013319599,0.9999976789472385,0.023352941399934934,3.8613063225056976e-05,3.8613063225056976e-05,3.8613063225056976e-05,5.151869265947386,31.918917416851855,0.000386063545569284,0.000386063545569284,0.003853935328178955,0.003853935328178955,0.03787779939571073,0.03787779939571073,0.3203233355058263,0.3203233355058263,1.0000008227972987,0.0072305833291466115,1.6696883903932758e-05,1.6696883903932758e-05,1.6696883903932758e-05,6.167980967575767,39.86069785356458,0.00016695629423094942,0.00016695629423094942,0.0016683091524149782,0.0016683091524149782,0.016558400606033807,0.016558400606033807,0.15377519945096677,0.15377519945096677,85.9101865406755,0.5736525654792786,0.5736525654792786,0.5736525654792786,15,0.5736525654792786,0.5736525654792786,24,24,1.8005430614133757 1.660303899153966 2.3990779832738145 2.5500080338093531,2.0149209728070816 2.6414252010790991 2.0638067064698125 2.555368228203966,9.659969660453498,0.03927803598344326,0.12187899928539991,9.699247696436942,0.002456185407936573
e1-v2,N16_i05_Aheur_s46,16,3,5,9a047c6a7f24,Aheur,16.99999999996662,0.11694063054908133,145.37291205071384,0.5130221373337467,16.99999999996662,46,lightning_gpu,single,2,100,lbfgs_100grad,,-0.14030133226030816,1.610017545529923,560,2023-08-06,2026-08-05,ok,,1000,400,669,1089,3,True,-152.99576194960616,0.0042380500934341425,-152.99576194960613,True,0.4,1089,0.0042380500934341425,0.0897750355299193,0.0009438363454726818,5,1,False,False,False,1.1616004192604061,0.2216783746978232,0.18997787108094336,0,0,1.5201379574286038,95.11716301300004,153.1403013319599,0.9999998501617255,0.3838245657389052,0.000722625176422298,0.000722625176422298,0.000722625176422298,0.7109880127767416,1.1096322059491142,0.007202798566927343,0.007202798566927343,0.06973765348109856,0.06973765348109856,0.514650678043797,0.514650678043797,0.99927465558334,0.99927465558334,1.000000508606604,0.034896999361080816,6.350456533255056e-05,6.350456533255056e-05,6.350456533255056e-05,6.90247173332283,46.266424299864525,0.0006348642067126495,0.0006348642067126495,0.00633053537383159,0.00633053537383159,0.061532057558778226,0.061532057558778226,0.4700993900025576,0.4700993900025576,85.9101865406755,-5.574617862701416,-5.574617862701416,-5.574617862701416,32,-5.574617862701416,-5.574617862701416,51,51,2.8450397427097829 0.24261512621431053 0.85630314278475539 1.9536009066557216,2.0255289297113976 -1.6419830821904817 1.5723146112002035 2.0116653292919406,20.573606314137578,0.03920941427350044,0.1210120115429163,20.61281572841108,0.002016262151300907
e1-v2,N16_i05_Amargin_s42,16,3,5,9a047c6a7f24,Amargin,0.5130221373337467,0.11694063054908133,4.387030708872614,0.5130221373337467,16.99999999996662,42,lightning_gpu,single,2,100,lbfgs_100grad,,-0.14030133226030816,1.610017545529923,560,2023-08-06,2026-08-05,ok,,1000,457,560,81,3,True,-4.757500568264028,-0.14030133226030816,-4.757500568264026,True,0.457,81,-0.14030133226030816,0.0,0.0,1,1,True,True,True,1.5201379574286038,0.32423132231285184,0.2126328868595685,2,2,1.5201379574286038,2.954937094612928,4.757500568264028,1.0000004678315664,0.42633795615984127,0.0008002840913832188,0.0008002840913832188,0.0008002840913832188,0.5325975678684614,0.923595800949198,0.007974081875043061,0.007974081875043061,0.07693945335434321,0.07693945335434321,0.5509425685124618,0.5509425685124618,0.9996665590922548,0.9996665590922548,0.9999985193016683,0.05998032000832154,0.0002540196874178946,0.0002540196874178946,0.0002540196874178946,4.201925235984634,23.748052522766375,0.002537295170138011,0.002537295170138011,0.02508519919121402,0.02508519919121402,0.22434849865937484,0.22434849865937484,0.9211745653012002,0.9211745653012002,3.4752972275111444,-5.571614742279053,-5.571624755859375,-5.571624755859375,67,-5.5716233253479,-5.571624755859375,100,100,2.4314546363447995 1.3787772821439981 2.6973649175810768 2.1908462769412909,0.32185488982362326 0.85598538060224527 1.9734738548316142 1.3550281332521865,40.16539588011801,0.039513337425887585,0.21183267422020435,40.2049092175439,0.0026004733517766
e1-v2,N16_i05_Amargin_s43,16,3,5,9a047c6a7f24,Amargin,0.5130221373337467,0.11694063054908133,4.387030708872614,0.5130221373337467,16.99999999996662,43,lightning_gpu,single,2,100,lbfgs_100grad,,-0.14030133226030816,1.610017545529923,560,2023-08-06,2026-08-05,ok,,1000,5,978,17424,3,True,-4.469420397295625,0.14777883870809516,-4.469420397295625,True,0.005,17424,0.14777883870809516,0.17892983326065823,0.06055284005431477,21,1,False,False,False,1.2749665108575279,0.30568143990269714,0.23897211205788604,0,0,1.5201379574286038,2.954937094612928,4.757500568264028,1.0000006601464082,0.0017225741474362621,5.761486590927234e-06,5.761486590927234e-06,5.761486590927234e-06,4.341142857357639,21.230789357130313,5.7613372169474044e-05,5.7613372169474044e-05,0.000575984376111386,0.000575984376111386,0.0057449375584389855,0.0057449375584389855,0.055986707486699684,0.055986707486699684,1.0000014525250227,0.21276033157482743,0.0005481519619934261,0.0005481519619934261,0.0005481519619934261,4.490115649163425,25.989046494955446,0.0054680181896068335,0.0054680181896068335,0.05335414909785066,0.05335414909785066,0.4220698423947865,0.4220698423947865,0.9958432531674225,0.9958432531674225,3.4752972275111444,-1.4780017137527466,-1.478001594543457,-1.4780017137527466,69,-1.478001594543457,-1.4780017137527466,74,74,2.0492585716432195 0.13752423515278736 0.062924802978478217 2.6364640840167701,2.1148136406350382 -0.023738292420116602 0.1743962035685441 2.708364258264857,29.562374375760555,0.03950674459338188,0.12118600308895111,29.601881120353937,0.0023653265088796616
e1-v2,N16_i05_Amargin_s44,16,3,5,9a047c6a7f24,Amargin,0.5130221373337467,0.11694063054908133,4.387030708872614,0.5130221373337467,16.99999999996662,44,lightning_gpu,single,2,100,lbfgs_100grad,,-0.14030133226030816,1.610017545529923,560,2023-08-06,2026-08-05,ok,,1000,411,509,1041,3,True,-4.672871836337071,-0.05567260033335153,-4.672871836337071,True,0.411,1041,-0.05567260033335153,0.05256385693554776,0.017788485931350493,2,1,False,False,False,1.3390492189834708,0.2732617257763955,0.20332465895695825,0,0,1.5201379574286038,2.954937094612928,4.757500568264028,1.0000018839217224,0.4092843361722771,0.001057842280715704,0.001057842280715704,0.001057842280715704,0.4622334274324101,0.9688894121728,0.010528208232339983,0.010528208232339983,0.10043162954102433,0.10043162954102433,0.6529901768895502,0.6529901768895502,0.9999746826824338,0.9999746826824338,1.0000009960140233,0.1023416167445248,0.00020085007417947054,0.00020085007417947054,0.00020085007417947054,3.226488190379865,17.22396486240723,0.002006686379892804,0.002006686379892804,0.01988662450234206,0.01988662450234206,0.18198143517909007,0.18198143517909007,0.8658373585113363,0.8658373585113363,3.4752972275111444,-5.585190773010254,-5.585190773010254,-5.585190773010254,98,-5.585186958312988,-5.585190773010254,100,100,0.38505090477492371 0.8108861395016167 1.274766337564649 3.0447811714676671,0.35513105540375428 1.0946629989123153 0.44304311292116783 3.3165934543068967,40.16114292293787,0.039232595823705196,0.12203455064445734,40.200375518761575,0.0025335438549518585
e1-v2,N16_i05_Amargin_s45,16,3,5,9a047c6a7f24,Amargin,0.5130221373337467,0.11694063054908133,4.387030708872614,0.5130221373337467,16.99999999996662,45,lightning_gpu,single,2,100,lbfgs_100grad,,-0.14030133226030816,1.610017545529923,560,2023-08-06,2026-08-05,ok,,1000,45,803,1281,3,True,-4.4478466242192365,0.1693526117844837,-4.447846624219235,True,0.045,1281,0.1693526117844837,0.19232954628632448,0.06508752644411811,23,1,False,False,False,1.0114200492315149,0.21016091371941237,0.2067992560344582,0,0,1.5201379574286038,2.954937094612928,4.757500568264028,1.0000014315393506,0.0567905967545812,3.225590262445621e-05,3.225590262445621e-05,3.225590262445621e-05,3.6353648422331513,19.289353996377276,0.00032251221032515183,0.00032251221032515183,0.003220445490818098,0.003220445490818098,0.0317417333076332,0.0317417333076332,0.27571058976211915,0.27571058976211915,1.0000000541268717,0.08111338712546967,0.000612887553870678,0.000612887553870678,0.000612887553870678,6.657715485222213,46.171562500911676,0.0061119997335408625,0.0061119997335408625,0.059466060863181965,0.059466060863181965,0.4583176103289662,0.4583176103289662,0.9978250605680902,0.9978250605680902,3.4752972275111444,-1.9676843881607056,-1.9676843881607056,-1.9676843881607056,37,-1.9676843881607056,-1.9676843881607056,67,67,1.8005430614133757 1.660303899153966 2.3990779832738145 2.5500080338093531,2.0904976484872484 3.2788941623872279 2.7483458776209599 2.8427413351719122,26.79422049038112,0.03918632119894028,0.1217459887266159,26.833406811580062,0.002574492245912552
e1-v2,N16_i05_Amargin_s46,16,3,5,9a047c6a7f24,Amargin,0.5130221373337467,0.11694063054908133,4.387030708872614,0.5130221373337467,16.99999999996662,46,lightning_gpu,single,2,100,lbfgs_100grad,,-0.14030133226030816,1.610017545529923,560,2023-08-06,2026-08-05,ok,,1000,2,978,33808,3,True,-4.356127394297609,0.2610718417061114,-4.356127394297608,True,0.002,33808,0.2610718417061114,0.24929739124942962,0.08436639538077392,48,1,False,False,False,1.0614691384746726,0.2461246507168866,0.2309296067421516,0,0,1.5201379574286038,2.954937094612928,4.757500568264028,1.0000011545150873,0.0017463709941694106,5.954060725343879e-06,5.954060725343879e-06,5.954060725343879e-06,4.346646310275759,21.249707605487245,5.9539011991007254e-05,5.9539011991007254e-05,0.0005952306250068728,0.0005952306250068728,0.005936388053153388,0.005936388053153388,0.05780289423811063,0.05780289423811063,1.0000000659089892,0.020248545483879,9.168854012386873e-05,9.168854012386873e-05,9.168854012386873e-05,6.609940329099237,41.34264955043597,0.0009165071882430339,0.0009165071882430339,0.009127364772569488,0.009127364772569488,0.08761455741118651,0.08761455741118651,0.6002546012887358,0.6002546012887358,3.4752972275111444,-1.4736289978027344,-1.4736289978027344,-1.4736289978027344,17,-1.4736289978027344,-1.4736289978027344,27,27,2.8450397427097829 0.24261512621431053 0.85630314278475539 1.9536009066557216,2.0802089652325679 -0.86472513100314186 1.3130541865892793 1.5709350842993557,10.858533509075642,0.04304467048496008,0.1272261245176196,10.901578179560602,0.00200673658400774
e1-v2,N16_i06_Aheur_s42,16,3,6,897f8dff07cb,Aheur,16.999999999970072,0.2166355116345684,78.47282226122982,0.5156378346956627,16.999999999970072,42,lightning_gpu,single,2,100,lbfgs_100grad,,0.20476123887912923,1.2989877093544622,560,2023-08-06,2026-08-05,ok,,1000,269,838,4161,3,True,-152.71887591892778,0.28112408080285567,-152.71887591892778,True,0.269,4161,0.28112408080285567,0.05878642374659211,0.000499772391751331,3,1,False,False,False,1.3398336980991719,0.29478610162210916,0.21927057219034335,0,0,1.328325053421687,117.62639296778552,152.79523876085153,1.0000014151880237,0.2796816213231068,0.0004716450930573046,0.0004716450930573046,0.0009303840633947402,3.9408127620641356,18.149941823997096,0.004706453301008968,0.004706453301008968,0.046080159081850126,0.046080159081850126,0.3760944926379013,0.3760944926379013,0.9910630733662698,0.9910630733662698,0.9999985055951583,0.03071196350356331,4.558084765449166e-05,4.558084765449166e-05,8.807492486084811e-05,6.587267819081578,34.75218193745309,0.0004557149952926567,0.0004557149952926567,0.004547815873748955,0.004547815873748955,0.04455863837371117,0.04455863837371117,0.36607134658872326,0.36607134658872326,86.11845646842696,-2.173137903213501,-2.173137903213501,-2.173137903213501,51,-2.1731374263763428,-2.173137903213501,72,72,2.4314546363447995 1.3787772821439981 2.6973649175810768 2.1908462769412909,2.1276269231199887 1.3177212486835344 2.7774975493632645 2.1501295613664144,28.928077842108905,0.03955966979265213,0.21348274499177933,28.967637511901557,0.002900269813835621
e1-v2,N16_i06_Aheur_s43,16,3,6,897f8dff07cb,Aheur,16.999999999970072,0.2166355116345684,78.47282226122982,0.5156378346956627,16.999999999970072,43,lightning_gpu,single,2,100,lbfgs_100grad,,0.20476123887912923,1.2989877093544622,560,2023-08-06,2026-08-05,ok,,1000,0,982,1152,2,False,-135.86992125783044,0.13007874193014068,-135.86992125783044,True,0.0,,,,,,,,,,,,,0,0,1.328325053421687,117.62639296778552,152.79523876085153,1.00000181362509,0.0006138934210184743,1.0842551319001359e-06,1.0842551319001359e-06,2.1924354314251104e-06,5.60139223997518,22.647383755687997,1.0842498416740721e-05,1.0842498416740721e-05,0.00010841969413062504,0.00010841969413062504,0.0010836681268584548,0.0010836681268584548,0.010783988542882678,0.010783988542882678,0.9999993058980934,0.20570203926763497,0.00037066268851049244,0.00037066268851049244,0.0007423381612170488,6.224051310251089,32.214060617828494,0.003700450404931726,0.003700450404931726,0.03639434543315852,0.03639434543315852,0.30977068836882854,0.30977068836882854,0.9754566419460678,0.9754566419460678,86.11845646842696,-1.2660512924194336,-1.2660515308380127,-1.2660515308380127,45,-1.2660515308380127,-1.2660515308380127,94,94,2.0492585716432195 0.13752423515278736 0.062924802978478217 2.6364640840167701,1.9208903901682339 -0.018235837314693318 0.15805580925326934 2.7652791360796618,37.80590108875185,0.03922721836715937,0.13447049632668495,37.84512830711901,0.0022119972854852676
e1-v2,N16_i06_Aheur_s44,16,3,6,897f8dff07cb,Aheur,16.999999999970072,0.2166355116345684,78.47282226122982,0.5156378346956627,16.999999999970072,44,lightning_gpu,single,2,100,lbfgs_100grad,,0.20476123887912923,1.2989877093544622,560,2023-08-06,2026-08-05,ok,,1000,421,713,4225,3,True,-152.79523876085153,0.20476123887912923,-152.79523876085153,True,0.421,4225,0.20476123887912923,0.0,0.0,1,1,True,True,True,1.328325053421687,0.2739846582514861,0.20551043402237554,1,1,1.328325053421687,117.62639296778552,152.79523876085153,1.0000013911731305,0.4622609226498753,0.0008358918130397797,0.0008358918130397797,0.0016738123958930373,0.9110340552982169,0.8831920795467383,0.008327545933468284,0.008327545933468284,0.08022309833866018,0.08022309833866018,0.5666637811797741,0.5666637811797741,0.9997665198870984,0.9997665198870984,1.0000016490253074,0.10092024398909416,0.0001809969253372401,0.0001809969253372401,0.00036283282679505646,3.7359427939201586,16.738222493938338,0.001808495769765565,0.001808495769765565,0.01793848568970627,0.01793848568970627,0.16557574527649618,0.16557574527649618,0.8363676396257002,0.8363676396257002,86.11845646842696,-5.6168107986450195,-5.6168107986450195,-5.6168107986450195,25,-5.6168107986450195,-5.6168107986450195,63,63,0.38505090477492371 0.8108861395016167 1.274766337564649 3.0447811714676671,0.24475644670432228 0.83034483524940128 0.73584092280471303 3.4184135462105014,25.403958678245544,0.03939975891262293,0.12134886998683214,25.443358437158167,0.0021920930594205856
e1-v2,N16_i06_Aheur_s45,16,3,6,897f8dff07cb,Aheur,16.999999999970072,0.2166355116345684,78.47282226122982,0.5156378346956627,16.999999999970072,45,lightning_gpu,single,2,100,lbfgs_100grad,,0.20476123887912923,1.2989877093544622,560,2023-08-06,2026-08-05,ok,,1000,16,795,577,3,True,-152.4980253388222,0.5019746609084554,-152.4980253388222,True,0.016,577,0.5019746609084554,0.228803875424678,0.0019451746300453232,60,1,False,False,False,1.0535225297328874,0.2384641792971476,0.2254001908790264,0,0,1.328325053421687,117.62639296778552,152.79523876085153,0.9999986739479176,0.02306893560307799,3.89483648177702e-05,3.89483648177702e-05,7.75770859036129e-05,6.220843633996996,31.926472638767393,0.0003894153913867738,0.0003894153913867738,0.0038873369997407614,0.0038873369997407614,0.03820035893066212,0.03820035893066212,0.3225985738356264,0.3225985738356264,1.000001659997805,0.007567753372313746,1.7313343050773256e-05,1.7313343050773256e-05,3.690654193633236e-05,7.449728749650942,39.92940576546152,0.00017311994229733674,0.00017311994229733674,0.0017298513722550789,0.0017298513722550789,0.017164475652291844,0.017164475652291844,0.15897587159522594,0.15897587159522594,86.11845646842696,0.5728709101676941,0.5728709101676941,0.5728709101676941,26,0.5728709101676941,0.5728709101676941,78,78,1.8005430614133757 1.660303899153966 2.3990779832738145 2.5500080338093531,2.0167894133474311 2.6443066526829382 2.0636648991080979 2.5567395361352836,31.232203520834446,0.03919497691094875,0.12190962862223387,31.271398497745395,0.00241070706397295
e1-v2,N16_i06_Aheur_s46,16,3,6,897f8dff07cb,Aheur,16.999999999970072,0.2166355116345684,78.47282226122982,0.5156378346956627,16.999999999970072,46,lightning_gpu,single,2,100,lbfgs_100grad,,0.20476123887912923,1.2989877093544622,560,2023-08-06,2026-08-05,ok,,1000,390,677,4225,3,True,-152.79523876085153,0.20476123887912923,-152.79523876085153,True,0.39,4225,0.20476123887912923,0.0,0.0,1,1,True,True,True,1.328325053421687,0.2739846582514861,0.20551043402237554,2,2,1.328325053421687,117.62639296778552,152.79523876085153,1.0000001103958298,0.3838806036510505,0.000719943200238049,0.000719943200238049,0.0014533304492942989,0.8726444675195625,1.1097969578758944,0.0071761524056519425,0.0071761524056519425,0.06948794574099432,0.06948794574099432,0.5133462935076302,0.5133462935076302,0.9992549243774637,0.9992549243774637,1.000000785826927,0.0350416649816907,6.348893657559529e-05,6.348893657559529e-05,0.00012688884453382343,8.323309252033706,46.249165029151385,0.0006347080084341917,0.0006347080084341917,0.006328982292146663,0.006328982292146663,0.06151738942539467,0.06151738942539467,0.4700165613923966,0.4700165613923966,86.11845646842696,-5.5725202560424805,-5.5725202560424805,-5.5725202560424805,27,-5.5725202560424805,-5.5725202560424805,46,46,2.8450397427097829 0.24261512621431053 0.85630314278475539 1.9536009066557216,2.0272842741599537 -1.6434890508277875 1.5722920174806843 2.0118789382992257,18.450674223713577,0.0391545407474041,0.12088826857507229,18.48982876446098,0.002057073637843132
e1-v2,N16_i06_Amargin_s42,16,3,6,897f8dff07cb,Amargin,0.5156378346956627,0.2166355116345684,2.3802091854887872,0.5156378346956627,16.999999999970072,42,lightning_gpu,single,2,100,lbfgs_100grad,,0.20476123887912923,1.2989877093544622,560,2023-08-06,2026-08-05,ok,,1000,361,494,133,3,True,-4.357772586811028,0.2829679254499363,-4.357772586811028,True,0.361,133,0.2829679254499363,0.06020587108531786,0.017630083855460638,4,1,False,False,False,0.9851670646593236,0.18465999438686612,0.18642522773574124,0,0,1.328325053421687,3.414950920194861,4.435979273381835,1.0000020689414617,0.3635986014851369,0.00046841625589877367,0.00046841625589877367,0.0008815668988972902,0.6511389298580594,1.258255182656974,0.004674301261626204,0.004674301261626204,0.045771959281958936,0.045771959281958936,0.37407579723883017,0.37407579723883017,0.9907696653157444,0.9907696653157444,0.9999990362649012,0.10399280859201099,0.00023363594664260745,0.00023363594664260745,0.0007016257441136986,4.805965731572341,22.117702006057723,0.0023339046371835324,0.0023339046371835324,0.023095445734316933,0.023095445734316933,0.20837164320733492,0.20837164320733492,0.9033474256344142,0.9033474256344142,3.6966456420549045,-5.488788604736328,-5.488802909851074,-5.488802909851074,85,-5.48584508895874,-5.488802909851074,100,100,2.4314546363447995 1.3787772821439981 2.6973649175810768 2.1908462769412909,-0.6974191815242019 0.29345313070501927 1.4631276355400231 0.54987425297684434,40.23271022271365,0.03918358497321606,0.12179578840732574,40.271893807686865,0.0024612965062260628
e1-v2,N16_i06_Amargin_s43,16,3,6,897f8dff07cb,Amargin,0.5156378346956627,0.2166355116345684,2.3802091854887872,0.5156378346956627,16.999999999970072,43,lightning_gpu,single,2,100,lbfgs_100grad,,0.20476123887912923,1.2989877093544622,560,2023-08-06,2026-08-05,ok,,1000,1,985,192,2,False,-3.809494072909252,0.3156086046560497,-3.809494072909252,True,0.001,280,0.8326506118027156,0.4833682169599733,0.1415447039374703,320,1,False,False,False,0.7674291585222379,0.18728384284208016,0.24273750974068856,0,0,1.328325053421687,3.414950920194861,4.435979273381835,1.0000021095869989,0.0026970693563725945,7.319314136111643e-06,7.319314136111643e-06,1.5747582438052632e-05,5.207917755476955,21.0006229751144,7.319073065199535e-05,7.319073065199535e-05,0.0007316662938254281,0.0007316662938254281,0.007292619780114706,0.007292619780114706,0.07057894596384964,0.07057894596384964,0.9999995030842366,0.2073446683352813,0.0004903774824924767,0.0004903774824924767,0.0010840657050721347,5.335057800663874,25.219817924361777,0.004892967809931595,0.004892967809931595,0.04786626459007507,0.04786626459007507,0.3876784689206427,0.3876784689206427,0.9925903907104204,0.9925903907104204,3.6966456420549045,-1.502306342124939,-1.502306342124939,-1.502306342124939,39,-1.502306342124939,-1.502306342124939,93,93,2.0492585716432195 0.13752423515278736 0.062924802978478217 2.6364640840167701,2.1608755846784065 -0.025050328379792642 0.17553087575928311 2.6998333093765221,37.218355474062264,0.03926335368305445,0.1249973801895976,37.25761882774532,0.0027789203450083733
e1-v2,N16_i06_Amargin_s44,16,3,6,897f8dff07cb,Amargin,0.5156378346956627,0.2166355116345684,2.3802091854887872,0.5156378346956627,16.999999999970072,44,lightning_gpu,single,2,100,lbfgs_100grad,,0.20476123887912923,1.2989877093544622,560,2023-08-06,2026-08-05,ok,,1000,410,500,4225,3,True,-4.435979273381835,0.20476123887912923,-4.435979273381835,True,0.41,4225,0.20476123887912923,0.0,0.0,1,1,True,True,True,1.328325053421687,0.2739846582514861,0.20551043402237554,2,2,1.328325053421687,3.414950920194861,4.435979273381835,1.000000431570377,0.3912424636655487,0.0009702139068394899,0.0009702139068394899,0.0020187522750347853,0.553465659216749,1.0371445184535115,0.009659889299641075,0.009659889299641075,0.09250614743572656,0.09250614743572656,0.6211764952342591,0.6211764952342591,0.9999391347826441,0.9999391347826441,1.0000018143077796,0.10230407236667816,0.0002029316092375666,0.0002029316092375666,0.00042975433461833745,3.949829217183387,17.347609496959194,0.0020274639391453545,0.0020274639391453545,0.02009065849420501,0.02009065849420501,0.18368274169915375,0.18368274169915375,0.8686016889383887,0.8686016889383887,3.6966456420549045,-5.546060085296631,-5.546060085296631,-5.546060085296631,32,-5.546060085296631,-5.546060085296631,42,42,0.38505090477492371 0.8108861395016167 1.274766337564649 3.0447811714676671,0.36193842137972221 1.1113717514194288 0.44599687438662866 3.3206779303838903,16.70904665440321,0.03916294127702713,0.1212070407345891,16.748209595680237,0.0023876000195741653
e1-v2,N16_i06_Amargin_s45,16,3,6,897f8dff07cb,Amargin,0.5156378346956627,0.2166355116345684,2.3802091854887872,0.5156378346956627,16.999999999970072,45,lightning_gpu,single,2,100,lbfgs_100grad,,0.20476123887912923,1.2989877093544622,560,2023-08-06,2026-08-05,ok,,1000,74,815,4228,3,True,-4.253673344627186,0.387067167633778,-4.253673344627186,True,0.074,4228,0.387067167633778,0.14034461407278945,0.04109711013497706,18,1,False,False,False,1.2500680316066182,0.28446329453439917,0.22675829424266228,0,0,1.328325053421687,3.414950920194861,4.435979273381835,0.9999999110890125,0.06954604062957515,4.1968454752350226e-05,4.1968454752350226e-05,5.603357931249775e-05,4.459240690651338,19.603849706686788,0.00041960529558964985,0.00041960529558964985,0.004188138727724074,0.004188138727724074,0.0411008156688435,0.0411008156688435,0.3427516688566762,0.3427516688566762,1.0000009300771517,0.08483405587321613,0.00046633437159471214,0.00046633437159471214,0.0012305834388826042,8.25423898539297,47.767123625883855,0.0046535698269676,0.0046535698269676,0.04557318645201502,0.04557318645201502,0.3727707274776485,0.3727707274776485,0.9905753944015159,0.9905753944015159,3.6966456420549045,-1.899653673171997,-1.899653673171997,-1.899653673171997,38,-1.899653673171997,-1.899653673171997,52,52,1.8005430614133757 1.660303899153966 2.3990779832738145 2.5500080338093531,2.1244529228709399 3.3201876658212313 2.7430872676135438 2.8568138247919035,20.903446110896766,0.039117452688515186,0.13319539837539196,20.94256356358528,0.0020895469933748245
e1-v2,N16_i06_Amargin_s46,16,3,6,897f8dff07cb,Amargin,0.5156378346956627,0.2166355116345684,2.3802091854887872,0.5156378346956627,16.999999999970072,46,lightning_gpu,single,2,100,lbfgs_100grad,,0.20476123887912923,1.2989877093544622,560,2023-08-06,2026-08-05,ok,,1000,369,554,4161,3,True,-4.359616431458109,0.28112408080285567,-4.359616431458109,True,0.369,4161,0.28112408080285567,0.05878642374659211,0.01721442712366645,3,1,False,False,False,1.3398336980991719,0.29478610162210916,0.21927057219034335,0,0,1.328325053421687,3.414950920194861,4.435979273381835,1.0000012200411579,0.3715478499943856,0.0008200634038075805,0.0008200634038075805,0.001685928087681532,0.6830996668318701,1.3586677210989049,0.008170437443321328,0.008170437443321328,0.0787648766818138,0.0787648766818138,0.5597444123731764,0.5597444123731764,0.9997264424116188,0.9997264424116188,1.0000001950269564,0.02538817698382445,7.861784979468212e-05,7.861784979468212e-05,0.00023620919819222763,7.7680010196394065,39.84468162340309,0.0007859004217652411,0.0007859004217652411,0.007831268609710212,0.007831268609710212,0.07560974290086458,0.07560974290086458,0.5444315974928685,0.5444315974928685,3.6966456420549045,-5.466147422790527,-5.466147422790527,-5.466147422790527,54,-5.466144561767578,-5.466147422790527,81,81,2.8450397427097829 0.24261512621431053 0.85630314278475539 1.9536009066557216,1.9763284644621191 -1.4103404594459592 3.159653167786618 0.50406619734210234,32.66856428980827,0.0409568902105093,0.21800571400672197,32.70952118001878,0.00253390334546566
e1-v2,N16_i07_Aheur_s42,16,3,7,b5d5b5d06981,Aheur,16.999999999970072,0.17586960994123046,96.6625217719587,0.6458038787300585,16.999999999970072,42,lightning_gpu,single,2,100,lbfgs_100grad,,0.07416853169244564,2.147336970081568,560,2023-08-06,2026-08-05,ok,,1000,259,813,32773,3,True,-152.9258314680382,0.07416853169244564,-152.9258314680382,True,0.259,32773,0.07416853169244564,0.0,0.0,1,1,True,True,True,1.7138924431973186,0.3299517394107896,0.1919325455435932,1,1,1.7138924431973186,71.21650378991482,152.9258314680382,1.0000003950477492,0.2780187517637387,0.0004400433099362999,0.0004400433099362999,0.00218593591125682,4.946267704719494,18.154761738514622,0.004391729601433995,0.004391729601433995,0.043059454851399115,0.043059454851399115,0.35605383906557064,0.35605383906557064,0.9877398556448385,0.9877398556448385,0.9999990605753339,0.03034019618644379,3.7065248761791736e-05,3.7065248761791736e-05,0.00018321167590329424,8.255037527548748,34.70889513649047,0.00037059067125813514,0.00037059067125813514,0.0036997326310862612,0.0036997326310862612,0.03638740321202841,0.03638740321202841,0.3097209597289091,0.3097209597289091,86.33764330579764,-2.1746253967285156,-2.1746253967285156,-2.1746253967285156,14,-2.1746253967285156,-2.1746253967285156,22,22,2.4314546363447995 1.3787772821439981 2.6973649175810768 2.1908462769412909,2.127488675186461 1.317046535323533 2.7768561515755872 2.1514174817053489,8.736934781074524,0.04309044498950243,0.12381075229495764,8.780025226064026,0.0020746327936649323
e1-v2,N16_i07_Aheur_s43,16,3,7,b5d5b5d06981,Aheur,16.999999999970072,0.17586960994123046,96.6625217719587,0.6458038787300585,16.999999999970072,43,lightning_gpu,single,2,100,lbfgs_100grad,,0.07416853169244564,2.147336970081568,560,2023-08-06,2026-08-05,ok,,1000,1,984,296,3,True,-151.83434815716026,1.1656518425703695,-151.83434815716026,True,0.001,296,1.1656518425703695,0.5082962413842589,0.007137337756479983,356,1,False,False,False,1.1046711834863705,0.3017817398997545,0.272281692865817,0,0,1.7138924431973186,71.21650378991482,152.9258314680382,1.000002564533247,0.0005945392589410403,1.0606308933347464e-06,1.0606308933347464e-06,5.341992277863028e-06,7.026800683057483,22.62988956497543,1.0606258311285505e-05,1.0606258311285505e-05,0.00010605752108383615,0.00010605752108383615,0.001060069185066482,0.001060069185066482,0.01055026593524865,0.01055026593524865,1.0000000775913342,0.20570915142889135,0.00037331582279875875,0.00037331582279875875,0.0018662813527043909,7.80047105669707,32.165030911658945,0.0037268930554967255,0.0037268930554967255,0.036650064153719165,0.036650064153719165,0.3116002119259648,0.3116002119259648,0.9760994838723196,0.9760994838723196,86.33764330579764,-1.2693837881088257,-1.2693837881088257,-1.2693837881088257,47,-1.2693837881088257,-1.2693837881088257,80,80,2.0492585716432195 0.13752423515278736 0.062924802978478217 2.6364640840167701,1.9217965704732729 -0.018246563801057897 0.15804375090615627 2.7650878192180177,32.10750142112374,0.039622862823307514,0.13113282062113285,32.14712428394705,0.002497958019375801
e1-v2,N16_i07_Aheur_s44,16,3,7,b5d5b5d06981,Aheur,16.999999999970072,0.17586960994123046,96.6625217719587,0.6458038787300585,16.999999999970072,44,lightning_gpu,single,2,100,lbfgs_100grad,,0.07416853169244564,2.147336970081568,560,2023-08-06,2026-08-05,ok,,1000,477,677,32773,3,True,-152.9258314680382,0.07416853169244564,-152.9258314680382,True,0.477,32773,0.07416853169244564,0.0,0.0,1,1,True,True,True,1.7138924431973186,0.3299517394107896,0.1919325455435932,1,1,1.7138924431973186,71.21650378991482,152.9258314680382,1.0000013808965509,0.46176187187666073,0.0008429079898633063,0.0008429079898633063,0.004214012471493334,1.1457020928710338,0.8831030521332774,0.008397179433876115,0.008397179433876115,0.08086874550761464,0.08086874550761464,0.5696960401110399,0.5696960401110399,0.9997823526282378,0.9997823526282378,1.0000015503633222,0.10094708559336141,0.00018240230565425009,0.00018240230565425009,0.0009133786807069555,4.690990250639476,16.737388559949522,0.0018225266074963589,0.0018225266074963589,0.01807651806273963,0.01807651806273963,0.16674781786843657,0.16674781786843657,0.838651624672637,0.838651624672637,86.33764330579764,-5.619454383850098,-5.619454383850098,-5.619454383850098,22,-5.619454383850098,-5.619454383850098,36,36,0.38505090477492371 0.8108861395016167 1.274766337564649 3.0447811714676671,0.24366502073107288 0.83017363357053531 0.73529886909682518 3.4175243632391852,14.438711426220834,0.03931092191487551,0.12186912540346384,14.47802234813571,0.0025981273502111435
e1-v2,N16_i07_Aheur_s45,16,3,7,b5d5b5d06981,Aheur,16.999999999970072,0.17586960994123046,96.6625217719587,0.6458038787300585,16.999999999970072,45,lightning_gpu,single,2,100,lbfgs_100grad,,0.07416853169244564,2.147336970081568,560,2023-08-06,2026-08-05,ok,,1000,31,765,32773,3,True,-152.9258314680382,0.07416853169244564,-152.9258314680382,True,0.031,32773,0.07416853169244564,0.0,0.0,1,1,True,True,True,1.7138924431973186,0.3299517394107896,0.1919325455435932,1,1,1.7138924431973186,71.21650378991482,152.9258314680382,0.9999996269873161,0.022736965813237475,3.637578265625052e-05,3.637578265625052e-05,0.0001815678369894158,7.804986778197024,31.937597627012536,0.00036369828844764573,0.00036369828844764573,0.0036310362138237888,0.0036310362138237888,0.03572277148785705,0.03572277148785705,0.30494509929063607,0.30494509929063607,1.0000011014974053,0.0076675849036291766,2.2274669390753843e-05,2.2274669390753843e-05,0.00011404159522498958,9.34063902024345,39.9472860869272,0.00022272436799336407,0.00022272436799336407,0.0022250127287522566,0.0022250127287522566,0.022028663319917995,0.022028663319917995,0.19968443652639142,0.19968443652639142,86.33764330579764,0.5723426938056946,0.5723426938056946,0.5723426938056946,17,0.5723426938056946,0.5723426938056946,29,29,1.8005430614133757 1.660303899153966 2.3990779832738145 2.5500080338093531,2.017398654417017 2.6457576281352653 2.0634621150882402 2.558867770025016,11.543144170194864,0.043272996321320534,0.13463882729411125,11.586417166516185,0.002063148654997349
e1-v2,N16_i07_Aheur_s46,16,3,7,b5d5b5d06981,Aheur,16.999999999970072,0.17586960994123046,96.6625217719587,0.6458038787300585,16.999999999970072,46,lightning_gpu,single,2,100,lbfgs_100grad,,0.07416853169244564,2.147336970081568,560,2023-08-06,2026-08-05,ok,,1000,116,969,32773,3,True,-152.9258314680382,0.07416853169244564,-152.9258314680382,True,0.116,32773,0.07416853169244564,0.0,0.0,1,1,True,True,True,1.7138924431973186,0.3299517394107896,0.1919325455435932,1,1,1.7138924431973186,71.21650378991482,152.9258314680382,1.0000006116172244,0.10916274522605818,0.00019507479737512767,0.00019507479737512767,0.000976027236902155,4.660708686001042,13.371295653365223,0.001949036426310844,0.001949036426310844,0.019320306271807176,0.019320306271807176,0.17724254237883244,0.17724254237883244,0.857859357212906,0.857859357212906,1.0000001355001018,0.03512153906558524,6.396373646566644e-05,6.396373646566644e-05,0.00031877851142780855,10.444404743817802,46.246272528541056,0.0006394532848757678,0.0006394532848757678,0.006376163667745878,0.006376163667745878,0.06196290348332502,0.06196290348332502,0.4725271173895891,0.4725271173895891,86.33764330579764,-3.119805335998535,-3.119805335998535,-3.1198055744171143,43,-3.1198055744171143,-3.1198055744171143,87,87,2.8450397427097829 0.24261512621431053 0.85630314278475539 1.9536009066557216,2.5306907996439714 -4.3987044979987919 3.1889358082786909 0.31243745112399696,34.83014266192913,0.03934763930737972,0.12174173537641764,34.86949030123651,0.0026329280808568
e1-v2,N16_i07_Amargin_s42,16,3,7,b5d5b5d06981,Amargin,0.6458038787300585,0.17586960994123046,3.6720606757805614,0.6458038787300585,16.999999999970072,42,lightning_gpu,single,2,100,lbfgs_100grad,,0.07416853169244564,2.147336970081568,560,2023-08-06,2026-08-05,ok,,1000,397,527,32773,3,True,-5.7380663768780815,0.07416853169244564,-5.738066376878081,True,0.397,32773,0.07416853169244564,0.0,0.0,1,1,True,True,True,1.7138924431973186,0.3299517394107896,0.1919325455435932,2,2,1.7138924431973186,2.672177891418745,5.7380663768780815,1.0000010268326447,0.4097842765622772,0.000753376807551831,0.000753376807551831,0.0037094737635925412,0.7844170645582794,0.9922378565672962,0.007508278372179205,0.007508278372179205,0.07259607414285363,0.07259607414285363,0.5293594964368513,0.5293594964368513,0.9994667964889014,0.9994667964889014,0.9999985439478282,0.07329558823721527,0.0005803752574138343,0.0005803752574138343,0.003337501548230648,6.319182549753023,23.34416079414253,0.0057886184144694906,0.0057886184144694906,0.05640136122122412,0.05640136122122412,0.4404059900017538,0.4404059900017538,0.9969888626162969,0.9969888626162969,4.566662699597567,-5.612961769104004,-5.612961769104004,-5.612961769104004,50,-5.612955570220947,-5.612961769104004,59,59,2.4314546363447995 1.3787772821439981 2.6973649175810768 2.1908462769412909,0.32455403560386265 0.85356707082897565 1.9762210009554559 1.3520228462803481,23.717623122036457,0.039261129684746265,0.21791454683989286,23.756884251721203,0.0021731657907366753
e1-v2,N16_i07_Amargin_s43,16,3,7,b5d5b5d06981,Amargin,0.6458038787300585,0.17586960994123046,3.6720606757805614,0.6458038787300585,16.999999999970072,43,lightning_gpu,single,2,100,lbfgs_100grad,,0.07416853169244564,2.147336970081568,560,2023-08-06,2026-08-05,ok,,1000,5,983,259,3,True,-5.252977212059561,0.5592576965109668,-5.25297721205956,True,0.005,259,0.5592576965109668,0.22590267460448685,0.08453878588320625,74,1,False,False,False,1.4159792137418117,0.3332175301810428,0.23462034396898923,0,0,1.7138924431973186,2.672177891418745,5.7380663768780815,1.0000005228820341,0.0027518273416262673,9.667494850873481e-06,9.667494850873481e-06,4.884964891971322e-05,6.5125728242411896,20.992624052843524,9.667074289660527e-05,9.667074289660527e-05,0.0009662870018930352,0.0009662870018930352,0.00962096112829648,0.00962096112829648,0.09214936772634816,0.09214936772634816,0.9999994561834864,0.20693395982380025,0.0006674855249002576,0.0006674855249002576,0.0034099779441021383,6.695671962160597,25.3394718072472,0.006654841732416338,0.006654841732416338,0.0645904640758832,0.0645904640758832,0.48711744238393184,0.48711744238393184,0.9987405547407806,0.9987405547407806,4.566662699597567,-1.5302289724349976,-1.5302293300628662,-1.5302293300628662,20,-1.5302293300628662,-1.5302293300628662,65,65,2.0492585716432195 0.13752423515278736 0.062924802978478217 2.6364640840167701,2.1300432333966488 -0.024869864148693122 0.17608463060183249 2.6983952125519921,26.023120720870793,0.03924208786338568,0.12115129083395004,26.06236280873418,0.0025528091937303543
e1-v2,N16_i07_Amargin_s44,16,3,7,b5d5b5d06981,Amargin,0.6458038787300585,0.17586960994123046,3.6720606757805614,0.6458038787300585,16.999999999970072,44,lightning_gpu,single,2,100,lbfgs_100grad,,0.07416853169244564,2.147336970081568,560,2023-08-06,2026-08-05,ok,,1000,403,516,34817,3,True,-5.588942336378477,0.22329257219205,-5.5889423363784765,True,0.403,34817,0.22329257219205,0.06944603598658286,0.025988552711852474,6,1,False,False,False,1.1808558495321009,0.20271611991967825,0.17082196781224881,0,0,1.7138924431973186,2.672177891418745,5.7380663768780815,1.0000013789425721,0.3900565350195393,0.001103049609810114,0.001103049609810114,0.005484641529619694,0.6816313885777305,1.0412895511204892,0.01097590450984716,0.01097590450984716,0.1044935382237229,0.1044935382237229,0.668344472594699,0.668344472594699,0.9999838982753031,0.9999838982753031,1.0000016137814782,0.10254081840685103,0.0002301789354532957,0.0002301789354532957,0.00118701285100542,4.907618770125639,17.199305325282694,0.002299406611989233,0.002299406611989233,0.02275759199117795,0.02275759199117795,0.20562960231888164,0.20562960231888164,0.8999469073017096,0.8999469073017096,4.566662699597567,-5.628535747528076,-5.628535747528076,-5.628535747528076,43,-5.628535747528076,-5.628535747528076,88,88,0.38505090477492371 0.8108861395016167 1.274766337564649 3.0447811714676671,0.35584020553917045 1.0926098537809286 0.44729241722765062 3.3217685703307001,35.50759942550212,0.03949407674372196,0.12497018463909626,35.54709350224584,0.0024917740374803543
e1-v2,N16_i07_Amargin_s45,16,3,7,b5d5b5d06981,Amargin,0.6458038787300585,0.17586960994123046,3.6720606757805614,0.6458038787300585,16.999999999970072,45,lightning_gpu,single,2,100,lbfgs_100grad,,0.07416853169244564,2.147336970081568,560,2023-08-06,2026-08-05,ok,,1000,66,787,32898,3,True,-5.381692231558296,0.4305426770122309,-5.381692231558295,True,0.066,32898,0.4305426770122309,0.16596097877747065,0.06210700990769617,29,1,False,False,False,1.6753447440091966,0.4026806364279681,0.2397599884228742,0,0,1.7138924431973186,2.672177891418745,5.7380663768780815,1.0000009013112545,0.07064285614478649,9.87198745860951e-06,9.87198745860951e-06,7.002306938375114e-05,5.577521643188089,19.525204846886922,9.871548917540617e-05,9.871548917540617e-05,0.0009867164935178866,0.0009867164935178866,0.009823467592794998,0.009823467592794998,0.0940039763626026,0.0940039763626026,1.00000004803058,0.09029391066269454,0.0010185812134295702,0.0010185812134295702,0.005189926945604384,10.112296087802875,46.27670671640756,0.010139250876848097,0.010139250876848097,0.09688920089603055,0.09688920089603055,0.6390804937198806,0.6390804937198806,0.9999624937584705,0.9999624937584705,4.566662699597567,-1.9425058364868164,-1.9425058364868164,-1.9425058364868164,22,-1.9425058364868164,-1.9425058364868164,34,34,1.8005430614133757 1.660303899153966 2.3990779832738145 2.5500080338093531,2.0951049753350266 3.2707092983078829 2.7423131416268167 2.8547378660420333,13.68177326861769,0.0392697099596262,0.12116186693310738,13.721042978577316,0.002059909515082836
e1-v2,N16_i07_Amargin_s46,16,3,7,b5d5b5d06981,Amargin,0.6458038787300585,0.17586960994123046,3.6720606757805614,0.6458038787300585,16.999999999970072,46,lightning_gpu,single,2,100,lbfgs_100grad,,0.07416853169244564,2.147336970081568,560,2023-08-06,2026-08-05,ok,,1000,342,524,32897,3,True,-5.711268652620243,0.10096625595028486,-5.711268652620241,True,0.342,32897,0.10096625595028486,0.012479515153516538,0.0046701663065144075,2,1,False,False,True,1.546052339873138,0.2807392058926053,0.18093773326946966,0,0,1.7138924431973186,2.672177891418745,5.7380663768780815,1.000000723073426,0.344790795687004,0.0021923594176769257,0.0021923594176769257,0.011802755645476282,0.6620997268327814,1.3404503651272077,0.021708564039616934,0.021708564039616934,0.19706106626940817,0.19706106626940817,0.8886153949021838,0.8886153949021838,0.9999999997060647,0.9999999997060647,1.0000006206098828,0.02511241975126799,0.00017477582150604576,0.00017477582150604576,0.0009160927147604525,9.94605258885499,40.62819844812057,0.0017463842590709057,0.0017463842590709057,0.017327236179215007,0.017327236179215007,0.1603675954695238,0.1603675954695238,0.8258626573937476,0.8258626573937476,4.566662699597567,-5.590502738952637,-5.590502738952637,-5.590502738952637,37,-5.590502738952637,-5.590502738952637,76,76,2.8450397427097829 0.24261512621431053 0.85630314278475539 1.9536009066557216,1.3179249072666863 -0.98416365602101241 1.5553216278647128 1.0732804935854077,30.317885998636484,0.03921041823923588,0.12147737201303244,30.35709641687572,0.0024885404855012894
e1-v2,N16_i08_Aheur_s42,16,3,8,8e11fb6ca06e,Aheur,16.999999999970072,0.21590443567038758,78.73853979509376,0.5008545737748823,16.999999999970072,42,lightning_gpu,single,2,100,lbfgs_100grad,,0.06028931853905328,1.5971019834788724,560,2023-08-06,2026-08-05,ok,,1000,295,798,67,3,True,-152.9397106811916,0.06028931853905328,-152.9397106811916,True,0.295,67,0.06028931853905328,0.0,0.0,1,1,True,True,True,1.2268098002868673,0.22442802216531876,0.18212115856351502,1,1,1.2268098002868673,95.76076685350556,152.9397106811916,1.0000015862369196,0.28119978948961943,0.00046103441854938865,0.0009280866070184857,0.003331874031573534,3.0397082804389117,18.145344725441475,0.009242201329103613,0.004600791062227887,0.08867140945017697,0.04506697586760343,0.604860948156969,0.3694360665907068,0.9999072103505476,0.9900621767967134,0.9999986099930425,0.03157621851278236,4.397992233862169e-05,8.93838623596821e-05,0.0003341870578879025,5.073690790881251,34.80728524906931,0.0008934791829107671,0.0004397121930829234,0.008898953560429971,0.004388431518443513,0.08550918718907403,0.04302775446806431,0.5909339208812597,0.35584048847079947,85.89118908516569,-2.1725094318389893,-2.1725094318389893,-2.1725094318389893,15,-2.1725094318389893,-2.1725094318389893,34,34,2.4314546363447995 1.3787772821439981 2.6973649175810768 2.1908462769412909,2.1271712636249016 1.3179931574056596 2.7780114939732861 2.1491290495320388,13.674216723069549,0.03935712110251188,0.12165967095643282,13.71357384417206,0.00207397248595953
e1-v2,N16_i08_Aheur_s43,16,3,8,8e11fb6ca06e,Aheur,16.999999999970072,0.21590443567038758,78.73853979509376,0.5008545737748823,16.999999999970072,43,lightning_gpu,single,2,100,lbfgs_100grad,,0.06028931853905328,1.5971019834788724,560,2023-08-06,2026-08-05,ok,,1000,0,986,130,2,False,-135.94994356886656,0.05005643089401196,-135.94994356886656,True,0.0,,,,,,,,,,,,,0,0,1.2268098002868673,95.76076685350556,152.9397106811916,1.000003620051416,0.0006296272616737042,1.1270593631707015e-06,2.2482452095573535e-06,7.786238370499632e-06,4.31802296806412,22.662977068420787,2.24822246396437e-05,1.1270536470052449e-05,0.00022479950249090777,0.00011269964874766335,0.0022457223208627117,0.0011264251047261474,0.022231629882069927,0.011207324710897092,1.000000056469979,0.20548961256281473,0.00037033992703072727,0.0007406322110909969,0.002588377770734951,4.793586166713616,32.27220037932844,0.0073816866761521336,0.003697233536717275,0.071412497076024,0.036363231924755754,0.5233184469091761,0.3095477903813269,0.9993942639005716,0.9753772680069625,85.89118908516569,-1.2634880542755127,-1.2634880542755127,-1.2634880542755127,18,-1.2634880542755127,-1.2634880542755127,31,31,2.0492585716432195 0.13752423515278736 0.062924802978478217 2.6364640840167701,1.9194102438036866 -0.018185778218962442 0.15810084735116298 2.7655319943410475,12.322170891799033,0.039255122654139996,0.12147471960633993,12.361426014453173,0.0021853120997548103
e1-v2,N16_i08_Aheur_s44,16,3,8,8e11fb6ca06e,Aheur,16.999999999970072,0.21590443567038758,78.73853979509376,0.5008545737748823,16.999999999970072,44,lightning_gpu,single,2,100,lbfgs_100grad,,0.06028931853905328,1.5971019834788724,560,2023-08-06,2026-08-05,ok,,1000,447,705,67,3,True,-152.9397106811916,0.06028931853905328,-152.9397106811916,True,0.447,67,0.06028931853905328,0.0,0.0,1,1,True,True,True,1.2268098002868673,0.22442802216531876,0.18212115856351502,2,2,1.2268098002868673,95.76076685350556,152.9397106811916,1.0000008827144562,0.4619067586027086,0.0008364195819012821,0.0016720847925171256,0.0058383612195029855,0.7149082250304714,0.8832510407289078,0.01659559323832923,0.008332784037937285,0.15409517749666418,0.08027168063982812,0.8124076997244943,0.5668926134914695,0.9999999460302895,0.9997677499022404,1.0000000088975867,0.10089493580744602,0.00018180800543632358,0.0003632343141362071,0.0012665317626670003,2.8790542769708494,16.73540648147673,0.0036264116261744642,0.00181659333848712,0.03567801419547238,0.018018149965286445,0.3046224195366832,0.1662523784876613,0.9735633241713046,0.8376897002272272,85.89118908516569,-5.616160869598389,-5.616160869598389,-5.616160869598389,22,-5.616160869598389,-5.616160869598389,63,63,0.38505090477492371 0.8108861395016167 1.274766337564649 3.0447811714676671,0.24407390276858906 0.82868183911664095 0.73614855474348573 3.4183154660967898,25.371371364220977,0.03923111129552126,0.12084169592708349,25.410602475516498,0.002086619846522808
e1-v2,N16_i08_Aheur_s45,16,3,8,8e11fb6ca06e,Aheur,16.999999999970072,0.21590443567038758,78.73853979509376,0.5008545737748823,16.999999999970072,45,lightning_gpu,single,2,100,lbfgs_100grad,,0.06028931853905328,1.5971019834788724,560,2023-08-06,2026-08-05,ok,,1000,30,781,5121,3,True,-152.71543736529884,0.2845626344317993,-152.71543736529884,True,0.03,5121,0.2845626344317993,0.14042516897025245,0.0014664165042148662,42,1,False,False,False,1.2452088606696465,0.2854362710797864,0.22842454793232253,0,0,1.2268098002868673,95.76076685350556,152.9397106811916,0.9999986773462126,0.02345305201379233,3.862623270833865e-05,7.7741908171447e-05,0.0002775634238787461,4.78402905519007,31.916875159451592,0.000777147166896749,0.00038619519463509844,0.007744349818766171,0.0038552472508755604,0.07479961290120292,0.0378904704538625,0.5404232410601719,0.32041284297330835,1.000001003535255,0.007395294450361689,1.8534135961090215e-05,3.6304432796896435e-05,0.0001157495053121238,5.722429264401556,39.88943355222367,0.0003629850231777286,0.00018532590223607393,0.003623926851563136,0.0018517142298788095,0.03565396548818691,0.01836360369284882,0.30444898359977246,0.16918080017535447,85.89118908516569,0.5735387802124023,0.5735378265380859,0.5735378265380859,51,0.5735383033752441,0.5735378265380859,92,92,1.8005430614133757 1.660303899153966 2.3990779832738145 2.5500080338093531,2.0156459782347378 2.6422234695829308 2.0638493379248821 2.5549313986071929,36.96754478383809,0.039401570335030556,0.12205765675753355,37.006946354173124,0.002636306919157505
e1-v2,N16_i08_Aheur_s46,16,3,8,8e11fb6ca06e,Aheur,16.999999999970072,0.21590443567038758,78.73853979509376,0.5008545737748823,16.999999999970072,46,lightning_gpu,single,2,100,lbfgs_100grad,,0.06028931853905328,1.5971019834788724,560,2023-08-06,2026-08-05,ok,,1000,380,678,35,3,True,-152.93547368137197,0.06452631835865963,-152.93547368137197,True,0.38,35,0.06452631835865963,0.0026529300341717322,2.7703725871683692e-05,2,1,False,True,True,1.277234848764987,0.2428586479755538,0.1893611407560773,2,0,1.2268098002868673,95.76076685350556,152.9397106811916,1.0000006903980232,0.38374374044360593,0.0007286343025043607,0.0014528006431646645,0.0050105847185477614,0.6838864277138312,1.10962449716743,0.014433395119785176,0.007262498528827657,0.13531128003170892,0.07029689761297114,0.7663327025788623,0.5175605631167036,0.9999995147345676,0.9993169884958256,1.0000002404086672,0.03492730945072253,6.284841219894588e-05,0.00012588139361469075,0.0004417187228682451,6.397479430116284,46.25653650756317,0.0012581010998254372,0.0006283064052445319,0.012510022607414665,0.00626532918179619,0.11828756834189144,0.060916037880079286,0.7160318438735676,0.4666107773433828,85.89118908516569,-5.571722507476807,-5.571722507476807,-5.571722507476807,45,-5.571722507476807,-5.571722507476807,82,82,2.8450397427097829 0.24261512621431053 0.85630314278475539 1.9536009066557216,2.0259950094840429 -1.6427850261603594 1.5722398451218522 2.0114669681454491,32.850416471250355,0.039474532939493656,0.12408391758799553,32.88989100418985,0.002668793313205242
e1-v2,N16_i08_Amargin_s42,16,3,8,8e11fb6ca06e,Amargin,0.5008545737748823,0.21590443567038758,2.319797516988101,0.5008545737748823,16.999999999970072,42,lightning_gpu,single,2,100,lbfgs_100grad,,0.06028931853905328,1.5971019834788724,560,2023-08-06,2026-08-05,ok,,1000,435,570,4161,3,True,-4.414402727545344,0.09328843642859763,-4.414402727545343,True,0.435,4161,0.09328843642859763,0.020661872711261887,0.00741986423453434,4,1,False,False,True,1.3390492189834708,0.2732617257763955,0.20332465895695825,0,0,1.2268098002868673,2.784669915534997,4.4474018454348885,1.000000821846937,0.4281867657555267,0.0007462474750354886,0.001516211952548474,0.005469181051012129,0.5209894415479528,0.914352801227261,0.01505908625095749,0.0074374647159671965,0.14078513681216653,0.07193416481823652,0.7807105133250974,0.5259896188112553,0.999999742854985,0.9994273641527138,0.9999992086996505,0.08504507537168138,0.000495582353323698,0.0010280640562996268,0.0020096580556128174,3.796155706160771,22.36685853141375,0.010233209511272549,0.004944786042389851,0.09774607719172006,0.04836195325434944,0.6424903329889806,0.3908588074312055,0.999965890300327,0.9929663671899891,3.395461954189755,-5.494194507598877,-5.494194507598877,-5.494194507598877,56,-5.489800930023193,-5.494194507598877,72,72,2.4314546363447995 1.3787772821439981 2.6973649175810768 2.1908462769412909,0.32457495936573061 0.86625591245229194 1.9736594904000948 1.3552738279682213,28.924925125204027,0.03905478026717901,0.12175126187503338,28.963979905471206,0.002644456923007965
e1-v2,N16_i08_Amargin_s43,16,3,8,8e11fb6ca06e,Amargin,0.5008545737748823,0.21590443567038758,2.319797516988101,0.5008545737748823,16.999999999970072,43,lightning_gpu,single,2,100,lbfgs_100grad,,0.06028931853905328,1.5971019834788724,560,2023-08-06,2026-08-05,ok,,1000,0,985,10,2,False,-3.817707179083607,0.18912941111545206,-3.817707179083606,True,0.0,,,,,,,,,,,,,0,0,1.2268098002868673,2.784669915534997,4.4474018454348885,1.0000011677784717,0.001552368836541973,5.3720709729532246e-06,1.0738773653429234e-05,3.3447150144638726e-05,4.061690992532042,21.321130615973996,0.00010738254722621753,5.371941108654185e-05,0.0010733067253065867,0.0005370642695855898,0.01068137591733171,0.005357681556232108,0.10182316860511159,0.052303384723264346,1.0000003168182676,0.20883273411891423,0.000587540736887604,0.0011768878321163356,0.0036325519322417676,4.188240987864273,25.84633171051744,0.011706745603177549,0.005859897497159018,0.11108893766767745,0.05707764748704413,0.691977026171019,0.44440374388763665,0.9999923116863083,0.9971971935657877,3.395461954189755,-1.441291093826294,-1.441291093826294,-1.441291093826294,18,-1.441291093826294,-1.441291093826294,34,34,2.0492585716432195 0.13752423515278736 0.062924802978478217 2.6364640840167701,2.1399267958194241 -0.024428652330866732 0.17709000504415243 2.706394718608037,13.644173501059413,0.03901278134435415,0.12075653579086065,13.683186282403767,0.001747901551425457
e1-v2,N16_i08_Amargin_s44,16,3,8,8e11fb6ca06e,Amargin,0.5008545737748823,0.21590443567038758,2.319797516988101,0.5008545737748823,16.999999999970072,44,lightning_gpu,single,2,100,lbfgs_100grad,,0.06028931853905328,1.5971019834788724,560,2023-08-06,2026-08-05,ok,,1000,418,518,67,3,True,-4.4474018454348885,0.06028931853905328,-4.447401845434888,True,0.418,67,0.06028931853905328,0.0,0.0,1,1,True,True,True,1.2268098002868673,0.22442802216531876,0.18212115856351502,1,1,1.2268098002868673,2.784669915534997,4.4474018454348885,1.0000001050319798,0.4125169557228219,0.0010503269731998444,0.002090388094075024,0.006926423637196422,0.4563090807330721,0.9565877113408718,0.020708335563556,0.010453765117783552,0.1888137532441486,0.09975460824045734,0.8766310728153057,0.6503696946294669,0.9999999991833088,0.9999727045225633,1.0000015748760234,0.10215184597473126,0.00022920795890968293,0.0004464173689484596,0.001422035988071002,3.0339494778828575,17.35872721015994,0.004455216376020264,0.002289716900546389,0.0436694903474559,0.022662677636506593,0.36014714482219123,0.20485773533129048,0.98849726480067,0.8989704580833773,3.395461954189755,-5.507014751434326,-5.507014751434326,-5.507016658782959,46,-5.507016658782959,-5.507016658782959,73,73,0.38505090477492371 0.8108861395016167 1.274766337564649 3.0447811714676671,0.35817848713296374 1.1062620487220503 0.44279419549553745 3.3163244991789074,29.509533083997667,0.03947423491626978,0.21166524477303028,29.549007318913937,0.0027053365483880043
e1-v2,N16_i08_Amargin_s45,16,3,8,8e11fb6ca06e,Amargin,0.5008545737748823,0.21590443567038758,2.319797516988101,0.5008545737748823,16.999999999970072,45,lightning_gpu,single,2,100,lbfgs_100grad,,0.06028931853905328,1.5971019834788724,560,2023-08-06,2026-08-05,ok,,1000,54,792,4225,3,True,-4.315307197383454,0.19238396659048684,-4.315307197383454,True,0.054,4225,0.19238396659048684,0.08270896249449244,0.02970153196006436,21,1,False,False,False,1.1095974419728636,0.21984767667453298,0.19723159805183213,0,0,1.2268098002868673,2.784669915534997,4.4474018454348885,1.0000012549817465,0.056905477654254355,2.3030403099255636e-05,4.1494446122669615e-05,0.000244456525251735,3.4650909034542936,19.53678934744115,0.0004148669892917794,0.00023028016448232375,0.004140933297414632,0.00230041680667789,0.040646162460880104,0.022767486749170486,0.3396287290693071,0.20571003010889916,1.0000010997725184,0.08464835548465999,0.000838738982565701,0.001592002110555768,0.003527456021402031,6.2382375027169035,46.90351678863537,0.015806452762715126,0.008355803787837594,0.14728258428956975,0.08048515653254991,0.7967402766797839,0.5678968391187158,0.9999998796313746,0.9997730791339784,3.395461954189755,-1.8801991939544678,-1.8801991939544678,-1.8801991939544678,46,-1.8801991939544678,-1.8801991939544678,73,73,1.8005430614133757 1.660303899153966 2.3990779832738145 2.5500080338093531,2.1173789416437288 3.3109862541508615 2.7483529449277202 2.8434132331402555,29.248128524050117,0.03924083895981312,0.12124543450772762,29.28736936300993,0.002409815788269043
e1-v2,N16_i08_Amargin_s46,16,3,8,8e11fb6ca06e,Amargin,0.5008545737748823,0.21590443567038758,2.319797516988101,0.5008545737748823,16.999999999970072,46,lightning_gpu,single,2,100,lbfgs_100grad,,0.06028931853905328,1.5971019834788724,560,2023-08-06,2026-08-05,ok,,1000,373,532,67,3,True,-4.4474018454348885,0.06028931853905328,-4.447401845434888,True,0.373,67,0.06028931853905328,0.0,0.0,1,1,True,True,True,1.2268098002868673,0.22442802216531876,0.18212115856351502,3,2,1.2268098002868673,2.784669915534997,4.4474018454348885,0.9999996399784331,0.35751654689374845,0.0018711111042648554,0.003560036071576178,0.009268746944144368,0.4621100660754763,1.2755286812396842,0.03503541789694865,0.01855434702390548,0.2999747043899684,0.17079376730580345,0.9717422657488597,0.8463170890913176,0.9999999999999997,0.9999999926505341,0.9999997356972443,0.02459614519562514,0.00011967712634941563,0.00023064304696163163,0.0005160882938071154,6.09661297580038,40.301672292128515,0.0023040381116626435,0.0011961269514860996,0.022802956335706757,0.011897092058517716,0.20599827814932323,0.11279950785417446,0.900410295837447,0.6978533798632016,3.395461954189755,-5.458261966705322,-5.458261966705322,-5.458261966705322,31,-5.458261966705322,-5.458261966705322,77,77,2.8450397427097829 0.24261512621431053 0.85630314278475539 1.9536009066557216,1.3328911557925383 -0.98992716893427191 1.5548472142191174 1.0834491571528586,30.969577422365546,0.03901766147464514,0.12893270887434483,31.00859508384019,0.002079680562019348
e1-v2,N16_i09_Aheur_s42,16,3,9,9bc3f8aa04b6,Aheur,16.999999999981483,0.0855796614452069,198.6453289589826,0.3479271809845644,16.999999999981483,42,lightning_gpu,single,2,100,lbfgs_100grad,,-0.06916526512389176,1.0925970832154022,560,2023-08-06,2026-08-05,ok,,1000,298,832,32778,3,True,-153.00841117060554,-0.00841117077221143,-153.00841117060554,True,0.298,32778,-0.00841117077221143,0.055605213747127354,0.00039690615837956113,2,1,False,False,False,1.356070054532357,0.28911911037190646,0.21246624347240292,0,0,1.4936212824484583,140.09662630115233,153.06916526495723,1.000001797642767,0.28207003403804265,0.000473830325063318,0.000473830325063318,0.000473830325063318,2.3191198350853677,18.141713894694476,0.004728212822942894,0.004728212822942894,0.046288688493233573,0.046288688493233573,0.3774570257741434,0.3774570257741434,0.9912563379765512,0.9912563379765512,0.9999987304251476,0.0336194173360127,5.02329676237423e-05,5.02329676237423e-05,5.02329676237423e-05,3.904988255232622,34.90462552275744,0.0005022161406501022,0.0005022161406501022,0.0050108266461509916,0.0050108266461509916,0.04899335524921978,0.04899335524921978,0.3948883505397418,0.3948883505397418,85.64923478263808,-2.1737403869628906,-2.1737401485443115,-2.1737403869628906,43,-2.1737403869628906,-2.1737403869628906,54,54,2.4314546363447995 1.3787772821439981 2.6973649175810768 2.1908462769412909,2.1249398941115856 1.3170189652772111 2.7785263222421652 2.148053511043106,21.673094909638166,0.039435019716620445,0.12121789436787367,21.712529929354787,0.0024587754160165787
e1-v2,N16_i09_Aheur_s43,16,3,9,9bc3f8aa04b6,Aheur,16.999999999981483,0.0855796614452069,198.6453289589826,0.3479271809845644,16.999999999981483,43,lightning_gpu,single,2,100,lbfgs_100grad,,-0.06916526512389176,1.0925970832154022,560,2023-08-06,2026-08-05,ok,,1000,0,989,50178,4,False,-135.75011879260083,0.2498812072510268,-135.75011879260086,True,0.0,,,,,,,,,,,,,0,0,1.4936212824484583,140.09662630115233,153.06916526495723,1.0000047096773415,0.0006389649809079856,1.1324867728035315e-06,1.1324867728035315e-06,1.1324867728035315e-06,3.2966133362776295,22.675879939662536,1.1324810014526531e-05,1.1324810014526531e-05,0.00011324232901006855,0.00011324232901006855,0.001131846392201551,0.001131846392201551,0.011260989144125598,0.011260989144125598,0.9999994790224136,0.20476374056306668,0.0003683794930111617,0.0003683794930111617,0.0003683794930111617,3.6823595316419877,32.363161852014144,0.003677694269801096,0.003677694269801096,0.03617422895862436,0.03617422895862436,0.3081923755787085,0.3081923755787085,0.9748896109987412,0.9748896109987412,85.64923478263808,-1.2623885869979858,-1.2623885869979858,-1.2623885869979858,81,-1.2623870372772217,-1.2623885869979858,97,97,2.0492585716432195 0.13752423515278736 0.062924802978478217 2.6364640840167701,1.9165729229501376 -0.01811095848496088 0.15824393936143399 2.7659263416824715,38.938699536025524,0.0395454540848732,0.2119583273306489,38.9782449901104,0.002335864119231701
e1-v2,N16_i09_Aheur_s44,16,3,9,9bc3f8aa04b6,Aheur,16.999999999981483,0.0855796614452069,198.6453289589826,0.3479271809845644,16.999999999981483,44,lightning_gpu,single,2,100,lbfgs_100grad,,-0.06916526512389176,1.0925970832154022,560,2023-08-06,2026-08-05,ok,,1000,474,673,49160,3,True,-153.06916526495723,-0.06916526512389176,-153.06916526495723,True,0.474,49160,-0.06916526512389176,0.0,0.0,1,1,True,True,True,1.4936212824484583,0.31085633365746335,0.20745307883503317,1,1,1.4936212824484583,140.09662630115233,153.06916526495723,1.0000014129667765,0.46195648703724146,0.0008344427333213389,0.0008344427333213389,0.0008344427333213389,0.5229145923041071,0.883392003677395,0.00831316369328191,0.00831316369328191,0.08008969425314093,0.08008969425314093,0.5660348616336581,0.5660348616336581,0.9997631090725584,0.9997631090725584,1.0000012564510143,0.10086991215939634,0.00018113818077836186,0.00018113818077836186,0.00018113818077836186,2.191547836100682,16.723516120767272,0.0018099060239333458,0.0018099060239333458,0.017952360257188372,0.017952360257188372,0.16569362526112955,0.16569362526112955,0.836598657866735,0.836598657866735,85.64923478263808,-5.620203495025635,-5.620203495025635,-5.620203495025635,58,-5.6202006340026855,-5.620203495025635,80,80,0.38505090477492371 0.8108861395016167 1.274766337564649 3.0447811714676671,0.24518513955662019 0.82852318288558602 0.7363597007305086 3.4182378357153986,32.18967161420733,0.039559993892908096,0.12194472178816795,32.229231608100235,0.002613285556435585
e1-v2,N16_i09_Aheur_s45,16,3,9,9bc3f8aa04b6,Aheur,16.999999999981483,0.0855796614452069,198.6453289589826,0.3479271809845644,16.999999999981483,45,lightning_gpu,single,2,100,lbfgs_100grad,,-0.06916526512389176,1.0925970832154022,560,2023-08-06,2026-08-05,ok,,1000,26,762,34818,3,True,-152.82549034625612,0.17450965357720793,-152.82549034625615,True,0.026,34818,0.17450965357720793,0.2230235852213601,0.001591926880108787,49,1,False,False,False,1.1603401512705118,0.2899241560362639,0.24899953321438292,0,0,1.4936212824484583,140.09662630115233,153.06916526495723,0.9999981776716709,0.023849834928114433,4.001417983090505e-05,4.001417983090505e-05,4.001417983090505e-05,3.6679152359711864,31.908583090791353,0.00040006975494024337,0.00040006975494024337,0.003993502716647042,0.003993502716647042,0.03922495376877351,0.03922495376877351,0.32978036319857135,0.32978036319857135,1.0000005390522801,0.006913751459251216,1.601877920620609e-05,1.601877920620609e-05,1.601877920620609e-05,4.391718368180792,39.79448364212158,0.00016017624549737324,0.00016017624549737324,0.0016006084086486207,0.0016006084086486207,0.01589128716419961,0.01589128716419961,0.14801731495988368,0.14801731495988368,85.64923478263808,0.5745239853858948,0.5745239853858948,0.5745239853858948,21,0.5745239853858948,0.5745239853858948,29,29,1.8005430614133757 1.660303899153966 2.3990779832738145 2.5500080338093531,2.0130449389041503 2.638327434250388 2.0639967290406864 2.5534123872318149,11.663240492343903,0.03930693678557873,0.12428102642297745,11.702547429129481,0.0020761778578162193
e1-v2,N16_i09_Aheur_s46,16,3,9,9bc3f8aa04b6,Aheur,16.999999999981483,0.0855796614452069,198.6453289589826,0.3479271809845644,16.999999999981483,46,lightning_gpu,single,2,100,lbfgs_100grad,,-0.06916526512389176,1.0925970832154022,560,2023-08-06,2026-08-05,ok,,1000,385,676,49184,3,True,-152.97301106153412,0.026988938299210563,-152.97301106153412,True,0.385,49184,0.026988938299210563,0.08800518040935115,0.0006281748728208117,9,1,False,False,False,1.727072483896744,0.4906609881610433,0.2835208091881791,0,0,1.4936212824484583,140.09662630115233,153.06916526495723,1.000001108747531,0.3836833597160876,0.0007178917294368148,0.0007178917294368148,0.0007178917294368148,0.5011770334483366,1.1094194240521191,0.007155770052012539,0.007155770052012539,0.06929689696586361,0.06929689696586361,0.5123461931615122,0.5123461931615122,0.9992394702826585,0.9992394702826585,0.9999996527962196,0.03470907524388167,6.26331748208031e-05,6.26331748208031e-05,6.26331748208031e-05,4.919244076720151,46.281969177875084,0.000626155246532885,0.000626155246532885,0.006243938725029845,0.006243938725029845,0.0607138774710545,0.0607138774710545,0.4654614157692743,0.4654614157692743,85.64923478263808,-5.575598239898682,-5.575598239898682,-5.575598239898682,49,-5.575598239898682,-5.575598239898682,65,65,2.8450397427097829 0.24261512621431053 0.85630314278475539 1.9536009066557216,2.0236019073835037 -1.6406068701588246 1.5722971802088435 2.0112396623173288,25.87741160672158,0.03939418867230415,0.1214433666318655,25.916805795393884,0.0026453202590346336
e1-v2,N16_i09_Amargin_s42,16,3,9,9bc3f8aa04b6,Amargin,0.3479271809845644,0.0855796614452069,4.065535842383856,0.3479271809845644,16.999999999981483,42,lightning_gpu,single,2,100,lbfgs_100grad,,-0.06916526512389176,1.0925970832154022,560,2023-08-06,2026-08-05,ok,,1000,433,557,32778,3,True,-3.139755799633291,-0.00841117077221143,-3.1397557996332908,True,0.433,32778,-0.00841117077221143,0.055605213747127354,0.018982629757171316,2,1,False,False,False,1.356070054532357,0.28911911037190646,0.21246624347240292,0,0,1.4936212824484583,2.9292682024797245,3.200509893984971,0.9999999800708395,0.4229161604307592,0.0007537426427006721,0.0007537426427006721,0.0007537426427006721,0.3671427076208248,0.9377157428464902,0.007511911987245706,0.007511911987245706,0.07263002680247806,0.07263002680247806,0.5295317715810591,0.5295317715810591,0.9994687450366957,0.9994687450366957,0.9999979466843517,0.06881943786066813,0.00042065425077453256,0.00042065425077453256,0.00042065425077453256,2.9617277173931966,23.372916330234716,0.004198588683404305,0.004198588683404305,0.04120143689248376,0.04120143689248376,0.3434410209057668,0.3434410209057668,0.9851153903006987,0.9851153903006987,2.388870687653483,-5.568960666656494,-5.568961143493652,-5.568961143493652,91,-5.485976219177246,-5.568961143493652,100,100,2.4314546363447995 1.3787772821439981 2.6973649175810768 2.1908462769412909,0.32346479252899873 0.85683896637364965 1.9739065291145963 1.3546216456367211,40.471817086450756,0.03943818621337414,0.12174842972308397,40.51125527266413,0.0024429503828287125
e1-v2,N16_i09_Amargin_s43,16,3,9,9bc3f8aa04b6,Amargin,0.3479271809845644,0.0855796614452069,4.065535842383856,0.3479271809845644,16.999999999981483,43,lightning_gpu,single,2,100,lbfgs_100grad,,-0.06916526512389176,1.0925970832154022,560,2023-08-06,2026-08-05,ok,,1000,4,980,49160,3,True,-3.200509893984971,-0.06916526512389176,-3.200509893984971,True,0.004,49160,-0.06916526512389176,0.0,0.0,1,1,True,True,True,1.4936212824484583,0.31085633365746335,0.20745307883503317,1,1,1.4936212824484583,2.9292682024797245,3.200509893984971,1.000000679746669,0.0019149547614460971,6.563755960087292e-06,6.563755960087292e-06,6.563755960087292e-06,3.0802254075127826,21.189480959536425,6.563562090465314e-05,6.563562090465314e-05,0.000656162381410979,0.000656162381410979,0.006542282968239581,0.006542282968239581,0.06352998430045223,0.06352998430045223,0.999999835849982,0.20976779432385229,0.000590310140978545,0.000590310140978545,0.000590310140978545,3.1840482215420263,25.773344024454524,0.005887445095855165,0.005887445095855165,0.05733889846929492,0.05733889846929492,0.4459411899853765,0.4459411899853765,0.9972737941257175,0.9972737941257175,2.388870687653483,-1.483685851097107,-1.483685851097107,-1.483685851097107,25,-1.483685851097107,-1.483685851097107,26,26,2.0492585716432195 0.13752423515278736 0.062924802978478217 2.6364640840167701,2.1230544562168761 -0.024350070665194311 0.17591176910434878 2.7047303422346958,10.414471871219575,0.04339361470192671,0.22418381366878748,10.457865485921502,0.0020738616585731506
e1-v2,N16_i09_Amargin_s44,16,3,9,9bc3f8aa04b6,Amargin,0.3479271809845644,0.0855796614452069,4.065535842383856,0.3479271809845644,16.999999999981483,44,lightning_gpu,single,2,100,lbfgs_100grad,,-0.06916526512389176,1.0925970832154022,560,2023-08-06,2026-08-05,ok,,1000,429,522,49160,3,True,-3.200509893984971,-0.06916526512389176,-3.200509893984971,True,0.429,49160,-0.06916526512389176,0.0,0.0,1,1,True,True,True,1.4936212824484583,0.31085633365746335,0.20745307883503317,1,1,1.4936212824484583,2.9292682024797245,3.200509893984971,1.0000013611034178,0.40548988146474585,0.001102244365029037,0.001102244365029037,0.001102244365029037,0.3171296390141404,0.9828440178287736,0.010967931621552782,0.010967931621552782,0.10442134552358227,0.10442134552358227,0.6680770061175113,0.6680770061175113,0.999983767949285,0.999983767949285,1.000001634338787,0.10236725282447878,0.00022456730948761106,0.00022456730948761106,0.00022456730948761106,2.2961018652403453,17.23834588837144,0.0022434050819044736,0.0022434050819044736,0.022208921418780135,0.022208921418780135,0.20115834234135685,0.20115834234135685,0.8941704274611684,0.8941704274611684,2.388870687653483,-5.583332538604736,-5.583332538604736,-5.583332538604736,45,-5.583332538604736,-5.583332538604736,59,59,0.38505090477492371 0.8108861395016167 1.274766337564649 3.0447811714676671,0.3556912395091405 1.0941181637105259 0.44407611723283003 3.3178494800651799,23.82588753476739,0.03914623335003853,0.12139943148940802,23.865033768117428,0.00244702585041523
e1-v2,N16_i09_Amargin_s45,16,3,9,9bc3f8aa04b6,Amargin,0.3479271809845644,0.0855796614452069,4.065535842383856,0.3479271809845644,16.999999999981483,45,lightning_gpu,single,2,100,lbfgs_100grad,,-0.06916526512389176,1.0925970832154022,560,2023-08-06,2026-08-05,ok,,1000,60,811,49664,3,True,-3.117059767092202,0.014284861768877444,-3.117059767092202,True,0.06,49664,0.014284861768877444,0.07637776832351041,0.02607400997247505,7,1,False,False,False,1.4904265328829767,0.3627454683229152,0.24271271367075042,0,0,1.4936212824484583,2.9292682024797245,3.200509893984971,1.0000019868776475,0.06102555583129288,2.169205436075572e-05,2.169205436075572e-05,2.169205436075572e-05,2.619475779066551,19.46546032895212,0.00021689937029735425,0.00021689937029735425,0.002166877886843758,0.002166877886843758,0.021458703973319948,0.021458703973319948,0.1950079652779088,0.1950079652779088,1.0000005911813343,0.08526241530307743,0.0008488332387059927,0.0008488332387059927,0.0008488332387059927,4.736208679157608,46.24186539134264,0.008455982366071056,0.008455982366071056,0.08141365311753156,0.08141365311753156,0.5722403051186513,0.5722403051186513,0.9997948844371339,0.9997948844371339,2.388870687653483,-1.9276608228683472,-1.9276608228683472,-1.9276608228683472,35,-1.9276608228683472,-1.9276608228683472,36,36,1.8005430614133757 1.660303899153966 2.3990779832738145 2.5500080338093531,2.0957497815643014 3.2822810701967198 2.746762694874548 2.8468866835619577,14.417573449201882,0.04326742608100176,0.12103295885026455,14.460840875282884,0.002025725319981575
e1-v2,N16_i09_Amargin_s46,16,3,9,9bc3f8aa04b6,Amargin,0.3479271809845644,0.0855796614452069,4.065535842383856,0.3479271809845644,16.999999999981483,46,lightning_gpu,single,2,100,lbfgs_100grad,,-0.06916526512389176,1.0925970832154022,560,2023-08-06,2026-08-05,ok,,1000,371,534,49160,3,True,-3.200509893984971,-0.06916526512389176,-3.200509893984971,True,0.371,49160,-0.06916526512389176,0.0,0.0,1,1,True,True,True,1.4936212824484583,0.31085633365746335,0.20745307883503317,4,4,1.4936212824484583,2.9292682024797245,3.200509893984971,1.0000000233468118,0.35310200380627066,0.001992433797568083,0.001992433797568083,0.001992433797568083,0.3136730818822035,1.2971831612735596,0.01974664316027594,0.01974664316027594,0.1808123769765019,0.1808123769765019,0.8639076166130939,0.8639076166130939,0.9999999978205937,0.9999999978205937,0.9999988991482167,0.023117274254085274,0.00015390204498544335,0.00015390204498544335,0.00015390204498544335,4.694009974434955,40.901624717234164,0.0015379550243972552,0.0015379550243972552,0.015273546844735442,0.015273546844735442,0.14265415536230117,0.14265415536230117,0.7854342136153971,0.7854342136153971,2.388870687653483,-5.5389909744262695,-5.5389909744262695,-5.5389909744262695,26,-5.5389909744262695,-5.5389909744262695,67,67,2.8450397427097829 0.24261512621431053 0.85630314278475539 1.9536009066557216,1.3191857289800497 -0.98255465677609 1.5548654416623735 1.0811707024782462,27.269395507872105,0.0394159909337759,0.12880627997219563,27.30881149880588,0.0024388879537582397
e1-v2,N20_i00_Aheur_s42,20,4,0,88802fd9d289,Aheur,20.999999999965347,0.11478915431353487,182.94411284367501,0.4877661783330567,20.999999999965347,42,lightning_gpu,single,2,100,lbfgs_100grad,,-0.15232144256321223,1.9296468975432697,4845,2023-08-06,2026-08-05,ok,,1000,31,978,262676,4,True,-335.8476747303137,0.15232526913181843,-335.8476747303137,True,0.031,262676,0.15232526913181843,0.15787692146314006,0.0009062757930338634,284,1,False,False,False,0.9720189166998571,0.19437472706114464,0.1989413207282832,0,0,1.4732051545372367,174.2040587166394,336.15232144200877,1.0000006541072786,0.0337064461036789,6.940820185263874e-06,2.779538090180722e-05,0.00016644628021822427,4.211829142206164,35.50643109955128,0.0002779190453508797,6.940603401844514e-05,0.0027757172733893468,0.0006938436064105703,0.02741301931941952,0.006916812246253932,0.24267112295166512,0.06705445257702734,0.9999975047984542,0.00015528048559684663,1.0939137373711105e-09,1.8822565756027032e-08,2.8253230745234337e-07,5.049515629658979,45.73609865864749,1.8822564161726698e-07,1.093913731986198e-08,1.8822548218733224e-06,1.0939136781370731e-07,1.8822388789788802e-05,1.0939131396460195e-06,0.0001882079459936855,1.0939077547549208e-05,126.8336428003847,-0.9173750877380371,-0.9173750877380371,-0.9173750877380371,15,-0.9173750877380371,-0.9173750877380371,27,27,2.4314546363447995 1.3787772821439981 2.6973649175810768 2.1908462769412909,2.5592850554784463 1.6864848805350456 2.8742581355588279 2.0171037681923201,19.344473118893802,0.0652078939601779,0.24137895554304123,19.40968101285398,0.02259591780602932
e1-v2,N20_i00_Aheur_s43,20,4,0,88802fd9d289,Aheur,20.999999999965347,0.11478915431353487,182.94411284367501,0.4877661783330567,20.999999999965347,43,lightning_gpu,single,2,100,lbfgs_100grad,,-0.15232144256321223,1.9296468975432697,4845,2023-08-06,2026-08-05,ok,,1000,1,998,2880,4,True,-334.6645910300833,1.3354089693622884,-334.6645910300832,True,0.001,2880,1.3354089693622884,0.7709858284536952,0.004425762718351942,4793,1,False,False,False,0.6201054933772818,0.19320805376401762,0.3099602500168068,0,0,1.4732051545372367,174.2040587166394,336.15232144200877,1.000000437152913,0.0038822139707122005,7.976426559253014e-07,3.1906579351925757e-06,1.9133598755161074e-05,4.196570124847657,30.38986918700271,3.190612124241088e-05,7.976397928792618e-06,0.0003190154062957721,7.97611163172468e-05,0.0031855782694335884,0.0007973249414497955,0.031402984484965875,0.007944702437631354,1.0000002140856226,0.10951688046770869,2.2852405891171657e-05,9.139691428572405e-05,0.000548769761735457,4.595511372426934,43.298053131246505,0.0009135933316421993,0.0002285005598832958,0.009098465299369009,0.002282657467167029,0.08734841907422991,0.022593522617075836,0.5990870318973491,0.20429492462339863,126.8336428003847,-1.7646465301513672,-1.7646465301513672,-1.7646465301513672,23,-1.7646465301513672,-1.7646465301513672,36,36,2.0492585716432195 0.13752423515278736 0.062924802978478217 2.6364640840167701,1.9589176923183784 -0.019030232920400205 0.15634706904421167 2.7591594684961289,25.761243619024754,0.06411401554942131,0.23233496770262718,25.825357634574175,0.020618289709091187
e1-v2,N20_i00_Aheur_s44,20,4,0,88802fd9d289,Aheur,20.999999999965347,0.11478915431353487,182.94411284367501,0.4877661783330567,20.999999999965347,44,lightning_gpu,single,2,100,lbfgs_100grad,,-0.15232144256321223,1.9296468975432697,4845,2023-08-06,2026-08-05,ok,,1000,440,942,294930,4,True,-336.14046489639065,-0.14046489694507946,-336.1404648963906,True,0.44,294930,-0.14046489694507946,0.0061444120337393986,3.527134831992583e-05,3,1,False,True,True,1.4360383792399112,0.2978512086233044,0.2067153725936116,1,0,1.4732051545372367,174.2040587166394,336.15232144200877,1.0000003742316885,0.4350531074524042,9.044080070452765e-05,0.00036174681008560583,0.002171180458390154,0.5890629837215566,0.8753198512240546,0.003611585043919411,0.0009040400165734651,0.03553450821689118,0.009003710713159568,0.303586897221169,0.08647532379937442,0.9731669934743116,0.595235113336579,1.000001463726477,0.08711882595162024,1.8046390323434025e-05,7.229869879665785e-05,0.0004344766784925014,2.73894352048954,22.111316589722804,0.0007227518137272145,0.00018044924869041614,0.0072040567270076905,0.0018030279048637946,0.06974944251789593,0.017884689278601096,0.5147121819275967,0.16511854278346072,126.8336428003847,-6.679837703704834,-6.679839611053467,-6.679839611053467,96,-6.673995018005371,-6.679839611053467,100,100,0.38505090477492371 0.8108861395016167 1.274766337564649 3.0447811714676671,0.33839186737353322 1.1035536255232115 0.40519365654697104 3.270810053700187,71.5356219522655,0.06441615428775549,0.2318816827610135,71.60003810655326,0.02530976291745901
e1-v2,N20_i00_Aheur_s45,20,4,0,88802fd9d289,Aheur,20.999999999965347,0.11478915431353487,182.94411284367501,0.4877661783330567,20.999999999965347,45,lightning_gpu,single,2,100,lbfgs_100grad,,-0.15232144256321223,1.9296468975432697,4845,2023-08-06,2026-08-05,ok,,1000,270,984,262194,4,True,-336.1428670908589,-0.1428670914133393,-336.1428670908589,True,0.27,262194,-0.1428670914133393,0.0048995239294348245,2.8125199639604255e-05,2,1,False,True,True,1.4675160119077235,0.3124431045016286,0.2122246721497523,1,0,1.4732051545372367,174.2040587166394,336.15232144200877,1.0000013834859456,0.26754556404193863,5.488217357196845e-05,0.00021921533334534615,0.0013135245753801428,3.3647724629257203,27.46120418905481,0.002189992105798489,0.0005486862131708218,0.021685353697579304,0.0054733343897339125,0.1968705455673112,0.05340475016278668,0.8883508200316317,0.4223786891311686,1.0000008543150685,0.033487164869711705,6.508314527309267e-06,2.5733040729392087e-05,0.00015200546840787865,5.868115155805268,57.447988096831324,0.00025730061081631324,6.508123918906453e-05,0.0025700289891556535,0.0006506218244193502,0.025405090573010238,0.00648720236213442,0.22688983029889628,0.06301064456039528,126.8336428003847,-2.256114959716797,-2.256114959716797,-2.256114959716797,15,-2.256114959716797,-2.256114959716797,31,31,1.8005430614133757 1.660303899153966 2.3990779832738145 2.5500080338093531,2.514623212838385 3.0396050780925363 1.7179435413405575 2.8938010970398302,22.244319723919034,0.06429011095315218,0.23208835162222385,22.308609834872186,0.02066803816705942
e1-v2,N20_i00_Aheur_s46,20,4,0,88802fd9d289,Aheur,20.999999999965347,0.11478915431353487,182.94411284367501,0.4877661783330567,20.999999999965347,46,lightning_gpu,single,2,100,lbfgs_100grad,,-0.15232144256321223,1.9296468975432697,4845,2023-08-06,2026-08-05,ok,,1000,363,953,16406,4,True,-336.0777075418333,-0.07770754238775834,-336.07770754183326,True,0.363,16406,-0.07770754238775834,0.03866712623457099,0.00022196455420976733,16,1,False,False,True,1.3611358083987704,0.28549610203547,0.20901375180934298,0,0,1.4732051545372367,174.2040587166394,336.15232144200877,1.0000015785807095,0.3548370055941632,7.601994730066508e-05,0.0003052513566217385,0.0018411737037240528,0.6495820635806987,1.3181351076951082,0.0030483239499520354,0.0007599394692608048,0.03006846798741421,0.007573459427305789,0.26309622270799843,0.07320495886664209,0.9527819740228218,0.5324403616063272,1.0000000579958304,0.09284641722479137,1.887921098386869e-05,7.540675142081454e-05,0.00045144012256059796,6.693284113498157,68.40703770540408,0.0007538116876373101,0.00018877607153881023,0.007512597766705361,0.0018861578841641885,0.07263643463053504,0.018702289790937562,0.5295642784107575,0.17204286228722127,126.8336428003847,-6.606053352355957,-6.606053352355957,-6.606053352355957,29,-6.606053352355957,-6.606053352355957,43,43,2.8450397427097829 0.24261512621431053 0.85630314278475539 1.9536009066557216,2.0382223626701657 -1.6201490452175435 1.5736838929943224 1.992315447755211,30.88196387141943,0.06423824653029442,0.2291575251147151,30.946202117949724,0.023594697937369347
e1-v2,N20_i00_Amargin_s42,20,4,0,88802fd9d289,Amargin,0.4877661783330567,0.11478915431353487,4.2492357509732415,0.4877661783330567,20.999999999965347,42,lightning_gpu,single,2,100,lbfgs_100grad,,-0.15232144256321223,1.9296468975432697,4845,2023-08-06,2026-08-05,ok,,1000,327,797,262186,4,True,-7.865937935090724,-0.06167908176181647,-7.8659379350907255,True,0.327,262186,-0.06167908176181647,0.04697354781167327,0.011392125439643115,23,1,False,False,True,1.173115982837503,0.21128004005732348,0.17924914768333775,0,0,1.4732051545372367,4.12333484743869,7.9565802958921195,1.0000017909531935,0.34334944800048106,1.0081386790261604e-05,4.2135283365496434e-05,0.0002587838680483401,0.9812605543729601,5.589038089593752,0.0004212729504363567,0.00010080929447938504,0.004204752278950843,0.0010076357545858628,0.04126078087299071,0.010030790257920696,0.3438472790551388,0.09589915994516159,0.9999995543102684,0.013208568401741005,3.14774092657899e-06,1.2717415359020379e-05,0.0002501510972479082,4.141713988651473,35.69634001657473,0.00012716687586761323,3.147696339725018e-05,0.0012709412917531044,0.00031472505174966577,0.012636970593842507,0.003142796922710265,0.11942040907731466,0.030987201088169578,3.7602398705909392,-5.715482234954834,-5.715482234954834,-5.715482234954834,21,-5.715482234954834,-5.715482234954834,70,70,2.4314546363447995 1.3787772821439981 2.6973649175810768 2.1908462769412909,1.3426047729911623 0.94791569200716064 2.6230519245702655 2.0078082918856426,49.88589753117412,0.06432535406202078,0.3231958793476224,49.950222885236144,0.0205601891502738
e1-v2,N20_i00_Amargin_s43,20,4,0,88802fd9d289,Amargin,0.4877661783330567,0.11478915431353487,4.2492357509732415,0.4877661783330567,20.999999999965347,43,lightning_gpu,single,2,100,lbfgs_100grad,,-0.15232144256321223,1.9296468975432697,4845,2023-08-06,2026-08-05,ok,,1000,4,997,16516,3,False,-7.168723634953655,0.14776904004219527,-7.168723634953656,True,0.004,534532,0.7152863962196563,0.449620000367665,0.10904280564236916,3254,1,False,False,False,0.41140559568987833,0.09268637667090089,0.22286127760890984,0,0,1.4732051545372367,4.12333484743869,7.9565802958921195,1.0000015143289032,0.008385322504182113,1.8356590771873016e-06,7.292013151527499e-06,4.27580343966838e-05,3.949520893069888,28.810652870597927,7.291773875629229e-05,1.835643913862413e-05,0.0007289381692332512,0.00018354922897985797,0.007265517323269127,0.0018339769672444744,0.07032516837083722,0.01818915130722532,1.000000759137362,0.16734501527935208,5.8674726460594684e-05,0.00023487693033530377,0.0015115837377379648,4.057428030095717,35.510159168211715,0.002346288334855465,0.0005865923662849261,0.02321669887694846,0.0058504637817254415,0.2093536616724298,0.056988166728932005,0.9045397341444781,0.4438762729914734,3.7602398705909392,-1.9138730764389038,-1.9138730764389038,-1.9138730764389038,57,-1.9138693809509277,-1.9138730764389038,70,70,2.0492585716432195 0.13752423515278736 0.062924802978478217 2.6364640840167701,2.1629304130309577 -0.023090616099017178 0.18505217475247679 2.6980491055747864,50.196717688813806,0.06439336948096752,0.23618672415614128,50.26111105829477,0.025321905501186848
e1-v2,N20_i00_Amargin_s44,20,4,0,88802fd9d289,Amargin,0.4877661783330567,0.11478915431353487,4.2492357509732415,0.4877661783330567,20.999999999965347,44,lightning_gpu,single,2,100,lbfgs_100grad,,-0.15232144256321223,1.9296468975432697,4845,2023-08-06,2026-08-05,ok,,1000,443,928,32818,4,True,-7.838281307670288,-0.03402245434138029,-7.838281307670288,True,0.443,32818,-0.03402245434138029,0.06130602877264452,0.014868069424613007,36,1,False,False,False,1.539044658265469,0.38532236552409094,0.24971488868765454,0,0,1.4732051545372367,4.12333484743869,7.9565802958921195,1.000001190911061,0.43375787792683695,0.00013502225920092314,0.0005532675859285519,0.003410381468711421,0.49311660275266767,1.0642387184160573,0.005518921436606116,0.0013494024918589244,0.05383856037130577,0.013412379157755018,0.42502038725870744,0.12631150117889928,0.9960506605786459,0.7408410645927257,1.000001921143678,0.08800317796067247,2.0512037735898048e-05,8.670626448292751e-05,0.0005511095077963546,2.8950965330223317,23.014875184064408,0.0008667244141065579,0.00020510144492843702,0.008633517649403033,0.0020491224871413377,0.08305705118000646,0.02030330303248705,0.5798318273951079,0.1854524563828039,3.7602398705909392,-6.432231903076172,-6.432231903076172,-6.432231903076172,19,-6.432231903076172,-6.432231903076172,36,36,0.38505090477492371 0.8108861395016167 1.274766337564649 3.0447811714676671,0.2942690348709926 1.0014022560296447 0.73824601424707836 3.4028305929094245,25.582602608017623,0.06453184597194195,0.23263822495937347,25.647134453989565,0.02046071272343397
e1-v2,N20_i00_Amargin_s45,20,4,0,88802fd9d289,Amargin,0.4877661783330567,0.11478915431353487,4.2492357509732415,0.4877661783330567,20.999999999965347,45,lightning_gpu,single,2,100,lbfgs_100grad,,-0.15232144256321223,1.9296468975432697,4845,2023-08-06,2026-08-05,ok,,1000,406,915,262194,4,True,-7.947125944742246,-0.1428670914133393,-7.947125944742247,True,0.406,262194,-0.1428670914133393,0.0048995239294348245,0.00118824303887866,2,1,False,True,True,1.4675160119077235,0.3124431045016286,0.2122246721497523,1,0,1.4732051545372367,4.12333484743869,7.9565802958921195,1.0000019631760741,0.38900190978165483,0.00011039239325327799,0.0004419329634401947,0.0027059844505856745,0.43884991504281234,1.084560275103961,0.004410551270300613,0.001103375702314998,0.04324034613609465,0.010979133199961586,0.35727006104323744,0.10452277179244697,0.9879694549916989,0.6684527247504689,1.000001907717102,0.047590789446189774,1.6800389857962728e-05,8.428913952229777e-05,0.0007034343034320045,6.341297358030557,67.33591832215753,0.0008425717574169871,0.00016799119775917393,0.0083938425256993,0.0016786425994173263,0.0808378147460165,0.016660189103881763,0.5695512115584858,0.15465065401472367,3.7602398705909392,-6.444037437438965,-6.444037437438965,-6.444037437438965,73,-6.395717144012451,-6.444037437438965,92,92,1.8005430614133757 1.660303899153966 2.3990779832738145 2.5500080338093531,0.36985396325004455 1.1737120253428877 9.8448960774401542 9.5680901261864282,66.03744432516396,0.06438352819532156,0.23575293645262718,66.10182785335928,0.025300352834165096
e1-v2,N20_i00_Amargin_s46,20,4,0,88802fd9d289,Amargin,0.4877661783330567,0.11478915431353487,4.2492357509732415,0.4877661783330567,20.999999999965347,46,lightning_gpu,single,2,100,lbfgs_100grad,,-0.15232144256321223,1.9296468975432697,4845,2023-08-06,2026-08-05,ok,,1000,359,900,262226,4,True,-7.926518248558611,-0.12225939522970408,-7.926518248558612,True,0.359,262226,-0.12225939522970408,0.015579040586016876,0.0037782622955528766,7,1,False,False,True,1.4638129909258697,0.31840266543548656,0.21683279722413698,0,0,1.4732051545372367,4.12333484743869,7.9565802958921195,1.000000397261544,0.3434272460945067,0.0001574813504703343,0.0006876044790260494,0.0048819699441082776,0.4253609645589135,1.444555527384329,0.00685480775889599,0.0015736979563372366,0.06647179176203405,0.01562600231756252,0.49733985203619496,0.14571784881933694,0.998970219775811,0.7929795130005555,1.0000005839925779,0.04366403654127282,1.1816480764537118e-05,4.927992631564848e-05,0.0003850048833555775,6.366671049982562,58.69607652037567,0.000492689994515273,0.00011815852452856357,0.004915990830075773,0.0011809571785428978,0.04808652945949442,0.011747009327979889,0.3890935285704936,0.1114510195628405,3.7602398705909392,-6.400911808013916,-6.400911808013916,-6.400911808013916,41,-6.400911808013916,-6.400911808013916,60,60,2.8450397427097829 0.24261512621431053 0.85630314278475539 1.9536009066557216,1.3390776920186167 -0.96976173404710486 1.5539611410110921 1.1185982863476625,42.83624258264899,0.06471442151814699,0.23372821789234877,42.90095700416714,0.020586304366588593
e1-v2,N20_i01_Aheur_s42,20,4,1,9f06c1dc6e9a,Aheur,20.99999999997685,0.06355171561411999,330.4395451333976,0.4522461872651161,20.99999999997685,42,lightning_gpu,single,2,100,lbfgs_100grad,,-0.05194130964678845,1.6573123108875516,4845,2023-08-06,2026-08-05,ok,,1000,36,969,65571,4,True,-335.6497812548461,0.3502187447834701,-335.6497812548461,True,0.036,65571,0.3502187447834701,0.24265797809399428,0.0011967199262811021,290,1,False,False,False,0.8690002205982348,0.1713448702318223,0.19602396661597385,0,0,1.831498688295787,202.7692300971977,336.0519413092764,1.0000025108628137,0.033656648791293264,6.907533133926336e-06,6.907533133926336e-06,1.3835621757607441e-05,3.9423914393078534,35.50543004222526,6.907318424818337e-05,6.907318424818337e-05,0.0006905171823085036,0.0006905171823085036,0.006883754656112334,0.006883754656112334,0.06674384867045614,0.06674384867045614,0.9999988903877457,6.239598387673792e-05,9.527077793336503e-09,9.527077793336503e-09,2.0439469672339783e-08,4.6730399565762015,45.726218989875505,9.527077384893062e-08,9.527077384893062e-08,9.527073300459942e-07,9.527073300459942e-07,9.527032456257156e-06,9.527032456257156e-06,9.526624027070162e-05,9.526624027070162e-05,126.65221025509658,-0.918299674987793,-0.918299674987793,-0.918299674987793,16,-0.918299674987793,-0.918299674987793,30,30,2.4314546363447995 1.3787772821439981 2.6973649175810768 2.1908462769412909,2.5569817512649879 1.6849783012198276 2.8742701790194873 2.0170916686019273,21.50069273635745,0.06458775419741869,0.23653182666748762,21.56528049055487,0.01858851406723261
e1-v2,N20_i01_Aheur_s43,20,4,1,9f06c1dc6e9a,Aheur,20.99999999997685,0.06355171561411999,330.4395451333976,0.4522461872651161,20.99999999997685,43,lightning_gpu,single,2,100,lbfgs_100grad,,-0.05194130964678845,1.6573123108875516,4845,2023-08-06,2026-08-05,ok,,1000,3,999,196614,4,True,-335.5687492572507,0.4312507423788977,-335.5687492572506,True,0.003,196614,0.4312507423788977,0.29155159763878125,0.001437849310267764,555,1,False,False,False,0.8103351927022627,0.16728954478552566,0.2052108143433733,0,0,1.831498688295787,202.7692300971977,336.0519413092764,1.0000088538065555,0.0038682069633182437,7.938222097436665e-07,7.938222097436665e-07,1.5884675690358563e-06,3.9747845515965143,30.391089816937445,7.938193740580161e-06,7.938193740580161e-06,7.93791017944339e-05,7.93791017944339e-05,0.0007935075310754507,0.0007935075310754507,0.00790680074473404,0.00790680074473404,0.9999987548719349,0.10884179588174447,2.2761540094506927e-05,2.2761540094506927e-05,4.547464050119743e-05,4.249876888857808,43.36775060629945,0.0002275920884132735,0.0002275920884132735,0.002273591381089708,0.002273591381089708,0.022504703737915396,0.022504703737915396,0.20357155577203984,0.20357155577203984,126.65221025509658,-1.7660857439041138,-1.7660857439041138,-1.7660857439041138,12,-1.7660857439041138,-1.7660857439041138,37,37,2.0492585716432195 0.13752423515278736 0.062924802978478217 2.6364640840167701,1.9575399123782973 -0.01920844759928016 0.15633971737742183 2.7594244088964017,26.403908144682646,0.06462746299803257,0.24023152608424425,26.46853560768068,0.020078886300325394
e1-v2,N20_i01_Aheur_s44,20,4,1,9f06c1dc6e9a,Aheur,20.99999999997685,0.06355171561411999,330.4395451333976,0.4522461872651161,20.99999999997685,44,lightning_gpu,single,2,100,lbfgs_100grad,,-0.05194130964678845,1.6573123108875516,4845,2023-08-06,2026-08-05,ok,,1000,431,946,526369,4,True,-335.84688814284704,0.15311185678255224,-335.8468881428471,True,0.431,526369,0.15311185678255224,0.12372632791192337,0.0006101829545469744,24,1,False,False,False,1.422878242702738,0.29684694112578525,0.2079214737051766,0,0,1.831498688295787,202.7692300971977,336.0519413092764,1.000003078168252,0.4346081580588361,9.045410115504637e-05,9.045410115504637e-05,0.00018079965957440436,0.7145637709420132,0.8752515381841478,0.0009041729128485488,0.0009041729128485488,0.009005028901220685,0.009005028901220685,0.0864874751073736,0.0864874751073736,0.5952889501791014,0.5952889501791014,1.000001660172785,0.08711670561388019,1.8035376342595555e-05,1.8035376342595555e-05,3.6094957977184094e-05,2.621524685952312,22.097081226009948,0.0001803391267639159,0.0001803391267639159,0.0018019284721912342,0.0018019284721912342,0.017873872024664422,0.017873872024664422,0.16502658237653414,0.16502658237653414,126.65221025509658,-6.685748100280762,-6.685748100280762,-6.685748100280762,62,-6.682989597320557,-6.685748100280762,83,83,0.38505090477492371 0.8108861395016167 1.274766337564649 3.0447811714676671,0.33686823566021912 1.0967935993939071 0.40550598717377095 3.2712946518570005,59.70651702582836,0.06444206554442644,0.23245979566127062,59.77095909137279,0.01893381681293249
e1-v2,N20_i01_Aheur_s45,20,4,1,9f06c1dc6e9a,Aheur,20.99999999997685,0.06355171561411999,330.4395451333976,0.4522461872651161,20.99999999997685,45,lightning_gpu,single,2,100,lbfgs_100grad,,-0.05194130964678845,1.6573123108875516,4845,2023-08-06,2026-08-05,ok,,1000,261,982,655617,4,True,-335.92028826947643,0.0797117301531986,-335.9202882694764,True,0.261,655617,0.0797117301531986,0.07943767685493268,0.0003917639615086279,6,1,False,False,False,1.2115786231700905,0.2060398028065257,0.16923359234420948,0,0,1.831498688295787,202.7692300971977,336.0519413092764,1.0000008063767112,0.26763772732010693,5.4924912546994165e-05,5.4924912546994165e-05,0.00010979679791489616,3.186910012737485,27.461421781028807,0.0005491133917805487,0.0005491133917805487,0.005477585119062809,0.005477585119062809,0.05344520803023916,0.05344520803023916,0.4226255193607057,0.4226255193607057,1.000001416203336,0.03415040536719971,6.619101895921631e-06,6.619101895921631e-06,1.3220704204286449e-05,5.360976255696162,57.32708672475645,6.618904743106996e-05,6.618904743106996e-05,0.0006616933645535035,0.0006616933645535035,0.006597265656166835,0.006597265656166835,0.06404814240689809,0.06404814240689809,126.65221025509658,-2.2580156326293945,-2.2580156326293945,-2.2580156326293945,18,-2.2580156326293945,-2.2580156326293945,28,28,1.8005430614133757 1.660303899153966 2.3990779832738145 2.5500080338093531,2.5123388109634122 3.0367780684381351 1.7179532652908864 2.8937707989656154,20.005286435596645,0.06449241191148758,0.23150963056832552,20.069778847508132,0.020029446110129356
e1-v2,N20_i01_Aheur_s46,20,4,1,9f06c1dc6e9a,Aheur,20.99999999997685,0.06355171561411999,330.4395451333976,0.4522461872651161,20.99999999997685,46,lightning_gpu,single,2,100,lbfgs_100grad,,-0.05194130964678845,1.6573123108875516,4845,2023-08-06,2026-08-05,ok,,1000,357,955,524833,4,True,-335.9089899969308,0.0910100026987759,-335.9089899969308,True,0.357,524833,0.0910100026987759,0.08625490283663474,0.0004253845753386169,9,1,False,False,False,1.7297077781658732,0.393891089641907,0.22714304381432346,0,0,1.831498688295787,202.7692300971977,336.0519413092764,1.0000015934171105,0.3544949338756851,7.619108509970829e-05,7.619108509970829e-05,0.00015229341806843877,0.7705831098571256,1.3180194200368835,0.0007616496754002712,0.0007616496754002712,0.007590444744026753,0.007590444744026753,0.07336356702878884,0.07336356702878884,0.5332399093713015,0.5332399093713015,1.000000457939624,0.09366361866159423,1.9021112166228704e-05,1.9021112166228704e-05,3.805483356700279e-05,6.069028425037371,68.457658552762,0.00019019484136622452,0.00019019484136622452,0.0019003214055065608,0.0019003214055065608,0.018841529855486584,0.018841529855486584,0.1732169322972611,0.1732169322972611,126.65221025509658,-6.611877918243408,-6.611877918243408,-6.611877918243408,31,-6.611877918243408,-6.611877918243408,45,45,2.8450397427097829 0.24261512621431053 0.85630314278475539 1.9536009066557216,2.0349449509916591 -1.6191998422355358 1.5735884497989805 1.99263753983304,32.25071275699884,0.06437217723578215,0.22913339361548424,32.31508493423462,0.01787940226495266
e1-v2,N20_i01_Amargin_s42,20,4,1,9f06c1dc6e9a,Amargin,0.4522461872651161,0.06355171561411999,7.116191638493479,0.4522461872651161,20.99999999997685,42,lightning_gpu,single,2,100,lbfgs_100grad,,-0.05194130964678845,1.6573123108875516,4845,2023-08-06,2026-08-05,ok,,1000,372,834,657664,4,True,-6.95384129053708,0.2820977057047779,-6.9538412905370794,True,0.372,657664,0.2820977057047779,0.20155465759659758,0.04583486574027033,152,1,False,False,False,1.2836194482574674,0.2827947354030055,0.21953136950795352,0,0,1.831498688295787,4.397409141301629,7.287880305888646,1.0000006899076852,0.37416553491493687,1.3764056348009035e-05,1.3764056348009035e-05,2.686007064767182e-05,0.9938544435524501,5.5766354038771855,0.00013763203857687184,0.00013763203857687184,0.0013754682825341269,0.0013754682825341269,0.013669858262046983,0.013669858262046983,0.12858897274335218,0.12858897274335218,0.9999995571277378,0.018013368551081044,1.2279079783183988e-05,1.2279079783183988e-05,2.4881199351511896e-05,4.016159158014337,38.54646098171669,0.00012278401314298718,0.00012278401314298718,0.0012271619373871371,0.0012271619373871371,0.012204073971275277,0.012204073971275277,0.11555199498474382,0.11555199498474382,3.365687378826149,-5.908316135406494,-5.908316135406494,-5.908316135406494,49,-5.908316135406494,-5.908316135406494,83,83,2.4314546363447995 1.3787772821439981 2.6973649175810768 2.1908462769412909,1.3169222496227577 0.93592848261615325 2.6317867057689197 2.0043888367691229,59.61495239008218,0.06440175510942936,0.2300065876916051,59.67935414519161,0.02016381546854973
e1-v2,N20_i01_Amargin_s43,20,4,1,9f06c1dc6e9a,Amargin,0.4522461872651161,0.06355171561411999,7.116191638493479,0.4522461872651161,20.99999999997685,43,lightning_gpu,single,2,100,lbfgs_100grad,,-0.05194130964678845,1.6573123108875516,4845,2023-08-06,2026-08-05,ok,,1000,13,997,131093,4,True,-6.917361481727515,0.3185775145143423,-6.917361481727516,True,0.013,131093,0.3185775145143423,0.22356608451348817,0.050840410189194454,224,1,False,False,False,0.874287588900803,0.16772681534554326,0.19070019689420542,0,0,1.831498688295787,4.397409141301629,7.287880305888646,1.000002198027002,0.00934570708557203,2.0102445432712557e-06,2.0102445432712557e-06,4.048376467835624e-06,3.7399522928817133,28.576673489726634,2.0102263584946812e-05,2.0102263584946812e-05,0.00020100445227917946,0.00020100445227917946,0.002008227371443331,0.002008227371443331,0.019901758230345366,0.019901758230345366,1.0000003717525061,0.15961027360935987,7.15128262527287e-05,7.15128262527287e-05,0.00013752093946095556,3.7916027860177794,36.01862912481285,0.0007148981726141705,0.0007148981726141705,0.007126026942829219,0.007126026942829219,0.0690180441987583,0.0690180441987583,0.5108831368771322,0.5108831368771322,3.365687378826149,-2.0019147396087646,-2.0019147396087646,-2.0019147396087646,57,-2.0019145011901855,-2.0019147396087646,85,85,2.0492585716432195 0.13752423515278736 0.062924802978478217 2.6364640840167701,2.1073989131699582 -0.021589718758531551 0.17801609799345433 2.7049109930992441,60.94181895721704,0.06448457576334476,0.23213252983987331,61.00630353298038,0.01878328062593937
e1-v2,N20_i01_Amargin_s44,20,4,1,9f06c1dc6e9a,Amargin,0.4522461872651161,0.06355171561411999,7.116191638493479,0.4522461872651161,20.99999999997685,44,lightning_gpu,single,2,100,lbfgs_100grad,,-0.05194130964678845,1.6573123108875516,4845,2023-08-06,2026-08-05,ok,,1000,434,926,657409,4,True,-7.217139889758964,0.01879910648289429,-7.217139889758963,True,0.434,657409,0.01879910648289429,0.04268381744645259,0.009706583143595827,2,1,False,False,True,1.5081531304652196,0.2807239594093687,0.18547450770007837,0,0,1.831498688295787,4.397409141301629,7.287880305888646,0.9999997935627467,0.4305929841066245,0.0001453481090720743,0.0001453481090720743,0.00028631705208681524,0.6236054528119401,1.0797642788316824,0.001452530785826715,0.001452530785826715,0.014430731623217563,0.014430731623217563,0.13528791151013933,0.13528791151013933,0.7662695454765374,0.7662695454765374,1.000001984364559,0.08829602063724451,2.0497263903962448e-05,2.0497263903962448e-05,4.202234777039848e-05,2.7221706910451484,22.605688117030212,0.00020495373387074883,0.00020495373387074883,0.0020476480999659903,0.0020476480999659903,0.02028882875442816,0.02028882875442816,0.18533210513988785,0.18533210513988785,3.365687378826149,-6.622550964355469,-6.622550964355469,-6.622550964355469,19,-6.622550964355469,-6.622550964355469,35,35,0.38505090477492371 0.8108861395016167 1.274766337564649 3.0447811714676671,0.28683581404434105 0.97939208568159353 0.73750800279399475 3.4025898342598535,25.074037951417267,0.06452543195337057,0.229594093747437,25.138563383370638,0.020097333006560802
e1-v2,N20_i01_Amargin_s45,20,4,1,9f06c1dc6e9a,Amargin,0.4522461872651161,0.06355171561411999,7.116191638493479,0.4522461872651161,20.99999999997685,45,lightning_gpu,single,2,100,lbfgs_100grad,,-0.05194130964678845,1.6573123108875516,4845,2023-08-06,2026-08-05,ok,,1000,103,847,655363,4,True,-7.176153249123907,0.05978574711795137,-7.176153249123907,True,0.103,655363,0.05978574711795137,0.06741460618542433,0.015330528504215932,3,1,False,False,False,1.12845857318547,0.17592111914934044,0.15500889736303236,0,0,1.831498688295787,4.397409141301629,7.287880305888646,1.00000237403393,0.10877058491223579,6.4720115915406495e-06,6.4720115915406495e-06,1.2552289717859821e-05,0.8999298068418606,3.876966780935169,6.47182310359054e-05,6.47182310359054e-05,0.0006469938626593761,0.0006469938626593761,0.006451134042078203,0.006451134042078203,0.0626704259575231,0.0626704259575231,1.0000008623663306,0.03390937861036036,2.3527054509031586e-05,2.3527054509031586e-05,4.8328161938115954e-05,5.629040944834836,64.68747495784324,0.00023524563814975724,0.00023524563814975724,0.00234996762012617,0.00234996762012617,0.02325272144398032,0.02325272144398032,0.20964519393537306,0.20964519393537306,3.365687378826149,-6.16458797454834,-6.16461181640625,-6.16461181640625,88,-6.164608478546143,-6.16461181640625,100,100,1.8005430614133757 1.660303899153966 2.3990779832738145 2.5500080338093531,0.92661722730796514 2.8063240678507277 5.8223694126331731 4.7843198744132218,71.41024776548147,0.06432676874101162,0.23264115769416094,71.47457453422248,0.018868454732000828
e1-v2,N20_i01_Amargin_s46,20,4,1,9f06c1dc6e9a,Amargin,0.4522461872651161,0.06355171561411999,7.116191638493479,0.4522461872651161,20.99999999997685,46,lightning_gpu,single,2,100,lbfgs_100grad,,-0.05194130964678845,1.6573123108875516,4845,2023-08-06,2026-08-05,ok,,1000,374,902,663553,4,True,-7.162030409616585,0.07390858662527322,-7.162030409616584,True,0.374,663553,0.07390858662527322,0.075936137953784,0.017268381338586786,5,1,False,False,False,1.2204224935788759,0.20677365344810295,0.16860853887138208,0,0,1.831498688295787,4.397409141301629,7.287880305888646,1.0000002567269402,0.3508403089690546,5.113282168167643e-05,5.113282168167643e-05,0.00010162002945435233,0.6771565258863649,1.3969518020372615,0.0005112105774127511,0.0005112105774127511,0.005100361660086276,0.005100361660086276,0.049848780856239776,0.049848780856239776,0.40030932003439723,0.40030932003439723,1.0000008050432463,0.0465132101880954,2.1652936993632466e-05,2.1652936993632466e-05,3.766692680073902e-05,5.880267828294611,62.33460664730002,0.00021650827291889494,0.00021650827291889494,0.00216297453415738,0.00216297453415738,0.02142042443589242,0.02142042443589242,0.19469300516436625,0.19469300516436625,3.365687378826149,-6.564024925231934,-6.564024925231934,-6.564024925231934,32,-6.564024925231934,-6.564024925231934,45,45,2.8450397427097829 0.24261512621431053 0.85630314278475539 1.9536009066557216,1.1239464591530417 -1.6802990166649314 1.5340918692077796 1.1331923624415998,32.34372330736369,0.06446978636085987,0.23023296799510717,32.40819309372455,0.0201552826911211
e1-v2,N20_i02_Aheur_s42,20,4,2,5c7e45cb7b1e,Aheur,20.999999999972246,0.13224037954153933,158.8017220819888,0.5024016237652457,20.999999999972246,42,lightning_gpu,single,2,100,lbfgs_100grad,,-0.06964184277929608,1.553641391169088,4845,2023-08-06,2026-08-05,ok,,1000,27,975,598272,4,True,-335.787116587365,0.21288341219090923,-335.78711658736495,True,0.027,598272,0.21288341219090923,0.18184714733791302,0.0008406747286705239,181,1,False,False,False,1.195049222162364,0.25017521172851587,0.20850623313879027,0,0,1.546169852694576,216.31094778535004,336.0696418423352,1.0000009520768849,0.03374726474567069,6.9515804170805495e-06,6.9515804170805495e-06,4.86681956317625e-05,4.325271267630741,35.5102274504937,6.95136296099535e-05,6.95136296099535e-05,0.0006949188898910522,0.0006949188898910522,0.006927498068302201,0.006927498068302201,0.06715483497714334,0.06715483497714334,0.9999974660607402,9.210350247405857e-05,7.65731122953639e-09,7.65731122953639e-09,4.600489669770447e-08,5.166555338945269,45.7234552106418,7.657310965681527e-08,7.657310965681527e-08,7.657308327133561e-07,7.657308327133561e-07,7.65728194172057e-06,7.65728194172057e-06,7.657018094257912e-05,7.657018094257912e-05,126.77687077889081,-0.9173404574394226,-0.9173404574394226,-0.9173404574394226,37,-0.9173404574394226,-0.9173404574394226,51,51,2.4314546363447995 1.3787772821439981 2.6973649175810768 2.1908462769412909,2.5580410024501727 1.6856595116180311 2.8742206002576198 2.0171118188881083,36.39802907221019,0.06497370079159737,0.2470602197572589,36.46300277300179,0.01927200797945261
e1-v2,N20_i02_Aheur_s43,20,4,2,5c7e45cb7b1e,Aheur,20.999999999972246,0.13224037954153933,158.8017220819888,0.5024016237652457,20.999999999972246,43,lightning_gpu,single,2,100,lbfgs_100grad,,-0.06964184277929608,1.553641391169088,4845,2023-08-06,2026-08-05,ok,,1000,4,1000,8304,4,True,-335.61355217367463,0.3864478258813162,-335.6135521736745,True,0.004,8304,0.3864478258813162,0.2935617390557629,0.0013571284396898416,708,1,False,False,False,1.4870707538757546,0.3987993148109347,0.26750530448813536,0,0,1.546169852694576,216.31094778535004,336.0696418423352,1.000000626158922,0.0038852876094779276,7.979076599440305e-07,7.979076599440305e-07,5.5875420343909354e-06,4.3261471032461785,30.387783810109667,7.979047949952744e-06,7.979047949952744e-06,7.978761462620666e-05,7.978761462620666e-05,0.0007975897343503706,0.0007975897343503706,0.007947331422651789,0.007947331422651789,1.000000403727476,0.10917558549226669,2.2796903067501262e-05,2.2796903067501262e-05,0.0001594407676748233,4.7000788155012865,43.328766441152155,0.00022794564565113253,0.00022794564565113253,0.0022771197124281037,0.0022771197124281037,0.022539271053890617,0.022539271053890617,0.20385315316872052,0.20385315316872052,126.77687077889081,-1.7658363580703735,-1.7658363580703735,-1.7658363580703735,10,-1.7658363580703735,-1.7658363580703735,21,21,2.0492585716432195 0.13752423515278736 0.062924802978478217 2.6364640840167701,1.9580354382452789 -0.019016922104672533 0.15632407666156076 2.7591691375976999,15.022210879251361,0.06408694386482239,0.22993641812354326,15.086297823116183,0.017331724055111408
e1-v2,N20_i02_Aheur_s44,20,4,2,5c7e45cb7b1e,Aheur,20.999999999972246,0.13224037954153933,158.8017220819888,0.5024016237652457,20.999999999972246,44,lightning_gpu,single,2,100,lbfgs_100grad,,-0.06964184277929608,1.553641391169088,4845,2023-08-06,2026-08-05,ok,,1000,477,945,524310,4,True,-336.00495340949465,-0.004953409938712294,-336.0049534094946,True,0.477,524310,-0.004953409938712294,0.04163665644354832,0.00019248520183483853,6,1,False,False,True,1.2762590793320823,0.21685123906471124,0.16912807325741014,0,0,1.546169852694576,216.31094778535004,336.0696418423352,1.000002033312154,0.43502587996044895,9.047151979757473e-05,9.047151979757473e-05,0.0006329586904030293,0.6634911367507402,0.8754235138129458,0.0009043469575085958,0.0009043469575085958,0.00900675523460103,0.00900675523460103,0.08650338855646945,0.08650338855646945,0.5953594455875054,0.5953594455875054,1.0000019408172705,0.0871196756415884,1.806847649277188e-05,1.806847649277188e-05,0.000126425195048796,2.833060212243539,22.103553469481227,0.00018067007449262929,0.00018067007449262929,0.001805232576975698,0.001805232576975698,0.01790638059581257,0.01790638059581257,0.16530291908365424,0.16530291908365424,126.77687077889081,-6.6833038330078125,-6.6833038330078125,-6.6833038330078125,50,-6.68329381942749,-6.6833038330078125,63,63,0.38505090477492371 0.8108861395016167 1.274766337564649 3.0447811714676671,0.33819950451258279 1.1028097383856612 0.40518219993679877 3.2708537070903643,45.09887463320047,0.06452340632677078,0.3235277170315385,45.16339803952724,0.020206628367304802
e1-v2,N20_i02_Aheur_s45,20,4,2,5c7e45cb7b1e,Aheur,20.999999999972246,0.13224037954153933,158.8017220819888,0.5024016237652457,20.999999999972246,45,lightning_gpu,single,2,100,lbfgs_100grad,,-0.06964184277929608,1.553641391169088,4845,2023-08-06,2026-08-05,ok,,1000,280,990,593922,4,True,-335.9696085632714,0.03039143628456098,-335.9696085632713,True,0.28,593922,0.03039143628456098,0.06438633756312566,0.00029765639798785213,16,1,False,False,False,1.511966087951995,0.3165617816039353,0.2087095630771544,0,0,1.546169852694576,216.31094778535004,336.0696418423352,0.9999991091115896,0.2676457067973388,5.484273060574196e-05,5.484273060574196e-05,0.00038412145295296796,3.468485665950468,27.460141639294925,0.0005482919782202297,0.0005482919782202297,0.005469411458607395,0.005469411458607395,0.053367410853409424,0.053367410853409424,0.4221508007100662,0.4221508007100662,1.0000010762137137,0.03377537357891924,6.4875284806475975e-06,6.4875284806475975e-06,4.569266411635908e-05,5.980156996829377,57.385998790976345,6.487339087808084e-05,6.487339087808084e-05,0.0006485445564819107,0.0006485445564819107,0.006466550809940267,0.006466550809940267,0.06281586000676122,0.06281586000676122,126.77687077889081,-2.2575409412384033,-2.2575409412384033,-2.2575409412384033,17,-2.2575409412384033,-2.2575409412384033,34,34,1.8005430614133757 1.660303899153966 2.3990779832738145 2.5500080338093531,2.5134992729877745 3.038075668495734 1.7179710310517395 2.8937768385901528,24.229812008328736,0.06812928151339293,0.2324215117841959,24.29794128984213,0.020558608695864677
e1-v2,N20_i02_Aheur_s46,20,4,2,5c7e45cb7b1e,Aheur,20.999999999972246,0.13224037954153933,158.8017220819888,0.5024016237652457,20.999999999972246,46,lightning_gpu,single,2,100,lbfgs_100grad,,-0.06964184277929608,1.553641391169088,4845,2023-08-06,2026-08-05,ok,,1000,343,947,532498,4,True,-336.0696418423352,-0.06964184277929608,-336.06964184233516,True,0.343,532498,-0.06964184277929608,0.0,0.0,1,1,True,True,True,1.546169852694576,0.2927007759025677,0.1886602402667523,1,1,1.546169852694576,216.31094778535004,336.0696418423352,0.9999987538483954,0.3543831772185513,7.628524326719344e-05,7.628524326719344e-05,0.0005323044388205744,0.7279521074890924,1.31799939039034,0.0007625906112119804,0.0007625906112119804,0.007599789758989761,0.007599789758989761,0.07345081996139319,0.07345081996139319,0.5336792287520935,0.5336792287520935,1.0000014475300567,0.09325394261759357,1.892676664283499e-05,1.892676664283499e-05,0.00013265573943499476,6.7991036194660115,68.4344001157726,0.00018925154722962233,0.00018925154722962233,0.001890904558752475,0.001890904558752475,0.018748955822690417,0.018748955822690417,0.1724365165913938,0.1724365165913938,126.77687077889081,-6.609469890594482,-6.609469890594482,-6.609469890594482,29,-6.609469890594482,-6.609469890594482,42,42,2.8450397427097829 0.24261512621431053 0.85630314278475539 1.9536009066557216,2.0355490734946682 -1.6200715074817329 1.5735280161070218 1.9925067007304313,30.02463390957564,0.06584875658154488,0.23258532769978046,30.090482666157186,0.020292525179684162
e1-v2,N20_i02_Amargin_s42,20,4,2,5c7e45cb7b1e,Amargin,0.5024016237652457,0.13224037954153933,3.7991544300387563,0.5024016237652457,20.999999999972246,42,lightning_gpu,single,2,100,lbfgs_100grad,,-0.06964184277929608,1.553641391169088,4845,2023-08-06,2026-08-05,ok,,1000,406,841,593922,4,True,-8.00803454395937,0.03039143628456098,-8.00803454395937,True,0.406,593922,0.03039143628456098,0.06438633756312566,0.0123374990499966,16,1,False,False,False,1.511966087951995,0.3165617816039353,0.2087095630771544,0,0,1.546169852694576,5.218751166845553,8.108067823023227,1.0000014569951485,0.3918313267076883,1.9582827007980086e-05,1.9582827007980086e-05,0.0001433633005945012,0.9866593415074906,5.61144932377095,0.00019581101406082832,0.00019581101406082832,0.0019563856533376034,0.0019563856533376034,0.01939251700209733,0.01939251700209733,0.17784816554986815,0.17784816554986815,0.9999973959375223,0.011566573671785374,3.60863992909799e-07,3.60863992909799e-07,1.7000961463509157e-05,4.372388506640325,38.351656498372236,3.6086340690766674e-06,3.6086340690766674e-06,3.608575469561274e-05,3.608575469561274e-05,0.00036079895441845845,0.00036079895441845845,0.0036021372618583957,0.0036021372618583957,3.7912805216488104,-5.836983680725098,-5.836983680725098,-5.836986541748047,52,-5.836978435516357,-5.836986541748047,63,63,2.4314546363447995 1.3787772821439981 2.6973649175810768 2.1908462769412909,1.3299376407122143 0.94914091799757117 2.6356101333469977 2.00038589742269,45.2018102183938,0.06444306205958128,0.23144391644746065,45.266253280453384,0.020478145219385624
e1-v2,N20_i02_Amargin_s43,20,4,2,5c7e45cb7b1e,Amargin,0.5024016237652457,0.13224037954153933,3.7991544300387563,0.5024016237652457,20.999999999972246,43,lightning_gpu,single,2,100,lbfgs_100grad,,-0.06964184277929608,1.553641391169088,4845,2023-08-06,2026-08-05,ok,,1000,8,998,65612,4,True,-7.595349566792069,0.44307641345186155,-7.59534956679207,True,0.008,65612,0.44307641345186155,0.3300106827389209,0.06323556578735946,976,1,False,False,False,0.849974996761694,0.1822477331583719,0.21323889978988173,0,0,1.546169852694576,5.218751166845553,8.108067823023227,1.0000022113679472,0.008960924303437423,1.8621519757289207e-06,1.8621519757289207e-06,1.3059957268524158e-05,4.081962503600742,28.656761935555945,1.8621363715614938e-05,1.8621363715614938e-05,0.00018619803394757234,0.00018619803394757234,0.0018604209770220676,0.0018604209770220676,0.0184492274877159,0.0184492274877159,0.999999882945767,0.1623693944839033,5.907360537094064e-05,5.907360537094064e-05,0.00039903397191665135,4.168358998405378,35.998669662329576,0.0005905790423563652,0.0005905790423563652,0.005890119853912582,0.005890119853912582,0.0573642613905888,0.0573642613905888,0.44609024513012135,0.44609024513012135,3.7912805216488104,-1.9667187929153442,-1.9667187929153442,-1.9667187929153442,38,-1.9667187929153442,-1.9667187929153442,72,72,2.0492585716432195 0.13752423515278736 0.062924802978478217 2.6364640840167701,2.1247138703579656 -0.021460252712658046 0.17722537343874195 2.7076757225830397,51.49682683032006,0.06437963899224997,0.23329633381217718,51.56120646931231,0.020278504118323326
e1-v2,N20_i02_Amargin_s44,20,4,2,5c7e45cb7b1e,Amargin,0.5024016237652457,0.13224037954153933,3.7991544300387563,0.5024016237652457,20.999999999972246,44,lightning_gpu,single,2,100,lbfgs_100grad,,-0.06964184277929608,1.553641391169088,4845,2023-08-06,2026-08-05,ok,,1000,424,931,532486,4,True,-7.996998173778253,0.041427806465677675,-7.996998173778254,True,0.424,532486,0.041427806465677675,0.07148988812752716,0.013698658135244804,18,1,False,False,False,1.1115087987435552,0.17994183892607304,0.1609900336626648,0,0,1.546169852694576,5.218751166845553,8.108067823023227,1.0000030776810835,0.43362964499829104,0.00013899075565859675,0.00013899075565859675,0.0009433128725504503,0.5801353637118671,1.0662075485825695,0.0013890385493604582,0.0013890385493604582,0.013803882055017952,0.013803882055017952,0.12977233335533375,0.12977233335533375,0.7509257309435768,0.7509257309435768,1.0000022041043053,0.08815094069632323,2.148480234609451e-05,2.148480234609451e-05,0.0001483719806856243,2.9657347490942785,22.7593055109904,0.00021482725279804482,0.00021482725279804482,0.0021461969335813953,0.0021461969335813953,0.021255873921764822,0.021255873921764822,0.19333783692313428,0.19333783692313428,3.7912805216488104,-6.546527862548828,-6.546527862548828,-6.546527862548828,21,-6.546527862548828,-6.546527862548828,34,34,0.38505090477492371 0.8108861395016167 1.274766337564649 3.0447811714676671,0.28879533070620023 0.9850907750572433 0.73830030920904344 3.402588918738902,24.29699066001922,0.064501678571105,0.2396520897746086,24.361492338590324,0.020567383617162704
e1-v2,N20_i02_Amargin_s45,20,4,2,5c7e45cb7b1e,Amargin,0.5024016237652457,0.13224037954153933,3.7991544300387563,0.5024016237652457,20.999999999972246,45,lightning_gpu,single,2,100,lbfgs_100grad,,-0.06964184277929608,1.553641391169088,4845,2023-08-06,2026-08-05,ok,,1000,288,945,532514,4,True,-8.084467782911753,-0.046041802667822984,-8.084467782911753,True,0.288,532514,-0.046041802667822984,0.015190146352701429,0.0029106860754740745,2,1,False,False,True,1.526548351227461,0.29447888907285874,0.19224997939756014,0,0,1.546169852694576,5.218751166845553,8.108067823023227,1.0000009742898661,0.28560172236393555,0.00017798961198423058,0.00017798961198423058,0.0011814902245532721,1.5743488785303907,10.466968485798551,0.0017784711826945015,0.0017784711826945015,0.017643051569802268,0.017643051569802268,0.16306214119536347,0.16306214119536347,0.8313710500305349,0.8313710500305349,1.0000020805444874,0.03779251511338089,2.156391929020174e-05,2.156391929020174e-05,0.00014126919995760545,6.441708506221088,66.20943235726585,0.0002156182689875635,0.0002156182689875635,0.002154091786638627,0.002154091786638627,0.02133330776959201,0.02133330776959201,0.19397580470409367,0.19397580470409367,3.7912805216488104,-5.03854513168335,-5.03854513168335,-5.03854513168335,53,-5.038540363311768,-5.03854513168335,64,64,1.8005430614133757 1.660303899153966 2.3990779832738145 2.5500080338093531,1.5797712789148186 2.2698974706203603 2.9045313919741353 3.5317958679686847,45.9918448170647,0.06449279375374317,0.23330543376505375,46.056337610818446,0.02021628897637129
e1-v2,N20_i02_Amargin_s46,20,4,2,5c7e45cb7b1e,Amargin,0.5024016237652457,0.13224037954153933,3.7991544300387563,0.5024016237652457,20.999999999972246,46,lightning_gpu,single,2,100,lbfgs_100grad,,-0.06964184277929608,1.553641391169088,4845,2023-08-06,2026-08-05,ok,,1000,342,904,524310,4,True,-8.043379390182643,-0.004953409938712294,-8.043379390182643,True,0.342,524310,-0.004953409938712294,0.04163665644354832,0.00797827969037186,6,1,False,False,True,1.2762590793320823,0.21685123906471124,0.16912807325741014,0,0,1.546169852694576,5.218751166845553,8.108067823023227,1.0000017549226403,0.3491836958346539,0.0001803316263249144,0.0001803316263249144,0.0011930072796531022,0.5349931681840127,1.4166298709280867,0.0018018535894469491,0.0018018535894469491,0.017873135253810804,0.017873135253810804,0.16502031855626836,0.16502031855626836,0.835275167705522,0.835275167705522,1.000000401271638,0.048265323669966165,1.619161594135221e-05,1.619161594135221e-05,0.0001022252909024246,6.462566121823619,61.75290053473286,0.00016190436234369366,0.00016190436234369366,0.0016178645465584269,0.0016178645465584269,0.016061365341995777,0.016061365341995777,0.14948860588028673,0.14948860588028673,3.7912805216488104,-6.5119948387146,-6.5119948387146,-6.5119948387146,49,-6.5119948387146,-6.5119948387146,61,61,2.8450397427097829 0.24261512621431053 0.85630314278475539 1.9536009066557216,1.3239100741033745 -0.95352912015654057 1.5531156559731565 1.1278283382244394,43.75985983107239,0.06441920064389706,0.2314110230654478,43.82427903171629,0.020548854023218155
e1-v2,N20_i03_Aheur_s42,20,4,3,84d0445ead7c,Aheur,20.99999999997685,0.13180414304993487,159.32731334568794,0.46150782356013154,20.99999999997685,42,lightning_gpu,single,2,100,lbfgs_100grad,,0.1266548818014097,2.5177106787318015,4845,2023-08-06,2026-08-05,ok,,1000,32,975,65562,4,True,-335.7058521320041,0.2941478676254736,-335.7058521320041,True,0.032,65562,0.2941478676254736,0.06652590674494496,0.0004986790058178195,98,1,False,False,False,1.3563019577238251,0.31068905857756224,0.22833341558931983,0,0,1.2156907805941704,133.40426600844037,335.8733451178282,1.0000016083554328,0.03400387728197529,6.990497240622062e-06,2.096315802191384e-05,0.00032061796582638635,4.765103641593054,35.518397828756264,0.00020961180589483777,6.990277342988753e-05,0.0020941419937988244,0.0006988078873845984,0.02074517357408893,0.006966144813022613,0.18911884549288524,0.0675178005822551,0.9999988970016105,0.0002495700822996371,1.4051023455863287e-08,4.053778823731591e-08,3.4959198223077914e-07,5.668288094348063,45.723650918248126,4.053778084241147e-07,1.405102256742265e-07,4.053770689346601e-06,1.4051013683020397e-06,4.0536967413903766e-05,1.4050924839409803e-05,0.0004052957360742143,0.00014050036444497826,126.96970335914993,-0.915390133857727,-0.915390133857727,-0.915390133857727,20,-0.915390133857727,-0.915390133857727,72,72,2.4314546363447995 1.3787772821439981 2.6973649175810768 2.1908462769412909,2.560832735933888 1.6874914981970819 2.8741809060999239 2.0172100373279456,51.71516534965485,0.06411824002861977,0.33208808302879333,51.77928358968347,0.01977047696709633
e1-v2,N20_i03_Aheur_s43,20,4,3,84d0445ead7c,Aheur,20.99999999997685,0.13180414304993487,159.32731334568794,0.46150782356013154,20.99999999997685,43,lightning_gpu,single,2,100,lbfgs_100grad,,0.1266548818014097,2.5177106787318015,4845,2023-08-06,2026-08-05,ok,,1000,4,998,98314,4,True,-335.66295169937376,0.33704830025585675,-335.6629516993737,True,0.004,98314,0.33704830025585675,0.0835653676300982,0.0006264070117878471,188,1,False,False,False,1.0168136993239552,0.21036129751404373,0.20589936745860224,0,0,1.2156907805941704,133.40426600844037,335.8733451178282,1.0000083006831275,0.0039021571494686214,8.00593340954947e-07,2.401809410912392e-06,3.684791732894155e-05,4.776555584574782,30.382414969997704,2.4017834519806463e-05,8.005904566874657e-06,0.00024015238832369973,8.005616147746483e-05,0.0023989302519478377,0.0008002732718309374,0.02373198326141937,0.007973974456309471,1.0000001097693776,0.11005893343462958,2.301043423358351e-05,6.902789755258709e-05,0.0010570624363026582,5.1562746026852135,43.230773246555,0.0006900645967111942,0.0002300805171940414,0.006879256840041686,0.002298424465928341,0.06670158070751085,0.022747971880298243,0.4985757856147566,0.20555139992223384,126.96970335914993,-1.7648025751113892,-1.7648026943206787,-1.7648026943206787,31,-1.7648026943206787,-1.7648026943206787,79,79,2.0492585716432195 0.13752423515278736 0.062924802978478217 2.6364640840167701,1.9601278038648859 -0.01881940438571033 0.15672835644925218 2.758622522478805,56.36164595372975,0.06484090071171522,0.2313855579122901,56.426486854441464,0.020608047023415565
e1-v2,N20_i03_Aheur_s44,20,4,3,84d0445ead7c,Aheur,20.99999999997685,0.13180414304993487,159.32731334568794,0.46150782356013154,20.99999999997685,44,lightning_gpu,single,2,100,lbfgs_100grad,,0.1266548818014097,2.5177106787318015,4845,2023-08-06,2026-08-05,ok,,1000,446,944,147474,4,True,-335.84184365589743,0.15815634373218912,-335.8418436558974,True,0.446,147474,0.15815634373218912,0.012511946744670058,9.378970492501671e-05,4,1,False,False,True,1.1181156020111636,0.20139962208491488,0.179229787800523,0,0,1.2156907805941704,133.40426600844037,335.8733451178282,1.0000009796754845,0.43453481136384653,9.042677993420511e-05,0.0002712684727157466,0.004156013565079775,0.7755339278855253,0.8757383822260904,0.0027093757251341003,0.0009038999229445953,0.026765800366260854,0.009002321133384197,0.23761627403272256,0.08646251423148789,0.9336660022491551,0.5951783530694073,1.0000031407223275,0.08712567972361285,1.8180428014602512e-05,5.453571975522209e-05,0.0008343728459294653,3.1399625248164904,22.121031404910127,0.0005452233805012034,0.0001817894071087732,0.00543887615173838,0.0018164076592940921,0.05307672385989205,0.018016323309494604,0.4203739175759843,0.1662368692125131,126.96970335914993,-6.676479339599609,-6.676479339599609,-6.676479339599609,49,-6.676479339599609,-6.676479339599609,100,100,0.38505090477492371 0.8108861395016167 1.274766337564649 3.0447811714676671,0.33686768003202422 1.0989497474531398 0.40580275589694897 3.2716351193562154,71.65091689955443,0.06438153423368931,0.23778826743364334,71.71529843378812,0.019809004850685596
e1-v2,N20_i03_Aheur_s45,20,4,3,84d0445ead7c,Aheur,20.99999999997685,0.13180414304993487,159.32731334568794,0.46150782356013154,20.99999999997685,45,lightning_gpu,single,2,100,lbfgs_100grad,,0.1266548818014097,2.5177106787318015,4845,2023-08-06,2026-08-05,ok,,1000,280,989,163850,4,True,-335.76314892571196,0.23685107391766475,-335.7631489257119,True,0.28,163850,0.23685107391766475,0.043768409550442096,0.0003280885301499497,35,1,False,False,True,0.9619882737233634,0.1762084585623768,0.18213159489380748,0,0,1.2156907805941704,133.40426600844037,335.8733451178282,1.000000425074195,0.2676996676600538,5.454825804918073e-05,0.00016366260024369694,0.0025153098031296395,3.8306624760824732,27.45803579713364,0.0016354211832371019,0.0005453487019065017,0.016234378115164132,0.005440123228947705,0.15098293642081773,0.053088597235446004,0.8053904322664499,0.42044659220570385,1.000000665658522,0.03283691290835122,5.959598638582975e-06,1.789521411410533e-05,0.0002804083310365968,6.556324839474137,57.54133118056602,0.000178937731087752,5.959438815451242e-05,0.0017879371561626402,0.0005957840898408703,0.01773620291686367,0.005941893108739896,0.16385542341736378,0.05785507116240832,126.96970335914993,-2.2558720111846924,-2.2558720111846924,-2.2558722496032715,46,-2.2558722496032715,-2.2558722496032715,77,77,1.8005430614133757 1.660303899153966 2.3990779832738145 2.5500080338093531,2.5166159451489158 3.0418421513200773 1.7179752704949822 2.8937551307049802,55.114379349164665,0.0645544845610857,0.2318819034844637,55.17893383372575,0.020543185994029045
e1-v2,N20_i03_Aheur_s46,20,4,3,84d0445ead7c,Aheur,20.99999999997685,0.13180414304993487,159.32731334568794,0.46150782356013154,20.99999999997685,46,lightning_gpu,single,2,100,lbfgs_100grad,,0.1266548818014097,2.5177106787318015,4845,2023-08-06,2026-08-05,ok,,1000,369,947,131218,4,True,-335.8079968969228,0.19200310270680382,-335.80799689692276,True,0.369,131218,0.19200310270680382,0.025955413168565786,0.0001945620926914257,10,1,False,False,True,1.108439938638318,0.2069661576118164,0.1858162543879816,0,0,1.2156907805941704,133.40426600844037,335.8733451178282,0.9999993134487737,0.3693286649067886,7.103976531652734e-05,0.00021323341934476048,0.003305297934275586,0.8575128169447507,1.241558744605409,0.0021302892743611398,0.0007101705970099201,0.02109983257628284,0.007079053494556975,0.19205085097996744,0.06857749740809471,0.8814667264330441,0.5085636688194353,1.0000011909132063,0.09214209548918006,1.8561811884865165e-05,5.569412314798683e-05,0.0008568523062422173,7.437992327263981,68.36986194246006,0.0005568016696174329,0.00018560261527734284,0.005554086126434755,0.0018544767448824134,0.054173068293437064,0.01839077151488677,0.4270499513696207,0.16941070951192408,126.96970335914993,-6.615299224853516,-6.615317344665527,-6.615317344665527,77,-6.615316390991211,-6.615317344665527,100,100,2.8450397427097829 0.24261512621431053 0.85630314278475539 1.9536009066557216,1.9383551126991974 -2.2859816313158179 1.57910801832988 1.9864190456692308,71.55071486346424,0.06432610284537077,0.2344943881034851,71.6150409663096,0.01975752878934145
e1-v2,N20_i03_Amargin_s42,20,4,3,84d0445ead7c,Amargin,0.46150782356013154,0.13180414304993487,3.501466743615838,0.46150782356013154,20.99999999997685,42,lightning_gpu,single,2,100,lbfgs_100grad,,0.1266548818014097,2.5177106787318015,4845,2023-08-06,2026-08-05,ok,,1000,207,839,656386,4,True,-7.1996713003194595,0.18445387664264545,-7.19967130031946,True,0.207,656386,0.18445387664264545,0.022956964566853935,0.00796406908889125,8,1,False,False,True,1.4605565783126346,0.31943505264473976,0.2180230861118878,0,0,1.2156907805941704,2.882567229216489,7.257470295160695,1.0000000662101363,0.23974475873910706,6.49449139018543e-05,0.00019533740123733878,0.0028947655846423004,1.0073014875338795,4.827697074708729,0.0019516578549648982,0.0006492593690032151,0.019346063989181934,0.00647365729745306,0.17745861547159605,0.06288289220408788,0.8582322070398654,0.4776775853284515,0.9999985155578954,0.04494345912850628,3.988522803410888e-05,0.00011493960118968971,0.0011343890417685465,4.362211047538386,31.946520249705742,0.0011488016940413683,0.0003987807005409482,0.011428809970284953,0.003980658437962914,0.10858590576900543,0.03910104716139467,0.6831928571808882,0.328915510882389,3.7387503006496092,-5.767611980438232,-5.767611980438232,-5.767611980438232,50,-5.767610549926758,-5.767611980438232,74,74,2.4314546363447995 1.3787772821439981 2.6973649175810768 2.1908462769412909,1.1003008432942591 0.71804756338723208 2.3725298103985595 2.0332823055556704,52.839643145911396,0.06471481919288635,0.23125840723514557,52.90435796510428,0.020545036531984806
e1-v2,N20_i03_Amargin_s43,20,4,3,84d0445ead7c,Amargin,0.46150782356013154,0.13180414304993487,3.501466743615838,0.46150782356013154,20.99999999997685,43,lightning_gpu,single,2,100,lbfgs_100grad,,0.1266548818014097,2.5177106787318015,4845,2023-08-06,2026-08-05,ok,,1000,5,998,147600,4,True,-7.12381454432276,0.26031063263934473,-7.1238145443227605,True,0.005,147600,0.26031063263934473,0.05308622311808237,0.018416300088345813,56,1,False,False,False,1.1780717256663695,0.243591435320124,0.20592246637860998,0,0,1.2156907805941704,2.882567229216489,7.257470295160695,1.0000024464588,0.01007178992244917,2.176471980419592e-06,6.542785513374838e-06,9.918539080899791e-05,4.4573480462789,28.492113361662764,6.542592880545571e-05,2.1764506639070446e-05,0.0006540666968105993,0.00021762375140910674,0.006521449361150963,0.0021741075460490248,0.06333358047508439,0.02152960049176341,1.0000000156014341,0.16833681564457947,7.001665653660893e-05,0.00021055949036963284,0.002926001772721065,4.520502871331946,34.71146566929065,0.0021036009350554954,0.0006999460016017666,0.020837991135156046,0.006977454517897828,0.18988710228361474,0.06762399593444068,0.8782537856714527,0.5035095737555118,3.7387503006496092,-1.9237338304519653,-1.9237338304519653,-1.9237345457077026,38,-1.9237345457077026,-1.9237345457077026,95,95,2.0492585716432195 0.13752423515278736 0.062924802978478217 2.6364640840167701,2.2304847234339578 -0.025133442943905147 0.18880754365518868 2.6860600687066145,67.84275957476348,0.06450207345187664,0.23418904654681683,67.90726164821535,0.019841722212731838
e1-v2,N20_i03_Amargin_s44,20,4,3,84d0445ead7c,Amargin,0.46150782356013154,0.13180414304993487,3.501466743615838,0.46150782356013154,20.99999999997685,44,lightning_gpu,single,2,100,lbfgs_100grad,,0.1266548818014097,2.5177106787318015,4845,2023-08-06,2026-08-05,ok,,1000,417,926,147474,4,True,-7.225968833229915,0.15815634373218912,-7.225968833229916,True,0.417,147474,0.15815634373218912,0.012511946744670058,0.004340556784887523,4,1,False,False,True,1.1181156020111636,0.20139962208491488,0.179229787800523,0,0,1.2156907805941704,2.882567229216489,7.257470295160695,1.0000014976684621,0.42100899793513236,0.00015499383152928203,0.00046276499051600695,0.006547411991050467,0.6267217186636527,1.1211211029414392,0.004618024973109007,0.0015488577230317554,0.045232295955731194,0.015381068690702519,0.3705268625725344,0.14358982766137976,0.9902327565083847,0.7877644302498459,1.0000019983131665,0.08779508732550312,2.6376452296972275e-05,7.883877515268978e-05,0.0011261057679803343,3.370588624937243,23.3287101508636,0.0007881081104609299,0.00026373321789607753,0.007853189616586525,0.00263420439476748,0.07581395766789607,0.026031970852008812,0.5454370317346434,0.23184827105494732,3.7387503006496092,-6.326937198638916,-6.326937198638916,-6.326937198638916,18,-6.326937198638916,-6.326937198638916,31,31,0.38505090477492371 0.8108861395016167 1.274766337564649 3.0447811714676671,0.30609884323078884 1.042305906273449 0.73530228312400181 3.4029229467275122,22.295838235877454,0.06445908546447754,0.23059423733502626,22.360297321341932,0.017602666281163692
e1-v2,N20_i03_Amargin_s45,20,4,3,84d0445ead7c,Amargin,0.46150782356013154,0.13180414304993487,3.501466743615838,0.46150782356013154,20.99999999997685,45,lightning_gpu,single,2,100,lbfgs_100grad,,0.1266548818014097,2.5177106787318015,4845,2023-08-06,2026-08-05,ok,,1000,294,934,132114,4,True,-7.186387449933477,0.19773772702862713,-7.186387449933479,True,0.294,132114,0.19773772702862713,0.028233126954453173,0.009794438328547579,15,1,False,False,True,1.5958179162786825,0.37448031036494206,0.23403692022450012,0,0,1.2156907805941704,2.882567229216489,7.257470295160695,1.0000018783229485,0.27822815536001144,0.00031563686206936836,0.0009506963833700866,0.011506350740091875,1.7234741125088475,10.54361184240284,0.00946639471116799,0.0031518891938191354,0.09073150845394576,0.031075580501350474,0.6137029252425278,0.2707120894156061,0.9999260029860808,0.9574411246217646,1.0000005734755661,0.059282507821706076,5.083324504084885e-05,0.00014868130529066548,0.0016950682111200877,7.33105475267894,71.31231555862932,0.0014858186713418192,0.0005082161853235116,0.014759234742549433,0.005070554824812604,0.1381657907312937,0.04956408058820157,0.7739329391988179,0.398510001281685,3.7387503006496092,-4.870492935180664,-4.870492935180664,-4.870492935180664,57,-4.8704833984375,-4.870492935180664,78,78,1.8005430614133757 1.660303899153966 2.3990779832738145 2.5500080338093531,1.6512113925529079 2.3476833307401019 2.8961360002306589 3.5776208102745102,55.979354430921376,0.0646887393668294,0.2338322028517723,56.044043170288205,0.019765776582062244
e1-v2,N20_i03_Amargin_s46,20,4,3,84d0445ead7c,Amargin,0.46150782356013154,0.13180414304993487,3.501466743615838,0.46150782356013154,20.99999999997685,46,lightning_gpu,single,2,100,lbfgs_100grad,,0.1266548818014097,2.5177106787318015,4845,2023-08-06,2026-08-05,ok,,1000,295,894,540802,4,True,-7.100103534406188,0.28402164255591655,-7.1001035344061885,True,0.295,540802,0.28402164255591655,0.06250390963658072,0.02168341782389926,82,1,False,False,False,0.8762045672391436,0.16247734608112915,0.18429183334427535,0,0,1.2156907805941704,2.882567229216489,7.257470295160695,0.9999997009726839,0.2767342085662676,1.9386221538297832e-05,5.845258601766545e-05,0.0009731362697493751,1.0716797709629002,3.7815271722070682,0.0005843721324234842,0.0001938453041059003,0.005828378161174841,0.0019367629947477677,0.056778650122348874,0.019199701496739805,0.44263945161667534,0.17623014851415414,1.000000303294823,0.037649533080715614,2.027113441727124e-05,6.0384118114598095e-05,0.0007073094643601507,6.8046977332159555,54.822971211870374,0.0006036771266867785,0.00020269285382217667,0.006020398465183004,0.002025080739484356,0.058598862123256296,0.02006725760267705,0.45330237267686957,0.18348777871887373,3.7387503006496092,-5.8795247077941895,-5.8795247077941895,-5.8795247077941895,26,-5.8795247077941895,-5.8795247077941895,39,39,2.8450397427097829 0.24261512621431053 0.85630314278475539 1.9536009066557216,1.3812544616841236 0.56261962269379329 0.97658635726849707 2.5272346717613328,27.79840929340571,0.06462836638092995,0.23191867396235466,27.86303765978664,0.020563111640512943
e1-v2,N20_i04_Aheur_s42,20,4,4,2a3da2453277,Aheur,20.99999999997685,0.19916549822251484,105.43994912469678,0.5382829068036402,20.99999999997685,42,lightning_gpu,single,2,100,lbfgs_100grad,,0.11417004661385732,1.9778014331505505,4845,2023-08-06,2026-08-05,ok,,1000,35,973,524326,4,True,-335.78609317132486,0.2139068283047595,-335.7860931713248,True,0.035,524326,0.2139068283047595,0.05042810669422252,0.00029693655640326805,24,1,False,False,False,0.9824074263735781,0.17696078960686196,0.17911182762165898,0,0,1.2916578914107686,169.82788278091417,335.88582995301573,1.000000702856216,0.03389765101064768,6.979542831686558e-06,1.3958943327452289e-05,0.00016027172478061402,4.440205467095128,35.51416550339587,0.00013958066525645958,6.9793236226849e-05,0.001394930254519821,0.0006977132037478169,0.013862065098465914,0.006955266578519203,0.13028560909216036,0.06741564636023734,0.9999968879661874,0.00015129880052118364,8.524085437500162e-09,8.57437677803663e-09,7.256205083322476e-08,5.266024325616565,45.72497049994915,8.574376447196921e-08,8.524085110530023e-08,8.574373138800761e-07,8.524081840829551e-07,8.574340054932783e-06,8.524049143916821e-06,8.574009225614024e-05,8.523722183986803e-05,126.84729966253549,-0.9163501858711243,-0.9163501858711243,-0.9163501858711243,37,-0.9163501858711243,-0.9163501858711243,53,53,2.4314546363447995 1.3787772821439981 2.6973649175810768 2.1908462769412909,2.559479988891793 1.6866050433687325 2.8742114824367131 2.017145513318654,37.93571508675814,0.06413011439144611,0.23800961021333933,37.99984520114958,0.020573613233864307
e1-v2,N20_i04_Aheur_s43,20,4,4,2a3da2453277,Aheur,20.99999999997685,0.19916549822251484,105.43994912469678,0.5382829068036402,20.99999999997685,43,lightning_gpu,single,2,100,lbfgs_100grad,,0.11417004661385732,1.9778014331505505,4845,2023-08-06,2026-08-05,ok,,1000,1,998,524337,4,True,-335.3086881941832,0.6913118054463891,-335.30868819418316,True,0.001,524337,0.6913118054463891,0.291809758633439,0.0017182676593212145,1740,1,False,False,False,1.4669267375067965,0.4344510025515018,0.29548237922788123,0,0,1.2916578914107686,169.82788278091417,335.88582995301573,0.9999998033860393,0.0038914017441129545,7.990833523763285e-07,1.598899814325705e-06,1.8388176101780118e-05,4.468556573175805,30.385204060375692,1.5988883102119822e-05,7.990804789785332e-06,0.00015987732751445227,7.990517457582737e-05,0.0015976235312042696,0.000798764489309915,0.015861865237026603,0.0079589948515507,0.9999997791339599,0.10962430626204878,2.2887872546561994e-05,4.5739603592664935e-05,0.0005258655437501147,4.78835588490155,43.27910111569123,0.0004573019023986548,0.00022885515344241581,0.004563619864453297,0.002286196111537578,0.04471031524892515,0.022628188133852048,0.3670769934146056,0.2045770910131421,126.84729966253549,-1.7652359008789062,-1.7652359008789062,-1.7652359008789062,15,-1.7652359008789062,-1.7652359008789062,26,26,2.0492585716432195 0.13752423515278736 0.062924802978478217 2.6364640840167701,1.9592691453088187 -0.019043953237439917 0.15633044796949594 2.7590553578467722,18.570379267446697,0.06838687509298325,0.242017918266356,18.63876614253968,0.020624248310923576
e1-v2,N20_i04_Aheur_s44,20,4,4,2a3da2453277,Aheur,20.99999999997685,0.19916549822251484,105.43994912469678,0.5382829068036402,20.99999999997685,44,lightning_gpu,single,2,100,lbfgs_100grad,,0.11417004661385732,1.9778014331505505,4845,2023-08-06,2026-08-05,ok,,1000,424,951,524314,4,True,-335.82630839189915,0.17369160773043357,-335.82630839189915,True,0.424,524314,0.17369160773043357,0.030094811399626213,0.00017720771705344708,13,1,False,False,True,1.3610035903080215,0.2814239244657384,0.20604201668731306,0,0,1.2916578914107686,169.82788278091417,335.88582995301573,1.0000002466019529,0.434641880900017,9.038041753228754e-05,0.00018067516793962568,0.0020772829302586615,0.7791656729405343,0.875618834292924,0.0018052834286833139,0.0009034366760085584,0.017906880910257873,0.00899772620406576,0.1653071713264285,0.08642015562812003,0.835840196932836,0.5949906075392309,1.0000022374708806,0.08712248186930083,1.8120055756298825e-05,3.616255162341986e-05,0.00041563119884813204,2.9462154578189277,22.112609508173648,0.00036156667405244625,0.00018118578313797504,0.0036097895383799886,0.0018103812719552624,0.035517128276000266,0.017957035871593852,0.303461391433662,0.16573334646376023,126.84729966253549,-6.679728984832764,-6.679728984832764,-6.679728984832764,59,-6.675051689147949,-6.679728984832764,100,100,0.38505090477492371 0.8108861395016167 1.274766337564649 3.0447811714676671,0.33734145476551436 1.0955392722735451 0.4049793156605046 3.2718762120509575,71.66947816405445,0.06449496280401945,0.3219994520768523,71.73397312685847,0.020585150457918644
e1-v2,N20_i04_Aheur_s45,20,4,4,2a3da2453277,Aheur,20.99999999997685,0.19916549822251484,105.43994912469678,0.5382829068036402,20.99999999997685,45,lightning_gpu,single,2,100,lbfgs_100grad,,0.11417004661385732,1.9778014331505505,4845,2023-08-06,2026-08-05,ok,,1000,290,989,524370,4,True,-335.8540298851182,0.14597011451137176,-335.85402988511817,True,0.29,524370,0.14597011451137176,0.01607849370745896,9.467522908591495e-05,4,1,False,False,True,1.3286863948502412,0.2627183958284427,0.1969752959335009,0,0,1.2916578914107686,169.82788278091417,335.88582995301573,1.0000014814266374,0.26766806602608995,5.4712883866159245e-05,0.00010965109686367214,0.001261844332475448,3.5833760301471527,27.459166972162954,0.0010959700754744077,0.0005469941508289279,0.010905806654865185,0.005456497011903825,0.10385863855773668,0.05324447898320916,0.665985572171432,0.42139995386576723,1.0000019971356515,0.03329631394490207,6.249566467886325e-06,1.274919532079366e-05,0.0001473156576139445,6.065066694790375,57.46626773039493,0.00012748463906744485,6.249390713950707e-05,0.0012741152842558107,0.0006247633537008453,0.012668348854119757,0.006230097952480948,0.1197002160339337,0.06058304797559108,126.84729966253549,-2.2566404342651367,-2.2566404342651367,-2.2566404342651367,17,-2.2566404342651367,-2.2566404342651367,25,25,1.8005430614133757 1.660303899153966 2.3990779832738145 2.5500080338093531,2.5151231327294461 3.0400866237351232 1.7179586695784839 2.8937613675104048,17.674595091491938,0.06423767935484648,0.3317794883623719,17.738832770846784,0.020614388398826122
e1-v2,N20_i04_Aheur_s46,20,4,4,2a3da2453277,Aheur,20.99999999997685,0.19916549822251484,105.43994912469678,0.5382829068036402,20.99999999997685,46,lightning_gpu,single,2,100,lbfgs_100grad,,0.11417004661385732,1.9778014331505505,4845,2023-08-06,2026-08-05,ok,,1000,347,931,528418,4,True,-335.7770154444501,0.22298455517949123,-335.77701544445006,True,0.347,528418,0.22298455517949123,0.05501791370041491,0.0003239627839639888,25,1,False,False,False,1.2819307927502028,0.268049904935932,0.20831850396776402,0,0,1.2916578914107686,169.82788278091417,335.88582995301573,1.000000186421778,0.3545645140184206,7.68406898714602e-05,0.00015255908510880545,0.0017501989204902202,0.8443323688467492,1.3180360729449676,0.0015245439347083465,0.00076814125102901,0.015141272882984039,0.007654914981255461,0.14150182412609275,0.07396536503784155,0.7825327977979428,0.536262408682416,0.999998993863894,0.09269597525781137,1.8761707906378433e-05,3.763282984436955e-05,0.00043313011883583385,6.859345418997863,68.40173225799988,0.0003762645744941886,0.00018760123978049626,0.003756281256743997,0.001874429449710018,0.0369341967256046,0.01858697534501455,0.31362790088070447,0.1710693970352377,126.84729966253549,-6.605967044830322,-6.605967044830322,-6.605967044830322,61,-6.605966091156006,-6.605967044830322,77,77,2.8450397427097829 0.24261512621431053 0.85630314278475539 1.9536009066557216,2.0372726009328606 -1.6207241259870255 1.573593839084513 1.9926650266480175,54.934078469872475,0.06450676638633013,0.23510857205837965,54.998585236258805,0.02052117418497801
e1-v2,N20_i04_Amargin_s42,20,4,4,2a3da2453277,Amargin,0.5382829068036402,0.19916549822251484,2.70269153848249,0.5382829068036402,20.99999999997685,42,lightning_gpu,single,2,100,lbfgs_100grad,,0.11417004661385732,1.9778014331505505,4845,2023-08-06,2026-08-05,ok,,1000,395,809,530434,4,True,-8.4501884464406,0.16233806241764337,-8.450188446440599,True,0.395,530434,0.16233806241764337,0.024354323440375164,0.0056679213231148745,8,1,False,False,True,1.4766242298067793,0.31880384419362345,0.21522323538955407,0,0,1.2916578914107686,4.296870413682975,8.498356462244386,1.0000027484342944,0.38820500470865227,1.6588350263191387e-05,3.717025538207963e-05,0.00042963546911778394,1.1122102009197508,5.608101105986002,0.0003716403867282182,0.00016587112037825817,0.0037101947768746033,0.0016574736559757549,0.036488587357216426,0.016451656539738152,0.310445444865662,0.15285624697622013,0.9999978709341868,0.008009691130655083,3.482676675048424e-06,4.590603566612117e-06,6.438869867508856e-05,4.341724896751483,36.86958973075402,4.5905087363880204e-05,3.482622094889616e-05,0.0004589560577789731,0.0003482076356024448,0.004580093339620522,0.003476625234212173,0.04486839435199225,0.0342273528583935,4.076997103496206,-5.742605686187744,-5.742605686187744,-5.742605686187744,45,-5.742605686187744,-5.742605686187744,60,60,2.4314546363447995 1.3787772821439981 2.6973649175810768 2.1908462769412909,1.3499461778662569 0.96225912243895861 2.6347539094773036 2.0009239191566475,42.85958979651332,0.06448960769921541,0.23658363986760378,42.924079404212534,0.021052290685474873
e1-v2,N20_i04_Amargin_s43,20,4,4,2a3da2453277,Amargin,0.5382829068036402,0.19916549822251484,2.70269153848249,0.5382829068036402,20.99999999997685,43,lightning_gpu,single,2,100,lbfgs_100grad,,0.11417004661385732,1.9778014331505505,4845,2023-08-06,2026-08-05,ok,,1000,9,997,655520,4,True,-8.035351830198842,0.5771746786594025,-8.03535183019884,True,0.009,655520,0.5771746786594025,0.23410066566085921,0.054481667614500996,1008,1,False,False,False,0.819103511364638,0.1879215583072062,0.22820260896671318,0,0,1.2916578914107686,4.296870413682975,8.498356462244386,1.0000011319013076,0.00880204711938859,1.8200253180111758e-06,3.6757425050382153e-06,4.206582298138528e-05,4.225592826248627,28.685524111527656,3.675681705760835e-05,1.8200104118688093e-05,0.0003675073786729866,0.0001819861359397516,0.003669001963938134,0.0018183717295147304,0.036090137723558346,0.018035645083906482,1.0000011250285854,0.16783863231466967,6.0656602727249265e-05,0.00011421294038882479,0.0012963633926119655,4.266079567474385,35.69777604435016,0.0011415425758270635,0.0006064004889945051,0.011356963534754598,0.006047484150065859,0.10793784040314758,0.05885536002355275,0.6808820935635072,0.4547901017899392,4.076997103496206,-1.9320645332336426,-1.9320645332336426,-1.9320645332336426,42,-1.9320645332336426,-1.9320645332336426,81,81,2.0492585716432195 0.13752423515278736 0.062924802978478217 2.6364640840167701,2.1572377020516473 -0.021977258088498611 0.18009068780991669 2.7047747165946503,57.81731757335365,0.06439349427819252,0.32519432343542576,57.88171106763184,0.02054633107036352
e1-v2,N20_i04_Amargin_s44,20,4,4,2a3da2453277,Amargin,0.5382829068036402,0.19916549822251484,2.70269153848249,0.5382829068036402,20.99999999997685,44,lightning_gpu,single,2,100,lbfgs_100grad,,0.11417004661385732,1.9778014331505505,4845,2023-08-06,2026-08-05,ok,,1000,440,928,528402,4,True,-8.478631355872482,0.13389515298576204,-8.47863135587248,True,0.44,528402,0.13389515298576204,0.009973249104427788,0.002321049541701077,2,1,False,True,True,1.5372052330632224,0.33239747586114005,0.21558440521358171,1,0,1.2916578914107686,4.296870413682975,8.498356462244386,1.0000009518283701,0.43396871410732274,0.00013900520571041852,0.00026551069458946586,0.002979488082928583,0.6952176579121291,1.063255344253943,0.002651936874139764,0.0013891828692116266,0.026205121829703523,0.013805307310596922,0.2332127908715977,0.12978490984745483,0.9297334553836281,0.7509617247069693,1.0000007458625646,0.08797406540634256,2.315761048521381e-05,4.336604615673423e-05,0.0004900248040939914,3.114740212370428,22.98631723373714,0.00043357584372500757,0.0002315519739707869,0.004327308750128182,0.002313108494650783,0.04244008597517847,0.022891792906883392,0.3518738106316247,0.20671980654503613,4.076997103496206,-6.444925308227539,-6.444925308227539,-6.444925308227539,20,-6.444925308227539,-6.444925308227539,32,32,0.38505090477492371 0.8108861395016167 1.274766337564649 3.0447811714676671,0.29219023800827332 0.99763987927925912 0.73857680374550916 3.4025814081640013,22.65040569845587,0.06408819928765297,0.3184384163469076,22.714493897743523,0.01742746029049158
e1-v2,N20_i04_Amargin_s45,20,4,4,2a3da2453277,Amargin,0.5382829068036402,0.19916549822251484,2.70269153848249,0.5382829068036402,20.99999999997685,45,lightning_gpu,single,2,100,lbfgs_100grad,,0.11417004661385732,1.9778014331505505,4845,2023-08-06,2026-08-05,ok,,1000,249,942,526342,4,True,-8.474860701004816,0.13766580785342708,-8.474860701004816,True,0.249,526342,0.13766580785342708,0.01187973718986645,0.00276474178789208,3,1,False,False,True,1.225876276216447,0.2277147288645534,0.18494095469755503,0,0,1.2916578914107686,4.296870413682975,8.498356462244386,1.0000004668727476,0.2847026577946963,0.0001929744757944718,0.0003351316263433546,0.0037441880922415294,1.7014790298559164,10.494233796650583,0.003346266683236643,0.001928069858324315,0.03296324945379794,0.019114270387001395,0.2847962383054016,0.1755123350723976,0.9649814709086084,0.8548417826999533,1.0000004326516354,0.04648347501506578,2.825529736583121e-05,4.3494681449374184e-05,0.00046555294466088526,6.6572678047079545,68.46927182898101,0.0004348616939377655,0.00028251705008281694,0.004340117088819848,0.0028215814906511227,0.042563259402011326,0.027860237768531426,0.3527070298171392,0.246146302948791,4.076997103496206,-4.952947616577148,-4.952947616577148,-4.952947616577148,40,-4.952947616577148,-4.952947616577148,64,64,1.8005430614133757 1.660303899153966 2.3990779832738145 2.5500080338093531,1.6037006073836033 2.3039809647754343 2.9041858712594188 3.5343031953307174,45.596347163431346,0.06459098495543003,0.23225957248359919,45.66093814838678,0.0206688204780221
e1-v2,N20_i04_Amargin_s46,20,4,4,2a3da2453277,Amargin,0.5382829068036402,0.19916549822251484,2.70269153848249,0.5382829068036402,20.99999999997685,46,lightning_gpu,single,2,100,lbfgs_100grad,,0.11417004661385732,1.9778014331505505,4845,2023-08-06,2026-08-05,ok,,1000,356,904,524310,4,True,-8.498356462244386,0.11417004661385732,-8.498356462244386,True,0.356,524310,0.11417004661385732,0.0,0.0,1,1,True,True,True,1.2916578914107686,0.24130836053207003,0.18604644629980277,2,1,1.2916578914107686,4.296870413682975,8.498356462244386,1.0000024384039397,0.348690858878399,0.00019815559790004045,0.0003408507473068312,0.00374437500431668,0.6457549160637293,1.4194046598266448,0.003403284156771052,0.001979789958517433,0.03351633823402031,0.01962244698463073,0.2888762759098385,0.17977389039594163,0.9669286688816554,0.8621724941310649,1.000000520685286,0.04769323786734958,1.5964593330863863e-05,2.7793582376034465e-05,0.00030546856760338414,6.428591415133587,60.06116900989673,0.0002779010645916702,0.00015963446472607926,0.0027755379150306747,0.0015951983929785864,0.02741127004647533,0.01583796007459814,0.24265750169554057,0.14755552819918122,4.076997103496206,-6.410040855407715,-6.410042762756348,-6.410042762756348,45,-6.410042762756348,-6.410042762756348,100,100,2.8450397427097829 0.24261512621431053 0.85630314278475539 1.9536009066557216,1.3441278827178906 -0.96798798683680221 1.553162765811859 1.1272840111073485,71.61851358693093,0.06446010991930962,0.23251247499138117,71.68297369685024,0.020652486011385918
e1-v2,N20_i05_Aheur_s42,20,4,5,6888b64628f1,Aheur,20.99999999996259,0.2761401780301649,76.04833222664396,0.7873179710593624,20.99999999996259,42,lightning_gpu,single,2,100,lbfgs_100grad,,0.054337513543296634,2.5278735897205458,4845,2023-08-06,2026-08-05,ok,,1000,37,975,559168,4,True,-335.57199841526136,0.42800158414009204,-335.5719984152613,True,0.037,559168,0.42800158414009204,0.14781754598658695,0.0011122753240266202,157,1,False,False,False,0.9910879520799903,0.2001590306245584,0.20094990581470043,0,0,1.4411374742880414,132.89654350279304,335.9456624858581,1.000000900493923,0.03438745972925972,7.119888778106542e-06,1.4235718936106423e-05,9.239226392310229e-05,6.215132155285069,35.54663272170773,0.0001423480702010363,7.119660664764659e-05,0.0014225692142625199,0.0007117380067222569,0.014134970104380721,0.00709462758431923,0.13268947209139495,0.06872358188615725,0.999999601319213,0.00015490344229627747,1.6661267920881073e-08,2.8091566406374113e-08,1.9063119954115804e-07,7.373363025178322,45.652556165196714,2.8091562855261914e-07,1.6661266671690808e-07,2.8091527344172853e-06,1.6661254179795038e-06,2.809117223657416e-05,1.6661129261524172e-05,0.000280876214897574,0.00016659880147495542,127.01058670503711,-0.9130550622940063,-0.9130550622940063,-0.9130550622940063,15,-0.9130550622940063,-0.9130550622940063,29,29,2.4314546363447995 1.3787772821439981 2.6973649175810768 2.1908462769412909,2.5577572921540304 1.6854960932757015 2.8739919846245097 2.0176601328173311,20.757513443939388,0.06435839645564556,0.2381728868931532,20.821871840395033,0.019705118611454964
e1-v2,N20_i05_Aheur_s43,20,4,5,6888b64628f1,Aheur,20.99999999996259,0.2761401780301649,76.04833222664396,0.7873179710593624,20.99999999996259,43,lightning_gpu,single,2,100,lbfgs_100grad,,0.054337513543296634,2.5278735897205458,4845,2023-08-06,2026-08-05,ok,,1000,5,1000,524326,4,True,-335.65732424906685,0.3426757503345821,-335.6573242490668,True,0.005,524326,0.3426757503345821,0.11406355047332924,0.0008582883156094426,72,1,False,False,False,1.5625352517144933,0.38918118497467336,0.2484303535224189,0,0,1.4411374742880414,132.89654350279304,335.9456624858581,1.0000008500635928,0.003922609525602638,8.048921245062957e-07,1.6100380548778048e-06,1.0465763068623346e-05,6.240777819833079,30.364675778840983,1.610026389926466e-05,8.048892091815586e-06,0.00016099097466105766,8.04860056708526e-05,0.0016087439329525368,0.0008045686093963896,0.015971474981295072,0.008016618625556103,0.9999993862978442,0.10941116140020313,2.290903103130404e-05,4.580383756547235e-05,0.00029763183192699216,6.709231110260466,43.26653665434277,0.00045794397756621926,0.00022906669468914116,0.004570014219934498,0.0022883071688738336,0.044771678138431505,0.02264886809518073,0.3674834330598484,0.20474537649749477,127.01058670503711,-1.7696384191513062,-1.7696384191513062,-1.7696384191513062,51,-1.769638180732727,-1.7696384191513062,92,92,2.0492585716432195 0.13752423515278736 0.062924802978478217 2.6364640840167701,1.9588303851467221 -0.019047547318663156 0.15622311260615648 2.7589070650839291,65.66112771537155,0.06459587533026934,0.23224136140197515,65.72572359070182,0.020954118110239506
e1-v2,N20_i05_Aheur_s44,20,4,5,6888b64628f1,Aheur,20.99999999996259,0.2761401780301649,76.04833222664396,0.7873179710593624,20.99999999996259,44,lightning_gpu,single,2,100,lbfgs_100grad,,0.054337513543296634,2.5278735897205458,4845,2023-08-06,2026-08-05,ok,,1000,437,942,557314,4,True,-335.8220933787026,0.17790662069880425,-335.82209337870256,True,0.437,557314,0.17790662069880425,0.048882629122751375,0.00036782468403118423,13,1,False,False,True,1.6229464430634337,0.3821891122358,0.23487473284471225,0,0,1.4411374742880414,132.89654350279304,335.9456624858581,0.9999998244454552,0.4347491180669749,9.059536387212574e-05,0.00018115591228706762,0.001177175945485942,1.058261874924293,0.8766738382095707,0.0018100830501488407,0.000905584389536723,0.01795410188976324,0.009019029133925167,0.16570842132096042,0.08661652293570805,0.8366276340698594,0.5958603040760174,1.0000008403175684,0.08713735323726723,1.8102315152646042e-05,3.618648224801291e-05,0.00023513832456956152,4.109967943670471,22.102295677726318,0.00036180590239855875,0.00018100840601665503,0.0036121740457927282,0.0018086103896720418,0.03554020951230719,0.01793961336651261,0.30362806355887156,0.16558532671312545,127.01058670503711,-6.6859846115112305,-6.685985565185547,-6.685985565185547,52,-6.685893535614014,-6.685985565185547,85,85,0.38505090477492371 0.8108861395016167 1.274766337564649 3.0447811714676671,0.3382932625542307 1.1027846282454701 0.40534650864700478 3.2709997359795593,60.91760118678212,0.06433970481157303,0.3241573255509138,60.981940891593695,0.01976323314011097
e1-v2,N20_i05_Aheur_s45,20,4,5,6888b64628f1,Aheur,20.99999999996259,0.2761401780301649,76.04833222664396,0.7873179710593624,20.99999999996259,45,lightning_gpu,single,2,100,lbfgs_100grad,,0.054337513543296634,2.5278735897205458,4845,2023-08-06,2026-08-05,ok,,1000,243,988,690176,4,True,-335.6987260623595,0.30127393704190397,-335.69872606235947,True,0.243,690176,0.30127393704190397,0.09768543193882806,0.0007350487030294737,53,1,False,False,False,1.075137902339495,0.20786813070622986,0.19241078772879816,0,0,1.4411374742880414,132.89654350279304,335.9456624858581,1.0000004612314326,0.26754309062380344,5.4680072935298085e-05,0.00010941693471977487,0.0007115574662748259,5.00610350479633,27.45073966739304,0.0010936307614091037,0.0005466662030027963,0.010882643004773127,0.005453233638243569,0.10364874861203706,0.05321341284440658,0.6652024344979854,0.4212100682686817,1.0000012595347307,0.03319736144521812,6.241821665753378e-06,1.2546717243822059e-05,8.180598524631932e-05,8.501976085516095,57.4094318759993,0.0001254600887701162,6.241646347151866e-05,0.001253892814097339,0.0006239893522205052,0.012468413070660097,0.006222401323348724,0.11791597365250794,0.06051028871952752,127.01058670503711,-2.2611477375030518,-2.2611477375030518,-2.2611477375030518,21,-2.2611477375030518,-2.2611477375030518,38,38,1.8005430614133757 1.660303899153966 2.3990779832738145 2.5500080338093531,2.5145769968039504 3.0393540962856131 1.7180155320187862 2.8938537964105451,27.156953965313733,0.06441532168537378,0.2321776458993554,27.221369286999106,0.02097243443131447
e1-v2,N20_i05_Aheur_s46,20,4,5,6888b64628f1,Aheur,20.99999999996259,0.2761401780301649,76.04833222664396,0.7873179710593624,20.99999999996259,46,lightning_gpu,single,2,100,lbfgs_100grad,,0.054337513543296634,2.5278735897205458,4845,2023-08-06,2026-08-05,ok,,1000,379,947,559360,4,True,-335.8171548124211,0.1828451869803498,-335.81715481242105,True,0.379,559360,0.1828451869803498,0.050836273601505354,0.0003825251753100482,16,1,False,False,False,1.3896138762589825,0.2914514321668522,0.20901592674706476,0,0,1.4411374742880414,132.89654350279304,335.9456624858581,1.0000015315126365,0.354742027411703,7.729911158094183e-05,0.00015428492042701691,0.001000921503873542,1.1466399194369903,1.3181913637174907,0.0015417784722097632,0.0007727222893574964,0.01531125469095187,0.007700408697705339,0.14298239976910032,0.07438981483460934,0.7862542887506001,0.5383835802839744,0.9999999042782548,0.0928820641074708,1.8771184841170907e-05,3.7571626307908446e-05,0.00024437683350697625,9.642119967231224,68.42747720077048,0.00037565274622346716,0.00018769599312326747,0.0037501836449240302,0.0018753753841082976,0.03687524967219324,0.018596276262726693,0.31320767249703974,0.1711479519997929,127.01058670503711,-6.61229944229126,-6.61229944229126,-6.61229944229126,32,-6.61229944229126,-6.61229944229126,50,50,2.8450397427097829 0.24261512621431053 0.85630314278475539 1.9536009066557216,2.0365669065614878 -1.620006519202732 1.5735894121604299 1.9929909216041637,35.84747533686459,0.0645986394956708,0.22933075483888388,35.91207397636026,0.01838421355932951
e1-v2,N20_i05_Amargin_s42,20,4,5,6888b64628f1,Amargin,0.7873179710593624,0.2761401780301649,2.85115326815411,0.7873179710593624,20.99999999996259,42,lightning_gpu,single,2,100,lbfgs_100grad,,0.054337513543296634,2.5278735897205458,4845,2023-08-06,2026-08-05,ok,,1000,399,829,622594,4,True,-12.456748445649064,0.14033909130073519,-12.456748445649062,True,0.399,622594,0.14033909130073519,0.03402131265865472,0.006856676374554842,8,1,False,False,True,1.398213760492382,0.285889764013591,0.20375265360946443,0,0,1.4411374742880414,4.961778972813705,12.542750023406501,1.000001204284299,0.4005655511828081,2.374469841015525e-05,4.842457019549329e-05,0.0003282381385361077,1.5338855886174914,5.642611631980898,0.00048414019332515995,0.00023742161422637105,0.004830867911430038,0.002371681141552978,0.047271916308422306,0.023465286423681963,0.38384543334449484,0.2113635229847249,0.9999986065634332,0.02241609100877895,5.767046786786523e-06,1.2655958016694058e-05,8.4887171851733e-05,6.464098557921632,39.56417907608706,0.0001265523726128933,5.7668971243592785e-05,0.001264803271655438,0.0005765400784874466,0.012576287251574019,0.005750465827817524,0.11887905506182092,0.05603919531802837,5.734494531617721,-5.922961235046387,-5.922961235046387,-5.922962188720703,30,-5.922962188720703,-5.922962188720703,48,48,2.4314546363447995 1.3787772821439981 2.6973649175810768 2.1908462769412909,1.3054138928198473 0.9338325890494702 2.6379741270568631 1.9975785381904505,34.474102263338864,0.06440359354019165,0.23162144981324673,34.538505856879056,0.020911958999931812
e1-v2,N20_i05_Amargin_s43,20,4,5,6888b64628f1,Amargin,0.7873179710593624,0.2761401780301649,2.85115326815411,0.7873179710593624,20.99999999996259,43,lightning_gpu,single,2,100,lbfgs_100grad,,0.054337513543296634,2.5278735897205458,4845,2023-08-06,2026-08-05,ok,,1000,8,997,542724,4,True,-12.444135116638183,0.15295242031161527,-12.444135116638183,True,0.008,542724,0.15295242031161527,0.0390110119308697,0.007862303448947767,10,1,False,False,True,1.472921412862066,0.31647336214097604,0.2141820733856892,0,0,1.4411374742880414,4.961778972813705,12.542750023406501,1.0000022038253804,0.008557376348903745,1.7736444988258881e-06,3.553451961124665e-06,2.307937381829106e-05,5.919243289007002,28.750791889355707,3.553395140069316e-05,1.7736303427262056e-05,0.0003552826996140833,0.00017734887900146374,0.0035471522134483263,0.0017720740910577286,0.03491064178773869,0.017580095517797656,1.0000005287419749,0.15356438266280747,4.881928543909453e-05,9.646056787460111e-05,0.0006291047975537367,6.067093186486051,36.791848179020356,0.0009641870775795874,0.0004880856188336202,0.00960014360564463,0.004870149888770319,0.09195852171573382,0.04764791667650471,0.6188842731424847,0.38627281359549764,5.734494531617721,-1.9856078624725342,-1.9856078624725342,-1.9856078624725342,39,-1.9856078624725342,-1.9856078624725342,58,58,2.0492585716432195 0.13752423515278736 0.062924802978478217 2.6364640840167701,2.083400544357636 -0.020820591970023835 0.17774120935655019 2.7087716755975295,41.617917601019144,0.06446603126823902,0.23489482887089252,41.68238363228738,0.01976505946367979
e1-v2,N20_i05_Amargin_s44,20,4,5,6888b64628f1,Amargin,0.7873179710593624,0.2761401780301649,2.85115326815411,0.7873179710593624,20.99999999996259,44,lightning_gpu,single,2,100,lbfgs_100grad,,0.054337513543296634,2.5278735897205458,4845,2023-08-06,2026-08-05,ok,,1000,427,928,573444,4,True,-12.49460879709341,0.10247873985638911,-12.494608797093408,True,0.427,573444,0.10247873985638911,0.01904415889657459,0.0038381715511553935,5,1,False,False,True,1.4740977034152214,0.3059169159514609,0.20684986839408462,0,0,1.4411374742880414,4.961778972813705,12.542750023406501,1.0000021479647017,0.4362019398176926,0.00013081732322461903,0.0002589668147265911,0.001657071479712613,0.9526208924990346,1.0545092802321068,0.0025866523588970705,0.001307403408086118,0.02556750635163452,0.012997382972978819,0.22817724896395614,0.12262947164031665,0.9249802243016187,0.7297097251838496,1.0000024557144798,0.08826201523606869,2.1043058950453997e-05,4.161866854701657e-05,0.00026899908698396757,4.240237513848669,22.492840637253437,0.00041610874900940376,0.00021041066415781922,0.004153304537438716,0.002102115489877534,0.04076533327071766,0.020823415461479283,0.34044858301539926,0.18976650189129624,5.734494531617721,-6.654252052307129,-6.654252052307129,-6.654252052307129,31,-6.654252052307129,-6.654252052307129,62,62,0.38505090477492371 0.8108861395016167 1.274766337564649 3.0447811714676671,0.28169643690644675 0.96299329009289636 0.73870142664178906 3.4026022527979003,44.384521109983325,0.06453693099319935,0.23412230424582958,44.449058040976524,0.02103503979742527
e1-v2,N20_i05_Amargin_s45,20,4,5,6888b64628f1,Amargin,0.7873179710593624,0.2761401780301649,2.85115326815411,0.7873179710593624,20.99999999996259,45,lightning_gpu,single,2,100,lbfgs_100grad,,0.054337513543296634,2.5278735897205458,4845,2023-08-06,2026-08-05,ok,,1000,306,959,557076,4,True,-12.414945701228561,0.18214183572123765,-12.414945701228561,True,0.306,557076,0.18214183572123765,0.05055803529798722,0.010189497673113196,15,1,False,False,False,1.353501463053758,0.2783062788479301,0.20488066427521556,0,0,1.4411374742880414,4.961778972813705,12.542750023406501,1.000001422469313,0.2840274133177445,0.0001343229814665392,0.00026219744177069515,0.0017305629662587307,2.3717116138810734,10.513452090452361,0.0026188829423337452,0.0013424181855716075,0.02588234033010913,0.013343377576968607,0.2306673448393393,0.1257002542558909,0.9273657144080936,0.7390222269624339,1.0000017957106517,0.023565436464878076,1.3754156498180237e-05,2.5592865313228685e-05,0.00016393070109188557,8.812982893697079,63.37542822486143,0.0002558991803798075,0.00013753305233708702,0.002556047016212694,0.0013744796451520564,0.02526846324405723,0.013660093559074106,0.22580533214737591,0.12850269890279134,5.734494531617721,-5.108125686645508,-5.108125686645508,-5.108125686645508,52,-5.10812520980835,-5.108125686645508,85,85,1.8005430614133757 1.660303899153966 2.3990779832738145 2.5500080338093531,1.5495616740899893 2.2293898015166533 2.9054444168194995 3.5291968340808331,60.87604927364737,0.06437071319669485,0.23466201219707727,60.94041998684406,0.019792170263826847
e1-v2,N20_i05_Amargin_s46,20,4,5,6888b64628f1,Amargin,0.7873179710593624,0.2761401780301649,2.85115326815411,0.7873179710593624,20.99999999996259,46,lightning_gpu,single,2,100,lbfgs_100grad,,0.054337513543296634,2.5278735897205458,4845,2023-08-06,2026-08-05,ok,,1000,322,889,559108,4,True,-12.542750023406501,0.054337513543296634,-12.542750023406501,True,0.322,559108,0.054337513543296634,0.0,0.0,1,1,True,True,True,1.4411374742880414,0.28232052318930906,0.19520727772920385,1,1,1.4411374742880414,4.961778972813705,12.542750023406501,1.0000020291102396,0.33431231029044284,0.00026523927226662636,0.0005001742683816701,0.003224402214982547,0.8250477459804528,1.51675834051934,0.0049904998429270995,0.0026492291266168653,0.04879905462099766,0.026178683488052645,0.3936509067215367,0.23300458419863923,0.9932821960604739,0.9295424264715086,0.9999998158759311,0.04739896835394575,1.1445015843492001e-05,2.217975452367682e-05,0.00014299040276455344,9.421047515680383,63.561406417792426,0.0002217754091780715,0.00011444426413737151,0.002215542105272661,0.0011438534341778753,0.0219358328317019,0.011379835546453707,0.19892444056301004,0.10814419528979471,5.734494531617721,-6.613044738769531,-6.613038539886475,-6.613044738769531,78,-6.613043308258057,-6.613044738769531,79,79,2.8450397427097829 0.24261512621431053 0.85630314278475539 1.9536009066557216,2.1243894041123323 -1.705096284570506 1.5754206525917329 2.0415627204339701,56.536013064906,0.06454610545188189,0.23567451909184456,56.60055917035788,0.02107383031398058
e1-v2,N20_i06_Aheur_s42,20,4,6,dceca5e3926d,Aheur,20.99999999997685,0.2248979235277998,93.37569538467092,0.5061160634903441,20.99999999997685,42,lightning_gpu,single,2,100,lbfgs_100grad,,0.18065296862243785,1.7981319308067993,4845,2023-08-06,2026-08-05,ok,,1000,30,974,659520,4,True,-335.65589725150915,0.34410274812044583,-335.6558972515091,True,0.03,659520,0.34410274812044583,0.09089977031032985,0.0004867193654656121,135,1,False,False,False,1.277631613454272,0.2945252010629017,0.22974165477113667,0,0,1.393105974742542,186.76012659445362,335.81934703100717,1.000001770948046,0.03388130355915564,6.946607300051255e-06,6.946607300051255e-06,0.00021587195396932657,4.799276023645756,35.51869748451895,6.946390154985324e-05,6.946390154985324e-05,0.000694421920202356,0.000694421920202356,0.006922559355931558,0.006922559355931558,0.06710844201941714,0.06710844201941714,0.9999980940284625,0.00013691014650834025,7.182689554241506e-09,7.182689554241506e-09,4.938566409420572e-08,5.730055353599643,45.71181501215162,7.182689322081878e-08,7.182689322081878e-08,7.182687000486158e-07,7.182687000486158e-07,7.18266378458398e-06,7.18266378458398e-06,7.182431631064933e-05,7.182431631064933e-05,126.88239215300523,-0.916058361530304,-0.916058361530304,-0.916058361530304,17,-0.916058361530304,-0.916058361530304,29,29,2.4314546363447995 1.3787772821439981 2.6973649175810768 2.1908462769412909,2.5587816641626606 1.6862141610506305 2.8741902078286929 2.0172611068609778,20.751001029275358,0.06594661250710487,0.23917668592184782,20.816947641782463,0.020660212263464928
e1-v2,N20_i06_Aheur_s43,20,4,6,dceca5e3926d,Aheur,20.99999999997685,0.2248979235277998,93.37569538467092,0.5061160634903441,20.99999999997685,43,lightning_gpu,single,2,100,lbfgs_100grad,,0.18065296862243785,1.7981319308067993,4845,2023-08-06,2026-08-05,ok,,1000,8,1000,526356,4,True,-335.4110417751115,0.5889582245180953,-335.41104177511147,True,0.008,526356,0.5889582245180953,0.22707191218858785,0.0012158479239076047,1190,1,False,False,False,1.5501831907371761,0.45000966761756794,0.28964942356525314,0,0,1.393105974742542,186.76012659445362,335.81934703100717,1.0000014942049873,0.0038948000656660042,7.99767633452575e-07,7.99767633452575e-07,2.4828890161643358e-05,4.799318484214346,30.382375076261475,7.997647551315097e-06,7.997647551315097e-06,7.997359726804996e-05,7.997359726804996e-05,0.0007994482241193987,0.0007994482241193987,0.007965783182618641,0.007965783182618641,1.0000008793843964,0.1094706092189881,2.2842710677650757e-05,2.2842710677650757e-05,0.0007061772066663252,5.213241434228974,43.28988909526829,0.00022840362768234093,0.00022840362768234093,0.0022816901363300213,0.0022816901363300213,0.022584046190129763,0.022584046190129763,0.20421777381472925,0.20421777381472925,126.88239215300523,-1.766154170036316,-1.766154170036316,-1.766154170036316,30,-1.766154170036316,-1.766154170036316,67,67,2.0492585716432195 0.13752423515278736 0.062924802978478217 2.6364640840167701,1.9588749235532992 -0.019039371440232915 0.15631503158543528 2.7590621811008513,48.01938060671091,0.0646138759329915,0.23105778452008963,48.0839944826439,0.020748291164636612
e1-v2,N20_i06_Aheur_s44,20,4,6,dceca5e3926d,Aheur,20.99999999997685,0.2248979235277998,93.37569538467092,0.5061160634903441,20.99999999997685,44,lightning_gpu,single,2,100,lbfgs_100grad,,0.18065296862243785,1.7981319308067993,4845,2023-08-06,2026-08-05,ok,,1000,431,926,655426,4,True,-335.7649299876169,0.23507001201270838,-335.7649299876168,True,0.431,655426,0.23507001201270838,0.030263098306615516,0.000162042609728635,11,1,False,False,True,1.431825297983162,0.32294006629890215,0.22484591294229814,0,0,1.393105974742542,186.76012659445362,335.81934703100717,1.0000002219120514,0.43505785469460534,9.042611054610461e-05,9.042611054610461e-05,0.0027987192370346747,0.7342979101737086,0.8757416461820955,0.000903893234509355,0.000903893234509355,0.0090022547911775,0.0090022547911775,0.08646190266485908,0.08646190266485908,0.5951756429873409,0.5951756429873409,1.0000016114494485,0.08712431162166467,1.8108201402355917e-05,1.8108201402355917e-05,0.000559806054297951,3.144240882292689,22.108448395011862,0.00018106725892296196,0.00018106725892296196,0.0018091979605149833,0.0018091979605149833,0.017945394106826846,0.017945394106826846,0.16563444188811877,0.16563444188811877,126.88239215300523,-6.681744575500488,-6.681744575500488,-6.681744575500488,83,-6.671478748321533,-6.681744575500488,97,97,0.38505090477492371 0.8108861395016167 1.274766337564649 3.0447811714676671,0.33830978259435607 1.1054425877300817 0.40551216644366272 3.2708289707674947,69.5950630409643,0.06441634427756071,0.23433806002140045,69.65947938524187,0.02050784043967724
e1-v2,N20_i06_Aheur_s45,20,4,6,dceca5e3926d,Aheur,20.99999999997685,0.2248979235277998,93.37569538467092,0.5061160634903441,20.99999999997685,45,lightning_gpu,single,2,100,lbfgs_100grad,,0.18065296862243785,1.7981319308067993,4845,2023-08-06,2026-08-05,ok,,1000,248,981,663560,4,True,-335.7276397654815,0.2723602341481155,-335.7276397654814,True,0.248,663560,0.2723602341481155,0.05100141093903479,0.00027308511655586674,33,1,False,False,False,1.2091740781371128,0.256122708237226,0.21098923045908755,0,0,1.393105974742542,186.76012659445362,335.81934703100717,0.9999995438358418,0.2675477147822676,5.4737491154810414e-05,5.4737491154810414e-05,0.0017017955287883524,3.8483103501642946,27.457968878097454,0.0005472401025445027,0.0005472401025445027,0.005458944444734227,0.005458944444734227,0.053267777057936005,0.053267777057936005,0.4215423219231961,0.4215423219231961,1.0000012807839518,0.03340593883604015,6.303193003986962e-06,6.303193003986962e-06,0.00020165897376500652,6.638955463465473,57.435311345963555,6.303014220902853e-05,6.303014220902853e-05,0.00063012267618849,0.00063012267618849,0.006283389295557693,0.006283389295557693,0.0610866928518498,0.0610866928518498,126.88239215300523,-2.2576498985290527,-2.2576498985290527,-2.2576498985290527,16,-2.2576498985290527,-2.2576498985290527,26,26,1.8005430614133757 1.660303899153966 2.3990779832738145 2.5500080338093531,2.5146325809345709 3.0394680398771596 1.7179702157756025 2.8938197781528538,18.413816676475108,0.06446618679910898,0.2279565716162324,18.478282863274217,0.017428732477128506
e1-v2,N20_i06_Aheur_s46,20,4,6,dceca5e3926d,Aheur,20.99999999997685,0.2248979235277998,93.37569538467092,0.5061160634903441,20.99999999997685,46,lightning_gpu,single,2,100,lbfgs_100grad,,0.18065296862243785,1.7981319308067993,4845,2023-08-06,2026-08-05,ok,,1000,334,941,524357,4,True,-335.74414973563194,0.25585026399765687,-335.7441497356319,True,0.334,524357,0.25585026399765687,0.04181967634681785,0.00022392186763520755,18,1,False,False,True,1.3380512338636157,0.29509185444632857,0.21979117615484717,0,0,1.393105974742542,186.76012659445362,335.81934703100717,1.0000011483852667,0.35457845923519926,7.655264198547229e-05,7.655264198547229e-05,0.0023418884520651773,0.8057625499634014,1.3180614955500123,0.0007652627598673764,0.0007652627598673764,0.007626328086627187,0.007626328086627187,0.07369856383220943,0.07369856383220943,0.5349245938996368,0.5349245938996368,0.9999996049579885,0.0928749784034153,1.881860225694254e-05,1.881860225694254e-05,0.0005865604034624994,7.546138512508522,68.41459852962417,0.00018817008707853824,0.00018817008707853824,0.0018801083108737175,0.0018801083108737175,0.018642811662459943,0.018642811662459943,0.17154088643964485,0.17154088643964485,126.88239215300523,-6.607981204986572,-6.607981204986572,-6.607981204986572,31,-6.607981204986572,-6.607981204986572,77,77,2.8450397427097829 0.24261512621431053 0.85630314278475539 1.9536009066557216,2.0367971835638063 -1.6203634290856266 1.573593472598579 1.9927137494458673,55.04975663591176,0.06467225402593613,0.23345752153545618,55.1144288899377,0.02041464112699032
e1-v2,N20_i06_Amargin_s42,20,4,6,dceca5e3926d,Amargin,0.5061160634903441,0.2248979235277998,2.250425684467392,0.5061160634903441,20.99999999997685,42,lightning_gpu,single,2,100,lbfgs_100grad,,0.18065296862243785,1.7981319308067993,4845,2023-08-06,2026-08-05,ok,,1000,420,897,536580,4,True,-7.864998076017299,0.23285893982820616,-7.864998076017298,True,0.42,536580,0.23285893982820616,0.029033448720497467,0.00659399087030975,9,1,False,False,True,1.4613389990993764,0.33313155396412725,0.22727892307590505,0,0,1.393105974742542,4.403016214539229,7.917204047223068,0.9999999642475221,0.3953120856276655,4.52324420621153e-05,4.52324420621153e-05,0.001677432854194194,0.8219996309958091,2.737420378254326,0.0004522323629039304,0.0004522323629039304,0.004513131583855918,0.004513131583855918,0.04422568414360867,0.04422568414360867,0.36385875107703447,0.36385875107703447,0.9999976434087658,0.00962132119949033,1.5252638831952936e-06,1.5252638831952936e-06,4.033678751014236e-05,4.709708222518223,36.69970790921683,1.5252534143032641e-05,1.5252534143032641e-05,0.00015251487306521634,0.00015251487306521634,0.0015241024208596942,0.0015241024208596942,0.015136917947371051,0.015136917947371051,3.9190885340861943,-6.24268102645874,-6.24268102645874,-6.24268102645874,39,-6.24268102645874,-6.24268102645874,71,71,2.4314546363447995 1.3787772821439981 2.6973649175810768 2.1908462769412909,-1.1930805230948578 0.2493880310505126 2.7442771481545285 2.4137930519199506,50.87936451192945,0.0644333828240633,0.23591196723282337,50.943797894753516,0.020605409517884254
e1-v2,N20_i06_Amargin_s43,20,4,6,dceca5e3926d,Amargin,0.5061160634903441,0.2248979235277998,2.250425684467392,0.5061160634903441,20.99999999997685,43,lightning_gpu,single,2,100,lbfgs_100grad,,0.18065296862243785,1.7981319308067993,4845,2023-08-06,2026-08-05,ok,,1000,9,996,14340,4,True,-7.450406653957635,0.6474503618878711,-7.450406653957634,True,0.009,14340,0.6474503618878711,0.2596013035906587,0.058959879078670556,1633,1,False,False,False,1.313297815465629,0.36487247033194603,0.2770677496352457,0,0,1.393105974742542,4.403016214539229,7.917204047223068,0.9999993504522322,0.009575259402936354,1.960857161975582e-06,1.960857161975582e-06,6.16250954408315e-05,4.517490691317215,28.54231405130393,1.9608398597424113e-05,1.9608398597424113e-05,0.0001960666848606164,0.0001960666848606164,0.0019589378562417186,0.0019589378562417186,0.01941759286481899,0.01941759286481899,1.0000007943913745,0.166604856691265,5.776732359663583e-05,5.776732359663583e-05,0.0014985641719249543,4.603043549551888,35.38571484418137,0.0005775230912314102,0.0005775230912314102,0.005760245022283873,0.005760245022283873,0.0561320368773243,0.0561320368773243,0.43880672940622706,0.43880672940622706,3.9190885340861943,-1.9672644138336182,-1.9672644138336182,-1.9672644138336182,18,-1.9672644138336182,-1.9672644138336182,51,51,2.0492585716432195 0.13752423515278736 0.062924802978478217 2.6364640840167701,2.1514455350014612 -0.022209282445115844 0.18142511994147081 2.7001263440405947,36.48362825065851,0.06436620559543371,0.23304505925625563,36.547994456253946,0.020481393672525883
e1-v2,N20_i06_Amargin_s44,20,4,6,dceca5e3926d,Amargin,0.5061160634903441,0.2248979235277998,2.250425684467392,0.5061160634903441,20.99999999997685,44,lightning_gpu,single,2,100,lbfgs_100grad,,0.18065296862243785,1.7981319308067993,4845,2023-08-06,2026-08-05,ok,,1000,420,925,655876,4,True,-7.846552851381982,0.2513041644635241,-7.846552851381981,True,0.42,655876,0.2513041644635241,0.03929144165155109,0.008923755838510556,17,1,False,False,True,1.8265481019738885,0.48777593725071217,0.2665004752542076,0,0,1.393105974742542,4.403016214539229,7.917204047223068,1.0000006318627832,0.42794355451405863,0.00013364697224460542,0.00013364697224460542,0.0037436085694935173,0.6403188712010734,1.085897854656464,0.0013356662407419699,0.0013356662407419699,0.013276667486448259,0.013276667486448259,0.1251089404936162,0.1251089404936162,0.7372517784816902,0.7372517784816902,1.0000009582492169,0.08815528138075024,2.2888223611516878e-05,2.2888223611516878e-05,0.0006476633243437391,3.3158902727422097,22.880877374033417,0.00022885866336886366,0.00022885866336886366,0.0022862311385738188,0.0022862311385738188,0.022628531262636406,0.022628531262636406,0.20457988352323203,0.20457988352323203,3.9190885340861943,-6.502321720123291,-6.502321720123291,-6.502321720123291,37,-6.502321720123291,-6.502321720123291,53,53,0.38505090477492371 0.8108861395016167 1.274766337564649 3.0447811714676671,0.28982268903745695 0.99210212166714173 0.73752527355237241 3.4030372927292785,37.89282354991883,0.06410683505237103,0.23138530366122723,37.9569303849712,0.020594594068825245
e1-v2,N20_i06_Amargin_s45,20,4,6,dceca5e3926d,Amargin,0.5061160634903441,0.2248979235277998,2.250425684467392,0.5061160634903441,20.99999999997685,45,lightning_gpu,single,2,100,lbfgs_100grad,,0.18065296862243785,1.7981319308067993,4845,2023-08-06,2026-08-05,ok,,1000,281,924,655372,4,True,-7.8947800145668685,0.20307700127863693,-7.894780014566869,True,0.281,655372,0.20307700127863693,0.012470738254527127,0.002832317131458072,2,1,False,False,True,1.532597024324307,0.3515494228555595,0.22872902484598656,0,0,1.393105974742542,4.403016214539229,7.917204047223068,1.0000012387384927,0.2861987941851112,0.0001804968633223325,0.0001804968633223325,0.0038199687041924335,1.7686563414316423,10.454779732009651,0.0018035032783567913,0.0018035032783567913,0.017889366417465562,0.017889366417465562,0.16515830158557454,0.16515830158557454,0.8355471783539881,0.8355471783539881,1.0000018420518995,0.04950026136782526,2.5158846256090328e-05,2.5158846256090328e-05,0.0005287222411425319,7.216230129102939,67.45853468259156,0.00025155998093226494,0.00025155998093226494,0.0025127540097206694,0.0025127540097206694,0.024845308621658325,0.024845308621658325,0.2224377916980727,0.2224377916980727,3.9190885340861943,-5.004513740539551,-5.004513740539551,-5.004513740539551,37,-5.004513740539551,-5.004513740539551,48,48,1.8005430614133757 1.660303899153966 2.3990779832738145 2.5500080338093531,1.5965976557338997 2.2935595278109648 2.9029786813464691 3.5421571179907878,34.148557300679386,0.06455066427588463,0.32241277676075697,34.21310796495527,0.02042199205607176
e1-v2,N20_i06_Amargin_s46,20,4,6,dceca5e3926d,Amargin,0.5061160634903441,0.2248979235277998,2.250425684467392,0.5061160634903441,20.99999999997685,46,lightning_gpu,single,2,100,lbfgs_100grad,,0.18065296862243785,1.7981319308067993,4845,2023-08-06,2026-08-05,ok,,1000,322,899,655426,4,True,-7.862787003832797,0.23507001201270838,-7.862787003832796,True,0.322,655426,0.23507001201270838,0.030263098306615516,0.006873265241832074,11,1,False,False,True,1.431825297983162,0.32294006629890215,0.22484591294229814,0,0,1.393105974742542,4.403016214539229,7.917204047223068,1.000001251210172,0.3435771305976232,0.0001817195734474808,0.0001817195734474808,0.004142724101257045,0.600428728573545,1.4536598804343814,0.00181571046418336,0.00181571046418336,0.018009464487376812,0.018009464487376812,0.1661786318620996,0.1661786318620996,0.8375460764000885,0.8375460764000885,1.0000006237453343,0.0468819422806348,1.574452471686527e-05,1.574452471686527e-05,0.00033329125744785415,7.094681155271753,60.03474517177377,0.00015743409258435394,0.00015743409258435394,0.0015732260467565045,0.0015732260467565045,0.015621349630552778,0.015621349630552778,0.14567746993877212,0.14567746993877212,3.9190885340861943,-6.4650163650512695,-6.4650163650512695,-6.4650163650512695,28,-6.4650163650512695,-6.4650163650512695,46,46,2.8450397427097829 0.24261512621431053 0.85630314278475539 1.9536009066557216,1.3375331295219872 -0.96493984795134058 1.5531284053104371 1.1234461979914971,32.83845470752567,0.06420624814927578,0.32070574443787336,32.902660955674946,0.02060991618782282
e1-v2,N20_i07_Aheur_s42,20,4,7,7e46eb92c5e6,Aheur,20.999999999972246,0.2613258967671833,80.3594295848959,0.734735969880372,20.999999999972246,42,lightning_gpu,single,2,100,lbfgs_100grad,,0.408170573729174,2.411948472862868,4845,2023-08-06,2026-08-05,ok,,1000,28,983,524299,4,True,-335.28754425798076,0.7124557415751963,-335.28754425798064,True,0.028,524299,0.7124557415751963,0.12615740811612378,0.0009067120864254417,162,1,False,False,False,0.5053624115772615,0.08448546510725527,0.16519919803036584,0,0,1.1972622147545158,139.13723000371363,335.59182942582675,1.0000021313414216,0.035044723989813065,7.225844001368387e-06,1.4433568139793351e-05,0.00011554005732250516,7.077735920131224,35.56449052252144,0.0001443263070037381,7.225609048198816e-05,0.0014423260769755519,0.0007223260076660176,0.014330006216755524,0.007199826276033726,0.13440376721931943,0.06970980239984331,0.9999976052381747,0.0002889784409739647,2.9801341838719964e-08,5.238795353079695e-08,5.526835620273118e-07,8.34061001371688,45.62801929904373,5.238794118055914e-07,2.980133784218039e-07,5.238781767839452e-06,2.980129787682398e-06,5.2386582678099166e-05,2.9800898227190194e-05,0.0005237423480994787,0.0002979690212385729,127.19330342591566,-0.9103178977966309,-0.9103183746337891,-0.9103183746337891,30,-0.9103183746337891,-0.9103183746337891,71,71,2.4314546363447995 1.3787772821439981 2.6973649175810768 2.1908462769412909,2.5595051530084705 1.6866262780505423 2.8738794236100991 2.0176338784355834,50.98633707407862,0.06465259660035372,0.23876528069376945,51.05098967067897,0.019814024679362774
e1-v2,N20_i07_Aheur_s43,20,4,7,7e46eb92c5e6,Aheur,20.999999999972246,0.2613258967671833,80.3594295848959,0.734735969880372,20.999999999972246,43,lightning_gpu,single,2,100,lbfgs_100grad,,0.408170573729174,2.411948472862868,4845,2023-08-06,2026-08-05,ok,,1000,2,999,131093,4,True,-335.05020693476143,0.9497930647945194,-335.0502069347614,True,0.002,131093,0.9497930647945194,0.2245580687809907,0.0016139322938583521,752,1,False,False,False,0.8975981916552981,0.18539633832681549,0.20543305461295833,0,0,1.1972622147545158,139.13723000371363,335.59182942582675,0.9999995315178651,0.003955980921205082,8.102677497845434e-07,1.6206242321459285e-06,1.2963782921815437e-05,7.136835434753212,30.353010551900304,1.6206124132939476e-05,8.102647953887085e-06,0.00016204942310946892,8.102352522203152e-05,0.0016193130409014927,0.0008099398995159943,0.01607564063990657,0.00806994254476473,0.999999223479781,0.11006708434069878,2.3117359887692146e-05,4.622997221304104e-05,0.0003697783249663189,7.5889294792251825,43.18130495223592,0.00046220355952094526,0.00023114955180459778,0.004612433988744853,0.0023090926442998296,0.04517866602905894,0.022852462016146054,0.3701731940055195,0.2064004348674997,127.19330342591566,-1.7702648639678955,-1.7702648639678955,-1.7702648639678955,16,-1.7702648639678955,-1.7702648639678955,31,31,2.0492585716432195 0.13752423515278736 0.062924802978478217 2.6364640840167701,1.9602002474222282 -0.018671390450827344 0.15709974445603458 2.7577748415552712,22.39940627105534,0.06460137944668531,0.24580802861601114,22.464007650502026,0.020582053810358047
e1-v2,N20_i07_Aheur_s44,20,4,7,7e46eb92c5e6,Aheur,20.999999999972246,0.2613258967671833,80.3594295848959,0.734735969880372,20.999999999972246,44,lightning_gpu,single,2,100,lbfgs_100grad,,0.408170573729174,2.411948472862868,4845,2023-08-06,2026-08-05,ok,,1000,431,942,65605,4,True,-335.5579180545884,0.4420819449675474,-335.5579180545883,True,0.431,65605,0.4420819449675474,0.01405974116773822,0.00010104945432191628,3,1,False,False,True,1.1725170780721568,0.19968416752513388,0.16945097964100345,0,0,1.1972622147545158,139.13723000371363,335.59182942582675,1.0000011603926378,0.43477174155123066,9.073669207282364e-05,0.00018145788635592908,0.0014514268550556153,1.3237996149313844,0.8774361991961172,0.0018130978669111137,0.0009069965187318549,0.017983762059090327,0.009033035660619049,0.16596036338052533,0.08674561236089119,0.8371203213099346,0.5964311157358559,1.0000004787571015,0.08714724472156377,1.8196824385086074e-05,3.637199006334413e-05,0.0002911896135628922,4.727118473950126,22.11322105139601,0.00036366037493239646,0.00018195334397509068,0.003630658317820161,0.0018180443465204605,0.03571911423691674,0.018032424438523452,0.3049187372289859,0.16637356738366874,127.19330342591566,-6.682468891143799,-6.682468891143799,-6.682468891143799,61,-6.681902885437012,-6.682468891143799,100,100,0.38505090477492371 0.8108861395016167 1.274766337564649 3.0447811714676671,0.33905813025009623 1.1059614990228819 0.40552895405288125 3.2709849289580895,71.55962674319744,0.06470674555748701,0.2332988502457738,71.62433348875493,0.01987297460436821
e1-v2,N20_i07_Aheur_s45,20,4,7,7e46eb92c5e6,Aheur,20.999999999972246,0.2613258967671833,80.3594295848959,0.734735969880372,20.999999999972246,45,lightning_gpu,single,2,100,lbfgs_100grad,,0.408170573729174,2.411948472862868,4845,2023-08-06,2026-08-05,ok,,1000,291,983,71,4,True,-335.5423591974607,0.457640802095241,-335.5423591974606,True,0.291,71,0.457640802095241,0.020510483089776876,0.00014741189751462955,5,1,False,False,True,1.049013581388508,0.17361533600634135,0.16455014412479022,0,0,1.1972622147545158,139.13723000371363,335.59182942582675,1.0000015676513088,0.26827044355741236,5.457063889480196e-05,0.00010920398563030176,0.0008732517089811154,5.7250878474327145,27.44622048080368,0.0010915033645792593,0.0005455724004889013,0.010861577313722138,0.005442349257013856,0.103457830232604,0.05310979083251302,0.6644886483756223,0.4205762937209486,1.0000008123530293,0.032395347502642835,5.755924576078542e-06,1.1572237781365402e-05,9.201693546856404e-05,9.58675392256799,57.518799590333316,0.00011571635174868907,5.7557754903621254e-05,0.0011565611410532916,0.0005754284916341152,0.011505603166639,0.005739407449792771,0.10927812312211027,0.05593419956458312,127.19330342591566,-2.2612977027893066,-2.2612977027893066,-2.2612977027893066,32,-2.2612977027893066,-2.2612977027893066,50,50,1.8005430614133757 1.660303899153966 2.3990779832738145 2.5500080338093531,2.5168532278292242 3.0415494305921822 1.7181117043382848 2.893593555639228,35.876578813418746,0.06452274695038795,0.23173820972442627,35.941101560369134,0.020608394406735897
e1-v2,N20_i07_Aheur_s46,20,4,7,7e46eb92c5e6,Aheur,20.999999999972246,0.2613258967671833,80.3594295848959,0.734735969880372,20.999999999972246,46,lightning_gpu,single,2,100,lbfgs_100grad,,0.408170573729174,2.411948472862868,4845,2023-08-06,2026-08-05,ok,,1000,378,952,65606,4,True,-335.4931542074635,0.5068457920924627,-335.4931542074634,True,0.378,65606,0.5068457920924627,0.040910997674077985,0.000294033434997851,13,1,False,False,True,0.9778952479057025,0.16377728264940064,0.16645676824589406,0,0,1.1972622147545158,139.13723000371363,335.59182942582675,1.00000023564121,0.36940085675450973,7.010482659097761e-05,0.0001405455041094683,0.001122522291552741,1.4475225344261708,1.2417187220022636,0.0014045664874142104,0.0007008271463478846,0.013957220255049118,0.006986210577935165,0.1311244560778601,0.06770620571281565,0.7547687940152256,0.5039471673507926,1.00000059734084,0.0920271798986505,1.8455273675499484e-05,3.693594226206187e-05,0.00029530352003348526,10.830560429579691,68.38294150032522,0.0003692980367946869,0.00018453741063857837,0.003686849261073564,0.0018438424277353478,0.03626278917271951,0.018286185118520572,0.30882777366578884,0.1685253266157128,127.19330342591566,-6.62135124206543,-6.62135124206543,-6.62135124206543,43,-6.62135124206543,-6.62135124206543,87,87,2.8450397427097829 0.24261512621431053 0.85630314278475539 1.9536009066557216,1.9379855259802552 -2.2853474960407794 1.579116093907561 1.9867024944563212,62.11976802628487,0.0640800055116415,0.23726536240428686,62.183848031796515,0.019882881082594395
e1-v2,N20_i07_Amargin_s42,20,4,7,7e46eb92c5e6,Amargin,0.734735969880372,0.2613258967671833,2.8115696873890474,0.734735969880372,20.999999999972246,42,lightning_gpu,single,2,100,lbfgs_100grad,,0.408170573729174,2.411948472862868,4845,2023-08-06,2026-08-05,ok,,1000,319,812,139,4,True,-11.16660370953061,0.5891718085553417,-11.16660370953061,True,0.319,139,0.5891718085553417,0.07504357446381424,0.015950611227101324,36,1,False,False,False,0.6167897566282876,0.09820039903471123,0.15759081273668052,0,0,1.1972622147545158,4.704746005990629,11.347604944356778,1.00000151034715,0.3162455296474036,7.76600882090861e-06,1.4822654520685319e-05,0.00014320433638204122,1.794173404672721,5.504535639109323,0.00014821665859873046,7.765737427510504e-05,0.0014811784086070892,0.0007763024188924439,0.014713447995595031,0.007735961207890355,0.13776518978641464,0.07472139272382305,0.9999982739181066,0.013113115809979467,1.5470820926566375e-06,5.254200004856102e-06,0.000146515380265555,7.013768787360495,36.9084161127368,5.2540757768170845e-05,1.5470713221175657e-05,0.000525283371179748,0.00015469636222254057,0.00524043457042554,0.001545887172947321,0.05118566100312204,0.015351774327817421,5.601719245364406,-5.891446113586426,-5.891463279724121,-5.891463279724121,89,-5.8914618492126465,-5.891463279724121,100,100,2.4314546363447995 1.3787772821439981 2.6973649175810768 2.1908462769412909,1.3248336682665627 0.93197138069323804 2.6201194667469245 2.0136686611830039,71.70792540442199,0.06453961506485939,0.2429314199835062,71.77246501948684,0.02059468161314726
e1-v2,N20_i07_Amargin_s43,20,4,7,7e46eb92c5e6,Amargin,0.734735969880372,0.2613258967671833,2.8115696873890474,0.734735969880372,20.999999999972246,43,lightning_gpu,single,2,100,lbfgs_100grad,,0.408170573729174,2.411948472862868,4845,2023-08-06,2026-08-05,ok,,1000,7,998,196625,4,True,-10.876204551008612,0.8795709670773401,-10.876204551008612,True,0.007,196625,0.8795709670773401,0.19544380763185884,0.04154184038479379,525,1,False,False,False,1.0276301000319126,0.21246223157281469,0.20577660343566018,0,0,1.1972622147545158,4.704746005990629,11.347604944356778,1.000002231492498,0.010208282231587873,2.1742253011325374e-06,4.360064167485689e-06,3.438104408814979e-05,6.6932254955575745,28.43766566341693,4.3599786227623574e-05,2.174204028605404e-05,0.000435912329859994,0.0002173991318596205,0.004350582350676025,0.002171865743889356,0.04266388967203585,0.021507617105199,0.9999995800848877,0.1646232397215499,6.355716323014349e-05,0.00012680180952884257,0.0010112199015566148,6.741195687972811,35.22733049058389,0.0012672947984406274,0.000635389885021903,0.012600920057332678,0.006335762184623586,0.11909883958224213,0.061581420837387046,0.7186338676253425,0.4703780509949856,5.601719245364406,-2.0089447498321533,-2.0089447498321533,-2.0089447498321533,45,-2.0089447498321533,-2.0089447498321533,78,78,2.0492585716432195 0.13752423515278736 0.062924802978478217 2.6364640840167701,2.1354487987218791 -0.022606166703831115 0.18164611037635151 2.6968106598273835,55.930218058638275,0.06451781187206507,0.23778328113257885,55.99473587051034,0.019912220537662506
e1-v2,N20_i07_Amargin_s44,20,4,7,7e46eb92c5e6,Amargin,0.734735969880372,0.2613258967671833,2.8115696873890474,0.734735969880372,20.999999999972246,44,lightning_gpu,single,2,100,lbfgs_100grad,,0.408170573729174,2.411948472862868,4845,2023-08-06,2026-08-05,ok,,1000,411,913,65603,4,True,-11.347604944356778,0.408170573729174,-11.347604944356778,True,0.411,65603,0.408170573729174,0.0,0.0,1,1,True,True,True,1.1972622147545158,0.20068122925234055,0.16678153439702662,1,1,1.1972622147545158,4.704746005990629,11.347604944356778,1.0000008849155784,0.4242418908033869,0.00014008120342623442,0.0002774269232759252,0.0022168282739585266,1.1485604569858077,1.1048289936941167,0.002770808337399367,0.0013999293405749006,0.02736514169472383,0.013911430733537369,0.2422982294037594,0.13072088626131761,0.9376289549191048,0.7536273759389721,1.0000012022202043,0.08833578217763716,2.3743365090922453e-05,4.685119529312942e-05,0.0003828051812888589,4.934738310779284,22.726204619818617,0.0004684131887185635,0.00023740828388302615,0.004674270718886207,0.0023715481226832345,0.045771666465818386,0.023463984359382566,0.3740738765138609,0.2113530076231214,5.601719245364406,-6.5837883949279785,-6.5837883949279785,-6.5837883949279785,24,-6.5837883949279785,-6.5837883949279785,25,25,0.38505090477492371 0.8108861395016167 1.274766337564649 3.0447811714676671,0.29034722712047561 0.99104516017046373 0.73720198121223623 3.4035753633689345,17.954009716399014,0.07232169900089502,0.2334117880091071,18.02633141539991,0.02071879431605339
e1-v2,N20_i07_Amargin_s45,20,4,7,7e46eb92c5e6,Amargin,0.734735969880372,0.2613258967671833,2.8115696873890474,0.734735969880372,20.999999999972246,45,lightning_gpu,single,2,100,lbfgs_100grad,,0.408170573729174,2.411948472862868,4845,2023-08-06,2026-08-05,ok,,1000,306,928,65543,4,True,-11.30805377976396,0.4477217383219936,-11.308053779763958,True,0.306,65543,0.4477217383219936,0.016398013903619692,0.0034854195917781395,4,1,False,False,True,0.6051859334853101,0.0861441791055548,0.1406909420633808,0,0,1.1972622147545158,4.704746005990629,11.347604944356778,1.0000000978456178,0.2859872992958117,0.00023391876311507076,0.00046400315477512777,0.003802862484008074,2.667010958965972,10.420675152201085,0.0046303550742043745,0.0023367268570216354,0.04535055936017307,0.023123080273866576,0.371306132282993,0.20859554942723238,0.9903530007978998,0.9036204525986601,1.0000016903951527,0.047129247602242685,3.307751831016503e-05,6.324340938590467e-05,0.0005557519434660207,10.08079370896034,65.71364059823769,0.0006322541364130821,0.00033072595194451044,0.006304583121287332,0.003302341773408523,0.061286923532041376,0.03253696873140434,0.4687136265126519,0.2816372781300791,5.601719245364406,-5.090825080871582,-5.090825080871582,-5.090825080871582,41,-5.090825080871582,-5.090825080871582,53,53,1.8005430614133757 1.660303899153966 2.3990779832738145 2.5500080338093531,1.5832673776199266 2.264229209743958 2.9002129883600323 3.5527602614612048,38.024263037368655,0.06436607707291842,0.2290644058957696,38.088629114441574,0.018271666020154953
e1-v2,N20_i07_Amargin_s46,20,4,7,7e46eb92c5e6,Amargin,0.734735969880372,0.2613258967671833,2.8115696873890474,0.734735969880372,20.999999999972246,46,lightning_gpu,single,2,100,lbfgs_100grad,,0.408170573729174,2.411948472862868,4845,2023-08-06,2026-08-05,ok,,1000,355,889,65574,4,True,-11.21239411914201,0.5433813989439427,-11.212394119142008,True,0.355,65574,0.5433813989439427,0.05605875363260968,0.01191536239389526,22,1,False,False,False,1.0218779837915668,0.17760025200707688,0.17281931385958715,0,0,1.1972622147545158,4.704746005990629,11.347604944356778,1.0000013853668595,0.3409566071441077,4.334422555984929e-05,8.911486656870693e-05,0.0006765518846805207,1.2588003304817657,1.4711291598722347,0.0008907913849231184,0.000433357722884539,0.008872290621177942,0.004325136036316875,0.08526313795818499,0.04241919031238998,0.5898319705622929,0.35173236406442043,1.0000012187253806,0.04507568224573788,1.6176454664673656e-05,3.1663179470342584e-05,0.00026253185387759004,10.417120836212998,60.45565522133886,0.0003165866834504739,0.00016175277165883593,0.003161360419298663,0.001616350846134511,0.031167635742256353,0.016046447221597027,0.2714046726325108,0.14935964563178142,5.601719245364406,-6.516064643859863,-6.516064643859863,-6.516064643859863,52,-6.516059398651123,-6.516064643859863,73,73,2.8450397427097829 0.24261512621431053 0.85630314278475539 1.9536009066557216,1.1335704275296261 -1.6933046952428095 1.5332217520667994 1.1270258165931304,52.32327080518007,0.06479423958808184,0.23204409051686525,52.388065044768155,0.0207070279866457
e1-v2,N20_i08_Aheur_s42,20,4,8,eeddddb9f28e,Aheur,20.999999999960252,0.25486519640173555,82.3964993904411,0.7581042167069958,20.999999999960252,42,lightning_gpu,single,2,100,lbfgs_100grad,,0.015826303560136257,2.6300747327823766,4845,2023-08-06,2026-08-05,ok,,1000,35,983,327685,4,True,-335.50683085274403,0.493169146619977,-335.506830852744,True,0.035,327685,0.493169146619977,0.18149402262606282,0.0014207301427597043,351,1,False,False,False,0.773907712461315,0.15086669693629481,0.19364931311985878,0,0,1.4188839643837643,127.74700639033311,335.9841736958039,0.9999994179422487,0.034463323957879766,7.145322342694271e-06,2.1391368591139326e-05,7.120518375813845e-05,5.815206517654989,35.53931561032222,0.00021389309550670903,7.145092596730709e-05,0.002136873367373583,0.0007142795678734774,0.02116441994994947,0.007119880566219592,0.19258377378880676,0.06896041024642817,0.9999980566240123,0.0001881407098634637,8.516116700718612e-09,4.126418051697556e-08,1.3812015309255798e-07,6.893093412547483,45.67311241565422,4.126417285467973e-07,8.516116374359523e-08,4.126409623182579e-06,8.516113110769549e-07,4.126333001372007e-05,8.516080474961533e-06,0.00041255668875932243,8.515754126052876e-05,127.00977604882472,-0.9135167598724365,-0.9135167598724365,-0.9135167598724365,40,-0.9135167598724365,-0.9135167598724365,74,74,2.4314546363447995 1.3787772821439981 2.6973649175810768 2.1908462769412909,2.5589149671819018 1.6862423248058174 2.8740505691186931 2.0173892574660588,53.00495846290141,0.06437577027827501,0.23694860376417637,53.06933423317969,0.020309889689087868
e1-v2,N20_i08_Aheur_s43,20,4,8,eeddddb9f28e,Aheur,20.999999999960252,0.25486519640173555,82.3964993904411,0.7581042167069958,20.999999999960252,43,lightning_gpu,single,2,100,lbfgs_100grad,,0.015826303560136257,2.6300747327823766,4845,2023-08-06,2026-08-05,ok,,1000,2,998,794688,4,True,-335.6010226544887,0.3989773448753571,-335.6010226544886,True,0.002,794688,0.3989773448753571,0.14568066699377866,0.001140384194590431,180,1,False,False,False,0.8701430415808534,0.16724467726324338,0.1910544236051286,0,0,1.4188839643837643,127.74700639033311,335.9841736958039,0.9999995636435557,0.003915623365060128,8.038525720621692e-07,2.4097556661217823e-06,8.032954553982563e-06,5.843059138032159,30.3691587021505,2.4097295351390338e-05,8.03849664263093e-06,0.0002409468246090233,8.038205870436737e-05,0.002406857432220548,0.0008035298919681114,0.02380955711403392,0.00800630637617428,0.9999997969584142,0.10967843012076628,2.294314072059933e-05,6.891694829391781e-05,0.0002296498860232532,6.270329860891898,43.247079585020956,0.0006889557926540487,0.00022940772120839798,0.006868237417853448,0.002291710404677416,0.06659801905193662,0.02268220543435073,0.4980191120154734,0.20501659533808275,127.00977604882472,-1.7681381702423096,-1.7681381702423096,-1.7681381702423096,10,-1.7681381702423096,-1.7681381702423096,19,19,2.0492585716432195 0.13752423515278736 0.062924802978478217 2.6364640840167701,1.9595128314179702 -0.019055365697048902 0.15625087617197081 2.7589290992079651,13.579142512753606,0.06912526208907366,0.24388962797820568,13.64826777484268,0.017314361408352852
e1-v2,N20_i08_Aheur_s44,20,4,8,eeddddb9f28e,Aheur,20.999999999960252,0.25486519640173555,82.3964993904411,0.7581042167069958,20.999999999960252,44,lightning_gpu,single,2,100,lbfgs_100grad,,0.015826303560136257,2.6300747327823766,4845,2023-08-06,2026-08-05,ok,,1000,438,947,598144,4,True,-335.96369822042124,0.03630177894278486,-335.9636982204212,True,0.438,598144,0.03630177894278486,0.007785130638089297,6.0941785315122764e-05,3,1,False,True,True,1.2486384698657533,0.2233428928030267,0.1780682704954075,1,0,1.4188839643837643,127.74700639033311,335.9841736958039,1.0000012270683696,0.43477121385512874,9.055143891600892e-05,0.0002718282994464971,0.0009058557770913467,1.0048344177040445,0.8764145703802566,0.002714960325489215,0.0009051454979048009,0.02682029789152663,0.009014675850506807,0.2380430732402919,0.08657639809108195,0.9340364204688152,0.5956827308118837,1.0000012234570193,0.08713448005619284,1.8095222912961617e-05,5.434009290183894e-05,0.00018114413251169026,3.851386297783676,22.10933784861041,0.0005432680702151616,0.00018093749517144716,0.005419418615875097,0.001807902435349286,0.052891452031693584,0.01793264820810597,0.4192388416237205,0.16552614485478032,127.00977604882472,-6.682610988616943,-6.682610988616943,-6.68261194229126,60,-6.682610988616943,-6.68261194229126,80,80,0.38505090477492371 0.8108861395016167 1.274766337564649 3.0447811714676671,0.33860465653746913 1.1033707880603854 0.40535002645052837 3.2707933720190532,57.15725896600634,0.06425588857382536,0.23428738117218018,57.221514854580164,0.020304257981479168
e1-v2,N20_i08_Aheur_s45,20,4,8,eeddddb9f28e,Aheur,20.999999999960252,0.25486519640173555,82.3964993904411,0.7581042167069958,20.999999999960252,45,lightning_gpu,single,2,100,lbfgs_100grad,,0.015826303560136257,2.6300747327823766,4845,2023-08-06,2026-08-05,ok,,1000,264,992,589960,4,True,-335.835163065986,0.1648369333780193,-335.8351630659859,True,0.264,589960,0.1648369333780193,0.05665642423028928,0.00044350490732577034,17,1,False,False,False,1.4529561727899383,0.32650728152550923,0.2240310393537036,0,0,1.4188839643837643,127.74700639033311,335.9841736958039,0.9999993065784403,0.2679037531524955,5.477866579894908e-05,0.0001641758317418862,0.0005473139317473397,4.686435151771285,27.452543259152677,0.0016405459316161679,0.0005476516461123336,0.016284875047138447,0.005463039647953132,0.15141863832272548,0.0533067597523729,0.8063868340844499,0.42178046382342527,1.0000015090194232,0.033005071484240034,6.244148153200513e-06,1.848761030487367e-05,6.163126818137243e-05,7.946851227877135,57.4622288613554,0.00018486072317891634,6.24397270388423e-05,0.0018470701827103958,0.0006242218572193584,0.018317930507414818,0.006224713346201766,0.1687941589968991,0.06053214571192939,127.00977604882472,-2.2594799995422363,-2.2594799995422363,-2.2594799995422363,15,-2.2594799995422363,-2.2594799995422363,56,56,1.8005430614133757 1.660303899153966 2.3990779832738145 2.5500080338093531,2.5154339005997119 3.0402684741995127 1.7180237055063319 2.8937027056249978,40.05189386662096,0.06468538846820593,0.2312901746481657,40.116579255089164,0.020624843426048756
e1-v2,N20_i08_Aheur_s46,20,4,8,eeddddb9f28e,Aheur,20.999999999960252,0.25486519640173555,82.3964993904411,0.7581042167069958,20.999999999960252,46,lightning_gpu,single,2,100,lbfgs_100grad,,0.015826303560136257,2.6300747327823766,4845,2023-08-06,2026-08-05,ok,,1000,360,951,589829,4,True,-335.8366669341716,0.16333306519244162,-335.8366669341715,True,0.36,589829,0.16333306519244162,0.05608462747986511,0.00043902889832500336,16,1,False,False,False,1.1488705162876462,0.2162335194595875,0.18734358346584884,0,0,1.4188839643837643,127.74700639033311,335.9841736958039,0.9999995981121612,0.3696080873341998,7.197968807304278e-05,0.00021469972125487402,0.0007163731643231586,1.1030572649974522,1.2415886470666875,0.002144924081053865,0.0007195637770793757,0.021243389085990792,0.00717238268162572,0.19323493339115463,0.06945261385818487,0.8831924681202068,0.5131614777398668,1.000000074812636,0.09257043963953038,1.873013752629049e-05,5.607071580016054e-05,0.00018695082508202177,9.001503382713324,68.40518929225695,0.0005605657025207207,0.0001872855892390546,0.005591537616527304,0.0018712782653001801,0.054529212603477026,0.01855599069287099,0.4292037015321775,0.1708076542721883,127.00977604882472,-6.621445178985596,-6.621445178985596,-6.621445178985596,23,-6.621445178985596,-6.621445178985596,38,38,2.8450397427097829 0.24261512621431053 0.85630314278475539 1.9536009066557216,1.9372824637766901 -2.2841964128132783 1.5792133570261655 1.9863988955168523,27.285555622540414,0.0645853579044342,0.23330393712967634,27.35014098044485,0.020217078737914562
e1-v2,N20_i08_Amargin_s42,20,4,8,eeddddb9f28e,Amargin,0.7581042167069958,0.25486519640173555,2.974530172852716,0.7581042167069958,20.999999999960252,42,lightning_gpu,single,2,100,lbfgs_100grad,,0.015826303560136257,2.6300747327823766,4845,2023-08-06,2026-08-05,ok,,1000,420,844,589848,4,True,-11.834543647775323,0.29512381953660993,-11.834543647775323,True,0.42,589848,0.29512381953660993,0.10619375658614942,0.02305606555352687,82,1,False,False,False,1.2809838727020921,0.28426583978178804,0.2211314645080351,0,0,1.4188839643837643,4.605892377414109,12.113841163751797,0.9999995948156422,0.3997194167350244,2.3839460482122377e-05,6.728110565745737e-05,0.00022180013911565766,1.497493388928242,5.654098828313193,0.0006726073894949855,0.0002383690320525451,0.006705752335052929,0.0023811350543423444,0.06506976657257657,0.02355782269358498,0.4897393938503896,0.21211051503465503,0.9999981131041056,0.015475927174819493,2.5583758542779833e-06,5.586854513239814e-06,2.6144056846533203e-05,5.971266177385239,39.08554031455536,5.5867140570872954e-05,2.558346400687373e-05,0.0005585309754481661,0.00025580518896463784,0.00557129258429237,0.0025551092641591462,0.054336707802921116,0.025259299216698866,5.558401349305171,-5.840794086456299,-5.840794086456299,-5.840794086456299,20,-5.840794086456299,-5.840794086456299,30,30,2.4314546363447995 1.3787772821439981 2.6973649175810768 2.1908462769412909,1.318991503677974 0.94336106972918798 2.6375128538453954 1.9973335727292671,21.57838835287839,0.06430723890662193,0.22887710388749838,21.642695591785014,0.01743158884346485
e1-v2,N20_i08_Amargin_s43,20,4,8,eeddddb9f28e,Amargin,0.7581042167069958,0.25486519640173555,2.974530172852716,0.7581042167069958,20.999999999960252,43,lightning_gpu,single,2,100,lbfgs_100grad,,0.015826303560136257,2.6300747327823766,4845,2023-08-06,2026-08-05,ok,,1000,12,997,540832,4,True,-11.654880308456677,0.47478715885525524,-11.654880308456677,True,0.012,540832,0.47478715885525524,0.1745048722663408,0.03788730998623838,314,1,False,False,False,0.8846467304962069,0.17969176189185807,0.20199222551992943,0,0,1.4188839643837643,4.605892377414109,12.113841163751797,1.0000017714249592,0.008494157189943508,1.7633421975915553e-06,5.2494422106974525e-06,1.7490238406026037e-05,5.544006293151924,28.79078238072507,5.2493182075374655e-05,1.7633282054666737e-05,0.000524807839072365,0.00017631882923595772,0.005235701673060482,0.0017617899751021615,0.05114051705891745,0.01747887826708631,0.999998314413429,0.15843539742490975,4.892209472018294e-05,0.00015604167492710985,0.000520041176059749,5.641818475019356,36.455961582519194,0.0015593214998876157,0.0004891132595404438,0.015484251976099475,0.004880381194635503,0.14448688084627334,0.047745827061347945,0.7899770580727328,0.38690348867340035,5.558401349305171,-1.9572292566299438,-1.9572292566299438,-1.9572292566299438,9,-1.9572292566299438,-1.9572292566299438,25,25,2.0492585716432195 0.13752423515278736 0.062924802978478217 2.6364640840167701,2.1104979207285761 -0.027704458918960111 0.11341110585598864 2.7743092933992597,17.86769430525601,0.06428646389394999,0.2434745542705059,17.93198076914996,0.02026695106178522
e1-v2,N20_i08_Amargin_s44,20,4,8,eeddddb9f28e,Amargin,0.7581042167069958,0.25486519640173555,2.974530172852716,0.7581042167069958,20.999999999960252,44,lightning_gpu,single,2,100,lbfgs_100grad,,0.015826303560136257,2.6300747327823766,4845,2023-08-06,2026-08-05,ok,,1000,447,916,598144,4,True,-12.093365688369147,0.03630177894278486,-12.09336568836915,True,0.447,598144,0.03630177894278486,0.007785130638089297,0.0016902545696172154,3,1,False,True,True,1.2486384698657533,0.2233428928030267,0.1780682704954075,1,0,1.4188839643837643,4.605892377414109,12.113841163751797,1.0000017256758964,0.4375699674274074,0.00013094099995214492,0.0004012970457552001,0.0013219664106145501,0.8987662269429268,1.0489031305624863,0.004005731437708973,0.0013086387193202282,0.03934290883195085,0.013009591420688362,0.3306027423640372,0.12273798944810954,0.981934944996405,0.7300438484213941,1.000000471198348,0.08813803208067839,2.0950617908965796e-05,6.437106821977068e-05,0.00021494342036021408,3.999824630750713,22.6666948823721,0.0006435242506526533,0.0002094864284155315,0.00641663889460549,0.002092890581571385,0.06234494248012403,0.02073289327360573,0.4746714492935086,0.1890171515729146,5.558401349305171,-6.576610088348389,-6.576622009277344,-6.57662296295166,39,-6.57662296295166,-6.57662296295166,89,89,0.38505090477492371 0.8108861395016167 1.274766337564649 3.0447811714676671,0.2856957136074012 0.97392626727544829 0.73908504872611835 3.4023261466950756,63.85152841266245,0.06442696042358875,0.32102341298013926,63.915955373086035,0.020600806921720505
e1-v2,N20_i08_Amargin_s45,20,4,8,eeddddb9f28e,Amargin,0.7581042167069958,0.25486519640173555,2.974530172852716,0.7581042167069958,20.999999999960252,45,lightning_gpu,single,2,100,lbfgs_100grad,,0.015826303560136257,2.6300747327823766,4845,2023-08-06,2026-08-05,ok,,1000,51,843,598144,4,True,-12.093365688369147,0.03630177894278486,-12.09336568836915,True,0.051,598144,0.03630177894278486,0.007785130638089297,0.0016902545696172154,3,1,False,True,True,1.2486384698657533,0.2233428928030267,0.1780682704954075,1,0,1.4188839643837643,4.605892377414109,12.113841163751797,0.9999988093281229,0.046785534315064256,4.1443479858571663e-05,0.00014516236842609942,0.0004850255572819151,6.149498300277952,44.34684170218681,0.0014506758061387881,0.00041435751683588135,0.01441242276646966,0.004135857552374381,0.13512726107372747,0.040597264506022766,0.765834946404075,0.3392920627563014,1.0000017382802397,0.029373301618420555,1.4517186173179653e-05,5.03214096170268e-05,0.00016764093470555963,8.361073517125519,64.95125979353068,0.0005031001604680906,0.00014516237840767716,0.0050196269322676295,0.001450675905824236,0.04907746468183639,0.014412423750384389,0.39542331363967503,0.13512726970777522,5.558401349305171,0.2733895480632782,0.2733895480632782,0.2733895480632782,18,0.2733895480632782,0.2733895480632782,30,30,1.8005430614133757 1.660303899153966 2.3990779832738145 2.5500080338093531,2.278941274177372 1.8895286528259814 2.2319238057893913 2.720147879058656,21.442755316384137,0.06457806192338467,0.24347365275025368,21.50733337830752,0.0202799616381526
e1-v2,N20_i08_Amargin_s46,20,4,8,eeddddb9f28e,Amargin,0.7581042167069958,0.25486519640173555,2.974530172852716,0.7581042167069958,20.999999999960252,46,lightning_gpu,single,2,100,lbfgs_100grad,,0.015826303560136257,2.6300747327823766,4845,2023-08-06,2026-08-05,ok,,1000,326,889,590976,4,True,-11.967473821180743,0.16219364613119036,-11.967473821180743,True,0.326,590976,0.16219364613119036,0.055651400603438726,0.012082653271782082,15,1,False,False,False,1.2357833194168926,0.24498539304144226,0.19743379701594238,0,0,1.4188839643837643,4.605892377414109,12.113841163751797,0.9999997369222193,0.33278318537395535,0.00025222435942851007,0.0009032876114360988,0.0029948912415420637,0.7486421733605706,1.5266283569297843,0.008996247633977005,0.0025193827481931556,0.08640652497422027,0.024910109972702654,0.5949301758916421,0.22295434581197013,0.9998810679474971,0.9197462455320181,1.000000695265615,0.04722252128931359,1.1586286746023688e-05,3.937221026717452e-05,0.00012860500282840803,8.700541202618375,62.50214720996576,0.0003936523523029199,0.00011585682675505187,0.003929557540284419,0.0011579644279337505,0.038607942910464446,0.011519490552738782,0.3254637449174772,0.10940325298277717,5.558401349305171,-6.538456916809082,-6.538456916809082,-6.538456916809082,35,-6.538456916809082,-6.538456916809082,72,72,2.8450397427097829 0.24261512621431053 0.85630314278475539 1.9536009066557216,2.1461403515841644 -1.7241498481394997 1.5756628739331442 2.044846551501827,51.74265690334141,0.06449445802718401,0.23251941241323948,51.8071513613686,0.020549500361084938
e1-v2,N20_i09_Aheur_s42,20,4,9,86b8495c91a6,Aheur,20.999999999972246,0.3481466588683092,60.31940696554482,0.9087500716279011,20.999999999972246,42,lightning_gpu,single,2,100,lbfgs_100grad,,0.5045578573310119,2.4472390029399893,4845,2023-08-06,2026-08-05,ok,,1000,40,968,917512,4,True,-335.15334781692724,0.8466521826287252,-335.1533478169272,True,0.04,917512,0.8466521826287252,0.1397878690584526,0.0010196690694614294,104,1,False,False,False,1.227835464095084,0.2642218208023615,0.21437874088150424,0,0,1.428075222224571,137.09140861974564,335.49544214222493,1.0000014679994145,0.035956108341906656,7.4433696681808215e-06,2.2329769763018703e-05,0.00010418748661322752,9.162828291039858,35.60236644457187,0.00022327526112842438,7.443120356245367e-05,0.002230510613544023,0.0007440627849171235,0.02208254962182629,0.00741576389281354,0.20012530174308976,0.07173123781438384,0.999997804952705,0.0003427370910805981,3.2819535533690214e-08,1.0230263569610543e-07,4.3619848155707075e-07,10.822918764077176,45.56282871353885,1.0230258859988657e-06,3.2819530686642027e-07,1.0230211763928784e-05,3.2819482216212696e-06,0.00010229740819229234,3.2818997517168906e-05,0.0010225032961745358,0.0003281415105164023,127.50323123206276,-0.9056576490402222,-0.9056576490402222,-0.9056580066680908,37,-0.9056580066680908,-0.9056580066680908,54,54,2.4314546363447995 1.3787772821439981 2.6973649175810768 2.1908462769412909,2.5596163549622695 1.6866934421673132 2.8736309556102095 2.0179560188778924,38.77646610327065,0.06437546852976084,0.2437120396643877,38.84084157180041,0.020044096745550632
e1-v2,N20_i09_Aheur_s43,20,4,9,86b8495c91a6,Aheur,20.999999999972246,0.3481466588683092,60.31940696554482,0.9087500716279011,20.999999999972246,43,lightning_gpu,single,2,100,lbfgs_100grad,,0.5045578573310119,2.4472390029399893,4845,2023-08-06,2026-08-05,ok,,1000,11,1000,263177,4,True,-334.86606037309326,1.133939626462673,-334.8660603730932,True,0.011,263177,1.133939626462673,0.257180344206493,0.0018759771075067258,548,1,False,False,False,0.8353609637604683,0.1836562411318231,0.218655466386143,0,0,1.428075222224571,137.09140861974564,335.49544214222493,1.0000074580664986,0.0039820228245730505,8.141265084304905e-07,2.4422618594144296e-06,1.1404047768337477e-05,9.194758474835439,30.330241979216872,2.442235018695781e-05,8.14123525828093e-06,0.0002441966633140227,8.140937006054134e-05,0.002439284939359429,0.0008137955284919066,0.02412682866676053,0.008108218024221832,1.0000002473571419,0.11040846657124348,2.3283359041670337e-05,6.985166692174971e-05,0.0003254989733250113,9.846629488177058,43.10772075359888,0.000698297143619664,0.00023280919676494025,0.006961069396117135,0.0023256544757326693,0.06747014012489252,0.023014657981198988,0.502689682593404,0.20771674113946362,127.50323123206276,-1.7737733125686646,-1.7737733125686646,-1.7737740278244019,15,-1.7737740278244019,-1.7737740278244019,41,41,2.0492585716432195 0.13752423515278736 0.062924802978478217 2.6364640840167701,1.9649101970803313 -0.020498612239297515 0.15526899440974448 2.7590826252981011,29.414791390299797,0.06422681547701359,0.2392979934811592,29.47901820577681,0.020780441351234913
e1-v2,N20_i09_Aheur_s44,20,4,9,86b8495c91a6,Aheur,20.999999999972246,0.3481466588683092,60.31940696554482,0.9087500716279011,20.999999999972246,44,lightning_gpu,single,2,100,lbfgs_100grad,,0.5045578573310119,2.4472390029399893,4845,2023-08-06,2026-08-05,ok,,1000,452,951,786948,4,True,-335.4002217453741,0.5997782541818162,-335.40022174537404,True,0.452,786948,0.5997782541818162,0.03890931647314027,0.00028382023983037594,9,1,False,False,True,1.6363715678330266,0.3511955066019445,0.2140073278501732,0,0,1.428075222224571,137.09140861974564,335.49544214222493,1.0000008260304214,0.43422564704087563,9.08332149265334e-05,0.0002724988298723474,0.0012706299385172315,1.5922242472000525,0.8786085612986096,0.002721649223161348,0.0009079609589012328,0.02688556812740665,0.009042601578826942,0.23855395628616263,0.0868337660290855,0.9344773663582155,0.5968204993374884,1.0000016993548968,0.08716523714974755,1.820993384171743e-05,5.463655725179706e-05,0.0002548502816352993,6.074138977925146,22.11460337383801,0.0005462312601854451,0.0001820844170656912,0.005448905554029612,0.001819352931789176,0.053172209630352144,0.01804529764982403,0.4209581352924191,0.1664828461054823,127.50323123206276,-6.684075832366943,-6.684075832366943,-6.684075832366943,52,-6.6837158203125,-6.684075832366943,62,62,0.38505090477492371 0.8108861395016167 1.274766337564649 3.0447811714676671,0.33882482371213379 1.1011970704952252 0.40529119426055421 3.2713092230664182,44.25022842735052,0.06457028351724148,0.23474325332790613,44.31479871086776,0.01986183039844036
e1-v2,N20_i09_Aheur_s45,20,4,9,86b8495c91a6,Aheur,20.999999999972246,0.3481466588683092,60.31940696554482,0.9087500716279011,20.999999999972246,45,lightning_gpu,single,2,100,lbfgs_100grad,,0.5045578573310119,2.4472390029399893,4845,2023-08-06,2026-08-05,ok,,1000,267,979,688129,4,True,-335.23614746286944,0.7638525366864823,-335.23614746286944,True,0.267,688129,0.7638525366864823,0.10595396650836593,0.000772870944832535,52,1,False,False,False,1.0477571376830999,0.20792902090057247,0.19749712357784896,0,0,1.428075222224571,137.09140861974564,335.49544214222493,1.0000008949675327,0.2683473791803408,5.452751065604389e-05,0.00016356991545762867,0.00076384541898733,7.378088527068321,27.43643920437699,0.0016344956993099356,0.0005451413297896237,0.016225258570175646,0.005438059661788287,0.15090422893064945,0.05306895001697578,0.8052099456454855,0.42032633094784966,1.0000002592114825,0.03169350865755405,5.513573796633864e-06,1.6519840301043587e-05,7.779276074870722e-05,12.51657005917449,57.56627622198462,0.00016518612282086136,5.5134370009131134e-05,0.0016506338784507708,0.000551206929257024,0.01638427025614869,0.005498417061372001,0.15227566064357537,0.05364346114101472,127.50323123206276,-2.264590263366699,-2.264590263366699,-2.264590263366699,20,-2.264590263366699,-2.264590263366699,33,33,1.8005430614133757 1.660303899153966 2.3990779832738145 2.5500080338093531,2.5183075328130182 3.0433455516440819 1.718180812017575 2.8936148074217494,23.510535151697695,0.06439789291471243,0.23168037459254265,23.574933044612408,0.02082119695842266
e1-v2,N20_i09_Aheur_s46,20,4,9,86b8495c91a6,Aheur,20.999999999972246,0.3481466588683092,60.31940696554482,0.9087500716279011,20.999999999972246,46,lightning_gpu,single,2,100,lbfgs_100grad,,0.5045578573310119,2.4472390029399893,4845,2023-08-06,2026-08-05,ok,,1000,349,934,655377,4,True,-335.36513544792206,0.6348645516339028,-335.365135447922,True,0.349,655377,0.6348645516339028,0.05324641121947918,0.0003884007886093743,15,1,False,False,False,0.9462466417371974,0.1709836540322883,0.17963990204521976,0,0,1.428075222224571,137.09140861974564,335.49544214222493,1.000000684754491,0.3695276027501677,6.936917634448037e-05,0.0002080304257106036,0.0009754797865753062,1.7436176715364071,1.2417949458712232,0.0020783578874452625,0.0006934752597789643,0.02059027156186955,0.00691315171187687,0.18783525140425344,0.06702006335427825,0.8751348183350635,0.5002842413815795,0.9999994419207319,0.09150916194994352,1.8272403394803405e-05,5.4809355788165703e-05,0.0002562033841968514,14.148167734425467,68.36917200676862,0.0005479583946911831,0.000182709010047445,0.005466092043381093,0.0018255886159504438,0.05333581490390242,0.0181066391241635,0.4219579018300209,0.16700338743484774,127.50323123206276,-6.623066425323486,-6.623066425323486,-6.623066425323486,39,-6.623066425323486,-6.623066425323486,47,47,2.8450397427097829 0.24261512621431053 0.85630314278475539 1.9536009066557216,1.9385887988296953 -2.2860288703882046 1.5791273729565061 1.987020651381161,33.70619834307581,0.0642804466187954,0.23001631908118725,33.77047878969461,0.018262911587953568
e1-v2,N20_i09_Amargin_s42,20,4,9,86b8495c91a6,Amargin,0.9087500716279011,0.3481466588683092,2.6102507333601817,0.9087500716279011,20.999999999972246,42,lightning_gpu,single,2,100,lbfgs_100grad,,0.5045578573310119,2.4472390029399893,4845,2023-08-06,2026-08-05,ok,,1000,349,825,925696,4,True,-13.681365661328968,0.8586354847174492,-13.68136566132897,True,0.349,925696,0.8586354847174492,0.14468453100047293,0.025227391832441673,115,1,False,False,False,1.3984986403420083,0.31497576006005296,0.22450916361511009,0,0,1.428075222224571,5.735215592696068,14.035443288715406,1.000002161204206,0.36048753901013697,1.518762746854918e-05,4.5908187530585565e-05,0.00022889034335094038,2.12995519236164,5.510170147822292,0.00045898704663973786,0.0001518658952246038,0.00458040195050522,0.0015176215261809352,0.044871355550543876,0.015072990712286124,0.36814314986177527,0.14090642490926186,0.9999968914521113,0.013252598603630261,1.5189285704764188e-06,5.585593157775293e-06,3.480607585970574e-05,9.182524035158362,38.15892943371776,5.585452765037283e-05,1.5189181883704615e-05,0.0005584049096401413,0.00015188143725146944,0.005570038248410112,0.001517776734140387,0.05432477948544567,0.015074521719820006,6.9557316619966985,-5.952949047088623,-5.952949047088623,-5.952949047088623,39,-5.952949047088623,-5.952949047088623,80,80,2.4314546363447995 1.3787772821439981 2.6973649175810768 2.1908462769412909,1.3230061084562967 0.93838271837414811 2.629357173490162 2.0076095428826704,57.57364966440946,0.06450420059263706,0.23185205459594727,57.638153865002096,0.020780115388333797
e1-v2,N20_i09_Amargin_s43,20,4,9,86b8495c91a6,Amargin,0.9087500716279011,0.3481466588683092,2.6102507333601817,0.9087500716279011,20.999999999972246,43,lightning_gpu,single,2,100,lbfgs_100grad,,0.5045578573310119,2.4472390029399893,4845,2023-08-06,2026-08-05,ok,,1000,9,999,393226,4,True,-13.26005591897599,1.279945227070427,-13.26005591897599,True,0.009,393226,1.279945227070427,0.3168417015289083,0.05524495050062522,993,1,False,False,False,1.240533622895222,0.3106638774752226,0.24962151106594993,0,0,1.428075222224571,5.735215592696068,14.035443288715406,1.000000700259167,0.010760528819446336,2.2194624307303457e-06,6.64684671392024e-06,3.0902417393008363e-05,8.623005438855419,28.305926599577617,6.646647904873565e-05,2.219440263800876e-05,0.0006644660250418033,0.00022192186107408894,0.0066248272346985096,0.002217003702712543,0.06430778624803166,0.021950159840388936,0.999999250385701,0.16205996667486033,6.018773274263367e-05,0.00018080867448588833,0.000804033268650528,8.710142145246738,35.502728072460656,0.0018066163239946924,0.0006017143382448733,0.017919994778987938,0.006000876791235645,0.16541862098700547,0.0584139554074614,0.8360592543485824,0.45222761873106676,6.9557316619966985,-2.0412516593933105,-2.0412516593933105,-2.0412516593933105,17,-2.0412516593933105,-2.0412516593933105,33,33,2.0492585716432195 0.13752423515278736 0.062924802978478217 2.6364640840167701,2.120060547694862 -0.021477857983494834 0.17629850833114627 2.7032558111813207,23.55518039315939,0.06440539192408323,0.23941079527139664,23.619585785083473,0.018307100981473923
e1-v2,N20_i09_Amargin_s44,20,4,9,86b8495c91a6,Amargin,0.9087500716279011,0.3481466588683092,2.6102507333601817,0.9087500716279011,20.999999999972246,44,lightning_gpu,single,2,100,lbfgs_100grad,,0.5045578573310119,2.4472390029399893,4845,2023-08-06,2026-08-05,ok,,1000,422,908,786948,4,True,-13.940222891864602,0.5997782541818162,-13.940222891864604,True,0.422,786948,0.5997782541818162,0.03890931647314027,0.006784281400457238,9,1,False,False,True,1.6363715678330266,0.3511955066019445,0.2140073278501732,0,0,1.428075222224571,5.735215592696068,14.035443288715406,1.0000000693170772,0.42322019993298454,0.00013611828035209328,0.00040839382563717663,0.0018628250254550949,1.3912894620657132,1.1100672173111563,0.00407644107597717,0.0013603493377107644,0.040024700089089815,0.01352051998208852,0.3353384007185952,0.12726868737514158,0.9831730314880807,0.7436663730918198,1.000001658237295,0.08838300981460634,2.291822420374956e-05,6.893306272104383e-05,0.00031913369639369193,6.324049867714823,22.621870874350208,0.0006891168369910359,0.0002291586074569302,0.006869837901818735,0.002289224403033692,0.06661306120572025,0.022657853217256944,0.49810000241753805,0.2048184839410729,6.9557316619966985,-6.6339921951293945,-6.6339921951293945,-6.633993148803711,38,-6.633993148803711,-6.633993148803711,60,60,0.38505090477492371 0.8108861395016167 1.274766337564649 3.0447811714676671,0.28767070993048055 0.98476252196020431 0.73740586292714039 3.4035456525161347,42.981634395197034,0.06641015131026506,0.23296596575528383,43.0480445465073,0.0208005178719759
e1-v2,N20_i09_Amargin_s45,20,4,9,86b8495c91a6,Amargin,0.9087500716279011,0.3481466588683092,2.6102507333601817,0.9087500716279011,20.999999999972246,45,lightning_gpu,single,2,100,lbfgs_100grad,,0.5045578573310119,2.4472390029399893,4845,2023-08-06,2026-08-05,ok,,1000,294,929,524309,4,True,-13.945876590480692,0.5941245555657255,-13.945876590480692,True,0.294,524309,0.5941245555657255,0.03659908089365719,0.006381465579126089,8,1,False,False,True,1.2717176178075213,0.24612025157326875,0.19274738994012153,0,0,1.428075222224571,5.735215592696068,14.035443288715406,1.0000018013714662,0.291090775092016,0.00020265101920813322,0.0006111402617534623,0.0026396304892841727,3.3988150343724084,10.291755959945988,0.006094622820133292,0.0020246631558087933,0.05930160709438543,0.020063157252267594,0.45736972496542966,0.18345361260606433,0.9977867003902471,0.868232405647547,1.000001284890195,0.04263649879771947,2.9376946258707903e-05,8.905098002287559e-05,0.00039581127020937856,13.357700817790834,65.78405352731465,0.0008901530314903506,0.0002937306304054998,0.008865958064244027,0.002933426847834409,0.08520469150619267,0.028950057349209166,0.589569821293018,0.2545548913202621,6.9557316619966985,-5.145823955535889,-5.145824432373047,-5.145824432373047,83,-5.145821571350098,-5.145824432373047,100,100,1.8005430614133757 1.660303899153966 2.3990779832738145 2.5500080338093531,1.5728521205211596 2.2597727168058399 2.9025348550017003 3.5373967307527505,71.65688295662403,0.0649534547701478,0.23985898587852716,71.72183641139418,0.019894277676939964
e1-v2,N20_i09_Amargin_s46,20,4,9,86b8495c91a6,Amargin,0.9087500716279011,0.3481466588683092,2.6102507333601817,0.9087500716279011,20.999999999972246,46,lightning_gpu,single,2,100,lbfgs_100grad,,0.5045578573310119,2.4472390029399893,4845,2023-08-06,2026-08-05,ok,,1000,348,890,524307,4,True,-13.84344110393653,0.6965600421098865,-13.84344110393653,True,0.348,524307,0.6965600421098865,0.0784566544371894,0.013679809096820315,21,1,False,False,False,1.2815203880914168,0.26172133410123605,0.20344688740343128,0,0,1.428075222224571,5.735215592696068,14.035443288715406,1.00000067917861,0.3483166179867112,4.027955947094597e-05,0.00012028004130115733,0.000558601434022421,1.4664632538076479,1.4160306445589554,0.0012021495938076571,0.0004027225926200584,0.011956671612405712,0.0040199354116732455,0.11333431722326753,0.039479900309701256,0.6996698036957061,0.3315567029081625,1.0000006869183167,0.04795737719769022,1.5587715097353794e-05,4.713384805654641e-05,0.00020578683506755624,13.4766322256136,62.16315912797659,0.00047123852114646465,0.00015586621746923202,0.0047024048001551005,0.0015575693864685928,0.046041356298544084,0.015466975067090756,0.37584065891843016,0.14433673810240522,6.9557316619966985,-6.583214282989502,-6.583214282989502,-6.583214282989502,45,-6.583214282989502,-6.583214282989502,46,46,2.8450397427097829 0.24261512621431053 0.85630314278475539 1.9536009066557216,1.1299793293822498 -1.6870818731701449 1.5342786846391998 1.1309685471446862,32.89851494412869,0.06426814943552017,0.23125539254397154,32.96278309356421,0.020763316191732883
