run_id,n_assets,instance,penalty_label,qaoa_seed,feasible_set_size,final_P_F,final_D_cond,initial_P_F,initial_D_cond,point_mass_D_cond
N12_i00_1.1xAcrit_s42,12,0,1.1xAcrit,42,66,0.1836296192068403,0.6306726449961292,0.08681691013134696,0.5342773093858385,0.9848484848484849
N12_i00_1.1xAcrit_s43,12,0,1.1xAcrit,43,66,0.24714895636498113,0.5403057824154014,0.0038766444717879267,0.49161910812264087,0.9848484848484849
N12_i00_1.1xAcrit_s44,12,0,1.1xAcrit,44,66,0.3172862778274066,0.547444219147904,0.11635905934963375,0.25971081380800703,0.9848484848484849
N12_i00_1.1xAcrit_s45,12,0,1.1xAcrit,45,66,0.14152875589206815,0.5090429796823004,0.09892490936090326,0.688042576725965,0.9848484848484849
N12_i00_1.1xAcrit_s46,12,0,1.1xAcrit,46,66,0.29725148336729035,0.43953176047868053,0.039459819523472106,0.5329896773861094,0.9848484848484849
N12_i00_10xAcrit_s42,12,0,10xAcrit,42,66,0.29838573723100126,0.18191539517365338,0.14624762509629363,0.3170455880088295,0.9848484848484849
N12_i00_10xAcrit_s43,12,0,10xAcrit,43,66,0.27050230117311,0.40740427824235026,0.04248724253557157,0.3476820953011742,0.9848484848484849
N12_i00_10xAcrit_s44,12,0,10xAcrit,44,66,0.3940695300116204,0.28089285169642325,0.1228469698689878,0.14697501829525525,0.9848484848484849
N12_i00_10xAcrit_s45,12,0,10xAcrit,45,66,0.5142360182944685,0.2132872923763812,0.1265604589693794,0.45557835586607154,0.9848484848484849
N12_i00_10xAcrit_s46,12,0,10xAcrit,46,66,0.4281723874391332,0.8444645264757754,0.12176210680627264,0.40635198684434914,0.9848484848484849
N12_i00_2xAcrit_s42,12,0,2xAcrit,42,66,0.19803815014165593,0.5396316816967098,0.09732927773166011,0.4816923730805485,0.9848484848484849
N12_i00_2xAcrit_s43,12,0,2xAcrit,43,66,0.323920627910411,0.398960181016401,0.003743702062195098,0.5238089085637998,0.9848484848484849
N12_i00_2xAcrit_s44,12,0,2xAcrit,44,66,0.32952829933856265,0.5083710365884532,0.11793114786269143,0.24150610341677883,0.9848484848484849
N12_i00_2xAcrit_s45,12,0,2xAcrit,45,66,0.1894521466354604,0.5549139935910967,0.10640413529381476,0.6696376904598055,0.9848484848484849
N12_i00_2xAcrit_s46,12,0,2xAcrit,46,66,0.2743593228848006,0.9690086305354326,0.04505034967587562,0.55893794734702,0.9848484848484849
N12_i00_5xAcrit_s42,12,0,5xAcrit,42,66,0.21972652591648512,0.4100189069103885,0.1262321222166065,0.36252500401566273,0.9848484848484849
N12_i00_5xAcrit_s43,12,0,5xAcrit,43,66,0.1970271605096059,0.4371489580023997,0.010098730297613656,0.5248772326641421,0.9848484848484849
N12_i00_5xAcrit_s44,12,0,5xAcrit,44,66,0.3628147391573293,0.40143135765554583,0.12100224121240899,0.19493088054117058,0.9848484848484849
N12_i00_5xAcrit_s45,12,0,5xAcrit,45,66,0.3809573098551482,0.2826774937485319,0.11963611074770597,0.5834452921805494,0.9848484848484849
N12_i00_5xAcrit_s46,12,0,5xAcrit,46,66,0.42644288950649667,0.8907306931404687,0.07906769181863638,0.5189545495173574,0.9848484848484849
N12_i00_Aheur_s42,12,0,Aheur,42,66,0.17169158207252622,0.013612583077960212,0.11304889840539545,0.005904365134451278,0.9848484848484849
N12_i00_Aheur_s43,12,0,Aheur,43,66,0.00991729661473073,0.0013530260554259835,0.2215427365154028,0.000366925437111751,0.9848484848484849
N12_i00_Aheur_s44,12,0,Aheur,44,66,0.5021392581984401,0.001873533866806768,0.11896329908631742,0.0025155657365595043,0.9848484848484849
N12_i00_Aheur_s45,12,0,Aheur,45,66,0.13664852338843048,0.028159118993653334,0.06755057454574853,0.0015354430713255653,0.9848484848484849
N12_i00_Aheur_s46,12,0,Aheur,46,66,0.2918998636305332,0.0008071800125593305,0.011615844035986811,0.009179406634297364,0.9848484848484849
N12_i00_Amargin_s42,12,0,Amargin,42,66,0.3713930014055222,0.10408739042844525,0.19428754411637783,0.3924834079248394,0.9848484848484849
N12_i00_Amargin_s43,12,0,Amargin,43,66,0.013217845989856869,0.08470774863982192,0.10368476493749768,0.18520464030402745,0.9848484848484849
N12_i00_Amargin_s44,12,0,Amargin,44,66,0.41153092798776925,0.19000251246367944,0.12332593882456422,0.10372538475789,0.9848484848484849
N12_i00_Amargin_s45,12,0,Amargin,45,66,0.14716288792988053,0.3397317392704877,0.13479332547285594,0.33240173149100244,0.9848484848484849
N12_i00_Amargin_s46,12,0,Amargin,46,66,0.3777733837487176,0.5146393397617808,0.11947683713515289,0.2994866333617176,0.9848484848484849
N12_i01_1.1xAcrit_s42,12,1,1.1xAcrit,42,66,0.22889191284775734,0.16183212138138459,0.22212851918993692,0.3904812344137331,0.9848484848484849
N12_i01_1.1xAcrit_s43,12,1,1.1xAcrit,43,66,0.03155859396792948,0.0945285794001272,0.1527379103936255,0.12644981419004298,0.9848484848484849
N12_i01_1.1xAcrit_s44,12,1,1.1xAcrit,44,66,0.27412270102649927,0.20997455474276056,0.12459431309252977,0.0958168658216077,0.9848484848484849
N12_i01_1.1xAcrit_s45,12,1,1.1xAcrit,45,66,0.051791633526590886,0.3719927208840589,0.13172851514536887,0.3361395161149997,0.9848484848484849
N12_i01_1.1xAcrit_s46,12,1,1.1xAcrit,46,66,0.26432233720697695,0.628029766292349,0.125457294867374,0.2374767699022818,0.9848484848484849
N12_i01_10xAcrit_s42,12,1,10xAcrit,42,66,0.16357967967633158,0.17353826070129572,0.12160763773135841,0.04164058982047141,0.9848484848484849
N12_i01_10xAcrit_s43,12,1,10xAcrit,43,66,0.01215304373181425,0.00967105378526853,0.2263631911482662,0.004599444448303826,0.9848484848484849
N12_i01_10xAcrit_s44,12,1,10xAcrit,44,66,0.5124211497604847,0.015494080958799193,0.12093675346113741,0.018613880951164924,0.9848484848484849
N12_i01_10xAcrit_s45,12,1,10xAcrit,45,66,0.11932367563713342,0.09494306055970804,0.07995069120079279,0.06468761745442624,0.9848484848484849
N12_i01_10xAcrit_s46,12,1,10xAcrit,46,66,0.31645177910104394,0.021850172527965034,0.014068753065657802,0.10915721556903403,0.9848484848484849
N12_i01_2xAcrit_s42,12,1,2xAcrit,42,66,0.62126195570454,0.06106443462808057,0.20335203508875566,0.3906111391079338,0.9848484848484849
N12_i01_2xAcrit_s43,12,1,2xAcrit,43,66,0.024717045977013186,0.0394565186840931,0.19628707179799676,0.063406718192608,0.9848484848484849
N12_i01_2xAcrit_s44,12,1,2xAcrit,44,66,0.33706564432941377,0.12176435638994301,0.12423673528246582,0.06700806242181445,0.9848484848484849
N12_i01_2xAcrit_s45,12,1,2xAcrit,45,66,0.06458056957126246,0.34921402803837387,0.14920987459481694,0.261872318282241,0.9848484848484849
N12_i01_2xAcrit_s46,12,1,2xAcrit,46,66,0.36754607083275914,0.26151974590507043,0.07489988312590867,0.1986826964210688,0.9848484848484849
N12_i01_5xAcrit_s42,12,1,5xAcrit,42,66,0.1917625175701687,0.31350779075882745,0.1040128524764441,0.11137532412124697,0.9848484848484849
N12_i01_5xAcrit_s43,12,1,5xAcrit,43,66,0.016296429559588432,0.014641917573336126,0.22387961274944246,0.015566715957832187,0.9848484848484849
N12_i01_5xAcrit_s44,12,1,5xAcrit,44,66,0.47694271756336093,0.037847086644664504,0.1223634536145255,0.03379917016133797,0.9848484848484849
N12_i01_5xAcrit_s45,12,1,5xAcrit,45,66,0.05650048115057871,0.2067914691662937,0.10836080921581015,0.14833285520474393,0.9848484848484849
N12_i01_5xAcrit_s46,12,1,5xAcrit,46,66,0.09946871103602462,0.43663309925114974,0.02347137477772776,0.19134087124641752,0.9848484848484849
N12_i01_Aheur_s42,12,1,Aheur,42,66,0.17893968150019646,0.011620493928349625,0.11475107236765325,0.005699206254333036,0.9848484848484849
N12_i01_Aheur_s43,12,1,Aheur,43,66,0.009937588081811555,0.0017181469908468267,0.22293777321465313,0.0004764412462330541,0.9848484848484849
N12_i01_Aheur_s44,12,1,Aheur,44,66,0.5031171818263829,0.0017838294447921343,0.11910597118549049,0.0027717392024430897,0.9848484848484849
N12_i01_Aheur_s45,12,1,Aheur,45,66,0.13556681317277253,0.02646227583174414,0.06965742155443877,0.0017924012546013893,0.9848484848484849
N12_i01_Aheur_s46,12,1,Aheur,46,66,0.2990708230063319,0.0012234196553833664,0.011511284072184935,0.009555862175125463,0.9848484848484849
N12_i01_Amargin_s42,12,1,Amargin,42,66,0.37826479272916913,0.05318052895846428,0.20211332801409299,0.3896161802545686,0.9848484848484849
N12_i01_Amargin_s43,12,1,Amargin,43,66,0.024756875092862174,0.03885805576324152,0.19667955837212503,0.06282528176243186,0.9848484848484849
N12_i01_Amargin_s44,12,1,Amargin,44,66,0.3381423996761441,0.12082652612093842,0.12422660435549915,0.06669496702443768,0.9848484848484849
N12_i01_Amargin_s45,12,1,Amargin,45,66,0.065324195615176,0.3475224602618876,0.14922964057768695,0.26095124448197304,0.9848484848484849
N12_i01_Amargin_s46,12,1,Amargin,46,66,0.3670742211397737,0.26034735860517816,0.07429760263767093,0.19862628530314227,0.9848484848484849
N12_i02_A0_s42,12,2,A0,42,66,0.0882143964554416,0.5538019094072719,0.18750394844437324,0.654621420823175,0.9848484848484849
N12_i02_A0_s43,12,2,A0,43,66,0.08798546912294114,0.6338884856215552,0.01257929374514788,0.4558775495069503,0.9848484848484849
N12_i02_A0_s44,12,2,A0,44,66,0.19978366853452023,0.6217699679614439,0.11647659033769742,0.2461063833289791,0.9848484848484849
N12_i02_A0_s45,12,2,A0,45,66,0.1755356063513318,0.4995859791620916,0.12469333070293942,0.6486476893923719,0.9848484848484849
N12_i02_A0_s46,12,2,A0,46,66,0.23229380935663357,0.38072508454224807,0.09407424922392238,0.49282248759431657,0.9848484848484849
N12_i02_Aheur_s42,12,2,Aheur,42,66,0.1702481375541538,0.008541960727407795,0.11263081384822726,0.004539854758334859,0.9848484848484849
N12_i02_Aheur_s43,12,2,Aheur,43,66,0.009931360647897236,0.0013417726604440829,0.22198683861643076,0.0003329622209829802,0.9848484848484849
N12_i02_Aheur_s44,12,2,Aheur,44,66,0.5014596907421947,0.0011124423137390043,0.11892753292340785,0.001794119345280642,0.9848484848484849
N12_i02_Aheur_s45,12,2,Aheur,45,66,0.1387451144400984,0.01671584022402553,0.06879983097314835,0.0010778410119082881,0.9848484848484849
N12_i02_Aheur_s46,12,2,Aheur,46,66,0.28381830221042037,0.0005227865338061216,0.01154630639939569,0.00674270934668846,0.9848484848484849
N12_i02_Amargin_s42,12,2,Amargin,42,66,0.39635187154635787,0.08932174197408439,0.22086244365209495,0.33816596946133354,0.9848484848484849
N12_i02_Amargin_s43,12,2,Amargin,43,66,0.01436761899094563,0.09754655996282469,0.1430962603772059,0.15314268648357462,0.9848484848484849
N12_i02_Amargin_s44,12,2,Amargin,44,66,0.36899736733175814,0.16828821959575868,0.1239016770850867,0.0940489577556694,0.9848484848484849
N12_i02_Amargin_s45,12,2,Amargin,45,66,0.10092283815174596,0.3877005867435626,0.13958951918175444,0.336457681889465,0.9848484848484849
N12_i02_Amargin_s46,12,2,Amargin,46,66,0.3875234172446653,0.4341039472853788,0.11175487688160501,0.29726618083132267,0.9848484848484849
N12_i03_1.1xAcrit_s42,12,3,1.1xAcrit,42,66,0.11066475443658419,0.37539964360027356,0.1975512706826521,0.7169004366905047,0.9848484848484849
N12_i03_1.1xAcrit_s43,12,3,1.1xAcrit,43,66,0.28016648010816425,0.17528212325176623,0.008885899445886025,0.17615867236901933,0.9848484848484849
N12_i03_1.1xAcrit_s44,12,3,1.1xAcrit,44,66,0.3073044000120717,0.2886037767233941,0.11569292593048885,0.1601972551439528,0.9848484848484849
N12_i03_1.1xAcrit_s45,12,3,1.1xAcrit,45,66,0.34937054570764303,0.24834088110034822,0.07860534892643045,0.5610398133669304,0.9848484848484849
N12_i03_1.1xAcrit_s46,12,3,1.1xAcrit,46,66,0.26206542568979785,0.26848407279749426,0.07717017285176553,0.21306332202324713,0.9848484848484849
N12_i03_10xAcrit_s42,12,3,10xAcrit,42,66,0.22039369058194325,0.4659167460129254,0.2052655465697626,0.4682399429312337,0.9848484848484849
N12_i03_10xAcrit_s43,12,3,10xAcrit,43,66,0.012393526223604567,0.026366066020657955,0.1758644797373563,0.01659245707618377,0.9848484848484849
N12_i03_10xAcrit_s44,12,3,10xAcrit,44,66,0.4500570450909436,0.052675451954007975,0.12223619502037764,0.05116358469476388,0.9848484848484849
N12_i03_10xAcrit_s45,12,3,10xAcrit,45,66,0.027788616489033302,0.40915239659297453,0.14765542032546364,0.11341743670426509,0.9848484848484849
N12_i03_10xAcrit_s46,12,3,10xAcrit,46,66,0.38869405374862254,0.08449518030714173,0.05227300713886507,0.20300254662297254,0.9848484848484849
N12_i03_2xAcrit_s42,12,3,2xAcrit,42,66,0.15598071341810282,0.24825903809109995,0.20021276207103256,0.6809665786159751,0.9848484848484849
N12_i03_2xAcrit_s43,12,3,2xAcrit,43,66,0.46495641535148025,0.0922586974613939,0.03221698111156002,0.10711699630299794,0.9848484848484849
N12_i03_2xAcrit_s44,12,3,2xAcrit,44,66,0.3911802615621127,0.16930647951080355,0.11918514117132872,0.13175193574149088,0.9848484848484849
N12_i03_2xAcrit_s45,12,3,2xAcrit,45,66,0.4053512793034315,0.05657136185443797,0.09340038009395357,0.43158895287427584,0.9848484848484849
N12_i03_2xAcrit_s46,12,3,2xAcrit,46,66,0.32966926938388497,0.1646023842517208,0.12219026213278994,0.1866163313598122,0.9848484848484849
N12_i03_5xAcrit_s42,12,3,5xAcrit,42,66,0.44705060636624694,0.021521779814461486,0.1700916553272691,0.6144294161326688,0.9848484848484849
N12_i03_5xAcrit_s43,12,3,5xAcrit,43,66,0.1297644290025346,0.20843707037983616,0.11668369930703193,0.04129213897992393,0.9848484848484849
N12_i03_5xAcrit_s44,12,3,5xAcrit,44,66,0.4230544613674283,0.09335351689496658,0.12224295490887016,0.08248326862803185,0.9848484848484849
N12_i03_5xAcrit_s45,12,3,5xAcrit,45,66,0.09669530278188176,0.13965822182492202,0.1319794698501937,0.10357740710568071,0.9848484848484849
N12_i03_5xAcrit_s46,12,3,5xAcrit,46,66,0.36027767264749855,0.24383811259796492,0.11416415858548135,0.1717936822633529,0.9848484848484849
N12_i03_Aheur_s42,12,3,Aheur,42,66,0.18164275167509913,0.011948456297809728,0.11407148756552488,0.005807794737656811,0.9848484848484849
N12_i03_Aheur_s43,12,3,Aheur,43,66,0.00990662252297625,0.0014076169671969002,0.2212302868720144,0.0004666835712135841,0.9848484848484849
N12_i03_Aheur_s44,12,3,Aheur,44,66,0.5033804546110332,0.0014377554469072098,0.11904787726234645,0.0028600257466270627,0.9848484848484849
N12_i03_Aheur_s45,12,3,Aheur,45,66,0.14103923179209232,0.02460635469967064,0.06623775593470782,0.0017171346940286977,0.9848484848484849
N12_i03_Aheur_s46,12,3,Aheur,46,66,0.30720683047547936,0.0028844695553379976,0.01162281040160451,0.008666212264918042,0.9848484848484849
N12_i03_Amargin_s42,12,3,Amargin,42,66,0.3771220662165433,0.06602071475236693,0.12811768800747814,0.6151526773648962,0.9848484848484849
N12_i03_Amargin_s43,12,3,Amargin,43,66,0.03481297075632028,0.02846445521105646,0.08569332037586719,0.05794036163134362,0.9848484848484849
N12_i03_Amargin_s44,12,3,Amargin,44,66,0.41983941313810647,0.11079326078501717,0.12166805332526565,0.09806946302523435,0.9848484848484849
N12_i03_Amargin_s45,12,3,Amargin,45,66,0.44538725819438696,0.04266669573744539,0.11632954323431477,0.18192624671663837,0.9848484848484849
N12_i03_Amargin_s46,12,3,Amargin,46,66,0.3780910538043827,0.07093591112028322,0.13071807177038863,0.17269978169019673,0.9848484848484849
N12_i04_A0_s42,12,4,A0,42,66,0.14335155592561932,0.3864131444896601,0.16566798841222408,0.695481077255498,0.9848484848484849
N12_i04_A0_s43,12,4,A0,43,66,0.33690148052119184,0.3027164886879831,0.000777309371677859,0.38850166900802374,0.9848484848484849
N12_i04_A0_s44,12,4,A0,44,66,0.32182832436228637,0.48049666193905594,0.10514202612102963,0.1662408296709754,0.9848484848484849
N12_i04_A0_s45,12,4,A0,45,66,0.255650679115206,0.30508136920437473,0.0509339361194634,0.5207802407482349,0.9848484848484849
N12_i04_A0_s46,12,4,A0,46,66,0.3169520265050778,0.4798178483336067,0.011259438273555133,0.3992327504296922,0.9848484848484849
N12_i04_Aheur_s42,12,4,Aheur,42,66,0.11370413901749998,0.0021902686993566676,0.1122976983897388,0.004673449449136077,0.9848484848484849
N12_i04_Aheur_s43,12,4,Aheur,43,66,0.009920341457473114,0.0014328067744649306,0.22135644452646375,0.0003065485696357225,0.9848484848484849
N12_i04_Aheur_s44,12,4,Aheur,44,66,0.5014950213953853,0.0011025223648807479,0.11889966286253184,0.0011211542620367543,0.9848484848484849
N12_i04_Aheur_s45,12,4,Aheur,45,66,0.13906069018412381,0.013815186801867413,0.06750733777880669,0.0011507167986305336,0.9848484848484849
N12_i04_Aheur_s46,12,4,Aheur,46,66,0.28576286882162094,0.00019306551928144344,0.011583354775211774,0.005949460972488619,0.9848484848484849
N12_i04_Amargin_s42,12,4,Amargin,42,66,0.45111823035404086,0.04185480440335773,0.15483885478170123,0.6586623205732791,0.9848484848484849
N12_i04_Amargin_s43,12,4,Amargin,43,66,0.2257903100689873,0.10559873011209608,0.10765630414243788,0.07488644382308637,0.9848484848484849
N12_i04_Amargin_s44,12,4,Amargin,44,66,0.45833679288625717,0.12855462349766747,0.12160795531235635,0.06537329172337321,0.9848484848484849
N12_i04_Amargin_s45,12,4,Amargin,45,66,0.07914881115709704,0.29827175674844314,0.12049121659947559,0.1577027148795072,0.9848484848484849
N12_i04_Amargin_s46,12,4,Amargin,46,66,0.3872564334888011,0.1798538655779802,0.12041403877083212,0.20705244835048245,0.9848484848484849
N12_i05_1.1xAcrit_s42,12,5,1.1xAcrit,42,66,0.29873719229362905,0.0994808830724699,0.21653816424077377,0.5276444870591978,0.9848484848484849
N12_i05_1.1xAcrit_s43,12,5,1.1xAcrit,43,66,0.02995858821668662,0.05758117506805566,0.1496930530993268,0.06538912674274933,0.9848484848484849
N12_i05_1.1xAcrit_s44,12,5,1.1xAcrit,44,66,0.3196838619187474,0.14670718490125775,0.12366252311039716,0.07933703786003368,0.9848484848484849
N12_i05_1.1xAcrit_s45,12,5,1.1xAcrit,45,66,0.07093646986550084,0.5034059730585029,0.1303235783125274,0.21073320750735422,0.9848484848484849
N12_i05_1.1xAcrit_s46,12,5,1.1xAcrit,46,66,0.1661100048854678,0.47558223094527,0.11695413355482742,0.16639107521002774,0.9848484848484849
N12_i05_10xAcrit_s42,12,5,10xAcrit,42,66,0.1642914756666869,0.14598240354767092,0.11953140737023205,0.03683007499610596,0.9848484848484849
N12_i05_10xAcrit_s43,12,5,10xAcrit,43,66,0.011727193661499768,0.007905742000791095,0.22284812782891095,0.0028548440551573436,0.9848484848484849
N12_i05_10xAcrit_s44,12,5,10xAcrit,44,66,0.513792613055557,0.012438409167057605,0.12073497264645994,0.015799223535797352,0.9848484848484849
N12_i05_10xAcrit_s45,12,5,10xAcrit,45,66,0.1249742116779089,0.07579491431262717,0.07547610742039979,0.0547664746582375,0.9848484848484849
N12_i05_10xAcrit_s46,12,5,10xAcrit,46,66,0.32326470920816064,0.027777670901030865,0.013213418860686943,0.07290959242096336,0.9848484848484849
N12_i05_2xAcrit_s42,12,5,2xAcrit,42,66,0.2630584709113464,0.4062327918664542,0.22812341697999727,0.4375222411598701,0.9848484848484849
N12_i05_2xAcrit_s43,12,5,2xAcrit,43,66,0.015045652922708541,0.0396588798866811,0.1899686015676707,0.03355718640970372,0.9848484848484849
N12_i05_2xAcrit_s44,12,5,2xAcrit,44,66,0.3738422754686326,0.08908805936068978,0.12353495613206178,0.055983094722814694,0.9848484848484849
N12_i05_2xAcrit_s45,12,5,2xAcrit,45,66,0.06814571351424092,0.3221155872143251,0.15188905148534104,0.18167318614812894,0.9848484848484849
N12_i05_2xAcrit_s46,12,5,2xAcrit,46,66,0.30461241281591356,0.19697687036419945,0.06762836099369451,0.16669070617158005,0.9848484848484849
N12_i05_5xAcrit_s42,12,5,5xAcrit,42,66,0.1782091257337015,0.2995833967054098,0.10430169058963656,0.14061474965694837,0.9848484848484849
N12_i05_5xAcrit_s43,12,5,5xAcrit,43,66,0.015641775680705905,0.012143512037607707,0.2182392741087824,0.008693183576984573,0.9848484848484849
N12_i05_5xAcrit_s44,12,5,5xAcrit,44,66,0.48658625641837716,0.02977188616012397,0.12199383333791047,0.028542663265828796,0.9848484848484849
N12_i05_5xAcrit_s45,12,5,5xAcrit,45,66,0.06159675889648497,0.15918281090317024,0.10553929337766021,0.1199956822228631,0.9848484848484849
N12_i05_5xAcrit_s46,12,5,5xAcrit,46,66,0.1637707045301795,0.18041512961540235,0.020517161930911243,0.15081017183905748,0.9848484848484849
N12_i05_Aheur_s42,12,5,Aheur,42,66,0.1774569172412157,0.01492970764580624,0.11595735501032323,0.006908822499861161,0.9848484848484849
N12_i05_Aheur_s43,12,5,Aheur,43,66,0.009936253671185113,0.0018821892219828404,0.22257926547899842,0.0005690383492342093,0.9848484848484849
N12_i05_Aheur_s44,12,5,Aheur,44,66,0.5045547536574304,0.002087931606076442,0.11920964391902089,0.003355609431886877,0.9848484848484849
N12_i05_Aheur_s45,12,5,Aheur,45,66,0.12840595294255763,0.03215198384742808,0.06818544026464224,0.0024732418882831685,0.9848484848484849
N12_i05_Aheur_s46,12,5,Aheur,46,66,0.31894016778096557,0.003799105848745178,0.011550083669135347,0.011963003562111472,0.9848484848484849
N12_i05_Amargin_s42,12,5,Amargin,42,66,0.2149365935656533,0.43812750906681974,0.2502813243481796,0.4682809675765653,0.9848484848484849
N12_i05_Amargin_s43,12,5,Amargin,43,66,0.016747801055316813,0.04595045133201126,0.17994065955281258,0.04156469771741293,0.9848484848484849
N12_i05_Amargin_s44,12,5,Amargin,44,66,0.35387965897098184,0.10512091446282038,0.12367244123015553,0.06247147741536195,0.9848484848484849
N12_i05_Amargin_s45,12,5,Amargin,45,66,0.0547471318427597,0.4324612301350266,0.14904730694252066,0.1906304409750834,0.9848484848484849
N12_i05_Amargin_s46,12,5,Amargin,46,66,0.3194711799733341,0.20596217340696596,0.08227493477170356,0.16204261910482232,0.9848484848484849
N12_i06_1.1xAcrit_s42,12,6,1.1xAcrit,42,66,0.3244472418446094,0.062522485194033,0.12242560462073016,0.560490933415819,0.9848484848484849
N12_i06_1.1xAcrit_s43,12,6,1.1xAcrit,43,66,0.31467674672603607,0.40083618771688667,0.15047760668676347,0.03951566381888841,0.9848484848484849
N12_i06_1.1xAcrit_s44,12,6,1.1xAcrit,44,66,0.3428304025437683,0.10301304883660245,0.12269172281958163,0.06336703582680155,0.9848484848484849
N12_i06_1.1xAcrit_s45,12,6,1.1xAcrit,45,66,0.1448532087051717,0.5842172284358862,0.1126165505265817,0.15538492029340834,0.9848484848484849
N12_i06_1.1xAcrit_s46,12,6,1.1xAcrit,46,66,0.3278286757413298,0.14755025583551512,0.124024125514552,0.17886553123711924,0.9848484848484849
N12_i06_10xAcrit_s42,12,6,10xAcrit,42,66,0.16501224762760103,0.10211200570642559,0.11861189513001591,0.0445026072079661,0.9848484848484849
N12_i06_10xAcrit_s43,12,6,10xAcrit,43,66,0.011575129174161702,0.01049196606364302,0.22187229013070464,0.0032421558652902032,0.9848484848484849
N12_i06_10xAcrit_s44,12,6,10xAcrit,44,66,0.5144235021434724,0.010123482944514867,0.1206414292100817,0.011630230007631633,0.9848484848484849
N12_i06_10xAcrit_s45,12,6,10xAcrit,45,66,0.11932232393883169,0.056526494285314186,0.07323580840602517,0.039525473413985636,0.9848484848484849
N12_i06_10xAcrit_s46,12,6,10xAcrit,46,66,0.3238088530488312,0.02590263911660014,0.012295467531657778,0.05750411571258187,0.9848484848484849
N12_i06_2xAcrit_s42,12,6,2xAcrit,42,66,0.2639517664028972,0.40055260606990417,0.2264769829926081,0.4298196375770429,0.9848484848484849
N12_i06_2xAcrit_s43,12,6,2xAcrit,43,66,0.015126063706702553,0.035643113742770974,0.1911462633870542,0.021848961376360138,0.9848484848484849
N12_i06_2xAcrit_s44,12,6,2xAcrit,44,66,0.37992918910458684,0.06561996378171141,0.12310680793598294,0.043306082196714876,0.9848484848484849
N12_i06_2xAcrit_s45,12,6,2xAcrit,45,66,0.07141506870902958,0.3225745528686543,0.15374212758615613,0.12286578024329055,0.9848484848484849
N12_i06_2xAcrit_s46,12,6,2xAcrit,46,66,0.3235486503690481,0.15496407975076085,0.06704821140738204,0.19507029224746955,0.9848484848484849
N12_i06_5xAcrit_s42,12,6,5xAcrit,42,66,0.17017289326759055,0.23332672372757263,0.10470320575404912,0.1597358143664769,0.9848484848484849
N12_i06_5xAcrit_s43,12,6,5xAcrit,43,66,0.015470107726287097,0.015251078992272763,0.21746765985153615,0.007226975894231336,0.9848484848484849
N12_i06_5xAcrit_s44,12,6,5xAcrit,44,66,0.4869305179454386,0.023299510657180212,0.12183225597254932,0.021331715392463386,0.9848484848484849
N12_i06_5xAcrit_s45,12,6,5xAcrit,45,66,0.0633741034544073,0.13714120764050186,0.10599875298794359,0.08492123539616361,0.9848484848484849
N12_i06_5xAcrit_s46,12,6,5xAcrit,46,66,0.2538542931433767,0.03593610306230236,0.017894953198265284,0.15540809747075957,0.9848484848484849
N12_i06_Aheur_s42,12,6,Aheur,42,66,0.18025389779359102,0.010046606272416481,0.11559866461902857,0.008168225789539268,0.9848484848484849
N12_i06_Aheur_s43,12,6,Aheur,43,66,0.009928341576596722,0.002415142947119215,0.2222510357387364,0.0005746304933953407,0.9848484848484849
N12_i06_Aheur_s44,12,6,Aheur,44,66,0.5044037927873433,0.0017366081199028365,0.11917800060473382,0.002381599176715022,0.9848484848484849
N12_i06_Aheur_s45,12,6,Aheur,45,66,0.1298160597216338,0.022613233753591484,0.06755396141670644,0.00232212975812831,0.9848484848484849
N12_i06_Aheur_s46,12,6,Aheur,46,66,0.31747301714494824,0.002814561351915536,0.011530984527780674,0.00994891801060948,0.9848484848484849
N12_i06_Amargin_s42,12,6,Amargin,42,66,0.2493035330553539,0.4249947847779723,0.2267156978487037,0.4492284001396382,0.9848484848484849
N12_i06_Amargin_s43,12,6,Amargin,43,66,0.01679019747825805,0.03634534563523495,0.18537307740189135,0.024525052032386654,0.9848484848484849
N12_i06_Amargin_s44,12,6,Amargin,44,66,0.37032553064636886,0.07190125375634987,0.1231347534339875,0.046597328406944465,0.9848484848484849
N12_i06_Amargin_s45,12,6,Amargin,45,66,0.05731688000491886,0.43446744334824805,0.14980732830008492,0.12811828195752178,0.9848484848484849
N12_i06_Amargin_s46,12,6,Amargin,46,66,0.27387566352263093,0.14093409437428697,0.0770318404538557,0.19003167992125305,0.9848484848484849
N12_i07_A0_s42,12,7,A0,42,66,0.04539340947086146,0.6030574809527136,0.13621400401916617,0.6512395893525442,0.9848484848484849
N12_i07_A0_s43,12,7,A0,43,66,0.08079374110388926,0.5558147850797012,0.005800406568596372,0.4571237777818721,0.9848484848484849
N12_i07_A0_s44,12,7,A0,44,66,0.19558342824711872,0.5736012021787685,0.11543344211531803,0.1967178763235309,0.9848484848484849
N12_i07_A0_s45,12,7,A0,45,66,0.12000275922284942,0.4579322869829077,0.09009491363747202,0.5707929990178074,0.9848484848484849
N12_i07_A0_s46,12,7,A0,46,66,0.14512166416170658,0.5173715060946562,0.06112941005267203,0.4532101426707479,0.9848484848484849
N12_i07_Aheur_s42,12,7,Aheur,42,66,0.181516254786402,0.012256933207170737,0.1142601037863642,0.007154996571927284,0.9848484848484849
N12_i07_Aheur_s43,12,7,Aheur,43,66,0.009922361874487251,0.00222923392277826,0.22209311975166202,0.0005451960374570223,0.9848484848484849
N12_i07_Aheur_s44,12,7,Aheur,44,66,0.5030938582494855,0.0021458830666847345,0.11906583688687533,0.0027287882794372106,0.9848484848484849
N12_i07_Aheur_s45,12,7,Aheur,45,66,0.13803850731346756,0.02887847691637004,0.06803786603268236,0.00233710160439286,0.9848484848484849
N12_i07_Aheur_s46,12,7,Aheur,46,66,0.30149459885433316,0.0019137747315128243,0.01158774115901906,0.011249430409192017,0.9848484848484849
N12_i07_Amargin_s42,12,7,Amargin,42,66,0.423789381980896,0.06949922073489877,0.24427091357210884,0.5024908358824665,0.9848484848484849
N12_i07_Amargin_s43,12,7,Amargin,43,66,0.02331583306659013,0.061417518707386654,0.141648318618536,0.09421488612090026,0.9848484848484849
N12_i07_Amargin_s44,12,7,Amargin,44,66,0.36897135502658784,0.15812801398560364,0.12355579389259219,0.08131534504252044,0.9848484848484849
N12_i07_Amargin_s45,12,7,Amargin,45,66,0.09158333260074869,0.4194286260299061,0.1389439216873143,0.25569007503324287,0.9848484848484849
N12_i07_Amargin_s46,12,7,Amargin,46,66,0.38041386182885617,0.3920525830218398,0.11614422523416579,0.22590093884688253,0.9848484848484849
N12_i08_1.1xAcrit_s42,12,8,1.1xAcrit,42,66,0.32937682582996786,0.10290872538197438,0.22511014846440958,0.5500965655704566,0.9848484848484849
N12_i08_1.1xAcrit_s43,12,8,1.1xAcrit,43,66,0.0253301729389932,0.08232060468716909,0.14474512019660324,0.0859335750330938,0.9848484848484849
N12_i08_1.1xAcrit_s44,12,8,1.1xAcrit,44,66,0.3489735451294109,0.15943410311635756,0.12411556951701641,0.09893406782816977,0.9848484848484849
N12_i08_1.1xAcrit_s45,12,8,1.1xAcrit,45,66,0.06922813048663556,0.5124140116893595,0.1329506230795232,0.2294371383347551,0.9848484848484849
N12_i08_1.1xAcrit_s46,12,8,1.1xAcrit,46,66,0.3782444885582663,0.372599525019772,0.12130371446255594,0.2087999821769177,0.9848484848484849
N12_i08_10xAcrit_s42,12,8,10xAcrit,42,66,0.1641571392538026,0.1589157615833079,0.11996991321211681,0.08296302573877722,0.9848484848484849
N12_i08_10xAcrit_s43,12,8,10xAcrit,43,66,0.011656416580080986,0.02197097038701108,0.2224931672681123,0.005451526495407347,0.9848484848484849
N12_i08_10xAcrit_s44,12,8,10xAcrit,44,66,0.5139620588161051,0.017150446889757608,0.12071595364250243,0.01992519025787052,0.9848484848484849
N12_i08_10xAcrit_s45,12,8,10xAcrit,45,66,0.11872570612467825,0.10674122824714574,0.07468335685553029,0.06013581670737064,0.9848484848484849
N12_i08_10xAcrit_s46,12,8,10xAcrit,46,66,0.3193818824365735,0.023694806042501043,0.01436338787607383,0.10685698072058249,0.9848484848484849
N12_i08_2xAcrit_s42,12,8,2xAcrit,42,66,0.23479900210941196,0.42788529816001974,0.21169292099875747,0.440166343610733,0.9848484848484849
N12_i08_2xAcrit_s43,12,8,2xAcrit,43,66,0.015935422736220062,0.0691478803564858,0.18651953130029142,0.04381706628100383,0.9848484848484849
N12_i08_2xAcrit_s44,12,8,2xAcrit,44,66,0.3800365945789963,0.10507196423517785,0.12373466650024056,0.0702045579366983,0.9848484848484849
N12_i08_2xAcrit_s45,12,8,2xAcrit,45,66,0.08421778498814092,0.4116501903790701,0.14770807967579458,0.1978970520236951,0.9848484848484849
N12_i08_2xAcrit_s46,12,8,2xAcrit,46,66,0.33769882819615304,0.20742924817331845,0.07494383954326622,0.2249681981071219,0.9848484848484849
N12_i08_5xAcrit_s42,12,8,5xAcrit,42,66,0.17900113115319982,0.3176575644215315,0.10493591487465892,0.18228259270402852,0.9848484848484849
N12_i08_5xAcrit_s43,12,8,5xAcrit,43,66,0.015446894700289704,0.031004789880486883,0.21715483348816633,0.012531364415818423,0.9848484848484849
N12_i08_5xAcrit_s44,12,8,5xAcrit,44,66,0.4851095355115831,0.03834772264908647,0.12200738047249615,0.03596564765691686,0.9848484848484849
N12_i08_5xAcrit_s45,12,8,5xAcrit,45,66,0.06252448540180922,0.21290540489486537,0.1022134943632409,0.13302703565920032,0.9848484848484849
N12_i08_5xAcrit_s46,12,8,5xAcrit,46,66,0.117038090742426,0.3950973996366746,0.023939566730405204,0.20750536637783584,0.9848484848484849
N12_i08_Aheur_s42,12,8,Aheur,42,66,0.177867362042889,0.007617392164010815,0.11312711634673178,0.007342681458554116,0.9848484848484849
N12_i08_Aheur_s43,12,8,Aheur,43,66,0.009931228763889521,0.002505906513165488,0.22220882400870323,0.000550748627803143,0.9848484848484849
N12_i08_Aheur_s44,12,8,Aheur,44,66,0.5018525165505707,0.00146762084053151,0.1189691232284531,0.0020130091149122608,0.9848484848484849
N12_i08_Aheur_s45,12,8,Aheur,45,66,0.13619937701150775,0.017390215962889213,0.0689767743460834,0.001815565923345898,0.9848484848484849
N12_i08_Aheur_s46,12,8,Aheur,46,66,0.2866197139956057,0.00014302584143768404,0.011533178490935825,0.008878792606006214,0.9848484848484849
N12_i08_Amargin_s42,12,8,Amargin,42,66,0.2497464952405153,0.4191491569619242,0.17164801353646908,0.39437468903416817,0.9848484848484849
N12_i08_Amargin_s43,12,8,Amargin,43,66,0.01897842156176921,0.05205774530095125,0.19705766066908836,0.03326131480650435,0.9848484848484849
N12_i08_Amargin_s44,12,8,Amargin,44,66,0.3998898642603308,0.08689307735322846,0.123416468501091,0.06113924620870073,0.9848484848484849
N12_i08_Amargin_s45,12,8,Amargin,45,66,0.1440292751067318,0.362429075754456,0.14364588243188336,0.18508542607584272,0.9848484848484849
N12_i08_Amargin_s46,12,8,Amargin,46,66,0.3676449430640787,0.1725845123205736,0.05853432195726782,0.2342890241295916,0.9848484848484849
N12_i09_A0_s42,12,9,A0,42,66,0.07966055585711729,0.3250558822273682,0.17666505087936457,0.6731011401913299,0.9848484848484849
N12_i09_A0_s43,12,9,A0,43,66,0.09787526145737502,0.4357653792648481,0.011279427581030177,0.4130177469746536,0.9848484848484849
N12_i09_A0_s44,12,9,A0,44,66,0.2140197382250335,0.6316469592162801,0.11079930141568184,0.19960640069657254,0.9848484848484849
N12_i09_A0_s45,12,9,A0,45,66,0.2606246847863076,0.5495725038224271,0.09937924629781492,0.6513646075144016,0.9848484848484849
N12_i09_A0_s46,12,9,A0,46,66,0.14839151997216504,0.5271319225383656,0.08577196659462061,0.4713924326101975,0.9848484848484849
N12_i09_Aheur_s42,12,9,Aheur,42,66,0.1703190882690251,0.007383327086599735,0.11262312578037381,0.004742264056347684,0.9848484848484849
N12_i09_Aheur_s43,12,9,Aheur,43,66,0.009931662905728444,0.00136834293241553,0.22199852019548416,0.00027044508319987864,0.9848484848484849
N12_i09_Aheur_s44,12,9,Aheur,44,66,0.5014572516083717,0.0011380126109616978,0.11892701138276607,0.0012997857532719616,0.9848484848484849
N12_i09_Aheur_s45,12,9,Aheur,45,66,0.13869973388500512,0.014778490454545868,0.06880762113723904,0.0011454516447761826,0.9848484848484849
N12_i09_Aheur_s46,12,9,Aheur,46,66,0.2837478630244732,0.00041911233891239047,0.011541509535163641,0.00633958440298578,0.9848484848484849
N12_i09_Amargin_s42,12,9,Amargin,42,66,0.18193971290020272,0.37052857000549894,0.24710560154926497,0.330782525168576,0.9848484848484849
N12_i09_Amargin_s43,12,9,Amargin,43,66,0.01609429311065469,0.0686721749382724,0.16254888707771897,0.11188423082828332,0.9848484848484849
N12_i09_Amargin_s44,12,9,Amargin,44,66,0.38007872202433646,0.14001381631936327,0.12339086446445435,0.0654425777269857,0.9848484848484849
N12_i09_Amargin_s45,12,9,Amargin,45,66,0.10189179434291873,0.47488309869690926,0.14108370908070356,0.28982200079537135,0.9848484848484849
N12_i09_Amargin_s46,12,9,Amargin,46,66,0.367260389495641,0.36169591420424296,0.10300038606510498,0.2866111227896564,0.9848484848484849
N12_i10_1.1xAcrit_s42,12,10,1.1xAcrit,42,66,0.13196584725696425,0.5993981744378885,0.11718033092438418,0.48531095395037405,0.9848484848484849
N12_i10_1.1xAcrit_s43,12,10,1.1xAcrit,43,66,0.1580213403133257,0.5021761968089516,0.0006431372909787569,0.40633965029739294,0.9848484848484849
N12_i10_1.1xAcrit_s44,12,10,1.1xAcrit,44,66,0.24814231086156724,0.6011710609267383,0.11181719519663602,0.22572861016002982,0.9848484848484849
N12_i10_1.1xAcrit_s45,12,10,1.1xAcrit,45,66,0.14239701859060006,0.5222795749534103,0.0642782580155199,0.48890369552491103,0.9848484848484849
N12_i10_1.1xAcrit_s46,12,10,1.1xAcrit,46,66,0.2689453188636435,0.5758003130475378,0.01662267706660714,0.5644966552446578,0.9848484848484849
N12_i10_10xAcrit_s42,12,10,10xAcrit,42,66,0.3707015130203217,0.09547759875077128,0.20945447279518703,0.5370332427107276,0.9848484848484849
N12_i10_10xAcrit_s43,12,10,10xAcrit,43,66,0.31563339915555844,0.5464049904246909,0.10212420078460127,0.12007506436137134,0.9848484848484849
N12_i10_10xAcrit_s44,12,10,10xAcrit,44,66,0.40651025995612144,0.16088324567950243,0.12282154790591449,0.09489592136477477,0.9848484848484849
N12_i10_10xAcrit_s45,12,10,10xAcrit,45,66,0.09955933182618537,0.29223164991610046,0.13020530622452497,0.2598218891307766,0.9848484848484849
N12_i10_10xAcrit_s46,12,10,10xAcrit,46,66,0.3379233679661411,0.5293732585796728,0.12544688483467326,0.20991299087328066,0.9848484848484849
N12_i10_2xAcrit_s42,12,10,2xAcrit,42,66,0.0814551654314073,0.6538687685122335,0.1461009269060014,0.4868325981182152,0.9848484848484849
N12_i10_2xAcrit_s43,12,10,2xAcrit,43,66,0.17446123126501334,0.40173807884867696,0.0024501160910403996,0.4580443144498515,0.9848484848484849
N12_i10_2xAcrit_s44,12,10,2xAcrit,44,66,0.2768135280985007,0.48596070306402045,0.11557326512411237,0.199029724555649,0.9848484848484849
N12_i10_2xAcrit_s45,12,10,2xAcrit,45,66,0.09888336471340153,0.3631906751909176,0.0832784981706709,0.4593174828168578,0.9848484848484849
N12_i10_2xAcrit_s46,12,10,2xAcrit,46,66,0.2184673283343841,0.5560908887079647,0.03759534282289678,0.49278392251411607,0.9848484848484849
N12_i10_5xAcrit_s42,12,10,5xAcrit,42,66,0.2333377612521872,0.21937586472849743,0.18005323592774403,0.4994054930956099,0.9848484848484849
N12_i10_5xAcrit_s43,12,10,5xAcrit,43,66,0.12618378739898617,0.42688370397783965,0.031956653227098286,0.25176209028906826,0.9848484848484849
N12_i10_5xAcrit_s44,12,10,5xAcrit,44,66,0.36562727438285947,0.27329109728087586,0.12093877210281789,0.14121308851378322,0.9848484848484849
N12_i10_5xAcrit_s45,12,10,5xAcrit,45,66,0.3862345707602799,0.13782909708078117,0.10916022365563549,0.4026802557962903,0.9848484848484849
N12_i10_5xAcrit_s46,12,10,5xAcrit,46,66,0.35785659373971157,0.7353713629115729,0.11346016966854222,0.3064823850079096,0.9848484848484849
N12_i10_Aheur_s42,12,10,Aheur,42,66,0.18216741550713778,0.013814076674214245,0.11417057376820594,0.007662506756311278,0.9848484848484849
N12_i10_Aheur_s43,12,10,Aheur,43,66,0.009911247063428164,0.0019084747959769895,0.22148413374088705,0.0004671380790637761,0.9848484848484849
N12_i10_Aheur_s44,12,10,Aheur,44,66,0.5033407709561288,0.002220988537080649,0.11905824358109385,0.0030269917649925855,0.9848484848484849
N12_i10_Aheur_s45,12,10,Aheur,45,66,0.14051776216365397,0.031045820443360773,0.06677965784911066,0.0024560626410623553,0.9848484848484849
N12_i10_Aheur_s46,12,10,Aheur,46,66,0.3060211054980755,0.002726194891189768,0.01164605628582649,0.011640350106242594,0.9848484848484849
N12_i10_Amargin_s42,12,10,Amargin,42,66,0.34635034413076937,0.11276239479086245,0.195790355981444,0.5213828527395115,0.9848484848484849
N12_i10_Amargin_s43,12,10,Amargin,43,66,0.3036615408345824,0.5463206920151874,0.09297436609631404,0.13196224915017102,0.9848484848484849
N12_i10_Amargin_s44,12,10,Amargin,44,66,0.4047054268885404,0.16983704313659628,0.12272616056725383,0.09981285117127259,0.9848484848484849
N12_i10_Amargin_s45,12,10,Amargin,45,66,0.5599221694283187,0.060819764053745465,0.12714544450864196,0.2757647878257832,0.9848484848484849
N12_i10_Amargin_s46,12,10,Amargin,46,66,0.35897624370409176,0.5142865467915647,0.12879108299966902,0.2181422749406864,0.9848484848484849
N12_i11_1.1xAcrit_s42,12,11,1.1xAcrit,42,66,0.26894694985821843,0.19007860273967453,0.18333687404629018,0.475812015652272,0.9848484848484849
N12_i11_1.1xAcrit_s43,12,11,1.1xAcrit,43,66,0.21557604505505878,0.40412013430445093,0.07490592350950465,0.21149120333256521,0.9848484848484849
N12_i11_1.1xAcrit_s44,12,11,1.1xAcrit,44,66,0.3159078158205375,0.247389703965214,0.1227865481050685,0.12460158228235507,0.9848484848484849
N12_i11_1.1xAcrit_s45,12,11,1.1xAcrit,45,66,0.3088070049052476,0.40968286845709034,0.11611444922891678,0.38087749993067577,0.9848484848484849
N12_i11_1.1xAcrit_s46,12,11,1.1xAcrit,46,66,0.27896947440987674,0.730202331361003,0.14762654103105888,0.2999298230542801,0.9848484848484849
N12_i11_10xAcrit_s42,12,11,10xAcrit,42,66,0.17153978973510675,0.2851690459610251,0.10439686483005062,0.08880273851137914,0.9848484848484849
N12_i11_10xAcrit_s43,12,11,10xAcrit,43,66,0.014145630659186281,0.010536099763831464,0.21569393086247146,0.011612910196832483,0.9848484848484849
N12_i11_10xAcrit_s44,12,11,10xAcrit,44,66,0.5007007666863501,0.02858811382144886,0.1215618911664933,0.02960389663488499,0.9848484848484849
N12_i11_10xAcrit_s45,12,11,10xAcrit,45,66,0.08791429817210883,0.15317201696529442,0.09410612803185359,0.13337145294928557,0.9848484848484849
N12_i11_10xAcrit_s46,12,11,10xAcrit,46,66,0.1210654528113082,0.40667494762224615,0.02024397419882007,0.18670776938530567,0.9848484848484849
N12_i11_2xAcrit_s42,12,11,2xAcrit,42,66,0.34252257947809994,0.10500343999548056,0.22321992785737166,0.43680819964508044,0.9848484848484849
N12_i11_2xAcrit_s43,12,11,2xAcrit,43,66,0.02444463688880205,0.07794114724078169,0.12924001400824636,0.12146831482875278,0.9848484848484849
N12_i11_2xAcrit_s44,12,11,2xAcrit,44,66,0.3444405444897711,0.16776184009983444,0.12361967843025923,0.0934670563411126,0.9848484848484849
N12_i11_2xAcrit_s45,12,11,2xAcrit,45,66,0.09355542729099398,0.35760239434426294,0.13348058582050726,0.26816626603784977,0.9848484848484849
N12_i11_2xAcrit_s46,12,11,2xAcrit,46,66,0.32380084482429083,0.540442252545068,0.1239038483472541,0.23843322830200117,0.9848484848484849
N12_i11_5xAcrit_s42,12,11,5xAcrit,42,66,0.23866237202418006,0.38301957847861307,0.14664810033718823,0.34894456515920613,0.9848484848484849
N12_i11_5xAcrit_s43,12,11,5xAcrit,43,66,0.015218574466416612,0.023407694165115248,0.19609428895637393,0.03684342607636792,0.9848484848484849
N12_i11_5xAcrit_s44,12,11,5xAcrit,44,66,0.43293643463402987,0.06992873041167567,0.12289373390376568,0.05143844914200678,0.9848484848484849
N12_i11_5xAcrit_s45,12,11,5xAcrit,45,66,0.04991432829365294,0.5374017937561753,0.1395492375595495,0.1953354441713582,0.9848484848484849
N12_i11_5xAcrit_s46,12,11,5xAcrit,46,66,0.3667528887744993,0.1886378536104107,0.04776697320630774,0.21350158966969157,0.9848484848484849
N12_i11_Aheur_s42,12,11,Aheur,42,66,0.17970721633173525,0.009589256253257811,0.11353885324206203,0.004370486670753168,0.9848484848484849
N12_i11_Aheur_s43,12,11,Aheur,43,66,0.0099251591891516,0.0010317219058518876,0.22208443679846823,0.0003556423352461509,0.9848484848484849
N12_i11_Aheur_s44,12,11,Aheur,44,66,0.502337041310966,0.0013745373363759934,0.11900363734457642,0.002252531030100073,0.9848484848484849
N12_i11_Aheur_s45,12,11,Aheur,45,66,0.13547352398745716,0.0219463130133834,0.06844374851789325,0.001100968949648098,0.9848484848484849
N12_i11_Aheur_s46,12,11,Aheur,46,66,0.2925157346762717,0.0007447290491141107,0.011553123709745705,0.008028927003163721,0.9848484848484849
N12_i11_Amargin_s42,12,11,Amargin,42,66,0.48646168503910303,0.03170374248060716,0.2434857141233806,0.45181125104233427,0.9848484848484849
N12_i11_Amargin_s43,12,11,Amargin,43,66,0.015998810064047575,0.07008233489671246,0.14773708314169198,0.09675694191446824,0.9848484848484849
N12_i11_Amargin_s44,12,11,Amargin,44,66,0.3574124884326011,0.14409479246669,0.12365125631913543,0.08316421876220659,0.9848484848484849
N12_i11_Amargin_s45,12,11,Amargin,45,66,0.07081161943278858,0.3451160161324545,0.1415596998122055,0.24394068473072925,0.9848484848484849
N12_i11_Amargin_s46,12,11,Amargin,46,66,0.3931494416901842,0.346405391125107,0.10807462449884042,0.2225960791368164,0.9848484848484849
N12_i12_1.1xAcrit_s42,12,12,1.1xAcrit,42,66,0.23949764983262867,0.20841403422315113,0.18723858372334234,0.5505962248364936,0.9848484848484849
N12_i12_1.1xAcrit_s43,12,12,1.1xAcrit,43,66,0.1961110398042365,0.3998451547080406,0.07338883349439129,0.21719968408518112,0.9848484848484849
N12_i12_1.1xAcrit_s44,12,12,1.1xAcrit,44,66,0.306803451909218,0.2672081736133533,0.12260251422412694,0.12049905400702339,0.9848484848484849
N12_i12_1.1xAcrit_s45,12,12,1.1xAcrit,45,66,0.3117788872041274,0.4217576917771965,0.11636453839309979,0.3692773889951041,0.9848484848484849
N12_i12_1.1xAcrit_s46,12,12,1.1xAcrit,46,66,0.29013751446063907,0.7139464344275337,0.14804133103461936,0.2908068933518695,0.9848484848484849
N12_i12_10xAcrit_s42,12,12,10xAcrit,42,66,0.16950411559082568,0.2670231595052252,0.10640797193627805,0.09017654578555453,0.9848484848484849
N12_i12_10xAcrit_s43,12,12,10xAcrit,43,66,0.013709272097912617,0.011690285910191387,0.21735220705159009,0.009724901406328984,0.9848484848484849
N12_i12_10xAcrit_s44,12,12,10xAcrit,44,66,0.5041767181828618,0.026445492081509325,0.12141611590050161,0.026091014114784934,0.9848484848484849
N12_i12_10xAcrit_s45,12,12,10xAcrit,45,66,0.09091285866452381,0.1656777341158226,0.08964239939814433,0.12210537872891036,0.9848484848484849
N12_i12_10xAcrit_s46,12,12,10xAcrit,46,66,0.13150530739221722,0.4104216137756311,0.019118564945529215,0.18141759243435873,0.9848484848484849
N12_i12_2xAcrit_s42,12,12,2xAcrit,42,66,0.32468924345448613,0.10923293594280227,0.2284742120455121,0.4537304756550148,0.9848484848484849
N12_i12_2xAcrit_s43,12,12,2xAcrit,43,66,0.024719794193515554,0.07343732756901185,0.13325512630399317,0.1151592751940346,0.9848484848484849
N12_i12_2xAcrit_s44,12,12,2xAcrit,44,66,0.34706728893797845,0.16596644974460956,0.12359653564635664,0.08758454205185269,0.9848484848484849
N12_i12_2xAcrit_s45,12,12,2xAcrit,45,66,0.08927982116699695,0.37096569571850646,0.13448277095449157,0.2589740387246208,0.9848484848484849
N12_i12_2xAcrit_s46,12,12,2xAcrit,46,66,0.3551516018633265,0.4771068640290623,0.12414556561270729,0.23441302223315358,0.9848484848484849
N12_i12_5xAcrit_s42,12,12,5xAcrit,42,66,0.23662764303117,0.3804760787106623,0.13520403758593602,0.33603849229652116,0.9848484848484849
N12_i12_5xAcrit_s43,12,12,5xAcrit,43,66,0.01506792327563744,0.022324149247364054,0.20010941056534648,0.032350535044440416,0.9848484848484849
N12_i12_5xAcrit_s44,12,12,5xAcrit,44,66,0.4385239868424833,0.06579880728635355,0.12277819751761854,0.0462688602230876,0.9848484848484849
N12_i12_5xAcrit_s45,12,12,5xAcrit,45,66,0.04608349609520701,0.5152611118442988,0.13527195691131055,0.18679318622579816,0.9848484848484849
N12_i12_5xAcrit_s46,12,12,5xAcrit,46,66,0.3689414083492011,0.17624658389591813,0.04444164197775535,0.22365415368908445,0.9848484848484849
N12_i12_Aheur_s42,12,12,Aheur,42,66,0.18135878490284085,0.01269554575652729,0.11456108186393976,0.006319341757093172,0.9848484848484849
N12_i12_Aheur_s43,12,12,Aheur,43,66,0.00992380031675566,0.0016610508179630609,0.22219021106138825,0.0004321837177572469,0.9848484848484849
N12_i12_Aheur_s44,12,12,Aheur,44,66,0.5033378689549863,0.0019573504463279877,0.11909084697254002,0.0028711415011083664,0.9848484848484849
N12_i12_Aheur_s45,12,12,Aheur,45,66,0.13839207461569458,0.028961207579228168,0.06809290987439454,0.002081879666916406,0.9848484848484849
N12_i12_Aheur_s46,12,12,Aheur,46,66,0.304351641330868,0.0021511628650067102,0.01157991701620631,0.01031028202057753,0.9848484848484849
N12_i12_Amargin_s42,12,12,Amargin,42,66,0.556836636736989,0.026562437376492783,0.24738105849064596,0.46129459390233696,0.9848484848484849
N12_i12_Amargin_s43,12,12,Amargin,43,66,0.01586903123825323,0.058159263318652545,0.15444508253131062,0.0876973303311579,0.9848484848484849
N12_i12_Amargin_s44,12,12,Amargin,44,66,0.36149157606996596,0.13889732966238783,0.12361786514520645,0.07618976639266947,0.9848484848484849
N12_i12_Amargin_s45,12,12,Amargin,45,66,0.06908305895012745,0.3938810088248781,0.1434173762681894,0.23430584550914274,0.9848484848484849
N12_i12_Amargin_s46,12,12,Amargin,46,66,0.3880021786317229,0.3124659586790026,0.10499893839005381,0.2208672883559085,0.9848484848484849
N12_i13_A0_s42,12,13,A0,42,66,0.15064065301748997,0.5818401595478475,0.15238256885641022,0.5875876924763217,0.9848484848484849
N12_i13_A0_s43,12,13,A0,43,66,0.29178188179503195,0.39289207021681166,0.0007422002507837533,0.34877299636831033,0.9848484848484849
N12_i13_A0_s44,12,13,A0,44,66,0.3413449731096989,0.53049655834035,0.09475551912328228,0.281085927485763,0.9848484848484849
N12_i13_A0_s45,12,13,A0,45,66,0.1608570021385276,0.570938035972878,0.018409869314382377,0.4973448770295479,0.9848484848484849
N12_i13_A0_s46,12,13,A0,46,66,0.29955556138884276,0.3631375997252078,0.0012033439745096075,0.4502749031533904,0.9848484848484849
N12_i13_Aheur_s42,12,13,Aheur,42,66,0.17228484456427395,0.015083725779529905,0.11360362556297332,0.007610881932017943,0.9848484848484849
N12_i13_Aheur_s43,12,13,Aheur,43,66,0.009897316980641335,0.0017668924992446352,0.22066930052824318,0.00048174432016440637,0.9848484848484849
N12_i13_Aheur_s44,12,13,Aheur,44,66,0.5032274252735078,0.0016540997131417661,0.11900886741932482,0.003039689529395197,0.9848484848484849
N12_i13_Aheur_s45,12,13,Aheur,45,66,0.14086916227824986,0.026780845390540677,0.06531774997711182,0.002040943131611549,0.9848484848484849
N12_i13_Aheur_s46,12,13,Aheur,46,66,0.30635394155979156,0.002996530325791779,0.011684772834996693,0.00946220655540156,0.9848484848484849
N12_i13_Amargin_s42,12,13,Amargin,42,66,0.2558503672480583,0.1765021218643842,0.1979142855907412,0.6864109188419983,0.9848484848484849
N12_i13_Amargin_s43,12,13,Amargin,43,66,0.297445258989228,0.6333016456384737,0.02025495746784145,0.32588624175330233,0.9848484848484849
N12_i13_Amargin_s44,12,13,Amargin,44,66,0.4461997520411387,0.1756265306034596,0.11904758494347334,0.14422326776231628,0.9848484848484849
N12_i13_Amargin_s45,12,13,Amargin,45,66,0.43083210848271847,0.07529187253295462,0.09650181802498992,0.44356796267449833,0.9848484848484849
N12_i13_Amargin_s46,12,13,Amargin,46,66,0.4015175234526396,0.2225016430812417,0.09979282930726185,0.32017058276580457,0.9848484848484849
N12_i14_1.1xAcrit_s42,12,14,1.1xAcrit,42,66,0.14510891457030084,0.42445286893198564,0.19866490014032934,0.661885244628752,0.9848484848484849
N12_i14_1.1xAcrit_s43,12,14,1.1xAcrit,43,66,0.25428454886423424,0.3163650545473736,0.006431399435314233,0.4926617104004627,0.9848484848484849
N12_i14_1.1xAcrit_s44,12,14,1.1xAcrit,44,66,0.32590946273558075,0.38174312634935165,0.11602199054323137,0.17216367872999128,0.9848484848484849
N12_i14_1.1xAcrit_s45,12,14,1.1xAcrit,45,66,0.3492584931664169,0.27379341405982993,0.09504851780411627,0.610106738526447,0.9848484848484849
N12_i14_1.1xAcrit_s46,12,14,1.1xAcrit,46,66,0.31815671162621584,0.4120447551814329,0.06423009868012741,0.4283202812878488,0.9848484848484849
N12_i14_10xAcrit_s42,12,14,10xAcrit,42,66,0.21272426182395066,0.41651625059906033,0.19612336397614172,0.426110445021528,0.9848484848484849
N12_i14_10xAcrit_s43,12,14,10xAcrit,43,66,0.012105571615393274,0.04918448561442604,0.1714945356361568,0.04184769527743891,0.9848484848484849
N12_i14_10xAcrit_s44,12,14,10xAcrit,44,66,0.45017354818992317,0.07374382508951774,0.1223017773590982,0.052865858127067525,0.9848484848484849
N12_i14_10xAcrit_s45,12,14,10xAcrit,45,66,0.04563863234557175,0.43238796430676,0.1426875427714549,0.18297165192418868,0.9848484848484849
N12_i14_10xAcrit_s46,12,14,10xAcrit,46,66,0.4072060964535922,0.14403839885156444,0.0592838823213242,0.20923774098683412,0.9848484848484849
N12_i14_2xAcrit_s42,12,14,2xAcrit,42,66,0.19605052025872283,0.2671209498262257,0.20435140432527987,0.5974422982786554,0.9848484848484849
N12_i14_2xAcrit_s43,12,14,2xAcrit,43,66,0.17748847067559836,0.3862229250943413,0.02613688725978136,0.31222313174757427,0.9848484848484849
N12_i14_2xAcrit_s44,12,14,2xAcrit,44,66,0.3622688550676685,0.2782453814109563,0.11943872168194503,0.14016778265983265,0.9848484848484849
N12_i14_2xAcrit_s45,12,14,2xAcrit,45,66,0.41159963328391314,0.12736549328357552,0.10367878987381118,0.49096427682051147,0.9848484848484849
N12_i14_2xAcrit_s46,12,14,2xAcrit,46,66,0.37180256086503505,0.6855411297086174,0.11129669740330428,0.3371243512703591,0.9848484848484849
N12_i14_5xAcrit_s42,12,14,5xAcrit,42,66,0.43902844516560435,0.058420580992727664,0.20654941476823296,0.4629081399993137,0.9848484848484849
N12_i14_5xAcrit_s43,12,14,5xAcrit,43,66,0.2643209396628663,0.24693669653054498,0.10881510563194752,0.11276530268428267,0.9848484848484849
N12_i14_5xAcrit_s44,12,14,5xAcrit,44,66,0.4372435484547168,0.13029915447426418,0.12237785581965,0.08621383402893638,0.9848484848484849
N12_i14_5xAcrit_s45,12,14,5xAcrit,45,66,0.1271114264982316,0.5113315185411226,0.1269693109279615,0.22868928193376978,0.9848484848484849
N12_i14_5xAcrit_s46,12,14,5xAcrit,46,66,0.3838723568478599,0.4058439836801482,0.1201326240261551,0.23999251092060017,0.9848484848484849
N12_i14_Aheur_s42,12,14,Aheur,42,66,0.16617919644340873,0.010107046612307938,0.11284984298981726,0.006059793320131778,0.9848484848484849
N12_i14_Aheur_s43,12,14,Aheur,43,66,0.009916528913890943,0.0016953470205774415,0.22143409051932395,0.0003851856186983145,0.9848484848484849
N12_i14_Aheur_s44,12,14,Aheur,44,66,0.5020108632743359,0.0013875986411367846,0.11894590791780502,0.0018591271409484095,0.9848484848484849
N12_i14_Aheur_s45,12,14,Aheur,45,66,0.13701082265470177,0.018452228917408144,0.06736192759126425,0.0014703364180462097,0.9848484848484849
N12_i14_Aheur_s46,12,14,Aheur,46,66,0.290875012986362,0.0006741695260569129,0.011592513357754797,0.0076703355486578825,0.9848484848484849
N12_i14_Amargin_s42,12,14,Amargin,42,66,0.4434307939372957,0.05587740033888612,0.21608784116688184,0.4603441514769529,0.9848484848484849
N12_i14_Amargin_s43,12,14,Amargin,43,66,0.013194754334108438,0.08206696824163962,0.11459945095703006,0.10512656246882607,0.9848484848484849
N12_i14_Amargin_s44,12,14,Amargin,44,66,0.43763824086636305,0.12560552752354878,0.12243460328318179,0.08325408193915361,0.9848484848484849
N12_i14_Amargin_s45,12,14,Amargin,45,66,0.12421594537772762,0.5202322928980628,0.12939551561430562,0.22267645955351395,0.9848484848484849
N12_i14_Amargin_s46,12,14,Amargin,46,66,0.3898045632522553,0.3795345056698005,0.11649617573129945,0.23580591457255798,0.9848484848484849
N12_i15_1.1xAcrit_s42,12,15,1.1xAcrit,42,66,0.1935286337393336,0.23276147985976486,0.17285454963712255,0.5141386751043752,0.9848484848484849
N12_i15_1.1xAcrit_s43,12,15,1.1xAcrit,43,66,0.08000086106130766,0.42299894758013823,0.06776437320513651,0.154592578481057,0.9848484848484849
N12_i15_1.1xAcrit_s44,12,15,1.1xAcrit,44,66,0.2737699715689814,0.30165629538660094,0.12319554580608383,0.14254584719729682,0.9848484848484849
N12_i15_1.1xAcrit_s45,12,15,1.1xAcrit,45,66,0.3685188414528966,0.18150637127288494,0.11860640141094336,0.3541772153640642,0.9848484848484849
N12_i15_1.1xAcrit_s46,12,15,1.1xAcrit,46,66,0.319393064389601,0.6597600280449418,0.1365620662108995,0.23023644025230777,0.9848484848484849
N12_i15_10xAcrit_s42,12,15,10xAcrit,42,66,0.21386176488158526,0.3927393793876182,0.10893363249488175,0.25508835328470825,0.9848484848484849
N12_i15_10xAcrit_s43,12,15,10xAcrit,43,66,0.016270684500341304,0.027903703194352845,0.20986198936589062,0.017583790607657565,0.9848484848484849
N12_i15_10xAcrit_s44,12,15,10xAcrit,44,66,0.46355593763291836,0.04937707677642382,0.12248190573882312,0.04401967951039652,0.9848484848484849
N12_i15_10xAcrit_s45,12,15,10xAcrit,45,66,0.05349763319827616,0.24576813324473193,0.1185269441921264,0.16381380584750155,0.9848484848484849
N12_i15_10xAcrit_s46,12,15,10xAcrit,46,66,0.4025225252844393,0.14776507998098642,0.03244742221431807,0.21187032608708214,0.9848484848484849
N12_i15_2xAcrit_s42,12,15,2xAcrit,42,66,0.36499299574643373,0.1094382186629455,0.19227687460579546,0.5589663226099904,0.9848484848484849
N12_i15_2xAcrit_s43,12,15,2xAcrit,43,66,0.2298998247297277,0.5108484257469271,0.1088845341000706,0.10663937289319123,0.9848484848484849
N12_i15_2xAcrit_s44,12,15,2xAcrit,44,66,0.3291300695273094,0.19613346594620817,0.12395808659493923,0.11575039384689818,0.9848484848484849
N12_i15_2xAcrit_s45,12,15,2xAcrit,45,66,0.5132858539000154,0.07608982640365021,0.12777760907192715,0.27676436633419144,0.9848484848484849
N12_i15_2xAcrit_s46,12,15,2xAcrit,46,66,0.2309889101045428,0.6495938899236067,0.13403727248078212,0.20326691682559755,0.9848484848484849
N12_i15_5xAcrit_s42,12,15,5xAcrit,42,66,0.2354654022037721,0.45148662193633865,0.21847564933887043,0.46473302539452643,0.9848484848484849
N12_i15_5xAcrit_s43,12,15,5xAcrit,43,66,0.014857410322292708,0.059739764806393134,0.17962418287061155,0.04394624627642246,0.9848484848484849
N12_i15_5xAcrit_s44,12,15,5xAcrit,44,66,0.38107192516326904,0.10529051115178548,0.12371294049080461,0.07153493688110311,0.9848484848484849
N12_i15_5xAcrit_s45,12,15,5xAcrit,45,66,0.08581823502026964,0.33954347987683187,0.14848794410499977,0.20847964312371273,0.9848484848484849
N12_i15_5xAcrit_s46,12,15,5xAcrit,46,66,0.3265642449259758,0.2200284169368244,0.07667872111778706,0.1928906394356064,0.9848484848484849
N12_i15_Aheur_s42,12,15,Aheur,42,66,0.1789485716726631,0.008916784440688375,0.1133252443978563,0.005819435040625242,0.9848484848484849
N12_i15_Aheur_s43,12,15,Aheur,43,66,0.009929057530825958,0.0019843348941785324,0.22218950954265893,0.0005010005251895391,0.9848484848484849
N12_i15_Aheur_s44,12,15,Aheur,44,66,0.5020611085928977,0.0014083476456026277,0.11898571474011987,0.0022146361083611697,0.9848484848484849
N12_i15_Aheur_s45,12,15,Aheur,45,66,0.13561982451938093,0.020191104865256673,0.06881908641662449,0.0015310179793502684,0.9848484848484849
N12_i15_Aheur_s46,12,15,Aheur,46,66,0.28892374923452735,0.0004118791739573663,0.011541229774593376,0.008194578132924471,0.9848484848484849
N12_i15_Amargin_s42,12,15,Amargin,42,66,0.2281131505897065,0.45877711764538903,0.2236431722292309,0.47065214462721056,0.9848484848484849
N12_i15_Amargin_s43,12,15,Amargin,43,66,0.014817878371104598,0.05872255595250279,0.17772769345901906,0.04553233130881209,0.9848484848484849
N12_i15_Amargin_s44,12,15,Amargin,44,66,0.37821576790884137,0.10812239336815557,0.12375132471788675,0.0729001492330957,0.9848484848484849
N12_i15_Amargin_s45,12,15,Amargin,45,66,0.08061591193836648,0.3650891748694918,0.14857883873628452,0.2106274012033985,0.9848484848484849
N12_i15_Amargin_s46,12,15,Amargin,46,66,0.32705502840690315,0.2235702186321061,0.07913125606137328,0.19168996809237082,0.9848484848484849
N12_i16_1.1xAcrit_s42,12,16,1.1xAcrit,42,66,0.19001032039523125,0.17266603779161385,0.170068174635162,0.43483041035225684,0.9848484848484849
N12_i16_1.1xAcrit_s43,12,16,1.1xAcrit,43,66,0.22739346546586603,0.14712504954178254,0.10028314089868218,0.0971055347162173,0.9848484848484849
N12_i16_1.1xAcrit_s44,12,16,1.1xAcrit,44,66,0.2554639423615299,0.25018618934098646,0.12177654076367617,0.0907006933248264,0.9848484848484849
N12_i16_1.1xAcrit_s45,12,16,1.1xAcrit,45,66,0.261701403564075,0.42809850065016053,0.09981706979306182,0.3015417798277118,0.9848484848484849
N12_i16_1.1xAcrit_s46,12,16,1.1xAcrit,46,66,0.18889176706969124,0.7240489792415608,0.15929936850443482,0.17414622712290798,0.9848484848484849
N12_i16_10xAcrit_s42,12,16,10xAcrit,42,66,0.17859789862995967,0.2930169584233411,0.10390464792726561,0.17183361074128897,0.9848484848484849
N12_i16_10xAcrit_s43,12,16,10xAcrit,43,66,0.01599867263576016,0.015126300819297393,0.21859958861023188,0.01002370563956475,0.9848484848484849
N12_i16_10xAcrit_s44,12,16,10xAcrit,44,66,0.48077048966661096,0.031295977852096896,0.12202527595218271,0.02474188534785038,0.9848484848484849
N12_i16_10xAcrit_s45,12,16,10xAcrit,45,66,0.056526862434111536,0.19571317504344707,0.10792534658685327,0.11950089971279591,0.9848484848484849
N12_i16_10xAcrit_s46,12,16,10xAcrit,46,66,0.1900712714996189,0.12539619069352684,0.021315427555236965,0.16074196917459335,0.9848484848484849
N12_i16_2xAcrit_s42,12,16,2xAcrit,42,66,0.3199567482806742,0.09185588049487542,0.17546530438994523,0.5433128854962888,0.9848484848484849
N12_i16_2xAcrit_s43,12,16,2xAcrit,43,66,0.22547768628282938,0.49067277533080017,0.14566867565736175,0.06416591561947119,0.9848484848484849
N12_i16_2xAcrit_s44,12,16,2xAcrit,44,66,0.32444177591241896,0.1477769288580183,0.12311761640012264,0.07096226602761282,0.9848484848484849
N12_i16_2xAcrit_s45,12,16,2xAcrit,45,66,0.1817345839299378,0.49124959524029843,0.11950887535931543,0.22979765481396777,0.9848484848484849
N12_i16_2xAcrit_s46,12,16,2xAcrit,46,66,0.32440265198238194,0.3790018512645468,0.13092095986939967,0.15127796103738766,0.9848484848484849
N12_i16_5xAcrit_s42,12,16,5xAcrit,42,66,0.25923314300598577,0.4035001201446583,0.19282952570933531,0.4131609312735809,0.9848484848484849
N12_i16_5xAcrit_s43,12,16,5xAcrit,43,66,0.014738820376805961,0.029650381365884996,0.20166573231108487,0.0250870053793233,0.9848484848484849
N12_i16_5xAcrit_s44,12,16,5xAcrit,44,66,0.3941635051742196,0.0715467137938185,0.12317615048959851,0.04145035313680761,0.9848484848484849
N12_i16_5xAcrit_s45,12,16,5xAcrit,45,66,0.16074950055917725,0.31696063974985644,0.15016511653084308,0.17069664713810997,0.9848484848484849
N12_i16_5xAcrit_s46,12,16,5xAcrit,46,66,0.35670789517462254,0.14844630901164543,0.054430607764516026,0.17536996729674545,0.9848484848484849
N12_i16_Aheur_s42,12,16,Aheur,42,66,0.18060638825409114,0.010336645262326208,0.11484933609608561,0.006115590821146309,0.9848484848484849
N12_i16_Aheur_s43,12,16,Aheur,43,66,0.009927972569130361,0.002074776901774553,0.22242045286111534,0.0004840377466137696,0.9848484848484849
N12_i16_Aheur_s44,12,16,Aheur,44,66,0.5035271607339382,0.0017291461563259218,0.11911437613889575,0.002221814888357887,0.9848484848484849
N12_i16_Aheur_s45,12,16,Aheur,45,66,0.13740113633684814,0.02327405099934559,0.06836081680376083,0.0020377326150214847,0.9848484848484849
N12_i16_Aheur_s46,12,16,Aheur,46,66,0.306080455891788,0.0019327436423929641,0.011533636148669757,0.009915228868624337,0.9848484848484849
N12_i16_Amargin_s42,12,16,Amargin,42,66,0.20525343382178107,0.447092680270132,0.24616503864672268,0.4818186555613469,0.9848484848484849
N12_i16_Amargin_s43,12,16,Amargin,43,66,0.01736629192600958,0.03372912087252348,0.18548401910811663,0.03707220003975942,0.9848484848484849
N12_i16_Amargin_s44,12,16,Amargin,44,66,0.3581563890911639,0.09789062926196698,0.12344063923228532,0.05161046186814405,0.9848484848484849
N12_i16_Amargin_s45,12,16,Amargin,45,66,0.06214170824887333,0.416303341394139,0.14894330259994604,0.19722760857768976,0.9848484848484849
N12_i16_Amargin_s46,12,16,Amargin,46,66,0.32862403616309166,0.1820620447072979,0.08277033554622903,0.15732806859812853,0.9848484848484849
N12_i17_A0_s42,12,17,A0,42,66,0.10330399957706504,0.6900363203959444,0.11716390520950881,0.6279617837370023,0.9848484848484849
N12_i17_A0_s43,12,17,A0,43,66,0.12723533929511177,0.6031637301998022,0.0041454985496329755,0.4450193787918106,0.9848484848484849
N12_i17_A0_s44,12,17,A0,44,66,0.26238149490927754,0.6669040963468567,0.11306895146844909,0.20734304704918194,0.9848484848484849
N12_i17_A0_s45,12,17,A0,45,66,0.2218459251951117,0.5139972417202836,0.08363993398120328,0.5721971031021703,0.9848484848484849
N12_i17_A0_s46,12,17,A0,46,66,0.18707920532278877,0.6216870631927292,0.044852456736407476,0.4467888173446452,0.9848484848484849
N12_i17_Aheur_s42,12,17,Aheur,42,66,0.1789770401082933,0.013129031920881749,0.11359722481574863,0.0076038339011615845,0.9848484848484849
N12_i17_Aheur_s43,12,17,Aheur,43,66,0.009914938898873515,0.0019917084211773803,0.22159912227652967,0.0004055531679829109,0.9848484848484849
N12_i17_Aheur_s44,12,17,Aheur,44,66,0.502704975195229,0.0022306103537068286,0.11901078524533659,0.0024891779271404403,0.9848484848484849
N12_i17_Aheur_s45,12,17,Aheur,45,66,0.1368406207766384,0.030573932956207396,0.06731787417083979,0.0023949806257209244,0.9848484848484849
N12_i17_Aheur_s46,12,17,Aheur,46,66,0.2981231422163546,0.0016615246635916592,0.011635506074526347,0.011171313310718627,0.9848484848484849
N12_i17_Amargin_s42,12,17,Amargin,42,66,0.4063787462655455,0.09344180665944765,0.23681009354186244,0.44938479611682297,0.9848484848484849
N12_i17_Amargin_s43,12,17,Amargin,43,66,0.01895980426343158,0.06193554068344948,0.11660070635844022,0.16763888932308385,0.9848484848484849
N12_i17_Amargin_s44,12,17,Amargin,44,66,0.4180116136558354,0.17912354381785311,0.12290717056021094,0.08441101963520234,0.9848484848484849
N12_i17_Amargin_s45,12,17,Amargin,45,66,0.12052314475658932,0.46883011997892365,0.1342222568928264,0.3462121891350954,0.9848484848484849
N12_i17_Amargin_s46,12,17,Amargin,46,66,0.3722731902380474,0.49146029696810606,0.12559567269636318,0.3090582922632597,0.9848484848484849
N12_i18_A0_s42,12,18,A0,42,66,0.2047147181592095,0.6639609914484367,0.03235449830708603,0.6603350714476168,0.9848484848484849
N12_i18_A0_s43,12,18,A0,43,66,0.2648348233633442,0.4600546650015164,0.0008681117140838523,0.35975599117742046,0.9848484848484849
N12_i18_A0_s44,12,18,A0,44,66,0.36476460978309433,0.5125158751319681,0.09681798535166308,0.2365523067426476,0.9848484848484849
N12_i18_A0_s45,12,18,A0,45,66,0.2991041068962659,0.4973161921340334,0.021640464358426925,0.607959541170888,0.9848484848484849
N12_i18_A0_s46,12,18,A0,46,66,0.3390235734691487,0.5204455055586027,0.002334111038919673,0.3795161660693793,0.9848484848484849
N12_i18_Aheur_s42,12,18,Aheur,42,66,0.17878691316582263,0.0023757205086032103,0.11258540872950107,0.005398037759204681,0.9848484848484849
N12_i18_Aheur_s43,12,18,Aheur,43,66,0.009914457550621592,0.0015007540847046825,0.22123129339888692,0.0002735992107503211,0.9848484848484849
N12_i18_Aheur_s44,12,18,Aheur,44,66,0.5018693297170103,0.0014980496555587544,0.11892428109422326,0.0015536555388333982,0.9848484848484849
N12_i18_Aheur_s45,12,18,Aheur,45,66,0.13789869216270745,0.019446850567678052,0.0670535146491602,0.001428554411617931,0.9848484848484849
N12_i18_Aheur_s46,12,18,Aheur,46,66,0.28986859414726496,0.0007046148955992381,0.011611235997406766,0.008116607652985865,0.9848484848484849
N12_i18_Amargin_s42,12,18,Amargin,42,66,0.33551283460110426,0.06386409449789178,0.18057336995116202,0.6242485515904994,0.9848484848484849
N12_i18_Amargin_s43,12,18,Amargin,43,66,0.053487472236156464,0.17415398268334048,0.06025751610286534,0.17138441334839283,0.9848484848484849
N12_i18_Amargin_s44,12,18,Amargin,44,66,0.4429574826499447,0.19450481720456372,0.12097823421936482,0.09426822821361198,0.9848484848484849
N12_i18_Amargin_s45,12,18,Amargin,45,66,0.36623837519437075,0.13036295079275734,0.11564615595852956,0.3079175386056907,0.9848484848484849
N12_i18_Amargin_s46,12,18,Amargin,46,66,0.3229895924596349,0.47798060566114575,0.12431077039218508,0.25870172047206463,0.9848484848484849
N12_i19_A0_s42,12,19,A0,42,66,0.08220301971232402,0.5670732906810937,0.1850704969015169,0.689736265904537,0.9848484848484849
N12_i19_A0_s43,12,19,A0,43,66,0.14576149512549819,0.5874092767349869,0.013112762851960724,0.2861146822209201,0.9848484848484849
N12_i19_A0_s44,12,19,A0,44,66,0.2436250615642166,0.6020651190498927,0.11851843219483271,0.2684478120772335,0.9848484848484849
N12_i19_A0_s45,12,19,A0,45,66,0.18777115972534375,0.577021141843967,0.11427354335864948,0.6059367807669789,0.9848484848484849
N12_i19_A0_s46,12,19,A0,46,66,0.1987067385634873,0.5704687180017247,0.083753017737763,0.4410974639691661,0.9848484848484849
N12_i19_Aheur_s42,12,19,Aheur,42,66,0.1661010952666402,0.009814886787915833,0.11257086880505085,0.005213783757788551,0.9848484848484849
N12_i19_Aheur_s43,12,19,Aheur,43,66,0.009927407023496926,0.0014919788897485992,0.22178592160344124,0.00041390550118431714,0.9848484848484849
N12_i19_Aheur_s44,12,19,Aheur,44,66,0.5014994754455984,0.0011206978054286963,0.11892232205718756,0.0021141325860480654,0.9848484848484849
N12_i19_Aheur_s45,12,19,Aheur,45,66,0.13869529403746128,0.01714450971666808,0.06838969537056983,0.0011689190387828806,0.9848484848484849
N12_i19_Aheur_s46,12,19,Aheur,46,66,0.2846755520440638,0.0003911484523893057,0.011563918378669769,0.007150076502502392,0.9848484848484849
N12_i19_Amargin_s42,12,19,Amargin,42,66,0.3651980278082192,0.11467733497151292,0.2102142341173021,0.35350528401581593,0.9848484848484849
N12_i19_Amargin_s43,12,19,Amargin,43,66,0.015314879652578384,0.14149078167136342,0.09853896521963179,0.25640499611858614,0.9848484848484849
N12_i19_Amargin_s44,12,19,Amargin,44,66,0.3760008281096816,0.19819076141832354,0.12401065626181662,0.1267191169436302,0.9848484848484849
N12_i19_Amargin_s45,12,19,Amargin,45,66,0.13188961333889893,0.5488881451484291,0.13081107661128044,0.37505433970172253,0.9848484848484849
N12_i19_Amargin_s46,12,19,Amargin,46,66,0.22829067381280765,0.7009948584942204,0.12873864924767986,0.3872608030616199,0.9848484848484849
N12_i20_A0_s42,12,20,A0,42,66,0.1482272019691777,0.639113950687567,0.042859142238512504,0.6484579751802286,0.9848484848484849
N12_i20_A0_s43,12,20,A0,43,66,0.13758884144226613,0.6462792079847021,0.001097602544390952,0.42530873370629574,0.9848484848484849
N12_i20_A0_s44,12,20,A0,44,66,0.3691407606247594,0.6322090914086184,0.10590792575385422,0.20252875037782747,0.9848484848484849
N12_i20_A0_s45,12,20,A0,45,66,0.21826170387066668,0.5225499637251542,0.05038280332957612,0.5941364463065979,0.9848484848484849
N12_i20_A0_s46,12,20,A0,46,66,0.2730404352550977,0.6303125636667087,0.00975363977829602,0.4718724073568414,0.9848484848484849
N12_i20_Aheur_s42,12,20,Aheur,42,66,0.07716481306124479,0.004098847942754984,0.11229139135684818,0.00567562494023493,0.9848484848484849
N12_i20_Aheur_s43,12,20,Aheur,43,66,0.009922791388817132,0.001683963146660499,0.22145988093689084,0.0002887841552637457,0.9848484848484849
N12_i20_Aheur_s44,12,20,Aheur,44,66,0.5014350996352732,0.0014598172302035667,0.11890007497277111,0.0013129005050244082,0.9848484848484849
N12_i20_Aheur_s45,12,20,Aheur,45,66,0.13943430653307587,0.01779573491777492,0.06775932712480426,0.001475521744216406,0.9848484848484849
N12_i20_Aheur_s46,12,20,Aheur,46,66,0.2848609769716859,0.00016248082302055145,0.011589850735617802,0.00788505105171525,0.9848484848484849
N12_i20_Amargin_s42,12,20,Amargin,42,66,0.19646718146941566,0.44369162623148234,0.25069476613862207,0.4845102691453058,0.9848484848484849
N12_i20_Amargin_s43,12,20,Amargin,43,66,0.01312174045597203,0.05952917368580701,0.13312309980392456,0.09935224158045454,0.9848484848484849
N12_i20_Amargin_s44,12,20,Amargin,44,66,0.45423237048089504,0.14935920048438803,0.12227867497131228,0.06347573189483469,0.9848484848484849
N12_i20_Amargin_s45,12,20,Amargin,45,66,0.09261864642871842,0.4722754159520543,0.13459228801366407,0.2566321890904822,0.9848484848484849
N12_i20_Amargin_s46,12,20,Amargin,46,66,0.3787199881626293,0.34310310188832827,0.10655056254472584,0.23611362616933307,0.9848484848484849
N12_i21_1.1xAcrit_s42,12,21,1.1xAcrit,42,66,0.21985875186510384,0.14549327236148665,0.1749822036799742,0.4242690192138545,0.9848484848484849
N12_i21_1.1xAcrit_s43,12,21,1.1xAcrit,43,66,0.2967443033121526,0.11951889859345385,0.10578808200079948,0.1056831008091726,0.9848484848484849
N12_i21_1.1xAcrit_s44,12,21,1.1xAcrit,44,66,0.2612129675108008,0.28023516370076185,0.12162356823682785,0.08685513709933237,0.9848484848484849
N12_i21_1.1xAcrit_s45,12,21,1.1xAcrit,45,66,0.25202764788627974,0.42727782661258124,0.09978361530556867,0.35412002555666994,0.9848484848484849
N12_i21_1.1xAcrit_s46,12,21,1.1xAcrit,46,66,0.23986916227295296,0.6043368366380107,0.16278777545085177,0.19347436371497115,0.9848484848484849
N12_i21_10xAcrit_s42,12,21,10xAcrit,42,66,0.18279172832262702,0.29364609588069684,0.10489617427811027,0.2177738176161511,0.9848484848484849
N12_i21_10xAcrit_s43,12,21,10xAcrit,43,66,0.016356891865143552,0.02137899474204892,0.21765339188277721,0.013210532589840267,0.9848484848484849
N12_i21_10xAcrit_s44,12,21,10xAcrit,44,66,0.4726587003096938,0.03829777681837237,0.12210971908643842,0.024893410167166036,0.9848484848484849
N12_i21_10xAcrit_s45,12,21,10xAcrit,45,66,0.055123821075540036,0.24617800653355382,0.11157310375710949,0.12963729442925834,0.9848484848484849
N12_i21_10xAcrit_s46,12,21,10xAcrit,46,66,0.20955688785761595,0.12027970909658589,0.023560810514027253,0.16060069145448266,0.9848484848484849
N12_i21_2xAcrit_s42,12,21,2xAcrit,42,66,0.36338788317516446,0.07568251085452794,0.16566621117090108,0.4688926604911589,0.9848484848484849
N12_i21_2xAcrit_s43,12,21,2xAcrit,43,66,0.23080843518255278,0.45565959614518026,0.14688799600116909,0.07258940527434368,0.9848484848484849
N12_i21_2xAcrit_s44,12,21,2xAcrit,44,66,0.3358878508443013,0.16136293328589588,0.12293752725236118,0.06903880803748041,0.9848484848484849
N12_i21_2xAcrit_s45,12,21,2xAcrit,45,66,0.1678251219464073,0.44526902291916587,0.11722939939500066,0.2964365694882584,0.9848484848484849
N12_i21_2xAcrit_s46,12,21,2xAcrit,46,66,0.2991469056578353,0.3744928811022168,0.13594385521719232,0.1703735646197656,0.9848484848484849
N12_i21_5xAcrit_s42,12,21,5xAcrit,42,66,0.2615601307625184,0.4046857363297605,0.20243918418964313,0.4185073949606186,0.9848484848484849
N12_i21_5xAcrit_s43,12,21,5xAcrit,43,66,0.014940266337362118,0.040148517392208496,0.20014005340635777,0.03067373927840699,0.9848484848484849
N12_i21_5xAcrit_s44,12,21,5xAcrit,44,66,0.3900142644997686,0.08252883759485174,0.12316481035668403,0.041244071766320556,0.9848484848484849
N12_i21_5xAcrit_s45,12,21,5xAcrit,45,66,0.13297520362539217,0.31703681155141183,0.15042283697403036,0.19332608511763366,0.9848484848484849
N12_i21_5xAcrit_s46,12,21,5xAcrit,46,66,0.35037935664877295,0.15743510057649907,0.060351265070494264,0.17810998353918261,0.9848484848484849
N12_i21_Aheur_s42,12,21,Aheur,42,66,0.1812413977459073,0.008401117179717185,0.1141124579589814,0.007125455261219476,0.9848484848484849
N12_i21_Aheur_s43,12,21,Aheur,43,66,0.009926324462867342,0.002349262633698149,0.22228762856684625,0.0004667445362973345,0.9848484848484849
N12_i21_Aheur_s44,12,21,Aheur,44,66,0.5028488240204751,0.0017019656574307701,0.11905215575825423,0.0017571198003249345,0.9848484848484849
N12_i21_Aheur_s45,12,21,Aheur,45,66,0.13627779576927423,0.020445286455064514,0.06848180782981217,0.0020704816605466693,0.9848484848484849
N12_i21_Aheur_s46,12,21,Aheur,46,66,0.29792687948793173,0.0011049240064732058,0.011532748205354437,0.008503172395460628,0.9848484848484849
N12_i21_Amargin_s42,12,21,Amargin,42,66,0.23075394904299174,0.4129317922359423,0.23273271432117326,0.4486395682858833,0.9848484848484849
N12_i21_Amargin_s43,12,21,Amargin,43,66,0.01621892642288003,0.04157668092297076,0.1918729767203331,0.03763839112170776,0.9848484848484849
N12_i21_Amargin_s44,12,21,Amargin,44,66,0.3743232269771397,0.09682995731058405,0.12330906093120575,0.046590800211144145,0.9848484848484849
N12_i21_Amargin_s45,12,21,Amargin,45,66,0.08343124735256424,0.37205486698462387,0.15032226611219812,0.21458972092147596,0.9848484848484849
N12_i21_Amargin_s46,12,21,Amargin,46,66,0.3197108267340809,0.18532120984371955,0.07621075413771905,0.1714770104153126,0.9848484848484849
N12_i22_1.1xAcrit_s42,12,22,1.1xAcrit,42,66,0.14944949134951457,0.42511912852311917,0.20571471739094704,0.5818722779661775,0.9848484848484849
N12_i22_1.1xAcrit_s43,12,22,1.1xAcrit,43,66,0.3843904274981469,0.20531787501888155,0.014128624781733379,0.5868624611550928,0.9848484848484849
N12_i22_1.1xAcrit_s44,12,22,1.1xAcrit,44,66,0.3250807647491456,0.3656659433426501,0.11929626669734716,0.18830201528863066,0.9848484848484849
N12_i22_1.1xAcrit_s45,12,22,1.1xAcrit,45,66,0.298311953432858,0.2898619507925247,0.10786015859002873,0.5892909223318293,0.9848484848484849
N12_i22_1.1xAcrit_s46,12,22,1.1xAcrit,46,66,0.21041897792565578,0.46791325949690066,0.1074247916258173,0.5031525407411368,0.9848484848484849
N12_i22_10xAcrit_s42,12,22,10xAcrit,42,66,0.22120166110607897,0.3521366494648093,0.16011976505797065,0.3475325850710394,0.9848484848484849
N12_i22_10xAcrit_s43,12,22,10xAcrit,43,66,0.012048773336573504,0.045301807034313746,0.18004827736876905,0.04748698180078317,0.9848484848484849
N12_i22_10xAcrit_s44,12,22,10xAcrit,44,66,0.45274438662454486,0.06721157497199702,0.12248622917104512,0.056495699693084184,0.9848484848484849
N12_i22_10xAcrit_s45,12,22,10xAcrit,45,66,0.07317074463480822,0.5619690486486404,0.1387856075889431,0.19946057957412874,0.9848484848484849
N12_i22_10xAcrit_s46,12,22,10xAcrit,46,66,0.3848754658829421,0.18539725728029385,0.049946711864322424,0.23208862547475523,0.9848484848484849
N12_i22_2xAcrit_s42,12,22,2xAcrit,42,66,0.20757713273633271,0.20538625444366618,0.20916679112951897,0.4962029078987057,0.9848484848484849
N12_i22_2xAcrit_s43,12,22,2xAcrit,43,66,0.29019788456832885,0.502373753667145,0.03801089404441882,0.3880708070494012,0.9848484848484849
N12_i22_2xAcrit_s44,12,22,2xAcrit,44,66,0.37992334249429405,0.24544637615584547,0.12159889750182629,0.15240880804955453,0.9848484848484849
N12_i22_2xAcrit_s45,12,22,2xAcrit,45,66,0.34905876696575433,0.4130008145120089,0.11154432539115078,0.48679129044503366,0.9848484848484849
N12_i22_2xAcrit_s46,12,22,2xAcrit,46,66,0.32361881773556433,0.7505119065182388,0.1371254249534104,0.4090125347805072,0.9848484848484849
N12_i22_5xAcrit_s42,12,22,5xAcrit,42,66,0.534601807128638,0.036377355339453334,0.23771825913718203,0.3389867426765429,0.9848484848484849
N12_i22_5xAcrit_s43,12,22,5xAcrit,43,66,0.012859718364779837,0.09068916376728298,0.12258277623914182,0.13100962440035072,0.9848484848484849
N12_i22_5xAcrit_s44,12,22,5xAcrit,44,66,0.40751685365103185,0.13352982605265645,0.12312204123008996,0.09282850123194603,0.9848484848484849
N12_i22_5xAcrit_s45,12,22,5xAcrit,45,66,0.11645210504502757,0.3931527811371552,0.13470292021520436,0.26239217159430117,0.9848484848484849
N12_i22_5xAcrit_s46,12,22,5xAcrit,46,66,0.38669410592410713,0.4342756150437525,0.11124490230577067,0.27395615133508505,0.9848484848484849
N12_i22_Aheur_s42,12,22,Aheur,42,66,0.17864808742888272,0.011161802864596403,0.11364671459887177,0.006493921415354754,0.9848484848484849
N12_i22_Aheur_s43,12,22,Aheur,43,66,0.009912521534715779,0.0019200125919706032,0.2214873603079468,0.0005366200481552392,0.9848484848484849
N12_i22_Aheur_s44,12,22,Aheur,44,66,0.5027736793272197,0.0016039550229651357,0.11901222018059343,0.002797420745642606,0.9848484848484849
N12_i22_Aheur_s45,12,22,Aheur,45,66,0.13727179600391537,0.02487121036104806,0.06707124621607363,0.0016782121515890175,0.9848484848484849
N12_i22_Aheur_s46,12,22,Aheur,46,66,0.29965520091354847,0.0015656907562694644,0.011609485416556709,0.008839093169500099,0.9848484848484849
N12_i22_Amargin_s42,12,22,Amargin,42,66,0.38385697919875383,0.0923431159909897,0.21806502384970372,0.37013565783788804,0.9848484848484849
N12_i22_Amargin_s43,12,22,Amargin,43,66,0.30765985778998584,0.4179458821066572,0.10086746845627204,0.17228074524337292,0.9848484848484849
N12_i22_Amargin_s44,12,22,Amargin,44,66,0.40094066224992275,0.15592864204623397,0.12304265203420073,0.10577535725419097,0.9848484848484849
N12_i22_Amargin_s45,12,22,Amargin,45,66,0.10176996148038597,0.2773171416930446,0.12646079895785078,0.3054971219092938,0.9848484848484849
N12_i22_Amargin_s46,12,22,Amargin,46,66,0.38811282766982913,0.4741115695704301,0.1265503644826822,0.30241510748131634,0.9848484848484849
N12_i23_1.1xAcrit_s42,12,23,1.1xAcrit,42,66,0.10276833489479031,0.49158212720957817,0.21507705883084327,0.6952709734228611,0.9848484848484849
N12_i23_1.1xAcrit_s43,12,23,1.1xAcrit,43,66,0.16688490424348856,0.40094810188990704,0.01027775928741903,0.5000994887916789,0.9848484848484849
N12_i23_1.1xAcrit_s44,12,23,1.1xAcrit,44,66,0.24092938369722106,0.42560890064074575,0.11606970487628132,0.16614685400856996,0.9848484848484849
N12_i23_1.1xAcrit_s45,12,23,1.1xAcrit,45,66,0.28619485392118804,0.41567460150974844,0.09558445090135592,0.6132355312816891,0.9848484848484849
N12_i23_1.1xAcrit_s46,12,23,1.1xAcrit,46,66,0.12582437769742683,0.4825092808126463,0.09274794528027996,0.4342862955413121,0.9848484848484849
N12_i23_10xAcrit_s42,12,23,10xAcrit,42,66,0.2404619245644426,0.40363152630287497,0.23796251441672212,0.4275944619518485,0.9848484848484849
N12_i23_10xAcrit_s43,12,23,10xAcrit,43,66,0.013108174098306336,0.03807642425307049,0.16809983761049807,0.05158729575870012,0.9848484848484849
N12_i23_10xAcrit_s44,12,23,10xAcrit,44,66,0.4166923239827156,0.08730504367434536,0.12282205722294748,0.057561441924361995,0.9848484848484849
N12_i23_10xAcrit_s45,12,23,10xAcrit,45,66,0.09939672659686494,0.5050480609354542,0.14892401560791768,0.1810606302007734,0.9848484848484849
N12_i23_10xAcrit_s46,12,23,10xAcrit,46,66,0.3532869790215045,0.2602541532400792,0.07504932951997034,0.22789904903876654,0.9848484848484849
N12_i23_2xAcrit_s42,12,23,2xAcrit,42,66,0.20122533329413272,0.26700122605048127,0.20573287193224132,0.6518495421419355,0.9848484848484849
N12_i23_2xAcrit_s43,12,23,2xAcrit,43,66,0.3902253347914666,0.13839136806631222,0.02871392882661894,0.32579768228875805,0.9848484848484849
N12_i23_2xAcrit_s44,12,23,2xAcrit,44,66,0.3059256394772092,0.30770292868846993,0.1191894692601636,0.13973933081949474,0.9848484848484849
N12_i23_2xAcrit_s45,12,23,2xAcrit,45,66,0.2642670007189736,0.22617407779062473,0.10197278239866137,0.5329214523576064,0.9848484848484849
N12_i23_2xAcrit_s46,12,23,2xAcrit,46,66,0.24298831772466656,0.33765837590965303,0.12982454025768675,0.35470387399403175,0.9848484848484849
N12_i23_5xAcrit_s42,12,23,5xAcrit,42,66,0.3441881330218166,0.10399069438007089,0.18789906109668664,0.5059707933218903,0.9848484848484849
N12_i23_5xAcrit_s43,12,23,5xAcrit,43,66,0.3011347480060067,0.4335824477534839,0.10375717573333532,0.12792065698886299,0.9848484848484849
N12_i23_5xAcrit_s44,12,23,5xAcrit,44,66,0.38921006536111236,0.14787357701009565,0.12249871890526265,0.09084402060080253,0.9848484848484849
N12_i23_5xAcrit_s45,12,23,5xAcrit,45,66,0.5255121379159391,0.03832058476628521,0.12139685134752654,0.27422119027777625,0.9848484848484849
N12_i23_5xAcrit_s46,12,23,5xAcrit,46,66,0.35377516207518056,0.4649938906721317,0.13476709742099047,0.2592417681964234,0.9848484848484849
N12_i23_Aheur_s42,12,23,Aheur,42,66,0.18370790593326092,0.013921400524940872,0.11505106533877552,0.007182748083399461,0.9848484848484849
N12_i23_Aheur_s43,12,23,Aheur,43,66,0.009914613416185603,0.0019707926927597236,0.2215616460889578,0.0004736806789472532,0.9848484848484849
N12_i23_Aheur_s44,12,23,Aheur,44,66,0.5042121005244553,0.002166400861867205,0.11913311888929456,0.003188532880217744,0.9848484848484849
N12_i23_Aheur_s45,12,23,Aheur,45,66,0.13255233340896666,0.03322128664906822,0.06647959852125496,0.002810202415206414,0.9848484848484849
N12_i23_Aheur_s46,12,23,Aheur,46,66,0.31616438878700137,0.00373326371969395,0.011635221118922345,0.010693851856320949,0.9848484848484849
N12_i23_Amargin_s42,12,23,Amargin,42,66,0.34438227978534997,0.10435003366083068,0.18743929608899634,0.5080296684637656,0.9848484848484849
N12_i23_Amargin_s43,12,23,Amargin,43,66,0.30308192744269036,0.4289811591379438,0.10319092485588044,0.12874664660709242,0.9848484848484849
N12_i23_Amargin_s44,12,23,Amargin,44,66,0.38906773435883224,0.14840541741493163,0.12248852022457868,0.09113455665148361,0.9848484848484849
N12_i23_Amargin_s45,12,23,Amargin,45,66,0.5190584505908191,0.03682230558353265,0.12117496950668283,0.2756528590324031,0.9848484848484849
N12_i23_Amargin_s46,12,23,Amargin,46,66,0.35708844382315874,0.46450980394374447,0.13507403020048514,0.259638260577554,0.9848484848484849
N12_i24_1.1xAcrit_s42,12,24,1.1xAcrit,42,66,0.13546502721874276,0.3249431049614897,0.21170000648544374,0.6642110682458975,0.9848484848484849
N12_i24_1.1xAcrit_s43,12,24,1.1xAcrit,43,66,0.257418918190524,0.21191558669895966,0.022169586838572286,0.23190276919292313,0.9848484848484849
N12_i24_1.1xAcrit_s44,12,24,1.1xAcrit,44,66,0.3002853103898815,0.31398651684489515,0.11830668535549194,0.15108641249855573,0.9848484848484849
N12_i24_1.1xAcrit_s45,12,24,1.1xAcrit,45,66,0.26982727530412376,0.17878748649558582,0.09418999987428833,0.4488346006563282,0.9848484848484849
N12_i24_1.1xAcrit_s46,12,24,1.1xAcrit,46,66,0.25015872229687375,0.36321792744491926,0.1139922036381904,0.2800560988756346,0.9848484848484849
N12_i24_10xAcrit_s42,12,24,10xAcrit,42,66,0.19759918619820382,0.36715891891572916,0.12919339204381686,0.3293731383709526,0.9848484848484849
N12_i24_10xAcrit_s43,12,24,10xAcrit,43,66,0.013062158250249922,0.030342855276189327,0.19574891473166645,0.017172822662800336,0.9848484848484849
N12_i24_10xAcrit_s44,12,24,10xAcrit,44,66,0.46807208145037293,0.04607063003417244,0.12204826751258224,0.03977083737206967,0.9848484848484849
N12_i24_10xAcrit_s45,12,24,10xAcrit,45,66,0.06562759674852714,0.2356249791736191,0.12772827153094113,0.1411721574377827,0.9848484848484849
N12_i24_10xAcrit_s46,12,24,10xAcrit,46,66,0.39390797750093043,0.10197940730015785,0.03358605646644719,0.19643576023975493,0.9848484848484849
N12_i24_2xAcrit_s42,12,24,2xAcrit,42,66,0.24561793939210474,0.15904481031441478,0.18549105337905303,0.5820232384400845,0.9848484848484849
N12_i24_2xAcrit_s43,12,24,2xAcrit,43,66,0.2779290673752257,0.5617304558745893,0.06228229985572398,0.13629387567433898,0.9848484848484849
N12_i24_2xAcrit_s44,12,24,2xAcrit,44,66,0.38501879991963506,0.17987778208955166,0.12117556878365576,0.11752946556285612,0.9848484848484849
N12_i24_2xAcrit_s45,12,24,2xAcrit,45,66,0.3185878781368956,0.4011263381558435,0.1043541693361476,0.30563896278152736,0.9848484848484849
N12_i24_2xAcrit_s46,12,24,2xAcrit,46,66,0.2690233971516136,0.5682508445172224,0.14031797263305634,0.22678010825939185,0.9848484848484849
N12_i24_5xAcrit_s42,12,24,5xAcrit,42,66,0.24370194114635524,0.4417424988443308,0.24841976788957254,0.4953753936778376,0.9848484848484849
N12_i24_5xAcrit_s43,12,24,5xAcrit,43,66,0.01428289312752895,0.05173937917644623,0.15274872444570065,0.047321857128493204,0.9848484848484849
N12_i24_5xAcrit_s44,12,24,5xAcrit,44,66,0.4188996923621744,0.09338484308444589,0.122764783911407,0.06747621706345037,0.9848484848484849
N12_i24_5xAcrit_s45,12,24,5xAcrit,45,66,0.08018291746702744,0.4179070546284639,0.14523966261185706,0.15998141216470185,0.9848484848484849
N12_i24_5xAcrit_s46,12,24,5xAcrit,46,66,0.3288250855403021,0.2701034735657215,0.0888085417682305,0.1899337301851603,0.9848484848484849
N12_i24_Aheur_s42,12,24,Aheur,42,66,0.18240889417938888,0.010626278746306433,0.11420889350119978,0.008617399460708004,0.9848484848484849
N12_i24_Aheur_s43,12,24,Aheur,43,66,0.00991082622203976,0.0024599899367071998,0.22147011710330844,0.0005729065155378561,0.9848484848484849
N12_i24_Aheur_s44,12,24,Aheur,44,66,0.5033878153190017,0.001850934639515073,0.1190598935354501,0.0027415855917083762,0.9848484848484849
N12_i24_Aheur_s45,12,24,Aheur,45,66,0.1405196184059605,0.024259103933986025,0.06668025022372603,0.0022554903053557092,0.9848484848484849
N12_i24_Aheur_s46,12,24,Aheur,46,66,0.3067269274033606,0.002354126513505384,0.011610113200731575,0.010376271480537953,0.9848484848484849
N12_i24_Amargin_s42,12,24,Amargin,42,66,0.41335204895585775,0.04884245071841213,0.20737986670428654,0.5465213257103441,0.9848484848484849
N12_i24_Amargin_s43,12,24,Amargin,43,66,0.01556402220739983,0.06847437297717678,0.12832653836812824,0.06623613015034352,0.9848484848484849
N12_i24_Amargin_s44,12,24,Amargin,44,66,0.41359751974232495,0.11255224793310799,0.1226794165559113,0.0806079248335822,0.9848484848484849
N12_i24_Amargin_s45,12,24,Amargin,45,66,0.09810810864109953,0.538342942081514,0.1321849990345072,0.17595543655416246,0.9848484848484849
N12_i24_Amargin_s46,12,24,Amargin,46,66,0.3732764245942235,0.3203225865504446,0.11269265523878857,0.19362543284355874,0.9848484848484849
N12_i25_1.1xAcrit_s42,12,25,1.1xAcrit,42,66,0.10637919648070238,0.4730325839945528,0.17533562641438039,0.5184906096361246,0.9848484848484849
N12_i25_1.1xAcrit_s43,12,25,1.1xAcrit,43,66,0.20528875429590698,0.3019968358947312,0.019085066982370336,0.393773131078917,0.9848484848484849
N12_i25_1.1xAcrit_s44,12,25,1.1xAcrit,44,66,0.2937509757855423,0.384976851590658,0.12065028358483687,0.17547817145927,0.9848484848484849
N12_i25_1.1xAcrit_s45,12,25,1.1xAcrit,45,66,0.20244701468618587,0.3485471598035928,0.1013116579454092,0.5330226184461319,0.9848484848484849
N12_i25_1.1xAcrit_s46,12,25,1.1xAcrit,46,66,0.13560431989117205,0.5216484393297827,0.09885552966443356,0.4312633240648968,0.9848484848484849
N12_i25_10xAcrit_s42,12,25,10xAcrit,42,66,0.21406570469298458,0.38727044531718924,0.10963058563356753,0.25978743800826476,0.9848484848484849
N12_i25_10xAcrit_s43,12,25,10xAcrit,43,66,0.015263802139088511,0.022097369308872367,0.19946384499780834,0.031355904313583045,0.9848484848484849
N12_i25_10xAcrit_s44,12,25,10xAcrit,44,66,0.4718415425159037,0.05441551402175586,0.12221417017281055,0.04781805525049461,0.9848484848484849
N12_i25_10xAcrit_s45,12,25,10xAcrit,45,66,0.06539797980803996,0.2656983032717374,0.11853655209415592,0.19270377576013994,0.9848484848484849
N12_i25_10xAcrit_s46,12,25,10xAcrit,46,66,0.4284954264294356,0.1250954477042811,0.03722772824403364,0.261919659708286,0.9848484848484849
N12_i25_2xAcrit_s42,12,25,2xAcrit,42,66,0.2722264768090099,0.16517309578507722,0.17424438039142842,0.4906666383367025,0.9848484848484849
N12_i25_2xAcrit_s43,12,25,2xAcrit,43,66,0.218434533191612,0.4808463990615453,0.0583202819689177,0.24098517213780654,0.9848484848484849
N12_i25_2xAcrit_s44,12,25,2xAcrit,44,66,0.3518260066630319,0.25151206294297124,0.1227558987447992,0.13778310517354733,0.9848484848484849
N12_i25_2xAcrit_s45,12,25,2xAcrit,45,66,0.2597302187932655,0.21831426167265214,0.11648737233917927,0.43907101620861116,0.9848484848484849
N12_i25_2xAcrit_s46,12,25,2xAcrit,46,66,0.33021841945137,0.7038651394079204,0.13053939005476423,0.32628798729178654,0.9848484848484849
N12_i25_5xAcrit_s42,12,25,5xAcrit,42,66,0.19966994624451218,0.4226780802158614,0.22858591231124592,0.47093545907706374,0.9848484848484849
N12_i25_5xAcrit_s43,12,25,5xAcrit,43,66,0.013046077627222985,0.055240834057901964,0.15436432149726897,0.08731674274156505,0.9848484848484849
N12_i25_5xAcrit_s44,12,25,5xAcrit,44,66,0.3976771819870919,0.12389037876621958,0.12333562539424747,0.08048310496240128,0.9848484848484849
N12_i25_5xAcrit_s45,12,25,5xAcrit,45,66,0.07444597856556356,0.3339775334830428,0.146868475159863,0.2450730591133226,0.9848484848484849
N12_i25_5xAcrit_s46,12,25,5xAcrit,46,66,0.3393250844674185,0.3093610066084865,0.09014535215101205,0.24253468595100464,0.9848484848484849
N12_i25_Aheur_s42,12,25,Aheur,42,66,0.1753754795063287,0.010551879334002649,0.11307453131303191,0.006268795646288326,0.9848484848484849
N12_i25_Aheur_s43,12,25,Aheur,43,66,0.009924670055625029,0.0013610820689354767,0.22189092566259205,0.0003730238911135251,0.9848484848484849
N12_i25_Aheur_s44,12,25,Aheur,44,66,0.5019659954123199,0.0014210247119698857,0.11896494997199625,0.0023438688747045933,0.9848484848484849
N12_i25_Aheur_s45,12,25,Aheur,45,66,0.1362556628882885,0.02214785431289573,0.06830280157737434,0.0013538436583560671,0.9848484848484849
N12_i25_Aheur_s46,12,25,Aheur,46,66,0.2889016307890415,0.00044291837637592483,0.011572878313018009,0.009033721854484533,0.9848484848484849
N12_i25_Amargin_s42,12,25,Amargin,42,66,0.5091556143015623,0.029330672400427166,0.23914835655887146,0.4874618667318084,0.9848484848484849
N12_i25_Amargin_s43,12,25,Amargin,43,66,0.01410463554202579,0.0675115693604181,0.13442021049559116,0.11286615387607761,0.9848484848484849
N12_i25_Amargin_s44,12,25,Amargin,44,66,0.3823673847364262,0.1497810293294196,0.12347507267259061,0.09214094806845327,0.9848484848484849
N12_i25_Amargin_s45,12,25,Amargin,45,66,0.07331918665431658,0.28371419654984853,0.14263674919493496,0.2729559669049075,0.9848484848484849
N12_i25_Amargin_s46,12,25,Amargin,46,66,0.3817009045742452,0.3769472061074058,0.10789897968061268,0.24612600734802453,0.9848484848484849
N12_i26_1.1xAcrit_s42,12,26,1.1xAcrit,42,66,0.28041581006255,0.13884715822500393,0.17398370753289782,0.4475927984826254,0.9848484848484849
N12_i26_1.1xAcrit_s43,12,26,1.1xAcrit,43,66,0.31372487696353346,0.4811377114431892,0.09872947842814028,0.13879842000049988,0.9848484848484849
N12_i26_1.1xAcrit_s44,12,26,1.1xAcrit,44,66,0.33882862876635045,0.1762907914239748,0.1235324451699853,0.12125967589651374,0.9848484848484849
N12_i26_1.1xAcrit_s45,12,26,1.1xAcrit,45,66,0.5318718557246029,0.05339127713858863,0.12052317699999548,0.2669324334160672,0.9848484848484849
N12_i26_1.1xAcrit_s46,12,26,1.1xAcrit,46,66,0.2671938852072344,0.5870341920120317,0.1330999814090319,0.24157237139873958,0.9848484848484849
N12_i26_10xAcrit_s42,12,26,10xAcrit,42,66,0.16652404889464378,0.22262912380083996,0.11160264757927507,0.07602610711466179,0.9848484848484849
N12_i26_10xAcrit_s43,12,26,10xAcrit,43,66,0.01280425614095293,0.016869585936663933,0.21718386327847838,0.005863906854452939,0.9848484848484849
N12_i26_10xAcrit_s44,12,26,10xAcrit,44,66,0.510061729233712,0.01848266691880864,0.12115930067375302,0.027353891047292724,0.9848484848484849
N12_i26_10xAcrit_s45,12,26,10xAcrit,45,66,0.11388633167371154,0.10313235462113877,0.08376881969161332,0.09491354344912467,0.9848484848484849
N12_i26_10xAcrit_s46,12,26,10xAcrit,46,66,0.21360541752073914,0.16549188132811402,0.016031952618504874,0.137371237787056,0.9848484848484849
N12_i26_2xAcrit_s42,12,26,2xAcrit,42,66,0.20942754812858766,0.46111625121891403,0.24321484736537968,0.45375805891967647,0.9848484848484849
N12_i26_2xAcrit_s43,12,26,2xAcrit,43,66,0.015466590455616824,0.0846772007803833,0.14981157204601914,0.07622375997124697,0.9848484848484849
N12_i26_2xAcrit_s44,12,26,2xAcrit,44,66,0.3666387660196051,0.11962071225252428,0.12373432773165405,0.0892160724299766,0.9848484848484849
N12_i26_2xAcrit_s45,12,26,2xAcrit,45,66,0.06463343806626654,0.43232943802675583,0.14446297951508313,0.18929739930948183,0.9848484848484849
N12_i26_2xAcrit_s46,12,26,2xAcrit,46,66,0.3602516712853685,0.309582618404522,0.09688930097036064,0.19452194592225547,0.9848484848484849
N12_i26_5xAcrit_s42,12,26,5xAcrit,42,66,0.21279475112532964,0.3695531945147227,0.1209420902596321,0.281968273232026,0.9848484848484849
N12_i26_5xAcrit_s43,12,26,5xAcrit,43,66,0.015179732989054173,0.029834634101003996,0.20293159945867956,0.020634657877855317,0.9848484848484849
N12_i26_5xAcrit_s44,12,26,5xAcrit,44,66,0.4634414538741112,0.045034689005644626,0.12249112338759005,0.04806930391705878,0.9848484848484849
N12_i26_5xAcrit_s45,12,26,5xAcrit,45,66,0.06142534865648486,0.2106899184945477,0.12717048663762398,0.15464919152910614,0.9848484848484849
N12_i26_5xAcrit_s46,12,26,5xAcrit,46,66,0.3687481025699526,0.12725186485664125,0.0323638889240101,0.18497383996508002,0.9848484848484849
N12_i26_Aheur_s42,12,26,Aheur,42,66,0.16731738671660423,0.007217273258099602,0.11250348866451532,0.003775490962947877,0.9848484848484849
N12_i26_Aheur_s43,12,26,Aheur,43,66,0.009932054992532358,0.0011837044354367186,0.2219505540560931,0.00034574893141329707,0.9848484848484849
N12_i26_Aheur_s44,12,26,Aheur,44,66,0.5013419394381344,0.0007593242816123814,0.11891631409525871,0.0016274691311306743,0.9848484848484849
N12_i26_Aheur_s45,12,26,Aheur,45,66,0.13957925629802048,0.012281773239083502,0.06879418576136231,0.000753562981647196,0.9848484848484849
N12_i26_Aheur_s46,12,26,Aheur,46,66,0.28314318833872676,0.0004049978156556661,0.011536126665305346,0.005407679839024964,0.9848484848484849
N12_i26_Amargin_s42,12,26,Amargin,42,66,0.23584140420905442,0.42333224963549987,0.24265289310812932,0.4468843193773622,0.9848484848484849
N12_i26_Amargin_s43,12,26,Amargin,43,66,0.014053368082386442,0.07122732891277321,0.16328866314142942,0.0617451624122681,0.9848484848484849
N12_i26_Amargin_s44,12,26,Amargin,44,66,0.3814153589773923,0.10298520841310463,0.12361961218994111,0.08039293799806864,0.9848484848484849
N12_i26_Amargin_s45,12,26,Amargin,45,66,0.0682550418214305,0.41526334792629443,0.14973830347298644,0.18131306819282395,0.9848484848484849
N12_i26_Amargin_s46,12,26,Amargin,46,66,0.29574429627973586,0.2835648993420198,0.08270412590354681,0.18646527824471396,0.9848484848484849
N12_i27_1.1xAcrit_s42,12,27,1.1xAcrit,42,66,0.23083288891939446,0.2605213437562702,0.141134160063757,0.48817074532051996,0.9848484848484849
N12_i27_1.1xAcrit_s43,12,27,1.1xAcrit,43,66,0.1724876073858468,0.3925167978935318,0.054903381736949086,0.34050351760432185,0.9848484848484849
N12_i27_1.1xAcrit_s44,12,27,1.1xAcrit,44,66,0.3103798541123979,0.3541355702289101,0.12420528498478234,0.15352239630150005,0.9848484848484849
N12_i27_1.1xAcrit_s45,12,27,1.1xAcrit,45,66,0.12343064787273761,0.4872193179817725,0.13171887745556887,0.49115849813513635,0.9848484848484849
N12_i27_1.1xAcrit_s46,12,27,1.1xAcrit,46,66,0.410694326349585,0.7471035992371672,0.1301733748987317,0.4057075272383002,0.9848484848484849
N12_i27_10xAcrit_s42,12,27,10xAcrit,42,66,0.18016781233018264,0.32062716703414124,0.10283271502703428,0.08616516632277547,0.9848484848484849
N12_i27_10xAcrit_s43,12,27,10xAcrit,43,66,0.014177157572703436,0.009877279795436577,0.2141123190522194,0.021459914329611335,0.9848484848484849
N12_i27_10xAcrit_s44,12,27,10xAcrit,44,66,0.5001998716033995,0.039344941272195795,0.12166432954836637,0.036679278764129755,0.9848484848484849
N12_i27_10xAcrit_s45,12,27,10xAcrit,45,66,0.10811648948583752,0.1523198414881708,0.09419643587898463,0.17489593902447856,0.9848484848484849
N12_i27_10xAcrit_s46,12,27,10xAcrit,46,66,0.3851701646344736,0.3201172204519396,0.025485480291536078,0.2003781188035905,0.9848484848484849
N12_i27_2xAcrit_s42,12,27,2xAcrit,42,66,0.3268859745003283,0.15075794838741421,0.17250235395931668,0.4591591016160511,0.9848484848484849
N12_i27_2xAcrit_s43,12,27,2xAcrit,43,66,0.01446357487293426,0.13283827887444155,0.10976964980363846,0.20740055638762722,0.9848484848484849
N12_i27_2xAcrit_s44,12,27,2xAcrit,44,66,0.33698675653431565,0.24566182884911464,0.12446516042109579,0.11569639968280128,0.9848484848484849
N12_i27_2xAcrit_s45,12,27,2xAcrit,45,66,0.09872562079044656,0.41919419022197474,0.1375247102987487,0.35257603053650793,0.9848484848484849
N12_i27_2xAcrit_s46,12,27,2xAcrit,46,66,0.3018689063699753,0.8159502162910011,0.12760506878839806,0.3097556936511311,0.9848484848484849
N12_i27_5xAcrit_s42,12,27,5xAcrit,42,66,0.22779938215353468,0.3995903489770951,0.11901033164758701,0.3518874925170942,0.9848484848484849
N12_i27_5xAcrit_s43,12,27,5xAcrit,43,66,0.014532585584674962,0.028267705415988553,0.1890020107384771,0.06768244961231006,0.9848484848484849
N12_i27_5xAcrit_s44,12,27,5xAcrit,44,66,0.43129989551380277,0.09837503092073704,0.12317946250550449,0.06384179769043151,0.9848484848484849
N12_i27_5xAcrit_s45,12,27,5xAcrit,45,66,0.06666425770890783,0.5424041792667702,0.1337009611306712,0.2606671910972327,0.9848484848484849
N12_i27_5xAcrit_s46,12,27,5xAcrit,46,66,0.38093997770920396,0.26481670528236523,0.058790327893802896,0.22544846550659986,0.9848484848484849
N12_i27_Aheur_s42,12,27,Aheur,42,66,0.18086043815128505,0.016245964629374318,0.11441910220310092,0.005725021606535208,0.9848484848484849
N12_i27_Aheur_s43,12,27,Aheur,43,66,0.009925605088938028,0.0011271964086863664,0.2222717721015215,0.0004061632331451674,0.9848484848484849
N12_i27_Aheur_s44,12,27,Aheur,44,66,0.5031244927085936,0.002467170091128428,0.119080227217637,0.003633173139074037,0.9848484848484849
N12_i27_Aheur_s45,12,27,Aheur,45,66,0.137990094255656,0.03806973183878818,0.06846192036755383,0.002185878516117095,0.9848484848484849
N12_i27_Aheur_s46,12,27,Aheur,46,66,0.3013138808310032,0.0019515949943158277,0.011620992881944403,0.012078886043268578,0.9848484848484849
N12_i27_Amargin_s42,12,27,Amargin,42,66,0.3119503343477845,0.14478643502271638,0.1813566053010618,0.4786868713841417,0.9848484848484849
N12_i27_Amargin_s43,12,27,Amargin,43,66,0.01601206260966137,0.10411039134177802,0.1268224196974188,0.17502460902200495,0.9848484848484849
N12_i27_Amargin_s44,12,27,Amargin,44,66,0.34880135965067893,0.2160245362587919,0.12436777749098837,0.1053434422881373,0.9848484848484849
N12_i27_Amargin_s45,12,27,Amargin,45,66,0.11248680187270566,0.37757524064292625,0.14011610961460974,0.3287932328217526,0.9848484848484849
N12_i27_Amargin_s46,12,27,Amargin,46,66,0.3459573352592997,0.5780243394827655,0.11882617708761245,0.28424135066255796,0.9848484848484849
N12_i28_1.1xAcrit_s42,12,28,1.1xAcrit,42,66,0.365868067368865,0.09723836890460454,0.1664376923445161,0.6180199742365702,0.9848484848484849
N12_i28_1.1xAcrit_s43,12,28,1.1xAcrit,43,66,0.2908147320122225,0.573810436114232,0.09156479890225455,0.0862464267892806,0.9848484848484849
N12_i28_1.1xAcrit_s44,12,28,1.1xAcrit,44,66,0.3763772922102362,0.15960425894304583,0.12230827426537871,0.09969580478490683,0.9848484848484849
N12_i28_1.1xAcrit_s45,12,28,1.1xAcrit,45,66,0.22041142312809825,0.10650799103436391,0.11795985541539267,0.2043887962316852,0.9848484848484849
N12_i28_1.1xAcrit_s46,12,28,1.1xAcrit,46,66,0.3127219133602921,0.4978713100762635,0.13598129322053865,0.19635482129574988,0.9848484848484849
N12_i28_10xAcrit_s42,12,28,10xAcrit,42,66,0.16692966147093102,0.20809675773647282,0.11034573975484818,0.076482526802573,0.9848484848484849
N12_i28_10xAcrit_s43,12,28,10xAcrit,43,66,0.012273875428945757,0.011105302294042302,0.2158960464876145,0.003982192458446291,0.9848484848484849
N12_i28_10xAcrit_s44,12,28,10xAcrit,44,66,0.5123024871572852,0.01805434062778212,0.12089920893777162,0.021222536788155784,0.9848484848484849
N12_i28_10xAcrit_s45,12,28,10xAcrit,45,66,0.11606165743432939,0.10183560005033349,0.07874253689078614,0.09018199976195267,0.9848484848484849
N12_i28_10xAcrit_s46,12,28,10xAcrit,46,66,0.2531171927694231,0.1084289935055524,0.015795423634699546,0.135246253996838,0.9848484848484849
N12_i28_2xAcrit_s42,12,28,2xAcrit,42,66,0.22102600177458953,0.5038362422085542,0.25170412451552693,0.5255771980854583,0.9848484848484849
N12_i28_2xAcrit_s43,12,28,2xAcrit,43,66,0.016335899563273415,0.04150254910948575,0.14704371290281415,0.045664038512997836,0.9848484848484849
N12_i28_2xAcrit_s44,12,28,2xAcrit,44,66,0.39419641136191785,0.10930789435809865,0.12299424782395363,0.07201488509212196,0.9848484848484849
N12_i28_2xAcrit_s45,12,28,2xAcrit,45,66,0.060639261100732256,0.46135036862304424,0.14345502521609887,0.1357870731760491,0.9848484848484849
N12_i28_2xAcrit_s46,12,28,2xAcrit,46,66,0.3626221348531544,0.2558253240316194,0.10104849893832579,0.18638855757847644,0.9848484848484849
N12_i28_5xAcrit_s42,12,28,5xAcrit,42,66,0.20239077434234787,0.38884385861751636,0.11862988205393776,0.3300080585296891,0.9848484848484849
N12_i28_5xAcrit_s43,12,28,5xAcrit,43,66,0.014701836000313051,0.01857942143796209,0.20165340811945498,0.012308112066813075,0.9848484848484849
N12_i28_5xAcrit_s44,12,28,5xAcrit,44,66,0.4708523051813245,0.043130286844499946,0.12208372715394944,0.03779289792832753,0.9848484848484849
N12_i28_5xAcrit_s45,12,28,5xAcrit,45,66,0.06125210231402889,0.19645073894917148,0.12223779238411225,0.14307008299292537,0.9848484848484849
N12_i28_5xAcrit_s46,12,28,5xAcrit,46,66,0.40413600392639637,0.09527899973951647,0.031653221711167134,0.20517812715074657,0.9848484848484849
N12_i28_Aheur_s42,12,28,Aheur,42,66,0.16604729206301272,0.008154855632354015,0.11255332513246685,0.003693293435888416,0.9848484848484849
N12_i28_Aheur_s43,12,28,Aheur,43,66,0.009927915059961379,0.0008701050110869633,0.2218057515565306,0.0002444104884353525,0.9848484848484849
N12_i28_Aheur_s44,12,28,Aheur,44,66,0.5014859405346215,0.0008937869187883828,0.11892084311693907,0.0014443269356017871,0.9848484848484849
N12_i28_Aheur_s45,12,28,Aheur,45,66,0.1386575255310163,0.014163915523008056,0.06840290897525847,0.0007545110967454392,0.9848484848484849
N12_i28_Aheur_s46,12,28,Aheur,46,66,0.2845206819474697,0.0001249970497119498,0.011550349954632111,0.0055241150015267705,0.9848484848484849
N12_i28_Amargin_s42,12,28,Amargin,42,66,0.24778397883810044,0.48155435751243664,0.2580524737358587,0.5078089244024442,0.9848484848484849
N12_i28_Amargin_s43,12,28,Amargin,43,66,0.014569203718565404,0.037317138150117925,0.1549354966264218,0.040631665428808236,0.9848484848484849
N12_i28_Amargin_s44,12,28,Amargin,44,66,0.39872728497721255,0.10176647612639925,0.1229921366320923,0.06790773242640381,0.9848484848484849
N12_i28_Amargin_s45,12,28,Amargin,45,66,0.06743996294972021,0.45516373316927383,0.14684463254525326,0.13708435872414645,0.9848484848484849
N12_i28_Amargin_s46,12,28,Amargin,46,66,0.3182080262340605,0.2332373926544289,0.09277752245543525,0.18620957956419076,0.9848484848484849
N12_i29_1.1xAcrit_s42,12,29,1.1xAcrit,42,66,0.08222049553796751,0.6770661196365503,0.13651426170008563,0.6217399464487865,0.9848484848484849
N12_i29_1.1xAcrit_s43,12,29,1.1xAcrit,43,66,0.13006200313429872,0.5327122752903853,0.0017006251082420931,0.5300656019317803,0.9848484848484849
N12_i29_1.1xAcrit_s44,12,29,1.1xAcrit,44,66,0.25509539500490064,0.5812288450281319,0.11105036601657048,0.1766510429152073,0.9848484848484849
N12_i29_1.1xAcrit_s45,12,29,1.1xAcrit,45,66,0.22693658083380797,0.46477621030183897,0.07310390284192181,0.6117181147784324,0.9848484848484849
N12_i29_1.1xAcrit_s46,12,29,1.1xAcrit,46,66,0.1677049683257792,0.6036344865772785,0.029342285997699946,0.5537916396634042,0.9848484848484849
N12_i29_10xAcrit_s42,12,29,10xAcrit,42,66,0.3236118892673403,0.1075656911500973,0.22694352689723019,0.47389203093548354,0.9848484848484849
N12_i29_10xAcrit_s43,12,29,10xAcrit,43,66,0.01697720936499536,0.03931741031470498,0.12091649184003472,0.1113628357932525,0.9848484848484849
N12_i29_10xAcrit_s44,12,29,10xAcrit,44,66,0.4147384820971638,0.14733178113605225,0.12253612314816564,0.07215433164885848,0.9848484848484849
N12_i29_10xAcrit_s45,12,29,10xAcrit,45,66,0.1128825742052868,0.4183635257251631,0.1327719802793581,0.2615694514037313,0.9848484848484849
N12_i29_10xAcrit_s46,12,29,10xAcrit,46,66,0.39232444448862225,0.3686835482003479,0.12273821042617783,0.22664876989430122,0.9848484848484849
N12_i29_2xAcrit_s42,12,29,2xAcrit,42,66,0.15435777953098295,0.4471159131688265,0.16555416311257432,0.6012653768957681,0.9848484848484849
N12_i29_2xAcrit_s43,12,29,2xAcrit,43,66,0.1412974658414896,0.43900750586143633,0.0060475327882159036,0.48194576870318917,0.9848484848484849
N12_i29_2xAcrit_s44,12,29,2xAcrit,44,66,0.2826778988578553,0.4758301644010991,0.11502072744769976,0.1545868885990982,0.9848484848484849
N12_i29_2xAcrit_s45,12,29,2xAcrit,45,66,0.2648286230505619,0.4320363856713092,0.08835048021865077,0.5880009071990626,0.9848484848484849
N12_i29_2xAcrit_s46,12,29,2xAcrit,46,66,0.15217536829732126,0.5842264790318896,0.05839232170546893,0.473094572965064,0.9848484848484849
N12_i29_5xAcrit_s42,12,29,5xAcrit,42,66,0.32123615907039493,0.1434629052751199,0.18882664793090953,0.5338304860519638,0.9848484848484849
N12_i29_5xAcrit_s43,12,29,5xAcrit,43,66,0.20317235383117804,0.43617316470980205,0.04802481716615148,0.2397255462160276,0.9848484848484849
N12_i29_5xAcrit_s44,12,29,5xAcrit,44,66,0.37133083486696705,0.2573548927112234,0.12060461204964668,0.10836547703764048,0.9848484848484849
N12_i29_5xAcrit_s45,12,29,5xAcrit,45,66,0.3596213565324433,0.3241156488431499,0.11011963912460487,0.4336858979381697,0.9848484848484849
N12_i29_5xAcrit_s46,12,29,5xAcrit,46,66,0.3493487821176018,0.7071811346487796,0.13187782210297883,0.3050765120618414,0.9848484848484849
N12_i29_Aheur_s42,12,29,Aheur,42,66,0.18433992541395128,0.02042645699300067,0.11575608921702951,0.00926614715013024,0.9848484848484849
N12_i29_Aheur_s43,12,29,Aheur,43,66,0.009917994670104235,0.002128383675109427,0.2212709579616785,0.00036976151864768006,0.9848484848484849
N12_i29_Aheur_s44,12,29,Aheur,44,66,0.5052023213356733,0.0033107801465896243,0.11920093966182321,0.003608489968783128,0.9848484848484849
N12_i29_Aheur_s45,12,29,Aheur,45,66,0.2618566104210913,0.03240870998316848,0.06559199700132012,0.00514299124524423,0.9848484848484849
N12_i29_Aheur_s46,12,29,Aheur,46,66,0.3291458822786808,0.006825050461150183,0.01174541428918019,0.013260644744865296,0.9848484848484849
N12_i29_Amargin_s42,12,29,Amargin,42,66,0.3958808146417141,0.0895807843088688,0.19855545555765275,0.47814103794491974,0.9848484848484849
N12_i29_Amargin_s43,12,29,Amargin,43,66,0.3070270887692459,0.4829879248602499,0.10319310508202761,0.1352955615062977,0.9848484848484849
N12_i29_Amargin_s44,12,29,Amargin,44,66,0.4115485777147114,0.1648707069498987,0.12230446212925017,0.08005591942210424,0.9848484848484849
N12_i29_Amargin_s45,12,29,Amargin,45,66,0.0739388151523599,0.3936669705427937,0.12609563895966858,0.28639157963838013,0.9848484848484849
N12_i29_Amargin_s46,12,29,Amargin,46,66,0.38322642812272534,0.45008285476150073,0.13269789854530245,0.24259853487969282,0.9848484848484849
N16_i00_1.1xAcrit_s42,16,0,1.1xAcrit,42,560,0.2266769261477748,0.41202346163832015,0.1399759102819189,0.5902567221967814,0.9982142857142857
N16_i00_1.1xAcrit_s43,16,0,1.1xAcrit,43,560,0.21799877915873367,0.41630737019931574,0.0034669438625485327,0.6404444097614874,0.9982142857142857
N16_i00_1.1xAcrit_s44,16,0,1.1xAcrit,44,560,0.2571524944523844,0.48806297487946493,0.09508304482733365,0.20675843384617842,0.9982142857142857
N16_i00_1.1xAcrit_s45,16,0,1.1xAcrit,45,560,0.3156667382543219,0.5296082048584678,0.09968470073346936,0.7404461668266109,0.9982142857142857
N16_i00_1.1xAcrit_s46,16,0,1.1xAcrit,46,560,0.16740281517820677,0.5915285956341122,0.05815099262935064,0.663976674916797,0.9982142857142857
N16_i00_10xAcrit_s42,16,0,10xAcrit,42,560,0.37107433009077795,0.04926956405302782,0.0908242517925828,0.4017315263118229,0.9982142857142857
N16_i00_10xAcrit_s43,16,0,10xAcrit,43,560,0.0004432411312879081,0.3508876854197618,0.20293664609198458,0.11925289223027136,0.9982142857142857
N16_i00_10xAcrit_s44,16,0,10xAcrit,44,560,0.4818623041792307,0.10063022825889378,0.10175718077516649,0.059854879654965436,0.9982142857142857
N16_i00_10xAcrit_s45,16,0,10xAcrit,45,560,0.012913251853319707,0.45310536010190683,0.09332208690511834,0.4924751987444419,0.9982142857142857
N16_i00_10xAcrit_s46,16,0,10xAcrit,46,560,0.38475911505520344,0.20517415988147664,0.03134794183846168,0.37912981911898297,0.9982142857142857
N16_i00_2xAcrit_s42,16,0,2xAcrit,42,560,0.305550039105583,0.25971949087030743,0.14249755827631816,0.5337074303586504,0.9982142857142857
N16_i00_2xAcrit_s43,16,0,2xAcrit,43,560,0.42789633906795643,0.1526166448546976,0.020981067363663897,0.43165688878331715,0.9982142857142857
N16_i00_2xAcrit_s44,16,0,2xAcrit,44,560,0.286267850535296,0.3660099766426771,0.0983328031070414,0.1668654888287755,0.9982142857142857
N16_i00_2xAcrit_s45,16,0,2xAcrit,45,560,0.23312970115576803,0.6163099715276427,0.11258143858344738,0.6245997211986953,0.9982142857142857
N16_i00_2xAcrit_s46,16,0,2xAcrit,46,560,0.3716553096786237,0.8883346721736596,0.10928571570866552,0.5211464457557154,0.9982142857142857
N16_i00_5xAcrit_s42,16,0,5xAcrit,42,560,0.3616997209319379,0.11054629037169653,0.1446631433211678,0.4163341702634063,0.9982142857142857
N16_i00_5xAcrit_s43,16,0,5xAcrit,43,560,0.18963652616668725,0.45178549525608935,0.12783097058854764,0.22627533281883014,0.9982142857142857
N16_i00_5xAcrit_s44,16,0,5xAcrit,44,560,0.42343225436343346,0.1813810640963865,0.10127485722478013,0.10047298894119297,0.9982142857142857
N16_i00_5xAcrit_s45,16,0,5xAcrit,45,560,0.0679270497566904,0.28020473161446924,0.12726839284391644,0.4589818644606701,0.9982142857142857
N16_i00_5xAcrit_s46,16,0,5xAcrit,46,560,0.361271909205243,0.43077151494817717,0.09697805627183698,0.34601536837156255,0.9982142857142857
N16_i00_Aheur_s42,16,0,Aheur,42,560,0.37682731926906854,0.0010931543998411379,0.03190982837259071,0.04217556713421239,0.9982142857142857
N16_i00_Aheur_s43,16,0,Aheur,43,560,0.0005677020053553861,0.0053474142059552286,0.2055194009153638,0.00218743436069021,0.9982142857142857
N16_i00_Aheur_s44,16,0,Aheur,44,560,0.22943535266676918,0.0006569608870339452,0.10086732641502749,0.0018798201148949902,0.9982142857142857
N16_i00_Aheur_s45,16,0,Aheur,45,560,0.11659008653077763,0.002746070051479323,0.007375569256510062,0.0780466340614548,0.9982142857142857
N16_i00_Aheur_s46,16,0,Aheur,46,560,0.28218804323114455,0.0018579948297476178,0.03483046779001597,0.00260280454274888,0.9982142857142857
N16_i00_Amargin_s42,16,0,Amargin,42,560,0.30346969078527763,0.09008890845868953,0.14549804504167696,0.3575390478668855,0.9982142857142857
N16_i00_Amargin_s43,16,0,Amargin,43,560,0.0007916478918197356,0.34772282920185743,0.17274454458674882,0.16782896630899247,0.9982142857142857
N16_i00_Amargin_s44,16,0,Amargin,44,560,0.4563625296286773,0.13600429020540544,0.10164483111293521,0.0786639540013416,0.9982142857142857
N16_i00_Amargin_s45,16,0,Amargin,45,560,0.04837795996132854,0.2668427036820991,0.11219763842609609,0.45951291239857006,0.9982142857142857
N16_i00_Amargin_s46,16,0,Amargin,46,560,0.28928624359105015,0.3716230978108952,0.059748224038685294,0.33780867239909945,0.9982142857142857
N16_i01_1.1xAcrit_s42,16,1,1.1xAcrit,42,560,0.2847838168818271,0.13662533447169578,0.13239517769943632,0.5659998725442883,0.9982142857142857
N16_i01_1.1xAcrit_s43,16,1,1.1xAcrit,43,560,0.16627347709516016,0.5804578025105576,0.11747168703004718,0.2023992397147108,0.9982142857142857
N16_i01_1.1xAcrit_s44,16,1,1.1xAcrit,44,560,0.2912593861037749,0.21385321022224177,0.10139241752767703,0.10052116520068052,0.9982142857142857
N16_i01_1.1xAcrit_s45,16,1,1.1xAcrit,45,560,0.19746405005705014,0.7525418698307056,0.11356556508513904,0.38405016702622674,0.9982142857142857
N16_i01_1.1xAcrit_s46,16,1,1.1xAcrit,46,560,0.2541096459772234,0.5674209288060577,0.10516070298444902,0.34942673617881126,0.9982142857142857
N16_i01_10xAcrit_s42,16,1,10xAcrit,42,560,0.5791226382134482,0.020158628303501354,0.008151115085026417,0.4430718712523122,0.9982142857142857
N16_i01_10xAcrit_s43,16,1,10xAcrit,43,560,0.0004151589646426146,0.1014168711901676,0.21743795950897038,0.021653390016376943,0.9982142857142857
N16_i01_10xAcrit_s44,16,1,10xAcrit,44,560,0.43374326382763684,0.014918332273244923,0.10160042074858211,0.01760767941203631,0.9982142857142857
N16_i01_10xAcrit_s45,16,1,10xAcrit,45,560,0.02602210788973025,0.16464467092023838,0.02929877321503227,0.37968010987005507,0.9982142857142857
N16_i01_10xAcrit_s46,16,1,10xAcrit,46,560,0.3319332275132183,0.0592521714858161,0.026603263224387774,0.08835362046087573,0.9982142857142857
N16_i01_2xAcrit_s42,16,1,2xAcrit,42,560,0.3238855838426389,0.07545816382022942,0.1537916090219369,0.4330495757155887,0.9982142857142857
N16_i01_2xAcrit_s43,16,1,2xAcrit,43,560,0.008031332323298557,0.12295100794495151,0.18568282021442428,0.11866995065249333,0.9982142857142857
N16_i01_2xAcrit_s44,16,1,2xAcrit,44,560,0.403340395889245,0.12914430837716095,0.10221110719430726,0.06838056607426227,0.9982142857142857
N16_i01_2xAcrit_s45,16,1,2xAcrit,45,560,0.0863027539179484,0.2164548670949236,0.10241201359713159,0.38393498591873965,0.9982142857142857
N16_i01_2xAcrit_s46,16,1,2xAcrit,46,560,0.27391272953536827,0.3687108618453836,0.04708421614796521,0.3823826641775835,0.9982142857142857
N16_i01_5xAcrit_s42,16,1,5xAcrit,42,560,0.586498785414733,0.03582610148542477,0.023055795576965465,0.4166438788844515,0.9982142857142857
N16_i01_5xAcrit_s43,16,1,5xAcrit,43,560,0.00045260534265878505,0.15846464172432623,0.22060668558697216,0.04591498687015269,0.9982142857142857
N16_i01_5xAcrit_s44,16,1,5xAcrit,44,560,0.4425723248277791,0.037252149547986724,0.10202046134509146,0.03289898814344472,0.9982142857142857
N16_i01_5xAcrit_s45,16,1,5xAcrit,45,560,0.054921735562174945,0.23174920942165514,0.05866959402812455,0.4754579901508679,0.9982142857142857
N16_i01_5xAcrit_s46,16,1,5xAcrit,46,560,0.35865306947380304,0.08162165411020714,0.01503815357818894,0.410969295264273,0.9982142857142857
N16_i01_Aheur_s42,16,1,Aheur,42,560,0.37734235514653847,0.001042981945332032,0.03153033256603521,0.042280848506740173,0.9982142857142857
N16_i01_Aheur_s43,16,1,Aheur,43,560,0.0005366150222130273,0.0052127150570990596,0.20545508098439313,0.002036740721543,0.9982142857142857
N16_i01_Aheur_s44,16,1,Aheur,44,560,0.22859972700825892,0.0006516736724947376,0.10090384387876838,0.0018794174867051221,0.9982142857142857
N16_i01_Aheur_s45,16,1,Aheur,45,560,0.11711238799034618,0.0025456890150281916,0.0073825499466693145,0.07695183908743111,0.9982142857142857
N16_i01_Aheur_s46,16,1,Aheur,46,560,0.2834823325974867,0.001649983296205477,0.03495336681953631,0.0023696881691415194,0.9982142857142857
N16_i01_Amargin_s42,16,1,Amargin,42,560,0.29717624475597404,0.06482436054408115,0.10091879160609096,0.39504336081057256,0.9982142857142857
N16_i01_Amargin_s43,16,1,Amargin,43,560,0.0011428494711935855,0.12201526410410296,0.20763014018302783,0.08542224722567057,0.9982142857142857
N16_i01_Amargin_s44,16,1,Amargin,44,560,0.4429430356249213,0.0981828953224897,0.10226154506381135,0.053354391259112094,0.9982142857142857
N16_i01_Amargin_s45,16,1,Amargin,45,560,0.03890004462482466,0.24800529061397059,0.08664391949787387,0.43238749237548246,0.9982142857142857
N16_i01_Amargin_s46,16,1,Amargin,46,560,0.37824727621045895,0.19975977811695783,0.02586527538444905,0.4426233398179118,0.9982142857142857
N16_i02_1.1xAcrit_s42,16,2,1.1xAcrit,42,560,0.277858164627105,0.0806133264000174,0.09488415705868647,0.4347821488043036,0.9982142857142857
N16_i02_1.1xAcrit_s43,16,2,1.1xAcrit,43,560,0.17440993358539636,0.5851784716844022,0.18090213679533917,0.08900928020251253,0.9982142857142857
N16_i02_1.1xAcrit_s44,16,2,1.1xAcrit,44,560,0.36598063411656767,0.1322899053172184,0.10176953638438135,0.0700909522924349,0.9982142857142857
N16_i02_1.1xAcrit_s45,16,2,1.1xAcrit,45,560,0.08400038537160981,0.2399397415660619,0.08378326296622163,0.3428263385447765,0.9982142857142857
N16_i02_1.1xAcrit_s46,16,2,1.1xAcrit,46,560,0.3296759071527049,0.22789025600176174,0.05157902755149735,0.3482837530413646,0.9982142857142857
N16_i02_10xAcrit_s42,16,2,10xAcrit,42,560,0.4026985326781869,0.0043334141362434565,0.006510437651854772,0.3191962386940331,0.9982142857142857
N16_i02_10xAcrit_s43,16,2,10xAcrit,43,560,0.0002877095580373634,0.10270291125282777,0.21562035693204962,0.011239466827166318,0.9982142857142857
N16_i02_10xAcrit_s44,16,2,10xAcrit,44,560,0.4323504485655576,0.017780239795425735,0.10143619320297148,0.011864106896562936,0.9982142857142857
N16_i02_10xAcrit_s45,16,2,10xAcrit,45,560,0.024784868566712248,0.06886742621958844,0.02022620749175985,0.26803152304021116,0.9982142857142857
N16_i02_10xAcrit_s46,16,2,10xAcrit,46,560,0.31354210362769663,0.018340246659000407,0.030655360202217707,0.03516034097686509,0.9982142857142857
N16_i02_2xAcrit_s42,16,2,2xAcrit,42,560,0.3522155750542879,0.03943139791651147,0.09320027979265433,0.32588592814411815,0.9982142857142857
N16_i02_2xAcrit_s43,16,2,2xAcrit,43,560,0.001649781760818314,0.13718314918409777,0.2158401651540771,0.05284477643584314,0.9982142857142857
N16_i02_2xAcrit_s44,16,2,2xAcrit,44,560,0.44216557187610306,0.08393398152861734,0.10214254385209642,0.046926955446026895,0.9982142857142857
N16_i02_2xAcrit_s45,16,2,2xAcrit,45,560,0.0329025640967302,0.21257339380865622,0.06593865186323455,0.39052333419473007,0.9982142857142857
N16_i02_2xAcrit_s46,16,2,2xAcrit,46,560,0.38445357425371185,0.12368594015156499,0.01807376053884724,0.46729680368935067,0.9982142857142857
N16_i02_5xAcrit_s42,16,2,5xAcrit,42,560,0.6198676312342286,0.023215045016953623,0.00953560096934325,0.43367021485064233,0.9982142857142857
N16_i02_5xAcrit_s43,16,2,5xAcrit,43,560,0.0004998711872588046,0.08889168364705889,0.22206586977699772,0.022055903839025538,0.9982142857142857
N16_i02_5xAcrit_s44,16,2,5xAcrit,44,560,0.4619683009805158,0.021290505196321467,0.10180958936689422,0.02226194834282091,0.9982142857142857
N16_i02_5xAcrit_s45,16,2,5xAcrit,45,560,0.041424863577958604,0.1865012817193125,0.038672393672868566,0.38056892022100086,0.9982142857142857
N16_i02_5xAcrit_s46,16,2,5xAcrit,46,560,0.4002221263363026,0.05018963218484668,0.01837817492923932,0.17605948834833446,0.9982142857142857
N16_i02_Aheur_s42,16,2,Aheur,42,560,0.3866919733118266,0.0005838932201871384,0.03386214752754313,0.018345098185788312,0.9982142857142857
N16_i02_Aheur_s43,16,2,Aheur,43,560,0.0005765807160287295,0.005313647702858051,0.2047216511273291,0.0008786985053439257,0.9982142857142857
N16_i02_Aheur_s44,16,2,Aheur,44,560,0.2297105681791436,0.00037284584711158955,0.10085868304304313,0.0009466119402312878,0.9982142857142857
N16_i02_Aheur_s45,16,2,Aheur,45,560,0.12140451058803592,0.002197008400933561,0.006851468002423644,0.03474046379752036,0.9982142857142857
N16_i02_Aheur_s46,16,2,Aheur,46,560,0.2760684025124647,0.0006668603429314057,0.03465909096848918,0.0018348393063906648,0.9982142857142857
N16_i02_Amargin_s42,16,2,Amargin,42,560,0.1405443143157754,0.09469585003005297,0.04742372949431228,0.30643045405566477,0.9982142857142857
N16_i02_Amargin_s43,16,2,Amargin,43,560,0.00037424138446340294,0.1749352522960984,0.22204882311052643,0.040407766623898264,0.9982142857142857
N16_i02_Amargin_s44,16,2,Amargin,44,560,0.4556363033480011,0.06499399623579548,0.10210343269864097,0.037645224439813725,0.9982142857142857
N16_i02_Amargin_s45,16,2,Amargin,45,560,0.059769678617158206,0.19150939384447066,0.058424123480676826,0.43457150221282037,0.9982142857142857
N16_i02_Amargin_s46,16,2,Amargin,46,560,0.3885130206181202,0.08145747322973365,0.012302617924743409,0.4935562213868927,0.9982142857142857
N16_i03_1.1xAcrit_s42,16,3,1.1xAcrit,42,560,0.08667515006420068,0.7120076381643858,0.09661757589790243,0.6946555389624758,0.9982142857142857
N16_i03_1.1xAcrit_s43,16,3,1.1xAcrit,43,560,0.13527997918816936,0.4767937695936535,0.00020893343517425222,0.19008066130838322,0.9982142857142857
N16_i03_1.1xAcrit_s44,16,3,1.1xAcrit,44,560,0.23601364710807715,0.5934744153117288,0.08577089149184758,0.25363126134642233,0.9982142857142857
N16_i03_1.1xAcrit_s45,16,3,1.1xAcrit,45,560,0.16861102702054254,0.5306156663648373,0.038756885314427336,0.7069425145393938,0.9982142857142857
N16_i03_1.1xAcrit_s46,16,3,1.1xAcrit,46,560,0.1769999828746336,0.6452749535327816,0.0025501732070656313,0.7523526121249402,0.9982142857142857
N16_i03_10xAcrit_s42,16,3,10xAcrit,42,560,0.27343770729203243,0.11693433581494254,0.12705538916071646,0.5030000580139871,0.9982142857142857
N16_i03_10xAcrit_s43,16,3,10xAcrit,43,560,0.11329701729832209,0.4651860232887599,0.1279117744852556,0.15666015130657698,0.9982142857142857
N16_i03_10xAcrit_s44,16,3,10xAcrit,44,560,0.43387912174512167,0.16358122777735343,0.10093603580025956,0.0949678514809413,0.9982142857142857
N16_i03_10xAcrit_s45,16,3,10xAcrit,45,560,0.06291548656008672,0.17666600638942015,0.12055420217802748,0.40944866990929885,0.9982142857142857
N16_i03_10xAcrit_s46,16,3,10xAcrit,46,560,0.3311991087102797,0.3514732196878583,0.09540855187151465,0.30116293913435366,0.9982142857142857
N16_i03_2xAcrit_s42,16,3,2xAcrit,42,560,0.11685590043690297,0.45476400083926466,0.12869612774750472,0.6552290923081336,0.9982142857142857
N16_i03_2xAcrit_s43,16,3,2xAcrit,43,560,0.2056822253991406,0.6208231378248091,0.00046584700421348213,0.39049539649780807,0.9982142857142857
N16_i03_2xAcrit_s44,16,3,2xAcrit,44,560,0.2665118053702278,0.4964271670365419,0.09115179536456708,0.2183685120608578,0.9982142857142857
N16_i03_2xAcrit_s45,16,3,2xAcrit,45,560,0.18651353742811239,0.5119747535630446,0.061440576872122676,0.6492715565503044,0.9982142857142857
N16_i03_2xAcrit_s46,16,3,2xAcrit,46,560,0.16907328703754843,0.6059071767169268,0.01408011086663441,0.7010601540614512,0.9982142857142857
N16_i03_5xAcrit_s42,16,3,5xAcrit,42,560,0.29726715965443873,0.19253458395893439,0.15703121272893839,0.5785594975654607,0.9982142857142857
N16_i03_5xAcrit_s43,16,3,5xAcrit,43,560,0.44485556994914077,0.1388922526508083,0.029059482681986992,0.2802317327688341,0.9982142857142857
N16_i03_5xAcrit_s44,16,3,5xAcrit,44,560,0.32958858969141147,0.2913961080137283,0.09835624288098188,0.14765132340392984,0.9982142857142857
N16_i03_5xAcrit_s45,16,3,5xAcrit,45,560,0.2507576593270642,0.3407398449235539,0.104260120392901,0.4995664977846891,0.9982142857142857
N16_i03_5xAcrit_s46,16,3,5xAcrit,46,560,0.3073021174256354,0.7490515207433808,0.10812492585500877,0.39259284549512913,0.9982142857142857
N16_i03_Aheur_s42,16,3,Aheur,42,560,0.3721328910905868,0.0011180432216196204,0.03042513299442362,0.05042296250579655,0.9982142857142857
N16_i03_Aheur_s43,16,3,Aheur,43,560,0.0005574201063609507,0.004378793732829826,0.20609730531577952,0.0024065510898844027,0.9982142857142857
N16_i03_Aheur_s44,16,3,Aheur,44,560,0.22913696072646417,0.0007578526732192539,0.10087776146247052,0.002276998768675358,0.9982142857142857
N16_i03_Aheur_s45,16,3,Aheur,45,560,0.10932691206107847,0.00252787827279359,0.007769330954943143,0.08679779805486604,0.9982142857142857
N16_i03_Aheur_s46,16,3,Aheur,46,560,0.28529545571655035,0.0020501104239212704,0.03494667463382939,0.0027231121203051996,0.9982142857142857
N16_i03_Amargin_s42,16,3,Amargin,42,560,0.2733731623739004,0.11682212545190211,0.12711321440411893,0.5028615304563384,0.9982142857142857
N16_i03_Amargin_s43,16,3,Amargin,43,560,0.11209589331116376,0.4640950477746044,0.12810550849098945,0.15648337153527797,0.9982142857142857
N16_i03_Amargin_s44,16,3,Amargin,44,560,0.43400995947013143,0.16341044368715546,0.10093855086597614,0.09488476038146301,0.9982142857142857
N16_i03_Amargin_s45,16,3,Amargin,45,560,0.06313093203425524,0.1769949061070198,0.12052478007262835,0.4094352681209982,0.9982142857142857
N16_i03_Amargin_s46,16,3,Amargin,46,560,0.33096562906575855,0.35117411962508177,0.09527106720088341,0.30120568642366685,0.9982142857142857
N16_i04_1.1xAcrit_s42,16,4,1.1xAcrit,42,560,0.277304170653224,0.1838057776310863,0.16245900105894862,0.6079818906892052,0.9982142857142857
N16_i04_1.1xAcrit_s43,16,4,1.1xAcrit,43,560,0.3691258965700399,0.2682754321807581,0.0438236810023227,0.28176615632520363,0.9982142857142857
N16_i04_1.1xAcrit_s44,16,4,1.1xAcrit,44,560,0.2830521840987785,0.2604012749080268,0.09792427270440385,0.13565316815047615,0.9982142857142857
N16_i04_1.1xAcrit_s45,16,4,1.1xAcrit,45,560,0.185169709946301,0.5876661929831996,0.08927662978614137,0.4759042980099863,0.9982142857142857
N16_i04_1.1xAcrit_s46,16,4,1.1xAcrit,46,560,0.1507174164726166,0.27657518633226763,0.14266276572561765,0.37707848397387467,0.9982142857142857
N16_i04_10xAcrit_s42,16,4,10xAcrit,42,560,0.43035808770218864,0.03802138853080274,0.01566225758813289,0.4337537109541233,0.9982142857142857
N16_i04_10xAcrit_s43,16,4,10xAcrit,43,560,0.00013106814588270677,0.30764192260974443,0.22452703458839096,0.032618913574995134,0.9982142857142857
N16_i04_10xAcrit_s44,16,4,10xAcrit,44,560,0.46011078130686656,0.021553084290302324,0.10155579069396481,0.02773606027764404,0.9982142857142857
N16_i04_10xAcrit_s45,16,4,10xAcrit,45,560,0.03670641966346011,0.2360847908819797,0.051572097687994756,0.41621106123832563,0.9982142857142857
N16_i04_10xAcrit_s46,16,4,10xAcrit,46,560,0.38543021446093917,0.09510380484630729,0.014432215701162932,0.3177737549812952,0.9982142857142857
N16_i04_2xAcrit_s42,16,4,2xAcrit,42,560,0.2927563243138138,0.1021906492608462,0.1110634216197326,0.5069792278675449,0.9982142857142857
N16_i04_2xAcrit_s43,16,4,2xAcrit,43,560,0.18525769225379918,0.35980609229581456,0.11999126517184777,0.17235882395561353,0.9982142857142857
N16_i04_2xAcrit_s44,16,4,2xAcrit,44,560,0.3955366517911898,0.15384644041310436,0.1003948296784074,0.09803173772719692,0.9982142857142857
N16_i04_2xAcrit_s45,16,4,2xAcrit,45,560,0.07636890876710822,0.24682015248108516,0.10323338533487458,0.4377053329969969,0.9982142857142857
N16_i04_2xAcrit_s46,16,4,2xAcrit,46,560,0.3116196334231063,0.4463970427746604,0.10535744925164181,0.3326633458385919,0.9982142857142857
N16_i04_5xAcrit_s42,16,4,5xAcrit,42,560,0.4202355808520224,0.057996348239298195,0.08873512548098006,0.3513644036366789,0.9982142857142857
N16_i04_5xAcrit_s43,16,4,5xAcrit,43,560,0.0005883933023085319,0.1820380120101177,0.213438349601347,0.0696717852709377,0.9982142857142857
N16_i04_5xAcrit_s44,16,4,5xAcrit,44,560,0.4783673970378004,0.07275592754069052,0.10163021941843908,0.050431252997420795,0.9982142857142857
N16_i04_5xAcrit_s45,16,4,5xAcrit,45,560,0.010444470287069407,0.3131383506814125,0.07208514245348852,0.4660399289287334,0.9982142857142857
N16_i04_5xAcrit_s46,16,4,5xAcrit,46,560,0.3151408119156258,0.15302019737299358,0.020325678580613404,0.4421863917489851,0.9982142857142857
N16_i04_Aheur_s42,16,4,Aheur,42,560,0.3809367743670009,0.0007427455150126837,0.03296084296744084,0.023570079296279845,0.9982142857142857
N16_i04_Aheur_s43,16,4,Aheur,43,560,0.000581726750397138,0.004644704027206585,0.20515117803006433,0.0011926217472064335,0.9982142857142857
N16_i04_Aheur_s44,16,4,Aheur,44,560,0.2298360577551648,0.00036763438422643467,0.10085198142041918,0.0012312285590222688,0.9982142857142857
N16_i04_Aheur_s45,16,4,Aheur,45,560,0.11983376888383646,0.0023619829732912678,0.0070920138650762965,0.04682744673858768,0.9982142857142857
N16_i04_Aheur_s46,16,4,Aheur,46,560,0.2788564127404243,0.0009525001239328434,0.034715858921117615,0.001876224817916623,0.9982142857142857
N16_i04_Amargin_s42,16,4,Amargin,42,560,0.28673182090278715,0.0736219892159547,0.12235747988006551,0.3760433524374661,0.9982142857142857
N16_i04_Amargin_s43,16,4,Amargin,43,560,0.0005346373632377777,0.2138918083376642,0.193811234246823,0.09584861470082848,0.9982142857142857
N16_i04_Amargin_s44,16,4,Amargin,44,560,0.45880918379407376,0.09447288822191108,0.10147186998801772,0.06415890023379148,0.9982142857142857
N16_i04_Amargin_s45,16,4,Amargin,45,560,0.0388311022434209,0.23587355932164997,0.08344286680858204,0.4422664648376127,0.9982142857142857
N16_i04_Amargin_s46,16,4,Amargin,46,560,0.3749890462786425,0.2103793488054359,0.038235729711573185,0.38079830327993985,0.9982142857142857
N16_i05_1.1xAcrit_s42,16,5,1.1xAcrit,42,560,0.28054191448609345,0.17311224463919303,0.15046945322659866,0.6464292972124077,0.9982142857142857
N16_i05_1.1xAcrit_s43,16,5,1.1xAcrit,43,560,0.23457334803242702,0.2057950283785358,0.08877779293834465,0.28974070019312437,0.9982142857142857
N16_i05_1.1xAcrit_s44,16,5,1.1xAcrit,44,560,0.23239269967189102,0.29861327856861775,0.10121120284020435,0.11865717413784513,0.9982142857142857
N16_i05_1.1xAcrit_s45,16,5,1.1xAcrit,45,560,0.18918679235621738,0.768442739245162,0.11584847589308822,0.42339069320202916,0.9982142857142857
N16_i05_1.1xAcrit_s46,16,5,1.1xAcrit,46,560,0.2228790998963337,0.7348147483320564,0.11940761324240157,0.3852449904514052,0.9982142857142857
N16_i05_10xAcrit_s42,16,5,10xAcrit,42,560,0.6277697060140781,0.027224478232395353,0.012765963237455935,0.47475377623926207,0.9982142857142857
N16_i05_10xAcrit_s43,16,5,10xAcrit,43,560,0.0007247687910307832,0.09987358811403363,0.21853389649186283,0.03236555444756563,0.9982142857142857
N16_i05_10xAcrit_s44,16,5,10xAcrit,44,560,0.45927232212852687,0.026847564786399117,0.10181974426086526,0.023931277512017006,0.9982142857142857
N16_i05_10xAcrit_s45,16,5,10xAcrit,45,560,0.04393112908110197,0.20611242887799294,0.03935697958490891,0.44461637517232316,0.9982142857142857
N16_i05_10xAcrit_s46,16,5,10xAcrit,46,560,0.30411219722009264,0.12081234302909044,0.022189677479218517,0.16948050159741973,0.9982142857142857
N16_i05_2xAcrit_s42,16,5,2xAcrit,42,560,0.2749823164922418,0.2173577297810223,0.15795552781651168,0.5526195925346931,0.9982142857142857
N16_i05_2xAcrit_s43,16,5,2xAcrit,43,560,0.29712200508811293,0.4827010612929957,0.15877899118640926,0.17351703993680412,0.9982142857142857
N16_i05_2xAcrit_s44,16,5,2xAcrit,44,560,0.3370149094989756,0.1776430655768023,0.10227789200143889,0.08513008415491387,0.9982142857142857
N16_i05_2xAcrit_s45,16,5,2xAcrit,45,560,0.07643160221141443,0.2454866131248623,0.11744192473270232,0.3713489858338968,0.9982142857142857
N16_i05_2xAcrit_s46,16,5,2xAcrit,46,560,0.28113560138081084,0.4562062563232203,0.07064948007291605,0.38355019055910144,0.9982142857142857
N16_i05_5xAcrit_s42,16,5,5xAcrit,42,560,0.2711027639452368,0.02461184032591119,0.04311949123271219,0.4104836429898472,0.9982142857142857
N16_i05_5xAcrit_s43,16,5,5xAcrit,43,560,0.0003640037089382986,0.18801683002535285,0.215959216671763,0.06916140899904911,0.9982142857142857
N16_i05_5xAcrit_s44,16,5,5xAcrit,44,560,0.45306301349774003,0.08108638571065299,0.10227363818557933,0.04355602414494948,0.9982142857142857
N16_i05_5xAcrit_s45,16,5,5xAcrit,45,560,0.027838156658617663,0.20357247133778547,0.0742441832547911,0.49111750162694984,0.9982142857142857
N16_i05_5xAcrit_s46,16,5,5xAcrit,46,560,0.3871933732298203,0.15211117607661823,0.017315986853155607,0.46858740202730487,0.9982142857142857
N16_i05_Aheur_s42,16,5,Aheur,42,560,0.37998485600110143,0.0010567360263138907,0.032177210807276424,0.0401373999528129,0.9982142857142857
N16_i05_Aheur_s43,16,5,Aheur,43,560,0.0005417137420522522,0.0077044635803371715,0.2052118516585324,0.0019763474705298176,0.9982142857142857
N16_i05_Aheur_s44,16,5,Aheur,44,560,0.22874174354365095,0.000699508648467747,0.10089853798854165,0.0018117593819229534,0.9982142857142857
N16_i05_Aheur_s45,16,5,Aheur,45,560,0.12008816805609968,0.0032025378979257946,0.0072305833291466115,0.07424606104693246,0.9982142857142857
N16_i05_Aheur_s46,16,5,Aheur,46,560,0.28199976251926273,0.0015883597366960474,0.034896999361080816,0.0027561277684207573,0.9982142857142857
N16_i05_Amargin_s42,16,5,Amargin,42,560,0.38376743416301906,0.03733249181252344,0.05998032000832154,0.40781545246702466,0.9982142857142857
N16_i05_Amargin_s43,16,5,Amargin,43,560,0.0006724406482589984,0.16279006551420705,0.21276033157482743,0.07954428481686077,0.9982142857142857
N16_i05_Amargin_s44,16,5,Amargin,44,560,0.453573511535069,0.09130351884377028,0.1023416167445248,0.04840995796020034,0.9982142857142857
N16_i05_Amargin_s45,16,5,Amargin,45,560,0.022246306135457417,0.27282348354087227,0.08111338712546967,0.4781417834980776,0.9982142857142857
N16_i05_Amargin_s46,16,5,Amargin,46,560,0.3857358095992822,0.1740845054629802,0.020248545483879,0.4625802905715234,0.9982142857142857
N16_i06_1.1xAcrit_s42,16,6,1.1xAcrit,42,560,0.2670642993180081,0.10474604137595762,0.1249965477322803,0.5174638664078213,0.9982142857142857
N16_i06_1.1xAcrit_s43,16,6,1.1xAcrit,43,560,0.28927915643146207,0.5071018692981522,0.1393333905871259,0.17187644447339212,0.9982142857142857
N16_i06_1.1xAcrit_s44,16,6,1.1xAcrit,44,560,0.3068278094069683,0.17951335263222493,0.10175591742881807,0.09645575135960928,0.9982142857142857
N16_i06_1.1xAcrit_s45,16,6,1.1xAcrit,45,560,0.09316938562005816,0.28692289149015293,0.11005911930715229,0.36147025579078584,0.9982142857142857
N16_i06_1.1xAcrit_s46,16,6,1.1xAcrit,46,560,0.22361863776677637,0.5438628831342838,0.08609337281859553,0.3380194139088022,0.9982142857142857
N16_i06_10xAcrit_s42,16,6,10xAcrit,42,560,0.25373656043666415,0.019132129724222645,0.007232632406974915,0.4089462080687559,0.9982142857142857
N16_i06_10xAcrit_s43,16,6,10xAcrit,43,560,0.00035703818895171935,0.10565993330632056,0.2164907536644023,0.01880479070353594,0.9982142857142857
N16_i06_10xAcrit_s44,16,6,10xAcrit,44,560,0.4092094873194583,0.014152257469737608,0.10154994623735547,0.016659715291793435,0.9982142857142857
N16_i06_10xAcrit_s45,16,6,10xAcrit,45,560,0.0251759681123076,0.13753598287155694,0.025572152383574576,0.3608172108855329,0.9982142857142857
N16_i06_10xAcrit_s46,16,6,10xAcrit,46,560,0.32682292768731713,0.041849821355654876,0.02842125248571392,0.06569281250304276,0.9982142857142857
N16_i06_2xAcrit_s42,16,6,2xAcrit,42,560,0.2790657197183464,0.0779136126142956,0.13557971811405878,0.407805038282159,0.9982142857142857
N16_i06_2xAcrit_s43,16,6,2xAcrit,43,560,0.005562141576319846,0.09835910072200868,0.19745912548387423,0.10042438879679252,0.9982142857142857
N16_i06_2xAcrit_s44,16,6,2xAcrit,44,560,0.4158113868907094,0.1070297366895055,0.10229895649536047,0.06518758503886209,0.9982142857142857
N16_i06_2xAcrit_s45,16,6,2xAcrit,45,560,0.05886719810678187,0.22943985240664655,0.09269778380621574,0.3905302857289737,0.9982142857142857
N16_i06_2xAcrit_s46,16,6,2xAcrit,46,560,0.24116365946974838,0.38244456203210353,0.034704803423593944,0.3985442583009139,0.9982142857142857
N16_i06_5xAcrit_s42,16,6,5xAcrit,42,560,0.5770264783641323,0.032046644522236864,0.017069439432560785,0.4307174680800281,0.9982142857142857
N16_i06_5xAcrit_s43,16,6,5xAcrit,43,560,0.000481304873147792,0.13895108336129292,0.2210414168657735,0.03929927688886377,0.9982142857142857
N16_i06_5xAcrit_s44,16,6,5xAcrit,44,560,0.45600521995220333,0.028516138598386923,0.10197325328772422,0.03118215626731588,0.9982142857142857
N16_i06_5xAcrit_s45,16,6,5xAcrit,45,560,0.050351552637039276,0.21785966361490192,0.05151507461368965,0.4653783465351077,0.9982142857142857
N16_i06_5xAcrit_s46,16,6,5xAcrit,46,560,0.358873104210943,0.07192516470692874,0.016016033191590395,0.32634100364692264,0.9982142857142857
N16_i06_Aheur_s42,16,6,Aheur,42,560,0.37495130335446447,0.0011743201368627195,0.03071196350356331,0.04572438035606183,0.9982142857142857
N16_i06_Aheur_s43,16,6,Aheur,43,560,0.0005223264325309174,0.007231559076188986,0.20570203926763497,0.002293954148893527,0.9982142857142857
N16_i06_Aheur_s44,16,6,Aheur,44,560,0.22821269408450462,0.0006519287887883582,0.10092024398909416,0.0022584741336107205,0.9982142857142857
N16_i06_Aheur_s45,16,6,Aheur,45,560,0.11373979605559725,0.0034254647220477285,0.007567753372313746,0.08567683974012967,0.9982142857142857
N16_i06_Aheur_s46,16,6,Aheur,46,560,0.2850445104413666,0.0017780591672249854,0.0350416649816907,0.002917805433843021,0.9982142857142857
N16_i06_Amargin_s42,16,6,Amargin,42,560,0.29774637339869514,0.06503906826884887,0.10399280859201099,0.3918624143773708,0.9982142857142857
N16_i06_Amargin_s43,16,6,Amargin,43,560,0.0016577465721638873,0.09362404809627067,0.2073446683352813,0.08470507550202663,0.9982142857142857
N16_i06_Amargin_s44,16,6,Amargin,44,560,0.4348988152341917,0.09297814760180503,0.10230407236667816,0.057297937252304386,0.9982142857142857
N16_i06_Amargin_s45,16,6,Amargin,45,560,0.03832216110822628,0.24298419081181577,0.08483405587321613,0.421357724568418,0.9982142857142857
N16_i06_Amargin_s46,16,6,Amargin,46,560,0.3631296450912487,0.21425193303694715,0.02538817698382445,0.43232479184665223,0.9982142857142857
N16_i07_1.1xAcrit_s42,16,7,1.1xAcrit,42,560,0.24772445331473136,0.25595805889135187,0.15205125133816466,0.5859880191193689,0.9982142857142857
N16_i07_1.1xAcrit_s43,16,7,1.1xAcrit,43,560,0.13421857712691576,0.42945319597261833,0.09747743216576055,0.31158970726286117,0.9982142857142857
N16_i07_1.1xAcrit_s44,16,7,1.1xAcrit,44,560,0.2450501284861275,0.28582842032695577,0.10174504236056237,0.11678130424136432,0.9982142857142857
N16_i07_1.1xAcrit_s45,16,7,1.1xAcrit,45,560,0.2207473850888455,0.7842875445846815,0.12026878950371156,0.4078031586361232,0.9982142857142857
N16_i07_1.1xAcrit_s46,16,7,1.1xAcrit,46,560,0.2285141070229173,0.7633281970054521,0.1134227481788912,0.41042445982283887,0.9982142857142857
N16_i07_10xAcrit_s42,16,7,10xAcrit,42,560,0.6245199252734892,0.026224391149744286,0.012698902660257971,0.45060520271451165,0.9982142857142857
N16_i07_10xAcrit_s43,16,7,10xAcrit,43,560,0.0008032986427792821,0.09666777110422878,0.21708546738955192,0.03479770425221684,0.9982142857142857
N16_i07_10xAcrit_s44,16,7,10xAcrit,44,560,0.45695160049945116,0.02743871620702313,0.10184730245964602,0.02365024032141004,0.9982142857142857
N16_i07_10xAcrit_s45,16,7,10xAcrit,45,560,0.04459890065754735,0.2019963996131856,0.03664006272788356,0.46311478039824294,0.9982142857142857
N16_i07_10xAcrit_s46,16,7,10xAcrit,46,560,0.3177651773148682,0.10171139805664614,0.023969960589965922,0.14711941927392252,0.9982142857142857
N16_i07_2xAcrit_s42,16,7,2xAcrit,42,560,0.2001621541894565,0.3227500553710146,0.16138174966152974,0.44555461913696354,0.9982142857142857
N16_i07_2xAcrit_s43,16,7,2xAcrit,43,560,0.2784924892964824,0.48854919462357604,0.1643873325374443,0.19154421225415436,0.9982142857142857
N16_i07_2xAcrit_s44,16,7,2xAcrit,44,560,0.31772304307378363,0.17957065936560646,0.10256327526440145,0.08383905753164886,0.9982142857142857
N16_i07_2xAcrit_s45,16,7,2xAcrit,45,560,0.07551184778276365,0.25009492149520823,0.11921383549088205,0.3685608109452347,0.9982142857142857
N16_i07_2xAcrit_s46,16,7,2xAcrit,46,560,0.34031856030924246,0.43841537095311456,0.06433299223795075,0.4052224950836182,0.9982142857142857
N16_i07_5xAcrit_s42,16,7,5xAcrit,42,560,0.32966584630776197,0.022288393184769544,0.036043850453815196,0.4172740924230999,0.9982142857142857
N16_i07_5xAcrit_s43,16,7,5xAcrit,43,560,0.0014107072869364856,0.10624690752760839,0.215367561992025,0.07625061648122405,0.9982142857142857
N16_i07_5xAcrit_s44,16,7,5xAcrit,44,560,0.4399080764851533,0.08034972427191239,0.10235695123265032,0.04296116461743701,0.9982142857142857
N16_i07_5xAcrit_s45,16,7,5xAcrit,45,560,0.03372969695556094,0.20534247404111164,0.07263050517843794,0.5122004711276983,0.9982142857142857
N16_i07_5xAcrit_s46,16,7,5xAcrit,46,560,0.3852663194993511,0.1605368286901966,0.017486157155552018,0.4509856722732286,0.9982142857142857
N16_i07_Aheur_s42,16,7,Aheur,42,560,0.3744921999750659,0.0013562080722204655,0.03034019618644379,0.060209628521440385,0.9982142857142857
N16_i07_Aheur_s43,16,7,Aheur,43,560,0.000500006431593647,0.00909849746584196,0.20570915142889135,0.003014303877695867,0.9982142857142857
N16_i07_Aheur_s44,16,7,Aheur,44,560,0.2276194155565463,0.0009542686219768733,0.10094708559336141,0.0026897648521152077,0.9982142857142857
N16_i07_Aheur_s45,16,7,Aheur,45,560,0.11245355801656842,0.003574141883959601,0.0076675849036291766,0.10771919169807664,0.9982142857142857
N16_i07_Aheur_s46,16,7,Aheur,46,560,0.2858737018541433,0.002405183757141723,0.03512153906558524,0.004129510966037326,0.9982142857142857
N16_i07_Amargin_s42,16,7,Amargin,42,560,0.29328169717337005,0.06892122295453898,0.07329558823721527,0.4086338115850893,0.9982142857142857
N16_i07_Amargin_s43,16,7,Amargin,43,560,0.0013348341759069626,0.13365403401443599,0.20693395982380025,0.10601794774587826,0.9982142857142857
N16_i07_Amargin_s44,16,7,Amargin,44,560,0.4363433171529323,0.10517313818698737,0.10254081840685103,0.05482775887936807,0.9982142857142857
N16_i07_Amargin_s45,16,7,Amargin,45,560,0.033466306406808144,0.2616878971858893,0.09029391066269454,0.47259758801734036,0.9982142857142857
N16_i07_Amargin_s46,16,7,Amargin,46,560,0.36918286654690746,0.2409961363613462,0.02511241975126799,0.44654791897064455,0.9982142857142857
N16_i08_1.1xAcrit_s42,16,8,1.1xAcrit,42,560,0.27968386802240275,0.09679626714329709,0.12997000007899828,0.5100563828490169,0.9982142857142857
N16_i08_1.1xAcrit_s43,16,8,1.1xAcrit,43,560,0.2943416053053767,0.547459206620152,0.14186000359040918,0.18287086898329366,0.9982142857142857
N16_i08_1.1xAcrit_s44,16,8,1.1xAcrit,44,560,0.34699839395761956,0.17293779217863745,0.10177769725123653,0.09600355488938547,0.9982142857142857
N16_i08_1.1xAcrit_s45,16,8,1.1xAcrit,45,560,0.06631562388065504,0.20195831296062883,0.11485068058561865,0.37440688589886656,0.9982142857142857
N16_i08_1.1xAcrit_s46,16,8,1.1xAcrit,46,560,0.27594244571264426,0.49951210522059986,0.08415793110907543,0.3540572538079705,0.9982142857142857
N16_i08_10xAcrit_s42,16,8,10xAcrit,42,560,0.4011952668079175,0.005978741295337878,0.008546946015485446,0.35474220212987223,0.9982142857142857
N16_i08_10xAcrit_s43,16,8,10xAcrit,43,560,0.00027941974775558265,0.11117564460894272,0.21554538622149266,0.017576201586615207,0.9982142857142857
N16_i08_10xAcrit_s44,16,8,10xAcrit,44,560,0.21690030107856728,0.004528766352611363,0.10141782807477284,0.015361844777132575,0.9982142857142857
N16_i08_10xAcrit_s45,16,8,10xAcrit,45,560,0.010914302785749896,0.15812439975078935,0.02319502582668065,0.34387033853859966,0.9982142857142857
N16_i08_10xAcrit_s46,16,8,10xAcrit,46,560,0.31550129520474,0.030364541050453733,0.03019364350984688,0.05126176531665934,0.9982142857142857
N16_i08_2xAcrit_s42,16,8,2xAcrit,42,560,0.2877102331840433,0.07425542096426302,0.11620955905573283,0.4074319617653735,0.9982142857142857
N16_i08_2xAcrit_s43,16,8,2xAcrit,43,560,0.0012739179394429812,0.15258855289306056,0.20089128278777935,0.10318975329264939,0.9982142857142857
N16_i08_2xAcrit_s44,16,8,2xAcrit,44,560,0.4459364322538022,0.10417963478317208,0.10216701954777818,0.0628899753081719,0.9982142857142857
N16_i08_2xAcrit_s45,16,8,2xAcrit,45,560,0.03719606153845234,0.28562768884660183,0.09152538447142433,0.424047211402906,0.9982142857142857
N16_i08_2xAcrit_s46,16,8,2xAcrit,46,560,0.34491285354306456,0.23913963082886477,0.03231561518094139,0.4339250497461096,0.9982142857142857
N16_i08_5xAcrit_s42,16,8,5xAcrit,42,560,0.6221431670710444,0.03194309526772112,0.015253434977726243,0.4492281221706007,0.9982142857142857
N16_i08_5xAcrit_s43,16,8,5xAcrit,43,560,0.00041416369507629724,0.14562107715765954,0.22061964226304553,0.03799394356267413,0.9982142857142857
N16_i08_5xAcrit_s44,16,8,5xAcrit,44,560,0.46130470937350765,0.028769725725902744,0.1017956333089387,0.029125419214364415,0.9982142857142857
N16_i08_5xAcrit_s45,16,8,5xAcrit,45,560,0.04458331602108956,0.2312566839506191,0.0481957533095283,0.45217516298891447,0.9982142857142857
N16_i08_5xAcrit_s46,16,8,5xAcrit,46,560,0.38672447158023715,0.07148911608376969,0.01839684725200641,0.27659649397830655,0.9982142857142857
N16_i08_Aheur_s42,16,8,Aheur,42,560,0.3770493277697824,0.0011054063822646515,0.03157621851278236,0.042173199652699965,0.9982142857142857
N16_i08_Aheur_s43,16,8,Aheur,43,560,0.0005440616968712675,0.007243073116432703,0.20548961256281473,0.002073261604256579,0.9982142857142857
N16_i08_Aheur_s44,16,8,Aheur,44,560,0.22879886950249784,0.0006497492180036194,0.10089493580744602,0.002050247413851064,0.9982142857142857
N16_i08_Aheur_s45,16,8,Aheur,45,560,0.11681230436079204,0.003225138286428667,0.007395294450361689,0.07844375117099225,0.9982142857142857
N16_i08_Aheur_s46,16,8,Aheur,46,560,0.2832828661776148,0.001677982557709187,0.03492730945072253,0.003144611908163569,0.9982142857142857
N16_i08_Amargin_s42,16,8,Amargin,42,560,0.3651101678260602,0.04492236497772817,0.08504507537168138,0.3975775196421646,0.9982142857142857
N16_i08_Amargin_s43,16,8,Amargin,43,560,0.0006112458675247012,0.17565730856492506,0.20883273411891423,0.08840394441049046,0.9982142857142857
N16_i08_Amargin_s44,16,8,Amargin,44,560,0.45709487280691974,0.09172571122033063,0.10215184597473126,0.055993032592612804,0.9982142857142857
N16_i08_Amargin_s45,16,8,Amargin,45,560,0.021164411732769395,0.3077345251259774,0.08464835548465999,0.4520960168036091,0.9982142857142857
N16_i08_Amargin_s46,16,8,Amargin,46,560,0.37777957392972894,0.17295249750121458,0.02459614519562514,0.46956346558412165,0.9982142857142857
N16_i09_1.1xAcrit_s42,16,9,1.1xAcrit,42,560,0.277146795502631,0.15440803595957664,0.1445030970445913,0.6046564370775187,0.9982142857142857
N16_i09_1.1xAcrit_s43,16,9,1.1xAcrit,43,560,0.2588372832396999,0.172460459840994,0.08614572636724915,0.25349769024562463,0.9982142857142857
N16_i09_1.1xAcrit_s44,16,9,1.1xAcrit,44,560,0.2449572111603402,0.2836869419606827,0.10131944108434254,0.12353145241934853,0.9982142857142857
N16_i09_1.1xAcrit_s45,16,9,1.1xAcrit,45,560,0.023977478651886486,0.5110908885726269,0.11490533087817312,0.42332759278446963,0.9982142857142857
N16_i09_1.1xAcrit_s46,16,9,1.1xAcrit,46,560,0.20556105852755957,0.735250073124152,0.11822387839492876,0.3647756006550419,0.9982142857142857
N16_i09_10xAcrit_s42,16,9,10xAcrit,42,560,0.6335732326842844,0.027821939118673998,0.012600916291403363,0.4486797673350632,0.9982142857142857
N16_i09_10xAcrit_s43,16,9,10xAcrit,43,560,0.0006970934969103837,0.10097923051710403,0.2181475279503502,0.030552130286046003,0.9982142857142857
N16_i09_10xAcrit_s44,16,9,10xAcrit,44,560,0.46024708030745387,0.025765567720405304,0.10179982135014143,0.02495476282196539,0.9982142857142857
N16_i09_10xAcrit_s45,16,9,10xAcrit,45,560,0.042879679546786065,0.20442512433424814,0.038851015676755196,0.43813336356875887,0.9982142857142857
N16_i09_10xAcrit_s46,16,9,10xAcrit,46,560,0.25224584474926814,0.12402211662773305,0.022842442655019113,0.17330733435390855,0.9982142857142857
N16_i09_2xAcrit_s42,16,9,2xAcrit,42,560,0.25146584007597994,0.2607861873661659,0.15754769806187596,0.5285693445039167,0.9982142857142857
N16_i09_2xAcrit_s43,16,9,2xAcrit,43,560,0.29849061745107974,0.5124072615843132,0.15751270306645893,0.15690928192446868,0.9982142857142857
N16_i09_2xAcrit_s44,16,9,2xAcrit,44,560,0.3395788206253201,0.1737626088741132,0.10231785238283919,0.08863577645507745,0.9982142857142857
N16_i09_2xAcrit_s45,16,9,2xAcrit,45,560,0.07465954933286412,0.1852635850796947,0.11714115689073878,0.37243659665859186,0.9982142857142857
N16_i09_2xAcrit_s46,16,9,2xAcrit,46,560,0.280609119534347,0.43483278740400405,0.07082863939945128,0.3833101921068762,0.9982142857142857
N16_i09_5xAcrit_s42,16,9,5xAcrit,42,560,0.46083859872305766,0.06281088458846737,0.040461035563417624,0.4039961203426323,0.9982142857142857
N16_i09_5xAcrit_s43,16,9,5xAcrit,43,560,0.00034367146857050557,0.18411428906675276,0.21550346471485682,0.06434107120245484,0.9982142857142857
N16_i09_5xAcrit_s44,16,9,5xAcrit,44,560,0.4467188656271901,0.07948807295775379,0.1022595991671551,0.045369984949697795,0.9982142857142857
N16_i09_5xAcrit_s45,16,9,5xAcrit,45,560,0.029318824692381895,0.20677560518711624,0.07422070915976064,0.4827421794925857,0.9982142857142857
N16_i09_5xAcrit_s46,16,9,5xAcrit,46,560,0.38701237086206675,0.14767715797387115,0.01782853306977472,0.5057366081054893,0.9982142857142857
N16_i09_Aheur_s42,16,9,Aheur,42,560,0.38601155899232253,0.0008501688010900687,0.0336194173360127,0.029438921605946893,0.9982142857142857
N16_i09_Aheur_s43,16,9,Aheur,43,560,0.0005669401120940165,0.004767616672273959,0.20476374056306668,0.0013996001010783583,0.9982142857142857
N16_i09_Aheur_s44,16,9,Aheur,44,560,0.2294413314666599,0.0004918742326117303,0.10086991215939634,0.0013877959720802434,0.9982142857142857
N16_i09_Aheur_s45,16,9,Aheur,45,560,0.12273408177134115,0.002130348087643576,0.006913751459251216,0.055587319097436035,0.9982142857142857
N16_i09_Aheur_s46,16,9,Aheur,46,560,0.27724380645668134,0.0011071121526318789,0.03470907524388167,0.0022966527805299815,0.9982142857142857
N16_i09_Amargin_s42,16,9,Amargin,42,560,0.35454174171900377,0.047392520456161664,0.06881943786066813,0.40491170573733604,0.9982142857142857
N16_i09_Amargin_s43,16,9,Amargin,43,560,0.0007901682816680022,0.1473082778253625,0.20976779432385229,0.07972303146754778,0.9982142857142857
N16_i09_Amargin_s44,16,9,Amargin,44,560,0.45050357712898403,0.09554389384216362,0.10236725282447878,0.05353682069954212,0.9982142857142857
N16_i09_Amargin_s45,16,9,Amargin,45,560,0.025675638435131987,0.2996987793829309,0.08526241530307743,0.45829153346556917,0.9982142857142857
N16_i09_Amargin_s46,16,9,Amargin,46,560,0.38375992930377834,0.1841270378857295,0.023117274254085274,0.4959534156281687,0.9982142857142857
N16_i10_1.1xAcrit_s42,16,10,1.1xAcrit,42,560,0.3383009460667381,0.09395517362233367,0.102482144397122,0.5743280273990002,0.9982142857142857
N16_i10_1.1xAcrit_s43,16,10,1.1xAcrit,43,560,0.3002883422238938,0.578070340205594,0.13598598178941756,0.12875730455192208,0.9982142857142857
N16_i10_1.1xAcrit_s44,16,10,1.1xAcrit,44,560,0.309855003557459,0.17648445221653344,0.10149010871100472,0.097456146855766,0.9982142857142857
N16_i10_1.1xAcrit_s45,16,10,1.1xAcrit,45,560,0.15146269122032407,0.5509594650482691,0.10635927398971035,0.377695561770638,0.9982142857142857
N16_i10_1.1xAcrit_s46,16,10,1.1xAcrit,46,560,0.26421080425643595,0.4764129787560824,0.08967068372658105,0.31110427879486957,0.9982142857142857
N16_i10_10xAcrit_s42,16,10,10xAcrit,42,560,0.46889402566011995,0.01777972848726503,0.00718667791562666,0.3794747714273411,0.9982142857142857
N16_i10_10xAcrit_s43,16,10,10xAcrit,43,560,0.00030638962093121336,0.1045969916074807,0.21654819810646586,0.015251562828859096,0.9982142857142857
N16_i10_10xAcrit_s44,16,10,10xAcrit,44,560,0.39711595902917907,0.014813182544932932,0.10147883638273925,0.0164441442184778,0.9982142857142857
N16_i10_10xAcrit_s45,16,10,10xAcrit,45,560,0.027042567360695102,0.12409125088467661,0.024847073489581817,0.33464368860290256,0.9982142857142857
N16_i10_10xAcrit_s46,16,10,10xAcrit,46,560,0.32527142588514835,0.031601344590837625,0.028922089291882003,0.059774263499546516,0.9982142857142857
N16_i10_2xAcrit_s42,16,10,2xAcrit,42,560,0.2756620688305702,0.07342119683761901,0.1373191210736877,0.4461182194435109,0.9982142857142857
N16_i10_2xAcrit_s43,16,10,2xAcrit,43,560,0.00382394376015327,0.09659420224518181,0.19782876569661312,0.07532570062394707,0.9982142857142857
N16_i10_2xAcrit_s44,16,10,2xAcrit,44,560,0.4323372922663111,0.10455572090055838,0.10212589260481764,0.06510110382809402,0.9982142857142857
N16_i10_2xAcrit_s45,16,10,2xAcrit,45,560,0.05698906521683966,0.2614127070798681,0.0888284142001794,0.35032468145851975,0.9982142857142857
N16_i10_2xAcrit_s46,16,10,2xAcrit,46,560,0.2470733623340493,0.2916659238497602,0.03582790645555178,0.4420806365663148,0.9982142857142857
N16_i10_5xAcrit_s42,16,10,5xAcrit,42,560,0.5872078273096122,0.03010282466058539,0.015713072285336693,0.403934067556759,0.9982142857142857
N16_i10_5xAcrit_s43,16,10,5xAcrit,43,560,0.00035461375362100256,0.14839955197519566,0.22142604098189622,0.030311236488975605,0.9982142857142857
N16_i10_5xAcrit_s44,16,10,5xAcrit,44,560,0.4601891380152665,0.027324156920651314,0.10186394932679832,0.030859190125092154,0.9982142857142857
N16_i10_5xAcrit_s45,16,10,5xAcrit,45,560,0.046256692470706184,0.23492727539565636,0.050002063660826934,0.4363559730287786,0.9982142857142857
N16_i10_5xAcrit_s46,16,10,5xAcrit,46,560,0.36065578629495576,0.06676622670883488,0.016644447130602202,0.3374185320164762,0.9982142857142857
N16_i10_Aheur_s42,16,10,Aheur,42,560,0.3817720263614319,0.0008543690461066168,0.03280401610027184,0.03028679398365968,0.9982142857142857
N16_i10_Aheur_s43,16,10,Aheur,43,560,0.0005616699753545618,0.004969735616369373,0.2050785465107765,0.001412086337627909,0.9982142857142857
N16_i10_Aheur_s44,16,10,Aheur,44,560,0.2292900904722046,0.00047643318328466323,0.10087553034827579,0.001553902661014908,0.9982142857142857
N16_i10_Aheur_s45,16,10,Aheur,45,560,0.12145902101474348,0.0022070858647164652,0.007094991693520569,0.05678880511986316,0.9982142857142857
N16_i10_Aheur_s46,16,10,Aheur,46,560,0.27985382778570056,0.0011198366014741213,0.0347920134117885,0.002343424310411836,0.9982142857142857
N16_i10_Amargin_s42,16,10,Amargin,42,560,0.3167123695311602,0.055913474516184676,0.10758899358359031,0.4049295885710569,0.9982142857142857
N16_i10_Amargin_s43,16,10,Amargin,43,560,0.0012704205792601897,0.09953322487827357,0.2076821742230095,0.06403267157776905,0.9982142857142857
N16_i10_Amargin_s44,16,10,Amargin,44,560,0.44765354588162154,0.09097699282857574,0.10214591083058622,0.05738498412885552,0.9982142857142857
N16_i10_Amargin_s45,16,10,Amargin,45,560,0.03823345915952814,0.27847388846469684,0.08168644987290463,0.3841055218872162,0.9982142857142857
N16_i10_Amargin_s46,16,10,Amargin,46,560,0.38048615798470564,0.15873180633035977,0.026339447783271908,0.4930736435593484,0.9982142857142857
N16_i11_1.1xAcrit_s42,16,11,1.1xAcrit,42,560,0.3063763345708139,0.12817675030270295,0.1427672369738957,0.6109243096934895,0.9982142857142857
N16_i11_1.1xAcrit_s43,16,11,1.1xAcrit,43,560,0.28531652884878156,0.5325894213084964,0.06699267955991672,0.15607690513818873,0.9982142857142857
N16_i11_1.1xAcrit_s44,16,11,1.1xAcrit,44,560,0.32527470054264995,0.21736700239317475,0.09844820410944521,0.10751766008895211,0.9982142857142857
N16_i11_1.1xAcrit_s45,16,11,1.1xAcrit,45,560,0.11315310611292517,0.6339799640294079,0.09222984288870606,0.4219746848098075,0.9982142857142857
N16_i11_1.1xAcrit_s46,16,11,1.1xAcrit,46,560,0.274713805991496,0.5227144612765615,0.1358046417008154,0.2827802369440256,0.9982142857142857
N16_i11_10xAcrit_s42,16,11,10xAcrit,42,560,0.4187689245445654,0.00954877920123379,0.00915068903355376,0.46638787974504226,0.9982142857142857
N16_i11_10xAcrit_s43,16,11,10xAcrit,43,560,0.00013559037912358463,0.17151481886480224,0.22309078148100525,0.01925218149055174,0.9982142857142857
N16_i11_10xAcrit_s44,16,11,10xAcrit,44,560,0.4258246515528299,0.01584677378958543,0.1014456587145105,0.019674942942915708,0.9982142857142857
N16_i11_10xAcrit_s45,16,11,10xAcrit,45,560,0.026126262217076146,0.1649258432286303,0.040796304027026054,0.34352485090171636,0.9982142857142857
N16_i11_10xAcrit_s46,16,11,10xAcrit,46,560,0.29513392166700214,0.1028099519848269,0.019674410004881793,0.17082622167248165,0.9982142857142857
N16_i11_2xAcrit_s42,16,11,2xAcrit,42,560,0.30848808253358584,0.07366327199171147,0.08158787528147116,0.5465177126929464,0.9982142857142857
N16_i11_2xAcrit_s43,16,11,2xAcrit,43,560,0.1919753803376807,0.17593497381851353,0.15340783531428315,0.09372752745160681,0.9982142857142857
N16_i11_2xAcrit_s44,16,11,2xAcrit,44,560,0.42340200272155926,0.13389924331977354,0.1007263131759828,0.07432561728850717,0.9982142857142857
N16_i11_2xAcrit_s45,16,11,2xAcrit,45,560,0.07455848693189182,0.28019557699611974,0.09735760522221426,0.39947091148545594,0.9982142857142857
N16_i11_2xAcrit_s46,16,11,2xAcrit,46,560,0.31049835578596685,0.3219277314285954,0.07934611978816974,0.30755796001579583,0.9982142857142857
N16_i11_5xAcrit_s42,16,11,5xAcrit,42,560,0.55066921323305,0.044964126200450864,0.05061839499921916,0.33492892226066456,0.9982142857142857
N16_i11_5xAcrit_s43,16,11,5xAcrit,43,560,0.0002464254916909603,0.23714992080032166,0.22196619812166318,0.038094336706098006,0.9982142857142857
N16_i11_5xAcrit_s44,16,11,5xAcrit,44,560,0.424765957868658,0.05920562785326032,0.10159285237023141,0.03644507633734094,0.9982142857142857
N16_i11_5xAcrit_s45,16,11,5xAcrit,45,560,0.03391085541989014,0.15569040248184057,0.06466668370563866,0.44141095649230777,0.9982142857142857
N16_i11_5xAcrit_s46,16,11,5xAcrit,46,560,0.2319240404140146,0.2730226470943121,0.013679778503458806,0.5758804963230251,0.9982142857142857
N16_i11_Aheur_s42,16,11,Aheur,42,560,0.37476960354251787,0.000776711737093599,0.03128296659269836,0.03491533880193187,0.9982142857142857
N16_i11_Aheur_s43,16,11,Aheur,43,560,0.0005630405792089732,0.0032743149367008544,0.20575179209117778,0.0015323451954019703,0.9982142857142857
N16_i11_Aheur_s44,16,11,Aheur,44,560,0.22930658253608271,0.0005350032521415623,0.10087210507481359,0.0015614466019252915,0.9982142857142857
N16_i11_Aheur_s45,16,11,Aheur,45,560,0.11421024297305848,0.0015957414838252378,0.007485712357265584,0.059153553636977246,0.9982142857142857
N16_i11_Aheur_s46,16,11,Aheur,46,560,0.28356383624486625,0.0013211520303945614,0.03489111646922538,0.0019887837882679475,0.9982142857142857
N16_i11_Amargin_s42,16,11,Amargin,42,560,0.2967343913333025,0.06840345356663897,0.11411075279283978,0.4865296229017734,0.9982142857142857
N16_i11_Amargin_s43,16,11,Amargin,43,560,0.0006320282603553551,0.16113736604945317,0.18877389177214354,0.07017434551139225,0.9982142857142857
N16_i11_Amargin_s44,16,11,Amargin,44,560,0.4545470291050151,0.10363718124462984,0.10126317113463301,0.05970037489442793,0.9982142857142857
N16_i11_Amargin_s45,16,11,Amargin,45,560,0.06337518981490575,0.26898334832462034,0.0841689297103585,0.39817842017710114,0.9982142857142857
N16_i11_Amargin_s46,16,11,Amargin,46,560,0.34048194997012615,0.19686842162390966,0.04581331754070561,0.37463279419331696,0.9982142857142857
N16_i12_1.1xAcrit_s42,16,12,1.1xAcrit,42,560,0.3025379343016539,0.1337628242349435,0.13874252462505865,0.5722809454411072,0.9982142857142857
N16_i12_1.1xAcrit_s43,16,12,1.1xAcrit,43,560,0.19677165881276437,0.5350735003586516,0.08170840688399039,0.20732209674938115,0.9982142857142857
N16_i12_1.1xAcrit_s44,16,12,1.1xAcrit,44,560,0.3075178509861871,0.2250276917099379,0.09974306733056437,0.11434129224090275,0.9982142857142857
N16_i12_1.1xAcrit_s45,16,12,1.1xAcrit,45,560,0.10763622570974718,0.6122764832285262,0.10419702249814122,0.40435132092534876,0.9982142857142857
N16_i12_1.1xAcrit_s46,16,12,1.1xAcrit,46,560,0.2853146146285326,0.6143272931470071,0.12715218447920051,0.34635205129849056,0.9982142857142857
N16_i12_10xAcrit_s42,16,12,10xAcrit,42,560,0.4131731952074915,0.03168072828252876,0.008620793389002235,0.482897214971326,0.9982142857142857
N16_i12_10xAcrit_s43,16,12,10xAcrit,43,560,0.0002655896896968102,0.13631343628467843,0.22087841739994474,0.02296468181734151,0.9982142857142857
N16_i12_10xAcrit_s44,16,12,10xAcrit,44,560,0.427525176666677,0.01634442690168405,0.10150895082915667,0.021359961352052835,0.9982142857142857
N16_i12_10xAcrit_s45,16,12,10xAcrit,45,560,0.026141985770664178,0.16708011651991755,0.03715143665203868,0.3682394643297191,0.9982142857142857
N16_i12_10xAcrit_s46,16,12,10xAcrit,46,560,0.2500455185363535,0.11605147858230427,0.022438706770117278,0.1428696512490119,0.9982142857142857
N16_i12_2xAcrit_s42,16,12,2xAcrit,42,560,0.2729862964042695,0.09114322030382642,0.12006553923708907,0.5088809063616044,0.9982142857142857
N16_i12_2xAcrit_s43,16,12,2xAcrit,43,560,0.18903519992272777,0.46502538459038467,0.16351461102021858,0.12467379208481086,0.9982142857142857
N16_i12_2xAcrit_s44,16,12,2xAcrit,44,560,0.4211487967404537,0.13535675761123334,0.10137162292085122,0.07959713552229358,0.9982142857142857
N16_i12_2xAcrit_s45,16,12,2xAcrit,45,560,0.07165084421558277,0.27000123696710515,0.10248763128265637,0.3974078658942663,0.9982142857142857
N16_i12_2xAcrit_s46,16,12,2xAcrit,46,560,0.21751367560136714,0.39094439650176505,0.06911619219590648,0.3545891098692242,0.9982142857142857
N16_i12_5xAcrit_s42,16,12,5xAcrit,42,560,0.6226918887114152,0.040564079708969566,0.037066668069201114,0.3711153307780739,0.9982142857142857
N16_i12_5xAcrit_s43,16,12,5xAcrit,43,560,4.76323312915629e-05,0.35662218756115527,0.2211323413939681,0.04829698347602768,0.9982142857142857
N16_i12_5xAcrit_s44,16,12,5xAcrit,44,560,0.4310083311574999,0.050285924349561716,0.10177350153389852,0.03937298284374392,0.9982142857142857
N16_i12_5xAcrit_s45,16,12,5xAcrit,45,560,0.05148700117933913,0.2278367085645604,0.06550781873053779,0.4662723064312787,0.9982142857142857
N16_i12_5xAcrit_s46,16,12,5xAcrit,46,560,0.2999343029005104,0.22233902417093826,0.014424839278749158,0.5341442446723159,0.9982142857142857
N16_i12_Aheur_s42,16,12,Aheur,42,560,0.38225317100295797,0.0007203464549336964,0.033153961558127776,0.026106708317738557,0.9982142857142857
N16_i12_Aheur_s43,16,12,Aheur,43,560,0.000578015191194936,0.00374158896894169,0.20504257269203663,0.0012503549508329985,0.9982142857142857
N16_i12_Aheur_s44,16,12,Aheur,44,560,0.22973742117756046,0.0004147882696922165,0.10085652412089985,0.0013104086621242433,0.9982142857142857
N16_i12_Aheur_s45,16,12,Aheur,45,560,0.12067597900750116,0.0016462582148185764,0.00703963975138322,0.04830818716902823,0.9982142857142857
N16_i12_Aheur_s46,16,12,Aheur,46,560,0.27838446787791327,0.0010040995980117769,0.03471262991661206,0.0019320353260498255,0.9982142857142857
N16_i12_Amargin_s42,16,12,Amargin,42,560,0.2812914895475842,0.07588578030765895,0.13409622513790964,0.42298487827508296,0.9982142857142857
N16_i12_Amargin_s43,16,12,Amargin,43,560,0.000928414763308183,0.17229560640141262,0.19478594916290604,0.09196127020555986,0.9982142857142857
N16_i12_Amargin_s44,16,12,Amargin,44,560,0.4529535947367549,0.10444099508573382,0.10169972912990488,0.06378763675684487,0.9982142857142857
N16_i12_Amargin_s45,16,12,Amargin,45,560,0.04633143436831233,0.2637867520049251,0.08776880187360803,0.4086365249627686,0.9982142857142857
N16_i12_Amargin_s46,16,12,Amargin,46,560,0.33640793070662767,0.22665291260963527,0.040092105742132844,0.4104806880161523,0.9982142857142857
N16_i13_1.1xAcrit_s42,16,13,1.1xAcrit,42,560,0.23316476237232564,0.0956647045810433,0.06764973218566261,0.5068387392516727,0.9982142857142857
N16_i13_1.1xAcrit_s43,16,13,1.1xAcrit,43,560,0.1646117138243426,0.5335568429417541,0.16277239816554356,0.08050651658150698,0.9982142857142857
N16_i13_1.1xAcrit_s44,16,13,1.1xAcrit,44,560,0.34759988972655265,0.12578042204746426,0.10128902486758307,0.07858136803487104,0.9982142857142857
N16_i13_1.1xAcrit_s45,16,13,1.1xAcrit,45,560,0.06897514048614539,0.11874827336448684,0.08583622812784597,0.34875316951970736,0.9982142857142857
N16_i13_1.1xAcrit_s46,16,13,1.1xAcrit,46,560,0.3514245283586206,0.25114285846410644,0.06839469884289429,0.36085323995115753,0.9982142857142857
N16_i13_10xAcrit_s42,16,13,10xAcrit,42,560,0.43413062795298174,0.00684601997812469,0.005548643296265254,0.31813584592604105,0.9982142857142857
N16_i13_10xAcrit_s43,16,13,10xAcrit,43,560,0.00027449192978679093,0.09369175053064212,0.21687407142599113,0.011006845411632653,0.9982142857142857
N16_i13_10xAcrit_s44,16,13,10xAcrit,44,560,0.448826480016578,0.0173861290670757,0.1014213554590242,0.013341797322657396,0.9982142857142857
N16_i13_10xAcrit_s45,16,13,10xAcrit,45,560,0.02711016337889305,0.10151369535022665,0.022629814455740416,0.27795523141390344,0.9982142857142857
N16_i13_10xAcrit_s46,16,13,10xAcrit,46,560,0.3242177488282323,0.02033909953265263,0.029439953545079334,0.04329322006330831,0.9982142857142857
N16_i13_2xAcrit_s42,16,13,2xAcrit,42,560,0.319585364224622,0.048265253529261476,0.10874502495971683,0.384915636468541,0.9982142857142857
N16_i13_2xAcrit_s43,16,13,2xAcrit,43,560,0.0018542190396146907,0.07594426361628068,0.210504230519291,0.04816754872336919,0.9982142857142857
N16_i13_2xAcrit_s44,16,13,2xAcrit,44,560,0.4425724778266158,0.07879460304680756,0.10194310324732214,0.05263321890875156,0.9982142857142857
N16_i13_2xAcrit_s45,16,13,2xAcrit,45,560,0.03223996108135907,0.2518891839132062,0.06889999714985606,0.34402441524926086,0.9982142857142857
N16_i13_2xAcrit_s46,16,13,2xAcrit,46,560,0.3822427694394719,0.1280769285174106,0.023421727019979244,0.5254526077222603,0.9982142857142857
N16_i13_5xAcrit_s42,16,13,5xAcrit,42,560,0.6293656160705723,0.02616497601898834,0.011136613636381298,0.3825114933972902,0.9982142857142857
N16_i13_5xAcrit_s43,16,13,5xAcrit,43,560,0.0002518760258283237,0.13714637623236844,0.22326575458282605,0.020772797098508176,0.9982142857142857
N16_i13_5xAcrit_s44,16,13,5xAcrit,44,560,0.46259082574397326,0.019602042089373772,0.10176264896290377,0.025005418085800767,0.9982142857142857
N16_i13_5xAcrit_s45,16,13,5xAcrit,45,560,0.041139982646200224,0.19456854881429644,0.043302246276198275,0.38648698780482815,0.9982142857142857
N16_i13_5xAcrit_s46,16,13,5xAcrit,46,560,0.3678074729104992,0.05501282900163221,0.016315427946210548,0.2578030407305297,0.9982142857142857
N16_i13_Aheur_s42,16,13,Aheur,42,560,0.37771375593729317,0.0008101033146984346,0.03180189192426042,0.030563492995912447,0.9982142857142857
N16_i13_Aheur_s43,16,13,Aheur,43,560,0.0005511289585911072,0.005833441649986374,0.20543457509484142,0.001341677868682259,0.9982142857142857
N16_i13_Aheur_s44,16,13,Aheur,44,560,0.22899423862691037,0.00045028389771428333,0.10088672280835453,0.0015793336114903766,0.9982142857142857
N16_i13_Aheur_s45,16,13,Aheur,45,560,0.11808524532534648,0.0024909618281369833,0.007306948214136355,0.05549460898502539,0.9982142857142857
N16_i13_Aheur_s46,16,13,Aheur,46,560,0.28257565695093945,0.00107292763183266,0.03489774447371019,0.002447646802261025,0.9982142857142857
N16_i13_Amargin_s42,16,13,Amargin,42,560,0.34044726836145855,0.042473180596619135,0.10579598439744586,0.3773354447566393,0.9982142857142857
N16_i13_Amargin_s43,16,13,Amargin,43,560,0.0014767412449145922,0.08509400464867099,0.2117845629400108,0.0469743429342811,0.9982142857142857
N16_i13_Amargin_s44,16,13,Amargin,44,560,0.44495398821891285,0.0770272486811382,0.10195205619675107,0.05156739513227919,0.9982142857142857
N16_i13_Amargin_s45,16,13,Amargin,45,560,0.028891358684631996,0.2527373334877899,0.06813231844716938,0.34815115932145,0.9982142857142857
N16_i13_Amargin_s46,16,13,Amargin,46,560,0.37906582475989126,0.11869450007570262,0.022211554422781887,0.5340899927727625,0.9982142857142857
N16_i14_1.1xAcrit_s42,16,14,1.1xAcrit,42,560,0.2876883598146378,0.17586121807743382,0.17046286619853923,0.6552002800575365,0.9982142857142857
N16_i14_1.1xAcrit_s43,16,14,1.1xAcrit,43,560,0.21552733700809767,0.4070964823526545,0.02207990379702096,0.21779224442945808,0.9982142857142857
N16_i14_1.1xAcrit_s44,16,14,1.1xAcrit,44,560,0.2977103198536497,0.2854776324283945,0.09545763472851831,0.1342896181435797,0.9982142857142857
N16_i14_1.1xAcrit_s45,16,14,1.1xAcrit,45,560,0.2769004641245658,0.5118306985908914,0.07802872433171082,0.4710469054148215,0.9982142857142857
N16_i14_1.1xAcrit_s46,16,14,1.1xAcrit,46,560,0.30930554627411766,0.24683537971545438,0.11947271731150977,0.32363398097100404,0.9982142857142857
N16_i14_10xAcrit_s42,16,14,10xAcrit,42,560,0.46643711981596425,0.01472665386049537,0.019368494909429046,0.35113579155121283,0.9982142857142857
N16_i14_10xAcrit_s43,16,14,10xAcrit,43,560,0.00014118291827003304,0.1967284925683872,0.22549175270250998,0.025793881095978435,0.9982142857142857
N16_i14_10xAcrit_s44,16,14,10xAcrit,44,560,0.4577705056290142,0.022240338860420546,0.10143658029846847,0.02726230789190952,0.9982142857142857
N16_i14_10xAcrit_s45,16,14,10xAcrit,45,560,0.03093566973302586,0.26554269704990385,0.05418611063191747,0.38931427168234356,0.9982142857142857
N16_i14_10xAcrit_s46,16,14,10xAcrit,46,560,0.2893827604857506,0.16334957503544578,0.01321129399025267,0.3985883959585494,0.9982142857142857
N16_i14_2xAcrit_s42,16,14,2xAcrit,42,560,0.2607918648136547,0.1283097918204812,0.12551851490565014,0.5190416558524236,0.9982142857142857
N16_i14_2xAcrit_s43,16,14,2xAcrit,43,560,0.20682597210543463,0.35532868917484545,0.09507342501456151,0.1295570194221814,0.9982142857142857
N16_i14_2xAcrit_s44,16,14,2xAcrit,44,560,0.3970544589974452,0.17540645601011035,0.09924777977721533,0.09645844732534703,0.9982142857142857
N16_i14_2xAcrit_s45,16,14,2xAcrit,45,560,0.28035324237134773,0.1507001658403948,0.09832579703741118,0.41705220092341355,0.9982142857142857
N16_i14_2xAcrit_s46,16,14,2xAcrit,46,560,0.3436087786903954,0.33707792968303296,0.12455022331414511,0.28381644398230976,0.9982142857142857
N16_i14_5xAcrit_s42,16,14,5xAcrit,42,560,0.35268804855877534,0.04665791096786186,0.10525303680742581,0.3747015049028808,0.9982142857142857
N16_i14_5xAcrit_s43,16,14,5xAcrit,43,560,0.0008318060339416178,0.18614031215324275,0.20879964699270204,0.052545224082525155,0.9982142857142857
N16_i14_5xAcrit_s44,16,14,5xAcrit,44,560,0.4867525788140483,0.0787745475560925,0.10132236799108796,0.04949057443201908,0.9982142857142857
N16_i14_5xAcrit_s45,16,14,5xAcrit,45,560,0.013759503352957836,0.3032983005743456,0.07024459344665956,0.42244180870698145,0.9982142857142857
N16_i14_5xAcrit_s46,16,14,5xAcrit,46,560,0.24754046008456498,0.06345039919473511,0.026160326067156348,0.45331985648603323,0.9982142857142857
N16_i14_Aheur_s42,16,14,Aheur,42,560,0.37578365992521867,0.0007224503994255471,0.03174391608990845,0.030464241749996696,0.9982142857142857
N16_i14_Aheur_s43,16,14,Aheur,43,560,0.0005752903960001277,0.004473313012701343,0.20563746360130608,0.0013503479190114845,0.9982142857142857
N16_i14_Aheur_s44,16,14,Aheur,44,560,0.22964288873481564,0.0004964099183086773,0.10085818723018747,0.0014559510649429755,0.9982142857142857
N16_i14_Aheur_s45,16,14,Aheur,45,560,0.11560651217587292,0.0019259241573315214,0.007389181047983584,0.05213853146271502,0.9982142857142857
N16_i14_Aheur_s46,16,14,Aheur,46,560,0.2823409391567111,0.0011724180176753388,0.034825735092454124,0.0022101181394051767,0.9982142857142857
N16_i14_Amargin_s42,16,14,Amargin,42,560,0.3089656916272361,0.06542896907915619,0.09542209391520373,0.47135312882631236,0.9982142857142857
N16_i14_Amargin_s43,16,14,Amargin,43,560,0.11441130686580436,0.2978594409697052,0.18002239872294012,0.07422149092496035,0.9982142857142857
N16_i14_Amargin_s44,16,14,Amargin,44,560,0.4587859690946061,0.10650274695923004,0.10095002710295375,0.06433454541316955,0.9982142857142857
N16_i14_Amargin_s45,16,14,Amargin,45,560,0.06580750959801662,0.27881322740261877,0.08496896112323782,0.4142656453007721,0.9982142857142857
N16_i14_Amargin_s46,16,14,Amargin,46,560,0.36277416415396146,0.19496162266138162,0.0531357997433588,0.35663363891701655,0.9982142857142857
N16_i15_1.1xAcrit_s42,16,15,1.1xAcrit,42,560,0.29487551740021445,0.12022868801600423,0.1435846453431111,0.5192403256634514,0.9982142857142857
N16_i15_1.1xAcrit_s43,16,15,1.1xAcrit,43,560,0.25455472728731365,0.46970731143040956,0.15038140359683894,0.18355519266699272,0.9982142857142857
N16_i15_1.1xAcrit_s44,16,15,1.1xAcrit,44,560,0.2845235799031798,0.20018851621884348,0.1020552732879878,0.08382750744459573,0.9982142857142857
N16_i15_1.1xAcrit_s45,16,15,1.1xAcrit,45,560,0.07882360732764937,0.20295058919234377,0.11384166421566988,0.34112367485373296,0.9982142857142857
N16_i15_1.1xAcrit_s46,16,15,1.1xAcrit,46,560,0.24406636287130823,0.5698073144020561,0.07933473291177506,0.36554387605969796,0.9982142857142857
N16_i15_10xAcrit_s42,16,15,10xAcrit,42,560,0.4152261294075288,0.022455123384791255,0.008592711464700642,0.3839213395574591,0.9982142857142857
N16_i15_10xAcrit_s43,16,15,10xAcrit,43,560,0.00036786418812084776,0.08470597828234949,0.21500286011723801,0.018548788666699255,0.9982142857142857
N16_i15_10xAcrit_s44,16,15,10xAcrit,44,560,0.4108962459140457,0.014662849670878084,0.10156038288550917,0.014284061011424154,0.9982142857142857
N16_i15_10xAcrit_s45,16,15,10xAcrit,45,560,0.025207532680724398,0.14272767824725535,0.022736944988992036,0.36388699910609823,0.9982142857142857
N16_i15_10xAcrit_s46,16,15,10xAcrit,46,560,0.3171882460010238,0.037288242882741594,0.029948842089652317,0.051505010704938486,0.9982142857142857
N16_i15_2xAcrit_s42,16,15,2xAcrit,42,560,0.27380959427682683,0.07635088952153288,0.12292947777064,0.3829301149967809,0.9982142857142857
N16_i15_2xAcrit_s43,16,15,2xAcrit,43,560,0.002806718936312791,0.11466671631530413,0.20157107115664985,0.1059048352498621,0.9982142857142857
N16_i15_2xAcrit_s44,16,15,2xAcrit,44,560,0.41699505984433927,0.11752825701011503,0.10245339541870635,0.05632910089754279,0.9982142857142857
N16_i15_2xAcrit_s45,16,15,2xAcrit,45,560,0.05455194857859169,0.23231128533059286,0.09217364316737076,0.4107117514077176,0.9982142857142857
N16_i15_2xAcrit_s46,16,15,2xAcrit,46,560,0.24760448849701788,0.3272703652958653,0.031813671238103414,0.4234030423318559,0.9982142857142857
N16_i15_5xAcrit_s42,16,15,5xAcrit,42,560,0.5785015578730963,0.0279950791106899,0.016527743587204213,0.43127326661509247,0.9982142857142857
N16_i15_5xAcrit_s43,16,15,5xAcrit,43,560,0.0008170018793975942,0.10639996226346848,0.21963126392802224,0.039881965453580755,0.9982142857142857
N16_i15_5xAcrit_s44,16,15,5xAcrit,44,560,0.4567652952391654,0.030570526129756553,0.10201329230039846,0.026795986289208783,0.9982142857142857
N16_i15_5xAcrit_s45,16,15,5xAcrit,45,560,0.04563751359046364,0.21457906721384315,0.04695524377826388,0.475609959647314,0.9982142857142857
N16_i15_5xAcrit_s46,16,15,5xAcrit,46,560,0.37111873741378076,0.07495260710684123,0.018151485287489777,0.265192011121126,0.9982142857142857
N16_i15_Aheur_s42,16,15,Aheur,42,560,0.3755793826421723,0.0010935557995673823,0.030781967798247933,0.05042786659387924,0.9982142857142857
N16_i15_Aheur_s43,16,15,Aheur,43,560,0.0005129335603442087,0.00774332621741592,0.2056076877634041,0.0023970671527601996,0.9982142857142857
N16_i15_Aheur_s44,16,15,Aheur,44,560,0.22796249578823335,0.0008504918733269965,0.10093160947144497,0.002130726666685021,0.9982142857142857
N16_i15_Aheur_s45,16,15,Aheur,45,560,0.11446280890959315,0.00298643863753783,0.007529200821409177,0.08697843753662284,0.9982142857142857
N16_i15_Aheur_s46,16,15,Aheur,46,560,0.28511275886557996,0.0019502773647227297,0.03506819042377174,0.0032740428916891062,0.9982142857142857
N16_i15_Amargin_s42,16,15,Amargin,42,560,0.3967872550128959,0.03280333883853804,0.04997439045838448,0.3753640985958618,0.9982142857142857
N16_i15_Amargin_s43,16,15,Amargin,43,560,0.000638110989427787,0.1427363620108535,0.2158235118840821,0.07128393473638245,0.9982142857142857
N16_i15_Amargin_s44,16,15,Amargin,44,560,0.45069667921052314,0.08444935756002925,0.1023447777115507,0.04191946941573996,0.9982142857142857
N16_i15_Amargin_s45,16,15,Amargin,45,560,0.02783452354833571,0.20348171036858737,0.07308502649129878,0.4860626063199827,0.9982142857142857
N16_i15_Amargin_s46,16,15,Amargin,46,560,0.3856467138393782,0.15858171386925518,0.017365865726702623,0.4766578501208357,0.9982142857142857
N16_i16_1.1xAcrit_s42,16,16,1.1xAcrit,42,560,0.3716324715933297,0.07248017367335033,0.12369529279916947,0.527984695800449,0.9982142857142857
N16_i16_1.1xAcrit_s43,16,16,1.1xAcrit,43,560,0.243191904141554,0.4474841828788749,0.1143581620126497,0.1242867481549928,0.9982142857142857
N16_i16_1.1xAcrit_s44,16,16,1.1xAcrit,44,560,0.2686010504512524,0.22650001524953217,0.1008476586357574,0.10245870742954694,0.9982142857142857
N16_i16_1.1xAcrit_s45,16,16,1.1xAcrit,45,560,0.1368367968225357,0.3146144215395131,0.10223616995409657,0.357965990871812,0.9982142857142857
N16_i16_1.1xAcrit_s46,16,16,1.1xAcrit,46,560,0.22768238839353216,0.5273414442345729,0.10915026302427577,0.29492273302694183,0.9982142857142857
N16_i16_10xAcrit_s42,16,16,10xAcrit,42,560,0.30944132784497924,0.03429668599545136,0.008187081854998723,0.4717541901975012,0.9982142857142857
N16_i16_10xAcrit_s43,16,16,10xAcrit,43,560,0.0004806176777094606,0.09015265947689921,0.21965168352471665,0.018941985119283578,0.9982142857142857
N16_i16_10xAcrit_s44,16,16,10xAcrit,44,560,0.4580600954941474,0.017549544923659635,0.10165861819405109,0.020286325438552487,0.9982142857142857
N16_i16_10xAcrit_s45,16,16,10xAcrit,45,560,0.03065757572403527,0.19177230275962381,0.03392218579438122,0.365727820706784,0.9982142857142857
N16_i16_10xAcrit_s46,16,16,10xAcrit,46,560,0.29968072453630157,0.06903686433073973,0.02325611963533447,0.12091912462162595,0.9982142857142857
N16_i16_2xAcrit_s42,16,16,2xAcrit,42,560,0.31898596411338076,0.07459956650695072,0.13280542114944183,0.5294344197076934,0.9982142857142857
N16_i16_2xAcrit_s43,16,16,2xAcrit,43,560,0.22802508672182853,0.6017891408962625,0.1795069308427628,0.07981312853207101,0.9982142857142857
N16_i16_2xAcrit_s44,16,16,2xAcrit,44,560,0.39916343077493366,0.13981955856809897,0.1019266845396487,0.07289440977270953,0.9982142857142857
N16_i16_2xAcrit_s45,16,16,2xAcrit,45,560,0.08014109722910234,0.2643090776734005,0.09630952970155704,0.34482362213533624,0.9982142857142857
N16_i16_2xAcrit_s46,16,16,2xAcrit,46,560,0.36218133391230367,0.23193429776084354,0.05447423645523486,0.36053419656162744,0.9982142857142857
N16_i16_5xAcrit_s42,16,16,5xAcrit,42,560,0.6182596272556111,0.0403835698338344,0.03348167409137659,0.35409001600022716,0.9982142857142857
N16_i16_5xAcrit_s43,16,16,5xAcrit,43,560,0.00013080002172838334,0.23967785981945128,0.22122053219936788,0.03563157091159659,0.9982142857142857
N16_i16_5xAcrit_s44,16,16,5xAcrit,44,560,0.4176068525703158,0.06400226489289741,0.10202484071487561,0.03698956188707582,0.9982142857142857
N16_i16_5xAcrit_s45,16,16,5xAcrit,45,560,0.04831037963367635,0.24389022679710282,0.06126134581288056,0.44623637552305023,0.9982142857142857
N16_i16_5xAcrit_s46,16,16,5xAcrit,46,560,0.3932993547350634,0.07729162110838105,0.013958451165393626,0.48782006036479425,0.9982142857142857
N16_i16_Aheur_s42,16,16,Aheur,42,560,0.38453601085348055,0.0007104286509157515,0.0334351254896319,0.02490285869002157,0.9982142857142857
N16_i16_Aheur_s43,16,16,Aheur,43,560,0.0005711241363997033,0.0057497835856103715,0.20487088820664212,0.001146413781587406,0.9982142857142857
N16_i16_Aheur_s44,16,16,Aheur,44,560,0.2295544955704827,0.0004734786926925631,0.10086477386357728,0.0012025694186926345,0.9982142857142857
N16_i16_Aheur_s45,16,16,Aheur,45,560,0.1220122639060719,0.0023245762889553285,0.006951608505005424,0.04555470633953824,0.9982142857142857
N16_i16_Aheur_s46,16,16,Aheur,46,560,0.2776793958619237,0.0009093252098806633,0.034712349661276676,0.002093464142888181,0.9982142857142857
N16_i16_Amargin_s42,16,16,Amargin,42,560,0.36484732618555427,0.04016118733065592,0.09172474611750658,0.3663993334324588,0.9982142857142857
N16_i16_Amargin_s43,16,16,Amargin,43,560,0.0008442036850055956,0.15008198774933032,0.21317280875518918,0.05014490005516303,0.9982142857142857
N16_i16_Amargin_s44,16,16,Amargin,44,560,0.45373720102361403,0.09113372435516276,0.10212932091963012,0.04990891936056103,0.9982142857142857
N16_i16_Amargin_s45,16,16,Amargin,45,560,0.022188128748894087,0.2781874434207829,0.07527174617507626,0.40755777789621017,0.9982142857142857
N16_i16_Amargin_s46,16,16,Amargin,46,560,0.38334382022731006,0.12522579352310206,0.021492416237091305,0.4780731034092549,0.9982142857142857
N16_i17_1.1xAcrit_s42,16,17,1.1xAcrit,42,560,0.22819306472956669,0.12348115151861874,0.10463369618980248,0.5045444195091089,0.9982142857142857
N16_i17_1.1xAcrit_s43,16,17,1.1xAcrit,43,560,0.18283621328464505,0.5470932035880869,0.14825288804422598,0.12354333488878248,0.9982142857142857
N16_i17_1.1xAcrit_s44,16,17,1.1xAcrit,44,560,0.24772370354185114,0.1965796495412867,0.10207519485993544,0.09306324601537681,0.9982142857142857
N16_i17_1.1xAcrit_s45,16,17,1.1xAcrit,45,560,0.16430680413196797,0.6293434857438831,0.10040868947842796,0.32943640779618305,0.9982142857142857
N16_i17_1.1xAcrit_s46,16,17,1.1xAcrit,46,560,0.2157753932988271,0.39962559558587263,0.07931273776330272,0.3531478670617386,0.9982142857142857
N16_i17_10xAcrit_s42,16,17,10xAcrit,42,560,0.3477005246677436,0.02643030385535069,0.006909388675907735,0.42371438308027864,0.9982142857142857
N16_i17_10xAcrit_s43,16,17,10xAcrit,43,560,0.0005668452493523546,0.07930949723223253,0.2161272432131227,0.017019995610047342,0.9982142857142857
N16_i17_10xAcrit_s44,16,17,10xAcrit,44,560,0.4559048059163615,0.014531338852856871,0.10171285865362734,0.017591778133542648,0.9982142857142857
N16_i17_10xAcrit_s45,16,17,10xAcrit,45,560,0.028484127247793367,0.1679182325254422,0.024993553074864394,0.363329178472624,0.9982142857142857
N16_i17_10xAcrit_s46,16,17,10xAcrit,46,560,0.33056456659687683,0.039785518000866826,0.027908545267564477,0.07070746882480855,0.9982142857142857
N16_i17_2xAcrit_s42,16,17,2xAcrit,42,560,0.3461711314448621,0.05695017552403398,0.13890386430887247,0.4202554190494445,0.9982142857142857
N16_i17_2xAcrit_s43,16,17,2xAcrit,43,560,0.010088228025779244,0.08588541971477673,0.19795862073078752,0.07728940219980358,0.9982142857142857
N16_i17_2xAcrit_s44,16,17,2xAcrit,44,560,0.3795927250466775,0.11982740650073648,0.10259664290060755,0.06504650510623025,0.9982142857142857
N16_i17_2xAcrit_s45,16,17,2xAcrit,45,560,0.08730530615503085,0.20211552231036453,0.08778525690740935,0.3197089071597927,0.9982142857142857
N16_i17_2xAcrit_s46,16,17,2xAcrit,46,560,0.20786476312787272,0.24592600376314305,0.034213735201745976,0.45252694210906785,0.9982142857142857
N16_i17_5xAcrit_s42,16,17,5xAcrit,42,560,0.5935541280778125,0.031321586302333296,0.018385876423920422,0.3850390063170999,0.9982142857142857
N16_i17_5xAcrit_s43,16,17,5xAcrit,43,560,0.000974468504637116,0.09330229335248774,0.22003801926621236,0.03337443374691437,0.9982142857142857
N16_i17_5xAcrit_s44,16,17,5xAcrit,44,560,0.4270913018262945,0.04079698291787534,0.10221112069848459,0.032358034180723264,0.9982142857142857
N16_i17_5xAcrit_s45,16,17,5xAcrit,45,560,0.049786680898023405,0.21040747755251066,0.04864903357618999,0.44980427302978165,0.9982142857142857
N16_i17_5xAcrit_s46,16,17,5xAcrit,46,560,0.3728271560976282,0.06658242615547606,0.016027218868202908,0.33508763169652084,0.9982142857142857
N16_i17_Aheur_s42,16,17,Aheur,42,560,0.38716160668991506,0.0007438569982794961,0.033702889530104585,0.024080229117872894,0.9982142857142857
N16_i17_Aheur_s43,16,17,Aheur,43,560,0.0005618759590788613,0.0067106590918246875,0.20468748311395757,0.001134679268255164,0.9982142857142857
N16_i17_Aheur_s44,16,17,Aheur,44,560,0.2293079882801976,0.000472779351727749,0.10087594752258155,0.001230928376110088,0.9982142857142857
N16_i17_Aheur_s45,16,17,Aheur,45,560,0.1235099280020222,0.002720561061919196,0.0068656431867566425,0.04513052081980275,0.9982142857142857
N16_i17_Aheur_s46,16,17,Aheur,46,560,0.2770722847781144,0.0008540051736638067,0.034721527219517156,0.0024235426533631235,0.9982142857142857
N16_i17_Amargin_s42,16,17,Amargin,42,560,0.46595270867692307,0.05459760314160286,0.03956003741399172,0.3506823787266372,0.9982142857142857
N16_i17_Amargin_s43,16,17,Amargin,43,560,0.0008065507173000697,0.1495450712151199,0.2183365726377815,0.044637450076690705,0.9982142857142857
N16_i17_Amargin_s44,16,17,Amargin,44,560,0.4451118635479361,0.07225197613952598,0.1024183511181036,0.041557928078754795,0.9982142857142857
N16_i17_Amargin_s45,16,17,Amargin,45,560,0.05649423583963653,0.20007395902613107,0.06157299603955835,0.4383450924175023,0.9982142857142857
N16_i17_Amargin_s46,16,17,Amargin,46,560,0.38619913344155066,0.1193565178744613,0.015103703380501265,0.4951628756573253,0.9982142857142857
N16_i18_1.1xAcrit_s42,16,18,1.1xAcrit,42,560,0.32591356834745966,0.10674837317001554,0.12772349183887854,0.5587579635922542,0.9982142857142857
N16_i18_1.1xAcrit_s43,16,18,1.1xAcrit,43,560,0.24940836951367373,0.650866965739286,0.0832249729137402,0.12132259926486574,0.9982142857142857
N16_i18_1.1xAcrit_s44,16,18,1.1xAcrit,44,560,0.33178808877710253,0.18206639362677324,0.09912732797965873,0.1099931854655285,0.9982142857142857
N16_i18_1.1xAcrit_s45,16,18,1.1xAcrit,45,560,0.0927026942818383,0.6782296947242732,0.08890121149445207,0.3927655604567912,0.9982142857142857
N16_i18_1.1xAcrit_s46,16,18,1.1xAcrit,46,560,0.23187051957279436,0.47546684164378084,0.1314082111857715,0.2633309434198515,0.9982142857142857
N16_i18_10xAcrit_s42,16,18,10xAcrit,42,560,0.4355551720364019,0.012869150754536214,0.007906661438426,0.4611000677629157,0.9982142857142857
N16_i18_10xAcrit_s43,16,18,10xAcrit,43,560,0.0001404819796615442,0.1998326970114675,0.22325107993674465,0.017104155978607448,0.9982142857142857
N16_i18_10xAcrit_s44,16,18,10xAcrit,44,560,0.4249626631499268,0.014422554852622917,0.10146409258595668,0.020934207409384453,0.9982142857142857
N16_i18_10xAcrit_s45,16,18,10xAcrit,45,560,0.02588039113834384,0.16393299154703506,0.04004714980464996,0.33378469146707546,0.9982142857142857
N16_i18_10xAcrit_s46,16,18,10xAcrit,46,560,0.02463131956392317,0.00396972673430966,0.019539903114491608,0.16018778465325523,0.9982142857142857
N16_i18_2xAcrit_s42,16,18,2xAcrit,42,560,0.30848922426230274,0.06846737942561293,0.07078746873095554,0.5027216454279093,0.9982142857142857
N16_i18_2xAcrit_s43,16,18,2xAcrit,43,560,0.19473854079842567,0.14076269563082217,0.1628761407919228,0.07500462882763183,0.9982142857142857
N16_i18_2xAcrit_s44,16,18,2xAcrit,44,560,0.425847544654971,0.11448702765708672,0.10094451940676663,0.07725289113673675,0.9982142857142857
N16_i18_2xAcrit_s45,16,18,2xAcrit,45,560,0.07331907537559346,0.2847271067824946,0.08973890466714352,0.3832497545933255,0.9982142857142857
N16_i18_2xAcrit_s46,16,18,2xAcrit,46,560,0.23340080229536397,0.30975862080660177,0.06777289475212456,0.30717285853443854,0.9982142857142857
N16_i18_5xAcrit_s42,16,18,5xAcrit,42,560,0.626344580843579,0.04062963790949969,0.04634457877909881,0.3130246593955299,0.9982142857142857
N16_i18_5xAcrit_s43,16,18,5xAcrit,43,560,0.00025637209557033414,0.2607210659099337,0.22301567095564678,0.03194539827353357,0.9982142857142857
N16_i18_5xAcrit_s44,16,18,5xAcrit,44,560,0.4215949884383008,0.05038622267488811,0.10163282981375232,0.03851866510954656,0.9982142857142857
N16_i18_5xAcrit_s45,16,18,5xAcrit,45,560,0.04762707190820947,0.19682527443046005,0.06221231305744368,0.4258256169882279,0.9982142857142857
N16_i18_5xAcrit_s46,16,18,5xAcrit,46,560,0.16034783399663866,0.32550660495951245,0.01213097039871458,0.5676708629438646,0.9982142857142857
N16_i18_Aheur_s42,16,18,Aheur,42,560,0.37528128776466474,0.0008477547819052249,0.03141174003758351,0.031131582644059422,0.9982142857142857
N16_i18_Aheur_s43,16,18,Aheur,43,560,0.0005636758313585233,0.005784670450536969,0.2056964314833749,0.0014330866731182218,0.9982142857142857
N16_i18_Aheur_s44,16,18,Aheur,44,560,0.22932766526355408,0.0004692736258140283,0.10087169859616552,0.0016118410859171524,0.9982142857142857
N16_i18_Aheur_s45,16,18,Aheur,45,560,0.1149543479696149,0.0028455111094239155,0.007447390174093016,0.0574172762517786,0.9982142857142857
N16_i18_Aheur_s46,16,18,Aheur,46,560,0.28323930548503995,0.0011707313310487864,0.03488149189433898,0.0021190773201721236,0.9982142857142857
N16_i18_Amargin_s42,16,18,Amargin,42,560,0.29750444437377155,0.06650721587264194,0.09535126604555444,0.5001907235511527,0.9982142857142857
N16_i18_Amargin_s43,16,18,Amargin,43,560,0.08872461676219245,0.20290689533245032,0.18655775276420172,0.061502625778401786,0.9982142857142857
N16_i18_Amargin_s44,16,18,Amargin,44,560,0.4469309232372325,0.09640979112492042,0.10128720467037056,0.06640231457050849,0.9982142857142857
N16_i18_Amargin_s45,16,18,Amargin,45,560,0.07360848804637499,0.25528316185622946,0.08148439134220098,0.3812082237998537,0.9982142857142857
N16_i18_Amargin_s46,16,18,Amargin,46,560,0.29651462360925507,0.22034146057402487,0.04540129878660082,0.3542072211810626,0.9982142857142857
N16_i19_1.1xAcrit_s42,16,19,1.1xAcrit,42,560,0.3400901229761075,0.07411590530444835,0.14244928354582953,0.4371266405396542,0.9982142857142857
N16_i19_1.1xAcrit_s43,16,19,1.1xAcrit,43,560,0.2902141210342961,0.5017598098202686,0.18033510172972456,0.11407582730223231,0.9982142857142857
N16_i19_1.1xAcrit_s44,16,19,1.1xAcrit,44,560,0.3604059208300896,0.13185065143379676,0.10221331224602181,0.07493926590638852,0.9982142857142857
N16_i19_1.1xAcrit_s45,16,19,1.1xAcrit,45,560,0.08360380517251542,0.2263201442668434,0.0994883873222534,0.34888189333273323,0.9982142857142857
N16_i19_1.1xAcrit_s46,16,19,1.1xAcrit,46,560,0.3480925104522612,0.26073310460495636,0.05068736136308871,0.3714583190902581,0.9982142857142857
N16_i19_10xAcrit_s42,16,19,10xAcrit,42,560,0.36857837851857767,0.0034749899423508644,0.009252968746295664,0.3058631785482982,0.9982142857142857
N16_i19_10xAcrit_s43,16,19,10xAcrit,43,560,0.00027847892638988014,0.09282770728082547,0.21382242799154483,0.012897502423954248,0.9982142857142857
N16_i19_10xAcrit_s44,16,19,10xAcrit,44,560,0.2730169975257013,0.006096399903718858,0.10140781334484927,0.012183577306740639,0.9982142857142857
N16_i19_10xAcrit_s45,16,19,10xAcrit,45,560,0.006722045594415249,0.11463808910220691,0.018537289431151294,0.3041611220676612,0.9982142857142857
N16_i19_10xAcrit_s46,16,19,10xAcrit,46,560,0.30093918897910044,0.01604526334904754,0.032111193457240006,0.03089876004640611,0.9982142857142857
N16_i19_2xAcrit_s42,16,19,2xAcrit,42,560,0.38134270429145545,0.03549743889920251,0.0723289690662341,0.3762861287520288,0.9982142857142857
N16_i19_2xAcrit_s43,16,19,2xAcrit,43,560,0.000815043192289977,0.12591673661057112,0.21425011966493912,0.06593494803898325,0.9982142857142857
N16_i19_2xAcrit_s44,16,19,2xAcrit,44,560,0.4446222149999812,0.08189255778463231,0.1023039032734232,0.04932740902555061,0.9982142857142857
N16_i19_2xAcrit_s45,16,19,2xAcrit,45,560,0.01989002970412912,0.2590691803060783,0.07505251026486803,0.43491693539227216,0.9982142857142857
N16_i19_2xAcrit_s46,16,19,2xAcrit,46,560,0.3849400692852214,0.14972072285818552,0.018947411285402893,0.4745699580160523,0.9982142857142857
N16_i19_5xAcrit_s42,16,19,5xAcrit,42,560,0.6325706446077675,0.025460526209799675,0.009426047401040805,0.4656444017910294,0.9982142857142857
N16_i19_5xAcrit_s43,16,19,5xAcrit,43,560,0.0006676907199221205,0.08822264144509406,0.2195914352487307,0.02620504625097679,0.9982142857142857
N16_i19_5xAcrit_s44,16,19,5xAcrit,44,560,0.46154048561584204,0.02193358751400985,0.10180187148216646,0.023015496831876325,0.9982142857142857
N16_i19_5xAcrit_s45,16,19,5xAcrit,45,560,0.04243117047644773,0.19322592799282176,0.037008574480296375,0.4149052011851819,0.9982142857142857
N16_i19_5xAcrit_s46,16,19,5xAcrit,46,560,0.252350739801841,0.3390228192282195,0.02167914115852909,0.15663708800574744,0.9982142857142857
N16_i19_Aheur_s42,16,19,Aheur,42,560,0.3879949730471708,0.0006791890159493509,0.034054874606226804,0.020980967312313078,0.9982142857142857
N16_i19_Aheur_s43,16,19,Aheur,43,560,0.0005759863255434539,0.003938898065746289,0.20463523527723737,0.0010599914239875574,0.9982142857142857
N16_i19_Aheur_s44,16,19,Aheur,44,560,0.22969623800599948,0.0003411390277499191,0.10085961676668376,0.0010651467325540924,0.9982142857142857
N16_i19_Aheur_s45,16,19,Aheur,45,560,0.12135551607934758,0.0018483427329821355,0.00681358756901318,0.04181931619304349,0.9982142857142857
N16_i19_Aheur_s46,16,19,Aheur,46,560,0.2754370993352495,0.0007829255452834093,0.03464274969883263,0.001770567135172566,0.9982142857142857
N16_i19_Amargin_s42,16,19,Amargin,42,560,0.38405495148617774,0.03444522802087087,0.07056981240020832,0.3759285636421317,0.9982142857142857
N16_i19_Amargin_s43,16,19,Amargin,43,560,0.0007846074819610749,0.12701310608264574,0.21453247411409393,0.06532162298243865,0.9982142857142857
N16_i19_Amargin_s44,16,19,Amargin,44,560,0.4452369693899527,0.0812251720356966,0.1023011120269075,0.048965585377368524,0.9982142857142857
N16_i19_Amargin_s45,16,19,Amargin,45,560,0.01965361293150636,0.25686326950820076,0.07465908604535798,0.43673866192823874,0.9982142857142857
N16_i19_Amargin_s46,16,19,Amargin,46,560,0.3851761076366529,0.14752639983946259,0.01867556451554009,0.4759581556240242,0.9982142857142857
N16_i20_1.1xAcrit_s42,16,20,1.1xAcrit,42,560,0.2192251260858029,0.11261496400045232,0.08610984580428749,0.4401389198064606,0.9982142857142857
N16_i20_1.1xAcrit_s43,16,20,1.1xAcrit,43,560,0.18036919785325267,0.6518784336040875,0.15152909317112062,0.09330649046671768,0.9982142857142857
N16_i20_1.1xAcrit_s44,16,20,1.1xAcrit,44,560,0.3145264488121029,0.15756716666250026,0.1010376924823504,0.08049122054295682,0.9982142857142857
N16_i20_1.1xAcrit_s45,16,20,1.1xAcrit,45,560,0.06892688684456516,0.16032516506767003,0.08601797412251244,0.361291115271563,0.9982142857142857
N16_i20_1.1xAcrit_s46,16,20,1.1xAcrit,46,560,0.22579299350036308,0.376224454343132,0.0809948832511509,0.2993096978480849,0.9982142857142857
N16_i20_10xAcrit_s42,16,20,10xAcrit,42,560,0.32333002041559666,0.02169057743214959,0.00488324808114271,0.4013206110898907,0.9982142857142857
N16_i20_10xAcrit_s43,16,20,10xAcrit,43,560,0.0003236437116242996,0.09833181512623479,0.21824180291150697,0.012540132189033996,0.9982142857142857
N16_i20_10xAcrit_s44,16,20,10xAcrit,44,560,0.40241523744771257,0.012895169267963101,0.10150409516063519,0.014142749623923014,0.9982142857142857
N16_i20_10xAcrit_s45,16,20,10xAcrit,45,560,0.02466439017371158,0.13128936260318105,0.02557288789330414,0.28638457667568346,0.9982142857142857
N16_i20_10xAcrit_s46,16,20,10xAcrit,46,560,0.33544765890110284,0.03286466647100053,0.02729653236019658,0.0568587140379823,0.9982142857142857
N16_i20_2xAcrit_s42,16,20,2xAcrit,42,560,0.27818102802848443,0.0621971692676742,0.1157004210838295,0.3932053028524283,0.9982142857142857
N16_i20_2xAcrit_s43,16,20,2xAcrit,43,560,0.003818890088268745,0.09538797298831385,0.20475505510694347,0.055568398556552816,0.9982142857142857
N16_i20_2xAcrit_s44,16,20,2xAcrit,44,560,0.42724204913247377,0.0974683461928567,0.1019176800182322,0.054701595504214176,0.9982142857142857
N16_i20_2xAcrit_s45,16,20,2xAcrit,45,560,0.0693831432472507,0.21654123734796005,0.07239494198529428,0.3497419388688955,0.9982142857142857
N16_i20_2xAcrit_s46,16,20,2xAcrit,46,560,0.2962402423436288,0.24697181469037022,0.029143828206315447,0.41048263514582156,0.9982142857142857
N16_i20_5xAcrit_s42,16,20,5xAcrit,42,560,0.58802032424137,0.026359447768941766,0.01641353610793317,0.35482943554632396,0.9982142857142857
N16_i20_5xAcrit_s43,16,20,5xAcrit,43,560,0.00022366127198125696,0.17348915220033156,0.2240709695906844,0.0236439876819733,0.9982142857142857
N16_i20_5xAcrit_s44,16,20,5xAcrit,44,560,0.4545032022288069,0.023702118632377863,0.10185513042961247,0.026370548361574757,0.9982142857142857
N16_i20_5xAcrit_s45,16,20,5xAcrit,45,560,0.041127262331883685,0.21117949420424342,0.047375024944258826,0.39659036120342883,0.9982142857142857
N16_i20_5xAcrit_s46,16,20,5xAcrit,46,560,0.388516685256036,0.068079130232434,0.013656715831757538,0.3131689144091909,0.9982142857142857
N16_i20_Aheur_s42,16,20,Aheur,42,560,0.38284476596163586,0.000652351289794219,0.033093218349677045,0.022013868763742523,0.9982142857142857
N16_i20_Aheur_s43,16,20,Aheur,43,560,0.000568535874549525,0.0056986163077799405,0.20499870824278332,0.0010374245630651432,0.9982142857142857
N16_i20_Aheur_s44,16,20,Aheur,44,560,0.22948096788604744,0.00041874877138980775,0.10086763129220344,0.0011118482448887867,0.9982142857142857
N16_i20_Aheur_s45,16,20,Aheur,45,560,0.12173099952633493,0.0023969299348119174,0.007019055509772443,0.0408362967011098,0.9982142857142857
N16_i20_Aheur_s46,16,20,Aheur,46,560,0.2787814737530425,0.0008094838455214381,0.034749722875858424,0.0021004985865383428,0.9982142857142857
N16_i20_Amargin_s42,16,20,Amargin,42,560,0.44543779786909,0.013697126438687483,0.0713518850662922,0.31562241465084273,0.9982142857142857
N16_i20_Amargin_s43,16,20,Amargin,43,560,0.0006102774357827911,0.13885526089437136,0.22011905373074114,0.038559665651824226,0.9982142857142857
N16_i20_Amargin_s44,16,20,Amargin,44,560,0.45917194383218884,0.07035220680269191,0.10201485588913783,0.0409287388778955,0.9982142857142857
N16_i20_Amargin_s45,16,20,Amargin,45,560,0.019285460469291138,0.18955040855150146,0.06201283211066766,0.40193033519538446,0.9982142857142857
N16_i20_Amargin_s46,16,20,Amargin,46,560,0.39264150243252516,0.10320160530621772,0.014270903318513106,0.5076873655947234,0.9982142857142857
N16_i21_1.1xAcrit_s42,16,21,1.1xAcrit,42,560,0.249810033616086,0.27023403045262484,0.16320380525775136,0.5907323660493431,0.9982142857142857
N16_i21_1.1xAcrit_s43,16,21,1.1xAcrit,43,560,0.262724862084724,0.23395656822039967,0.024496340146470175,0.3925598696036565,0.9982142857142857
N16_i21_1.1xAcrit_s44,16,21,1.1xAcrit,44,560,0.2570114944257398,0.362357395945882,0.09817982485401444,0.16000408862731996,0.9982142857142857
N16_i21_1.1xAcrit_s45,16,21,1.1xAcrit,45,560,0.21629764043481714,0.5070039193771971,0.10326051197777275,0.5470993819034712,0.9982142857142857
N16_i21_1.1xAcrit_s46,16,21,1.1xAcrit,46,560,0.3098176651599971,0.8307225555614407,0.11478362289471988,0.4750276481390683,0.9982142857142857
N16_i21_10xAcrit_s42,16,21,10xAcrit,42,560,0.6286569759831764,0.040815483575497975,0.025242575646188925,0.4291284063923898,0.9982142857142857
N16_i21_10xAcrit_s43,16,21,10xAcrit,43,560,0.00010020707637628523,0.3712549431739931,0.22130003909114748,0.05324988601767032,0.9982142857142857
N16_i21_10xAcrit_s44,16,21,10xAcrit,44,560,0.45794365578331053,0.03465394476957132,0.10175311185594182,0.03548284467556935,0.9982142857142857
N16_i21_10xAcrit_s45,16,21,10xAcrit,45,560,0.04199527969444716,0.2633123170193493,0.06346679210255957,0.48549495947493115,0.9982142857142857
N16_i21_10xAcrit_s46,16,21,10xAcrit,46,560,0.3723577280761674,0.10579090512467335,0.014821769156043274,0.45506571748145447,0.9982142857142857
N16_i21_2xAcrit_s42,16,21,2xAcrit,42,560,0.30115883398684673,0.1586488630535176,0.14341181666060265,0.5244315774794259,0.9982142857142857
N16_i21_2xAcrit_s43,16,21,2xAcrit,43,560,0.26244070043026113,0.5715829137822555,0.08556915247390862,0.25873275175593097,0.9982142857142857
N16_i21_2xAcrit_s44,16,21,2xAcrit,44,560,0.33128189110720996,0.23024985076565274,0.1006237961773877,0.11891370191265316,0.9982142857142857
N16_i21_2xAcrit_s45,16,21,2xAcrit,45,560,0.1391150323316026,0.5423666696148726,0.11906889025669898,0.44339774711202695,0.9982142857142857
N16_i21_2xAcrit_s46,16,21,2xAcrit,46,560,0.2986834049158915,0.68423212105558,0.123054149271411,0.36101674480326384,0.9982142857142857
N16_i21_5xAcrit_s42,16,21,5xAcrit,42,560,0.2941731178725604,0.07750612002219132,0.12033233787497011,0.40823594316059214,0.9982142857142857
N16_i21_5xAcrit_s43,16,21,5xAcrit,43,560,0.0009676152661555193,0.24443048913714724,0.19735043951368425,0.11263111693079375,0.9982142857142857
N16_i21_5xAcrit_s44,16,21,5xAcrit,44,560,0.4624209798348602,0.10712696918043929,0.10188169723551255,0.06343623076627786,0.9982142857142857
N16_i21_5xAcrit_s45,16,21,5xAcrit,45,560,0.031210934319915395,0.3133675041143219,0.09506585439385162,0.4662614624753723,0.9982142857142857
N16_i21_5xAcrit_s46,16,21,5xAcrit,46,560,0.3694950418139342,0.22831844999100454,0.03637010387706141,0.3815673414403524,0.9982142857142857
N16_i21_Aheur_s42,16,21,Aheur,42,560,0.379064321401529,0.0009682085412993868,0.03237475998321315,0.03563908506632846,0.9982142857142857
N16_i21_Aheur_s43,16,21,Aheur,43,560,0.0005670720832995357,0.004985518210284586,0.20530797899118625,0.0017860612798660433,0.9982142857142857
N16_i21_Aheur_s44,16,21,Aheur,44,560,0.22942778872675262,0.0005574667778916058,0.10086865545599721,0.001654412506031459,0.9982142857142857
N16_i21_Aheur_s45,16,21,Aheur,45,560,0.11908831997425295,0.0025300774101460538,0.007234691292978823,0.06695301080321436,0.9982142857142857
N16_i21_Aheur_s46,16,21,Aheur,46,560,0.28096250945236534,0.0014822357542787744,0.03480277221387951,0.002227408102204043,0.9982142857142857
N16_i21_Amargin_s42,16,21,Amargin,42,560,0.28557735309004784,0.08387769704909775,0.13463015748129692,0.41183697553052595,0.9982142857142857
N16_i21_Amargin_s43,16,21,Amargin,43,560,0.000971517220918372,0.20662197530641763,0.1907895033218665,0.12258356695885257,0.9982142857142857
N16_i21_Amargin_s44,16,21,Amargin,44,560,0.45575707481475547,0.11499994569885633,0.10185894498135895,0.06767475872586075,0.9982142857142857
N16_i21_Amargin_s45,16,21,Amargin,45,560,0.040338461287547034,0.27411950651674233,0.09932924552731492,0.45599744855947216,0.9982142857142857
N16_i21_Amargin_s46,16,21,Amargin,46,560,0.31964936379517894,0.2845316889035823,0.04257849228110899,0.3669159947408969,0.9982142857142857
N16_i22_1.1xAcrit_s42,16,22,1.1xAcrit,42,560,0.20500270174488833,0.33344815552673823,0.17256731983962226,0.646295098161928,0.9982142857142857
N16_i22_1.1xAcrit_s43,16,22,1.1xAcrit,43,560,0.16082954093386093,0.46957364764640835,0.007738563170960333,0.4081508048512117,0.9982142857142857
N16_i22_1.1xAcrit_s44,16,22,1.1xAcrit,44,560,0.22432251029295003,0.45836795993651125,0.0942363747235504,0.16932622104944622,0.9982142857142857
N16_i22_1.1xAcrit_s45,16,22,1.1xAcrit,45,560,0.24180599820078896,0.4853320780895353,0.08173899019238462,0.5565190101399169,0.9982142857142857
N16_i22_1.1xAcrit_s46,16,22,1.1xAcrit,46,560,0.1048609705669108,0.5760257019223968,0.0675886905655716,0.4839076876713778,0.9982142857142857
N16_i22_10xAcrit_s42,16,22,10xAcrit,42,560,0.3743003443523776,0.04033282556950124,0.10542048210845678,0.39259306305277236,0.9982142857142857
N16_i22_10xAcrit_s43,16,22,10xAcrit,43,560,0.0006345782607439787,0.20532450287318504,0.20773894790909253,0.07214894597394922,0.9982142857142857
N16_i22_10xAcrit_s44,16,22,10xAcrit,44,560,0.4783788211643696,0.0952174423738586,0.1016835766058648,0.051931001653296095,0.9982142857142857
N16_i22_10xAcrit_s45,16,22,10xAcrit,45,560,0.017579704236936777,0.381660022074689,0.08289922437734276,0.4605862519839251,0.9982142857142857
N16_i22_10xAcrit_s46,16,22,10xAcrit,46,560,0.35820228574448265,0.15620865038757953,0.028046940507692852,0.4344636823271734,0.9982142857142857
N16_i22_2xAcrit_s42,16,22,2xAcrit,42,560,0.2969034582347376,0.18608906847076132,0.17249624389734208,0.6250017587385717,0.9982142857142857
N16_i22_2xAcrit_s43,16,22,2xAcrit,43,560,0.258478040486807,0.20067306410704994,0.03261229430427193,0.28494626789767974,0.9982142857142857
N16_i22_2xAcrit_s44,16,22,2xAcrit,44,560,0.27241045763730654,0.33419112351611896,0.09764053306571441,0.13846290204906653,0.9982142857142857
N16_i22_2xAcrit_s45,16,22,2xAcrit,45,560,0.20726320266062714,0.5493039383650902,0.09874230101007697,0.48541594330740595,0.9982142857142857
N16_i22_2xAcrit_s46,16,22,2xAcrit,46,560,0.09662632628896972,0.2635663576019587,0.11700184824803728,0.381354286971359,0.9982142857142857
N16_i22_5xAcrit_s42,16,22,5xAcrit,42,560,0.30051285402441863,0.1034416145478714,0.1262427212649584,0.5825992985781829,0.9982142857142857
N16_i22_5xAcrit_s43,16,22,5xAcrit,43,560,0.1804317469432135,0.28973223521573044,0.14061804114317056,0.1389712805432102,0.9982142857142857
N16_i22_5xAcrit_s44,16,22,5xAcrit,44,560,0.4150849640573142,0.17093685086470156,0.10098980579641648,0.08551649487485276,0.9982142857142857
N16_i22_5xAcrit_s45,16,22,5xAcrit,45,560,0.07031465091222344,0.25464991179638596,0.1142680261972373,0.4091307402835056,0.9982142857142857
N16_i22_5xAcrit_s46,16,22,5xAcrit,46,560,0.3502460252639139,0.3620672691563506,0.08995296415741905,0.3204094675366212,0.9982142857142857
N16_i22_Aheur_s42,16,22,Aheur,42,560,0.37686260032933205,0.0008648385830153604,0.03188110738483374,0.03688634345228933,0.9982142857142857
N16_i22_Aheur_s43,16,22,Aheur,43,560,0.0005661653254946941,0.005591809294839109,0.20551738972426392,0.001697827051986442,0.9982142857142857
N16_i22_Aheur_s44,16,22,Aheur,44,560,0.2293957349320408,0.000633073624979962,0.10086916717409622,0.0016147705996065092,0.9982142857142857
N16_i22_Aheur_s45,16,22,Aheur,45,560,0.11690069206815679,0.002315306189720673,0.007351762594225875,0.0636448270177106,0.9982142857142857
N16_i22_Aheur_s46,16,22,Aheur,46,560,0.28224039467750117,0.001470962964039191,0.03484144847243442,0.002562684720195443,0.9982142857142857
N16_i22_Amargin_s42,16,22,Amargin,42,560,0.29404857478220947,0.07130902855062615,0.13239768193511736,0.41719011014747276,0.9982142857142857
N16_i22_Amargin_s43,16,22,Amargin,43,560,0.0012649650656868516,0.18776817465611947,0.19889071519719437,0.08296705605786685,0.9982142857142857
N16_i22_Amargin_s44,16,22,Amargin,44,560,0.4676754548563622,0.10773223342976693,0.10163155008922331,0.05795406530432259,0.9982142857142857
N16_i22_Amargin_s45,16,22,Amargin,45,560,0.03359341833038343,0.318203004759419,0.08894226619690926,0.44331776891559893,0.9982142857142857
N16_i22_Amargin_s46,16,22,Amargin,46,560,0.3737420683610253,0.189394305383649,0.036973705540049195,0.40222811897187427,0.9982142857142857
N16_i23_1.1xAcrit_s42,16,23,1.1xAcrit,42,560,0.267036026736605,0.18410329625711536,0.14326642135199563,0.5036597450891184,0.9982142857142857
N16_i23_1.1xAcrit_s43,16,23,1.1xAcrit,43,560,0.18160996375104332,0.44156042850617216,0.1066205576644279,0.2378473944501867,0.9982142857142857
N16_i23_1.1xAcrit_s44,16,23,1.1xAcrit,44,560,0.26346324124824605,0.26141259981355935,0.10151376184512628,0.10188176855714459,0.9982142857142857
N16_i23_1.1xAcrit_s45,16,23,1.1xAcrit,45,560,0.20000229384484847,0.7676397380175346,0.12044731996775226,0.3867980132245644,0.9982142857142857
N16_i23_1.1xAcrit_s46,16,23,1.1xAcrit,46,560,0.2638187686948186,0.6951384992528713,0.11129894694022369,0.34395790414717453,0.9982142857142857
N16_i23_10xAcrit_s42,16,23,10xAcrit,42,560,0.5045675556175411,0.02815070370619295,0.010692144258647396,0.46736005032841843,0.9982142857142857
N16_i23_10xAcrit_s43,16,23,10xAcrit,43,560,0.0005982669412105679,0.09704582285213953,0.2173272677755449,0.028657457878170235,0.9982142857142857
N16_i23_10xAcrit_s44,16,23,10xAcrit,44,560,0.4623773506609723,0.02122974597388231,0.10172611169400625,0.019152885335333047,0.9982142857142857
N16_i23_10xAcrit_s45,16,23,10xAcrit,45,560,0.032781972742668586,0.1997991543111801,0.032914997967964155,0.4217730680109347,0.9982142857142857
N16_i23_10xAcrit_s46,16,23,10xAcrit,46,560,0.3328619759704452,0.08043826629377304,0.025165897899569245,0.12046212111388042,0.9982142857142857
N16_i23_2xAcrit_s42,16,23,2xAcrit,42,560,0.3312381432915572,0.11547513738116215,0.16258268666842923,0.4199407987774445,0.9982142857142857
N16_i23_2xAcrit_s43,16,23,2xAcrit,43,560,0.00937466075993143,0.1369322534908372,0.17485831562953535,0.15032212419444846,0.9982142857142857
N16_i23_2xAcrit_s44,16,23,2xAcrit,44,560,0.3648800332448445,0.1583096726597599,0.10236415144754574,0.07121372531577173,0.9982142857142857
N16_i23_2xAcrit_s45,16,23,2xAcrit,45,560,0.08217438654651232,0.20994239497362005,0.1133819170327115,0.37848826718114165,0.9982142857142857
N16_i23_2xAcrit_s46,16,23,2xAcrit,46,560,0.33785777710727416,0.31964964799347584,0.057346583206253854,0.34676404590024457,0.9982142857142857
N16_i23_5xAcrit_s42,16,23,5xAcrit,42,560,0.625246855604928,0.04549128072703951,0.030012934067343622,0.41510328477218295,0.9982142857142857
N16_i23_5xAcrit_s43,16,23,5xAcrit,43,560,0.0009392503054073131,0.11850580623849333,0.21820321361883543,0.061391647189319,0.9982142857142857
N16_i23_5xAcrit_s44,16,23,5xAcrit,44,560,0.41502604677225463,0.07161697015640411,0.10218799641006626,0.03532219078019609,0.9982142857142857
N16_i23_5xAcrit_s45,16,23,5xAcrit,45,560,0.04858390255185441,0.23259946145369792,0.06611035454909597,0.49743482595154187,0.9982142857142857
N16_i23_5xAcrit_s46,16,23,5xAcrit,46,560,0.3992117516172584,0.11339028413187247,0.015874130031052758,0.4376695994139085,0.9982142857142857
N16_i23_Aheur_s42,16,23,Aheur,42,560,0.37763145921053365,0.0010842896738096604,0.03148611117649125,0.04783524883902729,0.9982142857142857
N16_i23_Aheur_s43,16,23,Aheur,43,560,0.000527391891807838,0.004144369085625805,0.20541174805839546,0.002327942255404316,0.9982142857142857
N16_i23_Aheur_s44,16,23,Aheur,44,560,0.22835159543319605,0.0007755322168997526,0.10091492836363614,0.0019264886665845886,0.9982142857142857
N16_i23_Aheur_s45,16,23,Aheur,45,560,0.11713767320907209,0.0019040767903277687,0.007387759555058437,0.08450867875022247,0.9982142857142857
N16_i23_Aheur_s46,16,23,Aheur,46,560,0.28377242235001177,0.001922701109708976,0.03498283983935835,0.0023271001260350265,0.9982142857142857
N16_i23_Amargin_s42,16,23,Amargin,42,560,0.2878336466383189,0.06987265216358966,0.08425623090715817,0.4029246728333885,0.9982142857142857
N16_i23_Amargin_s43,16,23,Amargin,43,560,0.0011788160365995282,0.12237928367873994,0.20739256200613454,0.09660487894553575,0.9982142857142857
N16_i23_Amargin_s44,16,23,Amargin,44,560,0.4403665216814261,0.10623356520683763,0.10240369103848934,0.05040234022458658,0.9982142857142857
N16_i23_Amargin_s45,16,23,Amargin,45,560,0.02860722582136077,0.24979666708759052,0.08985014240715827,0.45762186385806414,0.9982142857142857
N16_i23_Amargin_s46,16,23,Amargin,46,560,0.3746189408120699,0.22311582375187977,0.02576811751377761,0.4199705652822874,0.9982142857142857
N16_i24_1.1xAcrit_s42,16,24,1.1xAcrit,42,560,0.20671487595245708,0.17048871148979966,0.15166353208617522,0.47980279369018364,0.9982142857142857
N16_i24_1.1xAcrit_s43,16,24,1.1xAcrit,43,560,0.18078538816098444,0.4421677821721249,0.13717887637176318,0.24380437576716069,0.9982142857142857
N16_i24_1.1xAcrit_s44,16,24,1.1xAcrit,44,560,0.24325346337900555,0.25809579769889934,0.10219448005227605,0.0876361936354545,0.9982142857142857
N16_i24_1.1xAcrit_s45,16,24,1.1xAcrit,45,560,0.22794511987262922,0.6529576238597212,0.11874035887194623,0.3685504063160715,0.9982142857142857
N16_i24_1.1xAcrit_s46,16,24,1.1xAcrit,46,560,0.13783716464723028,0.6852992089465313,0.091935229426781,0.37364220288301137,0.9982142857142857
N16_i24_10xAcrit_s42,16,24,10xAcrit,42,560,0.3158402827975806,0.02886561390442399,0.009907837822675347,0.41386062636040144,0.9982142857142857
N16_i24_10xAcrit_s43,16,24,10xAcrit,43,560,0.0005347905525923125,0.07944702423468677,0.21491845659329556,0.024925590033801633,0.9982142857142857
N16_i24_10xAcrit_s44,16,24,10xAcrit,44,560,0.4556049896054901,0.017702350705308612,0.10169613725156523,0.015896553356726607,0.9982142857142857
N16_i24_10xAcrit_s45,16,24,10xAcrit,45,560,0.028034710222527792,0.18406224595180748,0.025175387035233143,0.41119725421810627,0.9982142857142857
N16_i24_10xAcrit_s46,16,24,10xAcrit,46,560,0.3294526061217766,0.058559070906928516,0.028833184249378974,0.07068060663646406,0.9982142857142857
N16_i24_2xAcrit_s42,16,24,2xAcrit,42,560,0.36096820048987865,0.059130774340336284,0.14109066326091124,0.3702888005528667,0.9982142857142857
N16_i24_2xAcrit_s43,16,24,2xAcrit,43,560,0.005356494390980515,0.14928063373409234,0.19242666084028315,0.14601071306367913,0.9982142857142857
N16_i24_2xAcrit_s44,16,24,2xAcrit,44,560,0.38190990657312796,0.1491773652706146,0.10266817201045342,0.060315593163182545,0.9982142857142857
N16_i24_2xAcrit_s45,16,24,2xAcrit,45,560,0.07801285425784954,0.20793187118663098,0.10351219481344742,0.4052889522631912,0.9982142857142857
N16_i24_2xAcrit_s46,16,24,2xAcrit,46,560,0.3114515933266375,0.379081489956024,0.0408061802510602,0.3932753780254267,0.9982142857142857
N16_i24_5xAcrit_s42,16,24,5xAcrit,42,560,0.5966842210036702,0.03172912186059361,0.022436169665979833,0.4146933054292885,0.9982142857142857
N16_i24_5xAcrit_s43,16,24,5xAcrit,43,560,0.0010679665883799316,0.12230670838899026,0.21801817265804857,0.05544849477196139,0.9982142857142857
N16_i24_5xAcrit_s44,16,24,5xAcrit,44,560,0.432088483707048,0.0485008582543543,0.10220944561297074,0.029480768198866532,0.9982142857142857
N16_i24_5xAcrit_s45,16,24,5xAcrit,45,560,0.05201502878048814,0.21018402553732332,0.0530391148123357,0.5085974238981785,0.9982142857142857
N16_i24_5xAcrit_s46,16,24,5xAcrit,46,560,0.3753982564958278,0.09674014254788706,0.01764360680272148,0.32267958452093537,0.9982142857142857
N16_i24_Aheur_s42,16,24,Aheur,42,560,0.38081624370533973,0.0009680870393629715,0.03214824731912813,0.044108246085358634,0.9982142857142857
N16_i24_Aheur_s43,16,24,Aheur,43,560,0.0005276615592606504,0.007682200310794783,0.205124442523811,0.002108763969977879,0.9982142857142857
N16_i24_Aheur_s44,16,24,Aheur,44,560,0.22836529952473938,0.000833993385481411,0.10091527774056885,0.00173952876228024,0.9982142857142857
N16_i24_Aheur_s45,16,24,Aheur,45,560,0.12072020505729597,0.002595461959931233,0.007202460605185479,0.0752786108029343,0.9982142857142857
N16_i24_Aheur_s46,16,24,Aheur,46,560,0.28237843100214377,0.0017781434228693904,0.034945976785820676,0.003162015331619157,0.9982142857142857
N16_i24_Amargin_s42,16,24,Amargin,42,560,0.45850234385579824,0.05163493527736269,0.034944295984189466,0.39329779286810684,0.9982142857142857
N16_i24_Amargin_s43,16,24,Amargin,43,560,0.0022850681319823707,0.11401528335205058,0.21634223862201907,0.07404550889450184,0.9982142857142857
N16_i24_Amargin_s44,16,24,Amargin,44,560,0.44871297557256185,0.08369987336689311,0.10240017362229992,0.036567719373467214,0.9982142857142857
N16_i24_Amargin_s45,16,24,Amargin,45,560,0.05050860624305642,0.18896443125385443,0.06717913705915635,0.5132255623647596,0.9982142857142857
N16_i24_Amargin_s46,16,24,Amargin,46,560,0.38560091619729064,0.15547573917223523,0.016797805377585462,0.43127621383039544,0.9982142857142857
N16_i25_1.1xAcrit_s42,16,25,1.1xAcrit,42,560,0.21976606368116336,0.2269940208560841,0.14095587884086314,0.46707201684253985,0.9982142857142857
N16_i25_1.1xAcrit_s43,16,25,1.1xAcrit,43,560,0.16834832642598485,0.43365760652283936,0.0939414252025017,0.31112482551556375,0.9982142857142857
N16_i25_1.1xAcrit_s44,16,25,1.1xAcrit,44,560,0.2535369615534364,0.2917957254395923,0.10201654623961076,0.11738802871910958,0.9982142857142857
N16_i25_1.1xAcrit_s45,16,25,1.1xAcrit,45,560,0.2205970246018737,0.7932668680099277,0.12530805387615374,0.425216488941972,0.9982142857142857
N16_i25_1.1xAcrit_s46,16,25,1.1xAcrit,46,560,0.23095843442730923,0.8437807902589262,0.1146313352182915,0.3878650595635199,0.9982142857142857
N16_i25_10xAcrit_s42,16,25,10xAcrit,42,560,0.5531458894256502,0.028572283307608762,0.01270410136070943,0.43885050154044836,0.9982142857142857
N16_i25_10xAcrit_s43,16,25,10xAcrit,43,560,0.0006197035042987409,0.10625415185140288,0.21580522687872872,0.03399729467669488,0.9982142857142857
N16_i25_10xAcrit_s44,16,25,10xAcrit,44,560,0.4621912286384031,0.02358271541119349,0.10175022577459458,0.021289727411765137,0.9982142857142857
N16_i25_10xAcrit_s45,16,25,10xAcrit,45,560,0.03394395632130909,0.2078919207620401,0.03265613538019352,0.44862850009909727,0.9982142857142857
N16_i25_10xAcrit_s46,16,25,10xAcrit,46,560,0.3307691794761922,0.08929055478266887,0.026424514169775648,0.12384154017996708,0.9982142857142857
N16_i25_2xAcrit_s42,16,25,2xAcrit,42,560,0.1909217217398691,0.29447976124269526,0.1499321180331208,0.4090768499317551,0.9982142857142857
N16_i25_2xAcrit_s43,16,25,2xAcrit,43,560,0.0066849649715550186,0.17805882363447098,0.16746021124708932,0.19164657754189793,0.9982142857142857
N16_i25_2xAcrit_s44,16,25,2xAcrit,44,560,0.34872006956720725,0.17479105957492128,0.10267529162229039,0.08099850890669028,0.9982142857142857
N16_i25_2xAcrit_s45,16,25,2xAcrit,45,560,0.07438852752420644,0.19315626566438931,0.1209494187405653,0.39416299616110806,0.9982142857142857
N16_i25_2xAcrit_s46,16,25,2xAcrit,46,560,0.3538940737344092,0.37549751011625826,0.061621269457873495,0.3650746146448779,0.9982142857142857
N16_i25_5xAcrit_s42,16,25,5xAcrit,42,560,0.6239386725355871,0.05044986210175401,0.031207305757796178,0.4034074944448876,0.9982142857142857
N16_i25_5xAcrit_s43,16,25,5xAcrit,43,560,0.0011216618973719505,0.15043654990035596,0.21562984920456074,0.07537293752850772,0.9982142857142857
N16_i25_5xAcrit_s44,16,25,5xAcrit,44,560,0.4134738075081259,0.07603714032198303,0.10227682915865444,0.039541218844548406,0.9982142857142857
N16_i25_5xAcrit_s45,16,25,5xAcrit,45,560,0.047500652067810734,0.22625890499882134,0.06902736757466421,0.5114931363262102,0.9982142857142857
N16_i25_5xAcrit_s46,16,25,5xAcrit,46,560,0.39924370843800716,0.1352710619331493,0.017739240320977956,0.44592838125261164,0.9982142857142857
N16_i25_Aheur_s42,16,25,Aheur,42,560,0.37979618093231693,0.0012050441126446247,0.03199216691064066,0.049663328734492806,0.9982142857142857
N16_i25_Aheur_s43,16,25,Aheur,43,560,0.00052970594430235,0.006042721489898975,0.20521179371280596,0.0025207907219606893,0.9982142857142857
N16_i25_Aheur_s44,16,25,Aheur,44,560,0.22841534268809482,0.0008181946932117685,0.10091283093788661,0.002107861048277716,0.9982142857142857
N16_i25_Aheur_s45,16,25,Aheur,45,560,0.11934923929220531,0.002574373455962095,0.007283720390660164,0.0901560324386553,0.9982142857142857
N16_i25_Aheur_s46,16,25,Aheur,46,560,0.2827369034057483,0.002063283749053412,0.03494349229367799,0.0031475013344826382,0.9982142857142857
N16_i25_Amargin_s42,16,25,Amargin,42,560,0.28960823206580244,0.07400270468830447,0.06737910611409603,0.4059407197083178,0.9982142857142857
N16_i25_Amargin_s43,16,25,Amargin,43,560,0.0014099589398028911,0.1391713257410921,0.20489130273927003,0.1168791314024615,0.9982142857142857
N16_i25_Amargin_s44,16,25,Amargin,44,560,0.44059953233227134,0.11145294655054276,0.10255833358678501,0.0553073467291889,0.9982142857142857
N16_i25_Amargin_s45,16,25,Amargin,45,560,0.032993001315844595,0.2477178529729532,0.09445617557412334,0.47792068993304654,0.9982142857142857
N16_i25_Amargin_s46,16,25,Amargin,46,560,0.3656216344970744,0.25297268750828666,0.026702967037067538,0.44115196130405154,0.9982142857142857
N16_i26_1.1xAcrit_s42,16,26,1.1xAcrit,42,560,0.2791865376493661,0.18968019897267244,0.14851388067498306,0.546700507044932,0.9982142857142857
N16_i26_1.1xAcrit_s43,16,26,1.1xAcrit,43,560,0.2775498309423483,0.44144248780521606,0.15589065729727736,0.2068242700370035,0.9982142857142857
N16_i26_1.1xAcrit_s44,16,26,1.1xAcrit,44,560,0.2976561584036972,0.17372877214714336,0.10246815098071238,0.09791443952031037,0.9982142857142857
N16_i26_1.1xAcrit_s45,16,26,1.1xAcrit,45,560,0.06568008277463377,0.22737518654699448,0.11334217763851484,0.37857197809670357,0.9982142857142857
N16_i26_1.1xAcrit_s46,16,26,1.1xAcrit,46,560,0.2230992970016814,0.5459644461860997,0.06851001590393935,0.44823966343914956,0.9982142857142857
N16_i26_10xAcrit_s42,16,26,10xAcrit,42,560,0.43313756672432646,0.02253681595625598,0.008380728091708534,0.3574275325213336,0.9982142857142857
N16_i26_10xAcrit_s43,16,26,10xAcrit,43,560,0.0003752893292983117,0.11334334838129656,0.21458021993748844,0.019221783124434975,0.9982142857142857
N16_i26_10xAcrit_s44,16,26,10xAcrit,44,560,0.4093507878133096,0.013212870815264855,0.10157826183422003,0.01688261368802734,0.9982142857142857
N16_i26_10xAcrit_s45,16,26,10xAcrit,45,560,0.02525294960469182,0.13294515046460464,0.02242558500574887,0.38679985223154223,0.9982142857142857
N16_i26_10xAcrit_s46,16,26,10xAcrit,46,560,0.3131510131061077,0.03541704883922119,0.030269105569459498,0.05192680278904431,0.9982142857142857
N16_i26_2xAcrit_s42,16,26,2xAcrit,42,560,0.27950540848542005,0.07511258980351157,0.10763020611489083,0.4174776081824929,0.9982142857142857
N16_i26_2xAcrit_s43,16,26,2xAcrit,43,560,0.0030309454167536387,0.1148891596128406,0.20269574262783863,0.11598589915857846,0.9982142857142857
N16_i26_2xAcrit_s44,16,26,2xAcrit,44,560,0.41139442822895944,0.10379963009931237,0.10263369452150073,0.06610862840671305,0.9982142857142857
N16_i26_2xAcrit_s45,16,26,2xAcrit,45,560,0.050711140313069336,0.233227080150386,0.09134564491523633,0.4308216754887872,0.9982142857142857
N16_i26_2xAcrit_s46,16,26,2xAcrit,46,560,0.24470437089621555,0.3718729146902233,0.028102286561866308,0.4806239370535491,0.9982142857142857
N16_i26_5xAcrit_s42,16,26,5xAcrit,42,560,0.5771749822888523,0.031974457416846236,0.015124042903636337,0.47401268636458627,0.9982142857142857
N16_i26_5xAcrit_s43,16,26,5xAcrit,43,560,0.0009162924471297629,0.09258676665364954,0.21906340919667855,0.042191085754191435,0.9982142857142857
N16_i26_5xAcrit_s44,16,26,5xAcrit,44,560,0.45710328046698123,0.02780944629699049,0.10206075411406346,0.03160173435008666,0.9982142857142857
N16_i26_5xAcrit_s45,16,26,5xAcrit,45,560,0.04564463890164916,0.19671403136655446,0.04615322303445524,0.4969307370951512,0.9982142857142857
N16_i26_5xAcrit_s46,16,26,5xAcrit,46,560,0.38734888966428116,0.07487225119592822,0.01871353672800069,0.24378806519591126,0.9982142857142857
N16_i26_Aheur_s42,16,26,Aheur,42,560,0.38970112818060443,0.0007585234802070694,0.03428008461924037,0.021129050073590228,0.9982142857142857
N16_i26_Aheur_s43,16,26,Aheur,43,560,0.0005744431297216579,0.004956659642340627,0.20452614163514227,0.0010956331383490882,0.9982142857142857
N16_i26_Aheur_s44,16,26,Aheur,44,560,0.2296561941911932,0.0003480917802626903,0.10086170371505432,0.001169363322078996,0.9982142857142857
N16_i26_Aheur_s45,16,26,Aheur,45,560,0.12129180420015473,0.002318233909818591,0.0067615865355037386,0.04444355434755525,0.9982142857142857
N16_i26_Aheur_s46,16,26,Aheur,46,560,0.2747009402955882,0.000801703466115062,0.03462748157835449,0.001975831633787654,0.9982142857142857
N16_i26_Amargin_s42,16,26,Amargin,42,560,0.3883459187054541,0.03375972137669968,0.054504069447149917,0.4153655059386662,0.9982142857142857
N16_i26_Amargin_s43,16,26,Amargin,43,560,0.0009649966459619463,0.13910826861202139,0.2137808630359359,0.0845585837220435,0.9982142857142857
N16_i26_Amargin_s44,16,26,Amargin,44,560,0.4391499458870385,0.08088544506074978,0.10250075542717241,0.05279113162171597,0.9982142857142857
N16_i26_Amargin_s45,16,26,Amargin,45,560,0.026044887484204082,0.2276968684460882,0.07655565851518986,0.4907335138141289,0.9982142857142857
N16_i26_Amargin_s46,16,26,Amargin,46,560,0.3817348261072766,0.17769490553962486,0.01806178677680137,0.47875215835412915,0.9982142857142857
N16_i27_1.1xAcrit_s42,16,27,1.1xAcrit,42,560,0.32940725740627386,0.12102915895228789,0.13742701715995942,0.567685550800139,0.9982142857142857
N16_i27_1.1xAcrit_s43,16,27,1.1xAcrit,43,560,0.28428271097581614,0.5315371891182473,0.12302696136612212,0.19361190831151895,0.9982142857142857
N16_i27_1.1xAcrit_s44,16,27,1.1xAcrit,44,560,0.3371235700615216,0.21006110720071414,0.10134423466661246,0.09879009078781337,0.9982142857142857
N16_i27_1.1xAcrit_s45,16,27,1.1xAcrit,45,560,0.07920795971949701,0.2443135474920706,0.11890594036653113,0.3985248494172171,0.9982142857142857
N16_i27_1.1xAcrit_s46,16,27,1.1xAcrit,46,560,0.291439730960974,0.6011929893199877,0.10165979640987644,0.3451159299886317,0.9982142857142857
N16_i27_10xAcrit_s42,16,27,10xAcrit,42,560,0.37095419329125434,0.027811466141850046,0.008368680878019674,0.43545436025620826,0.9982142857142857
N16_i27_10xAcrit_s43,16,27,10xAcrit,43,560,0.0003207516432155444,0.1155573021644139,0.2174655347771477,0.02084317091497931,0.9982142857142857
N16_i27_10xAcrit_s44,16,27,10xAcrit,44,560,0.4017773436498828,0.017464212038693486,0.10149673030537087,0.017160070864454285,0.9982142857142857
N16_i27_10xAcrit_s45,16,27,10xAcrit,45,560,0.026214133818939445,0.13507360439228427,0.028563005831529154,0.3632539632861271,0.9982142857142857
N16_i27_10xAcrit_s46,16,27,10xAcrit,46,560,0.3323266335646622,0.0563492718343188,0.02733818453270942,0.07860663802058535,0.9982142857142857
N16_i27_2xAcrit_s42,16,27,2xAcrit,42,560,0.2904590202961117,0.08090295275021056,0.14965801361995545,0.4183088385069874,0.9982142857142857
N16_i27_2xAcrit_s43,16,27,2xAcrit,43,560,0.004057843235159453,0.1475681141471777,0.18921529247018043,0.11421240994703792,0.9982142857142857
N16_i27_2xAcrit_s44,16,27,2xAcrit,44,560,0.43419237187481485,0.12965294563085816,0.10204356469330378,0.06692189744468835,0.9982142857142857
N16_i27_2xAcrit_s45,16,27,2xAcrit,45,560,0.06033212716556591,0.266507701449771,0.10054638534484184,0.41382718899769866,0.9982142857142857
N16_i27_2xAcrit_s46,16,27,2xAcrit,46,560,0.2380469841809827,0.3241871248592486,0.04525800176722328,0.377597397486357,0.9982142857142857
N16_i27_5xAcrit_s42,16,27,5xAcrit,42,560,0.591678743774537,0.03394384540631545,0.02224415988951023,0.42625614271776335,0.9982142857142857
N16_i27_5xAcrit_s43,16,27,5xAcrit,43,560,0.0002923608641403064,0.20709472117122882,0.2211348695855122,0.0442831411289979,0.9982142857142857
N16_i27_5xAcrit_s44,16,27,5xAcrit,44,560,0.45597911218646914,0.0334035311966122,0.10186605452327058,0.03208317326167805,0.9982142857142857
N16_i27_5xAcrit_s45,16,27,5xAcrit,45,560,0.05115091258727489,0.2480892151816811,0.057543058613703124,0.4679876635013247,0.9982142857142857
N16_i27_5xAcrit_s46,16,27,5xAcrit,46,560,0.36104037673794664,0.08372378499898558,0.015622652581612329,0.37688436098302613,0.9982142857142857
N16_i27_Aheur_s42,16,27,Aheur,42,560,0.3806828915840015,0.0009025608147380737,0.03260995482196449,0.034352657585694266,0.9982142857142857
N16_i27_Aheur_s43,16,27,Aheur,43,560,0.0005614892868379684,0.006193720032778535,0.20516512729227543,0.0016533740544598542,0.9982142857142857
N16_i27_Aheur_s44,16,27,Aheur,44,560,0.22928056595264934,0.0005975060317770479,0.10087536230275873,0.0015430108061425842,0.9982142857142857
N16_i27_Aheur_s45,16,27,Aheur,45,560,0.1206649611267494,0.0026220264472001714,0.007153274586016778,0.06228095568055506,0.9982142857142857
N16_i27_Aheur_s46,16,27,Aheur,46,560,0.2804476080927998,0.0013625116055840138,0.03480510304507334,0.0024038911308506697,0.9982142857142857
N16_i27_Amargin_s42,16,27,Amargin,42,560,0.40106192289385945,0.03530868632514795,0.06084765268974479,0.3938742116847819,0.9982142857142857
N16_i27_Amargin_s43,16,27,Amargin,43,560,0.00036557878330079063,0.2107475869722632,0.21490662964060903,0.07086634024036341,0.9982142857142857
N16_i27_Amargin_s44,16,27,Amargin,44,560,0.46754575247177854,0.08594537492301697,0.10205179433978628,0.04646810504332653,0.9982142857142857
N16_i27_Amargin_s45,16,27,Amargin,45,560,0.014571338336736517,0.2824159097538164,0.07829168450780344,0.4789170418921234,0.9982142857142857
N16_i27_Amargin_s46,16,27,Amargin,46,560,0.39357498500612564,0.13022625509028563,0.01941654369924173,0.4708193523828188,0.9982142857142857
N16_i28_1.1xAcrit_s42,16,28,1.1xAcrit,42,560,0.2394336663055583,0.24407603464972477,0.14931154228099786,0.41766174265399447,0.9982142857142857
N16_i28_1.1xAcrit_s43,16,28,1.1xAcrit,43,560,0.25232726888225443,0.4898211991571037,0.15267963303631404,0.2195790037334645,0.9982142857142857
N16_i28_1.1xAcrit_s44,16,28,1.1xAcrit,44,560,0.3072840215972974,0.18465494737322793,0.10254041118605528,0.09473813157481184,0.9982142857142857
N16_i28_1.1xAcrit_s45,16,28,1.1xAcrit,45,560,0.0763473933620844,0.2223138697298254,0.11914405591915056,0.36315598512161174,0.9982142857142857
N16_i28_1.1xAcrit_s46,16,28,1.1xAcrit,46,560,0.2524399246667599,0.5521374371755174,0.07208901965373116,0.38916243375147547,0.9982142857142857
N16_i28_10xAcrit_s42,16,28,10xAcrit,42,560,0.4519661794183776,0.012279774591729634,0.009705337547785575,0.35868039342714897,0.9982142857142857
N16_i28_10xAcrit_s43,16,28,10xAcrit,43,560,0.00034666732275923096,0.10552899774766705,0.21388927250518464,0.021077531239516212,0.9982142857142857
N16_i28_10xAcrit_s44,16,28,10xAcrit,44,560,0.4000053702038713,0.014707889669806932,0.1015483983210288,0.015669362392649905,0.9982142857142857
N16_i28_10xAcrit_s45,16,28,10xAcrit,45,560,0.014015799982189492,0.12403102648375644,0.021646928199970716,0.39167440468546755,0.9982142857142857
N16_i28_10xAcrit_s46,16,28,10xAcrit,46,560,0.30807145245489664,0.03569106823402731,0.03094461665750714,0.05007665418374358,0.9982142857142857
N16_i28_2xAcrit_s42,16,28,2xAcrit,42,560,0.28080946987029165,0.08028416154460508,0.09653997597661146,0.406635720793325,0.9982142857142857
N16_i28_2xAcrit_s43,16,28,2xAcrit,43,560,0.0022124856794789594,0.11747259123331835,0.20196899292932358,0.12662697339133766,0.9982142857142857
N16_i28_2xAcrit_s44,16,28,2xAcrit,44,560,0.415773089916911,0.11044065855041019,0.10264578803617042,0.06293763397796293,0.9982142857142857
N16_i28_2xAcrit_s45,16,28,2xAcrit,45,560,0.054807950797112426,0.21400776864625265,0.09546874783700332,0.4366878843818386,0.9982142857142857
N16_i28_2xAcrit_s46,16,28,2xAcrit,46,560,0.2767758099944331,0.3395162226623827,0.02889725016553779,0.42330408201265013,0.9982142857142857
N16_i28_5xAcrit_s42,16,28,5xAcrit,42,560,0.5746278435108252,0.03132779347073256,0.016061798128887972,0.43667955423488874,0.9982142857142857
N16_i28_5xAcrit_s43,16,28,5xAcrit,43,560,0.000978241746963704,0.10110180700598408,0.2182784725446254,0.046693917575818346,0.9982142857142857
N16_i28_5xAcrit_s44,16,28,5xAcrit,44,560,0.45624824770493433,0.03151763161335599,0.10202908323844895,0.029554306399854548,0.9982142857142857
N16_i28_5xAcrit_s45,16,28,5xAcrit,45,560,0.04934809870974277,0.21211045664611494,0.04578341053473878,0.49726676153089255,0.9982142857142857
N16_i28_5xAcrit_s46,16,28,5xAcrit,46,560,0.4019929881906137,0.08279868374555285,0.019837555460526346,0.24076550984492778,0.9982142857142857
N16_i28_Aheur_s42,16,28,Aheur,42,560,0.3797801239416003,0.0012087153177046033,0.03193656514486065,0.043476332455611694,0.9982142857142857
N16_i28_Aheur_s43,16,28,Aheur,43,560,0.0005289423099839041,0.007054545283455359,0.20522128566517495,0.0022839436099484677,0.9982142857142857
N16_i28_Aheur_s44,16,28,Aheur,44,560,0.22840115128201433,0.000648999276313584,0.10091365844709799,0.002092063635653533,0.9982142857142857
N16_i28_Aheur_s45,16,28,Aheur,45,560,0.11946174112381414,0.0032457184528311956,0.0072721583037491655,0.08462918655989082,0.9982142857142857
N16_i28_Aheur_s46,16,28,Aheur,46,560,0.28275527933146805,0.0018170504348902746,0.03495224664948182,0.0030656851770348784,0.9982142857142857
N16_i28_Amargin_s42,16,28,Amargin,42,560,0.3229876863770187,0.060416134335468726,0.06621702751601788,0.4116558971330929,0.9982142857142857
N16_i28_Amargin_s43,16,28,Amargin,43,560,0.0012896385005660704,0.11519984923415336,0.20924498356180266,0.10672692284518812,0.9982142857142857
N16_i28_Amargin_s44,16,28,Amargin,44,560,0.4334382947999984,0.09602262624356739,0.10256865232076962,0.055368709039516115,0.9982142857142857
N16_i28_Amargin_s45,16,28,Amargin,45,560,0.03437013765960728,0.2226025223981553,0.08639818872143223,0.47375748587478167,0.9982142857142857
N16_i28_Amargin_s46,16,28,Amargin,46,560,0.37469190506089944,0.2287545585513038,0.02204550219602197,0.44142846534564306,0.9982142857142857
N16_i29_1.1xAcrit_s42,16,29,1.1xAcrit,42,560,0.3165444199403282,0.1606844184189107,0.14637946307956895,0.5507955162772631,0.9982142857142857
N16_i29_1.1xAcrit_s43,16,29,1.1xAcrit,43,560,0.14335755664198047,0.45014895222470763,0.0632322731307795,0.2700814352122559,0.9982142857142857
N16_i29_1.1xAcrit_s44,16,29,1.1xAcrit,44,560,0.29572872738935985,0.29361804926434004,0.10075443488312885,0.13379658245780124,0.9982142857142857
N16_i29_1.1xAcrit_s45,16,29,1.1xAcrit,45,560,0.12375531192297728,0.49795131879397136,0.12135988687970922,0.4294138881765043,0.9982142857142857
N16_i29_1.1xAcrit_s46,16,29,1.1xAcrit,46,560,0.25996493008259636,0.8201843988271735,0.118124504951993,0.3665816072448488,0.9982142857142857
N16_i29_10xAcrit_s42,16,29,10xAcrit,42,560,0.3063312662416138,0.04536410673479366,0.015091595542220837,0.4379592157102554,0.9982142857142857
N16_i29_10xAcrit_s43,16,29,10xAcrit,43,560,0.00038142484181946656,0.15414597397939345,0.21927186334505677,0.0342374581743271,0.9982142857142857
N16_i29_10xAcrit_s44,16,29,10xAcrit,44,560,0.4591850253636949,0.024071692892119773,0.10162288069841452,0.02647406949169713,0.9982142857142857
N16_i29_10xAcrit_s45,16,29,10xAcrit,45,560,0.03327246580101928,0.20161503159550895,0.04418184552559978,0.4344282393381508,0.9982142857142857
N16_i29_10xAcrit_s46,16,29,10xAcrit,46,560,0.2349906105955597,0.1729887450514973,0.021826718557349523,0.21256244194263296,0.9982142857142857
N16_i29_2xAcrit_s42,16,29,2xAcrit,42,560,0.38211315221269615,0.12519426849578136,0.15489690251712318,0.49066879858064,0.9982142857142857
N16_i29_2xAcrit_s43,16,29,2xAcrit,43,560,0.31209176734910216,0.5768033233515542,0.14039973222679691,0.17255988281450246,0.9982142857142857
N16_i29_2xAcrit_s44,16,29,2xAcrit,44,560,0.4077523274172563,0.18091216131284513,0.1018590228195535,0.09529526632826402,0.9982142857142857
N16_i29_2xAcrit_s45,16,29,2xAcrit,45,560,0.07274674034852069,0.19156476724817922,0.1246160839643835,0.39234057908646147,0.9982142857142857
N16_i29_2xAcrit_s46,16,29,2xAcrit,46,560,0.34878804413892794,0.4351651000368817,0.0846965230321075,0.3313378135742787,0.9982142857142857
N16_i29_5xAcrit_s42,16,29,5xAcrit,42,560,0.48187362879980356,0.065725481118643,0.04502254077443624,0.3886116731210637,0.9982142857142857
N16_i29_5xAcrit_s43,16,29,5xAcrit,43,560,0.00010280908144930101,0.31001673019580056,0.21377548534655944,0.07194499999354706,0.9982142857142857
N16_i29_5xAcrit_s44,16,29,5xAcrit,44,560,0.43982795867486857,0.08469460791264365,0.10197309708746616,0.0483324825406905,0.9982142857142857
N16_i29_5xAcrit_s45,16,29,5xAcrit,45,560,0.013383232168052928,0.32294825945245664,0.08169460034590514,0.4957986539209335,0.9982142857142857
N16_i29_5xAcrit_s46,16,29,5xAcrit,46,560,0.393349180201767,0.13432149481104494,0.0201963334447548,0.5121155482995629,0.9982142857142857
N16_i29_Aheur_s42,16,29,Aheur,42,560,0.3865916592767462,0.0007866688922247236,0.034002748267084826,0.027167905766200623,0.9982142857142857
N16_i29_Aheur_s43,16,29,Aheur,43,560,0.0005847458712651132,0.0037360664843805883,0.20472347526811063,0.0013146390075223081,0.9982142857142857
N16_i29_Aheur_s44,16,29,Aheur,44,560,0.22993121785111725,0.00045034001024831015,0.10084926718263887,0.0012469716204932784,0.9982142857142857
N16_i29_Aheur_s45,16,29,Aheur,45,560,0.12004513482679613,0.0018118502928752018,0.006860599444735271,0.051193212696260086,0.9982142857142857
N16_i29_Aheur_s46,16,29,Aheur,46,560,0.2753991762874648,0.0010316846021193294,0.034616194123373134,0.0020012792457307273,0.9982142857142857
N16_i29_Amargin_s42,16,29,Amargin,42,560,0.35694873917964287,0.05183955294062932,0.0795519020989559,0.3977751338725673,0.9982142857142857
N16_i29_Amargin_s43,16,29,Amargin,43,560,0.000404763807594577,0.27056623511580824,0.2042745832586661,0.09170647821867392,0.9982142857142857
N16_i29_Amargin_s44,16,29,Amargin,44,560,0.4712935340066906,0.1027120562423812,0.10204982211871538,0.05847248417826223,0.9982142857142857
N16_i29_Amargin_s45,16,29,Amargin,45,560,0.017425182095733405,0.4136069800908323,0.0937998555291415,0.4780754445443556,0.9982142857142857
N16_i29_Amargin_s46,16,29,Amargin,46,560,0.3765938481374178,0.18910386611911978,0.029571596564352376,0.45206142237569247,0.9982142857142857
N20_i00_1.1xAcrit_s42,20,0,1.1xAcrit,42,4845,0.20988117913883286,0.33302870766802534,0.12061764314429912,0.5454992905323379,0.9997936016511868
N20_i00_1.1xAcrit_s43,20,0,1.1xAcrit,43,4845,0.2583526596927186,0.25950152678004657,0.05751896010553992,0.3647395417265361,0.9997936016511868
N20_i00_1.1xAcrit_s44,20,0,1.1xAcrit,44,4845,0.2815854624897156,0.32170848758954207,0.08587568697657844,0.13304316332634386,0.9997936016511868
N20_i00_1.1xAcrit_s45,20,0,1.1xAcrit,45,4845,0.12118606985750557,0.6393522477146073,0.07372626962847084,0.4279631549535611,0.9997936016511868
N20_i00_1.1xAcrit_s46,20,0,1.1xAcrit,46,4845,0.27513029061132066,0.7537236340296696,0.11121607080774254,0.42907882880015924,0.9997936016511868
N20_i00_10xAcrit_s42,20,0,10xAcrit,42,4845,0.28179215066847974,0.029673709144361626,0.020951722033260012,0.3190676490737766,0.9997936016511868
N20_i00_10xAcrit_s43,20,0,10xAcrit,43,4845,0.0057884045420451,0.011076239524759949,0.1424960936055868,0.048294290494978784,0.9997936016511868
N20_i00_10xAcrit_s44,20,0,10xAcrit,44,4845,0.5087572863776586,0.05332135074819387,0.08767011792588164,0.023805218873592056,0.9997936016511868
N20_i00_10xAcrit_s45,20,0,10xAcrit,45,4845,0.04752648731891895,0.10390905391388659,0.00910884745792373,0.21638779947160466,0.9997936016511868
N20_i00_10xAcrit_s46,20,0,10xAcrit,46,4845,0.18325917910078715,0.21237931892999368,0.051970706496831554,0.09205739085903678,0.9997936016511868
N20_i00_2xAcrit_s42,20,0,2xAcrit,42,4845,0.2825509040940233,0.1191136019621162,0.09386153608669012,0.4979562435688347,0.9997936016511868
N20_i00_2xAcrit_s43,20,0,2xAcrit,43,4845,0.16528746589159005,0.6708653747122335,0.13516916144726565,0.2277302587105371,0.9997936016511868
N20_i00_2xAcrit_s44,20,0,2xAcrit,44,4845,0.3643952540578539,0.1833820437537882,0.08759440379526495,0.09120594368637122,0.9997936016511868
N20_i00_2xAcrit_s45,20,0,2xAcrit,45,4845,0.2332617472499976,0.6649349658428576,0.08052778652214698,0.3392434602200053,0.9997936016511868
N20_i00_2xAcrit_s46,20,0,2xAcrit,46,4845,0.2827332452720839,0.4555097862590536,0.05257204857496345,0.46209067866269854,0.9997936016511868
N20_i00_5xAcrit_s42,20,0,5xAcrit,42,4845,0.5548334831546526,0.02685752565857853,0.010828776741947654,0.3270178025020955,0.9997936016511868
N20_i00_5xAcrit_s43,20,0,5xAcrit,43,4845,0.006459421250951891,0.009798904395169915,0.16429207772125665,0.09834810252637309,0.9997936016511868
N20_i00_5xAcrit_s44,20,0,5xAcrit,44,4845,0.42280642604237073,0.09952443813240267,0.087962843990681,0.044310739907861885,0.9997936016511868
N20_i00_5xAcrit_s45,20,0,5xAcrit,45,4845,0.22915787211240968,0.11433972229756764,0.03694986503967357,0.15651620376326514,0.9997936016511868
N20_i00_5xAcrit_s46,20,0,5xAcrit,46,4845,0.18948413574798906,0.3771691094543198,0.0462032123393783,0.19688129578101782,0.9997936016511868
N20_i00_Aheur_s42,20,0,Aheur,42,4845,0.04699944201911421,0.0016156006661432166,0.00015528048559684663,0.3849292590156712,0.9997936016511868
N20_i00_Aheur_s43,20,0,Aheur,43,4845,0.004240396390514434,0.0011175135333941879,0.10951688046770869,0.0023866656734859047,0.9997936016511868
N20_i00_Aheur_s44,20,0,Aheur,44,4845,0.5392969251261093,0.003052606663541982,0.08711882595162024,0.00139518766960748,0.9997936016511868
N20_i00_Aheur_s45,20,0,Aheur,45,4845,0.16841970129098627,0.002410024367829888,0.033487164869711705,0.01772007974115101,0.9997936016511868
N20_i00_Aheur_s46,20,0,Aheur,46,4845,0.2975501878972864,0.0018200478604033996,0.09284641722479137,0.0038913688580879146,0.9997936016511868
N20_i00_Amargin_s42,20,0,Amargin,42,4845,0.5279161110811401,0.027822577237989865,0.013208568401741005,0.40408748888018897,0.9997936016511868
N20_i00_Amargin_s43,20,0,Amargin,43,4845,0.00832097763782258,0.009814313116406691,0.16734501527935208,0.11528669324681316,0.9997936016511868
N20_i00_Amargin_s44,20,0,Amargin,44,4845,0.3519285387919808,0.1078643099749754,0.08800317796067247,0.05087340252543253,0.9997936016511868
N20_i00_Amargin_s45,20,0,Amargin,45,4845,0.2806761381616525,0.23433171694422666,0.047590789446189774,0.17018982936122146,0.9997936016511868
N20_i00_Amargin_s46,20,0,Amargin,46,4845,0.35922611737260013,0.16503707195873135,0.04366403654127282,0.2563009766165289,0.9997936016511868
N20_i01_1.1xAcrit_s42,20,1,1.1xAcrit,42,4845,0.13987112291893833,0.5253544087852442,0.12475147555920071,0.5542083351120699,0.9997936016511868
N20_i01_1.1xAcrit_s43,20,1,1.1xAcrit,43,4845,0.12615374001872226,0.4032520422170008,0.05741122336564786,0.4092185564643666,0.9997936016511868
N20_i01_1.1xAcrit_s44,20,1,1.1xAcrit,44,4845,0.055788328357551445,0.5654794516292567,0.0863042742566904,0.13430442405820242,0.9997936016511868
N20_i01_1.1xAcrit_s45,20,1,1.1xAcrit,45,4845,0.13721477871089705,0.5222591932168521,0.07527307697261948,0.4965930186820976,0.9997936016511868
N20_i01_1.1xAcrit_s46,20,1,1.1xAcrit,46,4845,0.17661980040753386,0.8667324630438149,0.1150482018040293,0.4748689516391621,0.9997936016511868
N20_i01_10xAcrit_s42,20,1,10xAcrit,42,4845,0.5007170880417107,0.02535406547178283,0.022709530802565325,0.2981246231999036,0.9997936016511868
N20_i01_10xAcrit_s43,20,1,10xAcrit,43,4845,0.008306764829399071,0.007660720626454377,0.14820354633957322,0.06457647215709977,0.9997936016511868
N20_i01_10xAcrit_s44,20,1,10xAcrit,44,4845,0.45295431025806465,0.06753106959892277,0.08805704393853375,0.028259383491242445,0.9997936016511868
N20_i01_10xAcrit_s45,20,1,10xAcrit,45,4845,0.23951820719594252,0.06303623235124964,0.015002271500407005,0.12341859802548555,0.9997936016511868
N20_i01_10xAcrit_s46,20,1,10xAcrit,46,4845,0.24484213319465198,0.2127026250677524,0.04913291954653687,0.11701473266307211,0.9997936016511868
N20_i01_2xAcrit_s42,20,1,2xAcrit,42,4845,0.08517721602266537,0.4179785813230702,0.1062603670599871,0.5044753052219472,0.9997936016511868
N20_i01_2xAcrit_s43,20,1,2xAcrit,43,4845,0.16877264077912058,0.6148093860467199,0.1273614403062311,0.27240521919819083,0.9997936016511868
N20_i01_2xAcrit_s44,20,1,2xAcrit,44,4845,0.24341987304987356,0.2975057787000889,0.08809326307346055,0.09759748415640372,0.9997936016511868
N20_i01_2xAcrit_s45,20,1,2xAcrit,45,4845,0.1849808471945673,0.7592523698581977,0.09330721292102662,0.40426483618121856,0.9997936016511868
N20_i01_2xAcrit_s46,20,1,2xAcrit,46,4845,0.15683566159759624,0.8267525986945844,0.06125890739806242,0.46784547800389237,0.9997936016511868
N20_i01_5xAcrit_s42,20,1,5xAcrit,42,4845,0.3677101221946941,0.0459333788000615,0.015215710081481898,0.39146371572558075,0.9997936016511868
N20_i01_5xAcrit_s43,20,1,5xAcrit,43,4845,0.010570510941306566,0.01705488640343401,0.16858088298977236,0.12782964793984178,0.9997936016511868
N20_i01_5xAcrit_s44,20,1,5xAcrit,44,4845,0.295993065867151,0.10631602415416055,0.0885076067133923,0.05089469336771824,0.9997936016511868
N20_i01_5xAcrit_s45,20,1,5xAcrit,45,4845,0.2594579837384572,0.4253870779420178,0.06288675971040902,0.2320763715892602,0.9997936016511868
N20_i01_5xAcrit_s46,20,1,5xAcrit,46,4845,0.22669237136324227,0.2682384629212651,0.04270485938397428,0.2676694738190084,0.9997936016511868
N20_i01_Aheur_s42,20,1,Aheur,42,4845,0.04747660471821291,0.0011779376334436842,6.239598387673792e-05,0.40009298573289825,0.9997936016511868
N20_i01_Aheur_s43,20,1,Aheur,43,4845,0.004211274511760621,0.0007829398172438581,0.10884179588174447,0.0017271784632963653,0.9997936016511868
N20_i01_Aheur_s44,20,1,Aheur,44,4845,0.5391752625146182,0.0021337123810343927,0.08711670561388019,0.0009541879802557559,0.9997936016511868
N20_i01_Aheur_s45,20,1,Aheur,45,4845,0.16695513181912247,0.0017781049506908658,0.03415040536719971,0.012010034506072421,0.9997936016511868
N20_i01_Aheur_s46,20,1,Aheur,46,4845,0.29378297666698927,0.0012945845684114614,0.09366361866159423,0.0027334000892567196,0.9997936016511868
N20_i01_Amargin_s42,20,1,Amargin,42,4845,0.4557255227700807,0.03652978114483592,0.018013368551081044,0.3018174736456476,0.9997936016511868
N20_i01_Amargin_s43,20,1,Amargin,43,4845,0.007843799646138905,0.0061350358684114335,0.15961027360935987,0.09119551430704634,0.9997936016511868
N20_i01_Amargin_s44,20,1,Amargin,44,4845,0.3336648419244739,0.08779334078488862,0.08829602063724451,0.038018404028060976,0.9997936016511868
N20_i01_Amargin_s45,20,1,Amargin,45,4845,0.22698886155194486,0.1398048565156882,0.03390937861036036,0.20188828191843872,0.9997936016511868
N20_i01_Amargin_s46,20,1,Amargin,46,4845,0.3226067199702811,0.1730656885497593,0.0465132101880954,0.16581986295602896,0.9997936016511868
N20_i02_1.1xAcrit_s42,20,2,1.1xAcrit,42,4845,0.2082478195022759,0.34273533321993677,0.08878363011515411,0.4842810005102244,0.9997936016511868
N20_i02_1.1xAcrit_s43,20,2,1.1xAcrit,43,4845,0.2176082458894304,0.5682963328553999,0.1300033135466947,0.2237083111848771,0.9997936016511868
N20_i02_1.1xAcrit_s44,20,2,1.1xAcrit,44,4845,0.27764890316052515,0.2538262171869649,0.08743654169211368,0.0911652725732997,0.9997936016511868
N20_i02_1.1xAcrit_s45,20,2,1.1xAcrit,45,4845,0.22564533804383347,0.7393359993778872,0.083829764153182,0.37210101964304276,0.9997936016511868
N20_i02_1.1xAcrit_s46,20,2,1.1xAcrit,46,4845,0.24207240346777326,0.5880070146090088,0.057633646949284856,0.47342505457278194,0.9997936016511868
N20_i02_10xAcrit_s42,20,2,10xAcrit,42,4845,0.5224894775892608,0.01187425964169091,0.01622158057739398,0.3262836855424811,0.9997936016511868
N20_i02_10xAcrit_s43,20,2,10xAcrit,43,4845,0.0075680610439121665,0.0076488468410769546,0.13276558946017758,0.029602557073695565,0.9997936016511868
N20_i02_10xAcrit_s44,20,2,10xAcrit,44,4845,0.5154794830668834,0.033908740735964435,0.0876380083955155,0.015301370284165776,0.9997936016511868
N20_i02_10xAcrit_s45,20,2,10xAcrit,45,4845,0.22442142104409868,0.053880035662710525,0.009369943808543724,0.27551418926865645,0.9997936016511868
N20_i02_10xAcrit_s46,20,2,10xAcrit,46,4845,0.19838302033349464,0.13027001356047221,0.059833167434589996,0.05661314615243619,0.9997936016511868
N20_i02_2xAcrit_s42,20,2,2xAcrit,42,4845,0.2884523589236778,0.07626111907185036,0.04905376389167648,0.46712253610843923,0.9997936016511868
N20_i02_2xAcrit_s43,20,2,2xAcrit,43,4845,0.02190370811081266,0.034398503931591454,0.16956582108468865,0.14089631942244846,0.9997936016511868
N20_i02_2xAcrit_s44,20,2,2xAcrit,44,4845,0.36278838878206443,0.12377278111810097,0.08822923293791973,0.0608497069806595,0.9997936016511868
N20_i02_2xAcrit_s45,20,2,2xAcrit,45,4845,0.1739368873650733,0.6215799821699644,0.07539979963658183,0.2584289765719211,0.9997936016511868
N20_i02_2xAcrit_s46,20,2,2xAcrit,46,4845,0.12957579343151338,0.40583175792045745,0.03562558382227721,0.3878520655707791,0.9997936016511868
N20_i02_5xAcrit_s42,20,2,5xAcrit,42,4845,0.4506888064497616,0.035090200196905966,0.01744745589638086,0.2228260807337495,0.9997936016511868
N20_i02_5xAcrit_s43,20,2,5xAcrit,43,4845,0.005997730599801798,0.009033199313302147,0.15329610575827246,0.060277526245413215,0.9997936016511868
N20_i02_5xAcrit_s44,20,2,5xAcrit,44,4845,0.45805604109409614,0.06643913900473335,0.08800682806577242,0.028783824984825027,0.9997936016511868
N20_i02_5xAcrit_s45,20,2,5xAcrit,45,4845,0.2453981312464748,0.0813609960799107,0.019557311251787723,0.1334114222225385,0.9997936016511868
N20_i02_5xAcrit_s46,20,2,5xAcrit,46,4845,0.1658954862673454,0.26630830974039454,0.04917072829175595,0.1088754417012946,0.9997936016511868
N20_i02_Aheur_s42,20,2,Aheur,42,4845,0.047496843182671,0.001500087722807173,9.210350247405857e-05,0.37920743404400964,0.9997936016511868
N20_i02_Aheur_s43,20,2,Aheur,43,4845,0.004230731283143996,0.0008130411066424258,0.10917558549226669,0.0017564492059873973,0.9997936016511868
N20_i02_Aheur_s44,20,2,Aheur,44,4845,0.5391884965720237,0.0022261786786812363,0.0871196756415884,0.0010221742073734602,0.9997936016511868
N20_i02_Aheur_s45,20,2,Aheur,45,4845,0.16731653225360787,0.0017963353658079447,0.03377537357891924,0.012867080891423938,0.9997936016511868
N20_i02_Aheur_s46,20,2,Aheur,46,4845,0.29558681207345217,0.0013276208591933747,0.09325394261759357,0.0028520931577981756,0.9997936016511868
N20_i02_Amargin_s42,20,2,Amargin,42,4845,0.43292015845509013,0.03750327278443723,0.011566573671785374,0.23565939195436147,0.9997936016511868
N20_i02_Amargin_s43,20,2,Amargin,43,4845,0.007546175664515431,0.007820455065582294,0.1623693944839033,0.0789851110774068,0.9997936016511868
N20_i02_Amargin_s44,20,2,Amargin,44,4845,0.38338570115956827,0.08291799814437978,0.08815094069632323,0.03649170646216571,0.9997936016511868
N20_i02_Amargin_s45,20,2,Amargin,45,4845,0.25165692779410165,0.08611155715323347,0.03779251511338089,0.16028391127815828,0.9997936016511868
N20_i02_Amargin_s46,20,2,Amargin,46,4845,0.2894035441286178,0.20771069033993053,0.048265323669966165,0.14299880807041315,0.9997936016511868
N20_i03_1.1xAcrit_s42,20,3,1.1xAcrit,42,4845,0.23601055672543225,0.2939467521395942,0.12678608676522163,0.6374160212128326,0.9997936016511868
N20_i03_1.1xAcrit_s43,20,3,1.1xAcrit,43,4845,0.17899378396674592,0.31464170790176516,0.046682462557100735,0.30361819498729636,0.9997936016511868
N20_i03_1.1xAcrit_s44,20,3,1.1xAcrit,44,4845,0.2711888172418355,0.31681312066392175,0.0845166465969669,0.12840426812791605,0.9997936016511868
N20_i03_1.1xAcrit_s45,20,3,1.1xAcrit,45,4845,0.13181413433397893,0.5387310123093872,0.060761787732906525,0.40771268565429386,0.9997936016511868
N20_i03_1.1xAcrit_s46,20,3,1.1xAcrit,46,4845,0.2501065263564157,0.6358030954124649,0.11673329728546378,0.39161946566041433,0.9997936016511868
N20_i03_10xAcrit_s42,20,3,10xAcrit,42,4845,0.4932572352772695,0.018565539637194952,0.019379277546590856,0.2750538840668301,0.9997936016511868
N20_i03_10xAcrit_s43,20,3,10xAcrit,43,4845,0.00535090045468678,0.010573512735671808,0.14559317523162463,0.04184607379722351,0.9997936016511868
N20_i03_10xAcrit_s44,20,3,10xAcrit,44,4845,0.5079335647751577,0.054270138398440984,0.08765067968852236,0.023242209870940903,0.9997936016511868
N20_i03_10xAcrit_s45,20,3,10xAcrit,45,4845,0.0555761938426258,0.09961434651779133,0.009104620603523017,0.15436944749120277,0.9997936016511868
N20_i03_10xAcrit_s46,20,3,10xAcrit,46,4845,0.16127819947541866,0.21032189374318747,0.05061807055153622,0.08250977155526254,0.9997936016511868
N20_i03_2xAcrit_s42,20,3,2xAcrit,42,4845,0.26664881153374154,0.12188818876616794,0.07836179745504879,0.46088550124937244,0.9997936016511868
N20_i03_2xAcrit_s43,20,3,2xAcrit,43,4845,0.13307109117109506,0.6249060069408794,0.12754842721915338,0.19178334802714075,0.9997936016511868
N20_i03_2xAcrit_s44,20,3,2xAcrit,44,4845,0.3559185949768562,0.20903847772705295,0.08700788976420881,0.08832276561803791,0.9997936016511868
N20_i03_2xAcrit_s45,20,3,2xAcrit,45,4845,0.18375987097785218,0.6436512731504334,0.07705869249802788,0.28971978207552035,0.9997936016511868
N20_i03_2xAcrit_s46,20,3,2xAcrit,46,4845,0.2797752018159372,0.4511585251259011,0.06045727314970234,0.4871826388791225,0.9997936016511868
N20_i03_5xAcrit_s42,20,3,5xAcrit,42,4845,0.5458252118842211,0.020009449474518014,0.009811322086078156,0.33738944717571057,0.9997936016511868
N20_i03_5xAcrit_s43,20,3,5xAcrit,43,4845,0.007700335741219533,0.009143240193067658,0.16733892566844588,0.08387597391231479,0.9997936016511868
N20_i03_5xAcrit_s44,20,3,5xAcrit,44,4845,0.42370784999002353,0.10235026574937592,0.08785813086433336,0.04313041113591235,0.9997936016511868
N20_i03_5xAcrit_s45,20,3,5xAcrit,45,4845,0.21463712015975034,0.093206627063142,0.04212172767915945,0.11808938277390307,0.9997936016511868
N20_i03_5xAcrit_s46,20,3,5xAcrit,46,4845,0.15910550199940587,0.4061435880086082,0.04591175073664999,0.18853285709395057,0.9997936016511868
N20_i03_Aheur_s42,20,3,Aheur,42,4845,0.04735229501602589,0.001651425010733455,0.0002495700822996371,0.37264486954412357,0.9997936016511868
N20_i03_Aheur_s43,20,3,Aheur,43,4845,0.004278594147820058,0.0012240096754221733,0.11005893343462958,0.0026107563584854463,0.9997936016511868
N20_i03_Aheur_s44,20,3,Aheur,44,4845,0.5392230474099051,0.003474644140942993,0.08712567972361285,0.0015690625227738867,0.9997936016511868
N20_i03_Aheur_s45,20,3,Aheur,45,4845,0.1687988495468744,0.0026765984816883377,0.03283691290835122,0.020067201229837725,0.9997936016511868
N20_i03_Aheur_s46,20,3,Aheur,46,4845,0.3009703873030958,0.0020459191711267723,0.09214209548918006,0.00439015701902778,0.9997936016511868
N20_i03_Amargin_s42,20,3,Amargin,42,4845,0.378271259873145,0.04209856131117634,0.04494345912850628,0.49672983980527907,0.9997936016511868
N20_i03_Amargin_s43,20,3,Amargin,43,4845,0.008999698507977882,0.014104593607266298,0.16833681564457947,0.11754083876314236,0.9997936016511868
N20_i03_Amargin_s44,20,3,Amargin,44,4845,0.2981277633261925,0.12237031091535111,0.08779508732550312,0.05796243835360038,0.9997936016511868
N20_i03_Amargin_s45,20,3,Amargin,45,4845,0.25745074596216,0.28023347389833175,0.059282507821706076,0.18099427290665182,0.9997936016511868
N20_i03_Amargin_s46,20,3,Amargin,46,4845,0.27412156489663175,0.2972066239469576,0.037649533080715614,0.38980544087600144,0.9997936016511868
N20_i04_1.1xAcrit_s42,20,4,1.1xAcrit,42,4845,0.2533528309540998,0.10917406280323276,0.06955774790110336,0.39684733904360836,0.9997936016511868
N20_i04_1.1xAcrit_s43,20,4,1.1xAcrit,43,4845,0.13483500189707015,0.5439890008468413,0.1437630187110699,0.17671285028664518,0.9997936016511868
N20_i04_1.1xAcrit_s44,20,4,1.1xAcrit,44,4845,0.3611729667381951,0.1529112545611716,0.08718958857025427,0.07930552909234523,0.9997936016511868
N20_i04_1.1xAcrit_s45,20,4,1.1xAcrit,45,4845,0.24844218457457146,0.4814382635530846,0.07845919237943733,0.32509379870073485,0.9997936016511868
N20_i04_1.1xAcrit_s46,20,4,1.1xAcrit,46,4845,0.2655969707229815,0.3646721551671426,0.04483513287088439,0.5293664477518369,0.9997936016511868
N20_i04_10xAcrit_s42,20,4,10xAcrit,42,4845,0.05074689126558951,0.0829176179536847,0.013100015843463098,0.3138092731129152,0.9997936016511868
N20_i04_10xAcrit_s43,20,4,10xAcrit,43,4845,0.006801221040745986,0.006353362112868133,0.12904990999231813,0.02067781261670326,0.9997936016511868
N20_i04_10xAcrit_s44,20,4,10xAcrit,44,4845,0.5262934139900608,0.02625682871425388,0.08748380638826347,0.012145909685888207,0.9997936016511868
N20_i04_10xAcrit_s45,20,4,10xAcrit,45,4845,0.2106111348948616,0.03454139885456469,0.011482487241629924,0.2263991581441066,0.9997936016511868
N20_i04_10xAcrit_s46,20,4,10xAcrit,46,4845,0.02029880903000958,0.007212085632065029,0.06408197627843037,0.03966062749532964,0.9997936016511868
N20_i04_2xAcrit_s42,20,4,2xAcrit,42,4845,0.37986128630291205,0.020530334420765958,0.026776314269501778,0.4353049348684281,0.9997936016511868
N20_i04_2xAcrit_s43,20,4,2xAcrit,43,4845,0.012070395678165369,0.014504891767774992,0.1720572238918976,0.10516283422572295,0.9997936016511868
N20_i04_2xAcrit_s44,20,4,2xAcrit,44,4845,0.27176567865899415,0.10360765909224141,0.08794740901703335,0.05093729213906502,0.9997936016511868
N20_i04_2xAcrit_s45,20,4,2xAcrit,45,4845,0.28558350888852146,0.2814468494165823,0.06132958918129816,0.1766823293990844,0.9997936016511868
N20_i04_2xAcrit_s46,20,4,2xAcrit,46,4845,0.23413318281563988,0.2460552367449062,0.03908951394492277,0.2782767186006435,0.9997936016511868
N20_i04_5xAcrit_s42,20,4,5xAcrit,42,4845,0.4817137449790607,0.01807940774553994,0.017942307254315892,0.21896834752853073,0.9997936016511868
N20_i04_5xAcrit_s43,20,4,5xAcrit,43,4845,0.00618989604458875,0.0070297003025503475,0.14781378325824335,0.04236309378029126,0.9997936016511868
N20_i04_5xAcrit_s44,20,4,5xAcrit,44,4845,0.4960988369930419,0.05220393070716369,0.08776407033292344,0.02319405659166774,0.9997936016511868
N20_i04_5xAcrit_s45,20,4,5xAcrit,45,4845,0.04589747035606706,0.03322713627557244,0.011021527759339733,0.07959491104827462,0.9997936016511868
N20_i04_5xAcrit_s46,20,4,5xAcrit,46,4845,0.1546665548198689,0.19260731297836167,0.05056362182403973,0.07844629396542827,0.9997936016511868
N20_i04_Aheur_s42,20,4,Aheur,42,4845,0.047379591947901645,0.0013607767071830705,0.00015129880052118364,0.3497710627088161,0.9997936016511868
N20_i04_Aheur_s43,20,4,Aheur,43,4845,0.004254352989164545,0.000890579619302374,0.10962430626204878,0.0019034251763559188,0.9997936016511868
N20_i04_Aheur_s44,20,4,Aheur,44,4845,0.5392173736254335,0.002539330239299255,0.08712248186930083,0.0012021073709118871,0.9997936016511868
N20_i04_Aheur_s45,20,4,Aheur,45,4845,0.16810739859647583,0.0019358605142128773,0.03329631394490207,0.014597124173553643,0.9997936016511868
N20_i04_Aheur_s46,20,4,Aheur,46,4845,0.2982207111417665,0.0014631877636046712,0.09269597525781137,0.003160158224131404,0.9997936016511868
N20_i04_Amargin_s42,20,4,Amargin,42,4845,0.49712600863858825,0.02285885991126556,0.008009691130655083,0.3325714293627692,0.9997936016511868
N20_i04_Amargin_s43,20,4,Amargin,43,4845,0.008552320263788715,0.007462463966783788,0.16783863231466967,0.07899141284371239,0.9997936016511868
N20_i04_Amargin_s44,20,4,Amargin,44,4845,0.39543589297682047,0.09007413414580867,0.08797406540634256,0.03980082048230908,0.9997936016511868
N20_i04_Amargin_s45,20,4,Amargin,45,4845,0.21603444059655885,0.10873916937180454,0.04648347501506578,0.12434543829948212,0.9997936016511868
N20_i04_Amargin_s46,20,4,Amargin,46,4845,0.18599177608069795,0.32290034428281267,0.04769323786734958,0.15111124334129628,0.9997936016511868
N20_i05_1.1xAcrit_s42,20,5,1.1xAcrit,42,4845,0.32229124531113484,0.0816130993520596,0.06285505882904463,0.46774440935823025,0.9997936016511868
N20_i05_1.1xAcrit_s43,20,5,1.1xAcrit,43,4845,0.021490873300081148,0.050783424207678333,0.16352975276276993,0.15187016368858638,0.9997936016511868
N20_i05_1.1xAcrit_s44,20,5,1.1xAcrit,44,4845,0.28182489501705277,0.17860811112559483,0.088807106002605,0.07605118716058158,0.9997936016511868
N20_i05_1.1xAcrit_s45,20,5,1.1xAcrit,45,4845,0.19596994755511332,0.6326561780578055,0.09187493498334476,0.27547726163628106,0.9997936016511868
N20_i05_1.1xAcrit_s46,20,5,1.1xAcrit,46,4845,0.1946989979942373,0.2714105750876061,0.039697093051282634,0.48209453371388955,0.9997936016511868
N20_i05_10xAcrit_s42,20,5,10xAcrit,42,4845,0.05845909878917155,0.0537421851672142,0.008577016818971828,0.40714380527358474,0.9997936016511868
N20_i05_10xAcrit_s43,20,5,10xAcrit,43,4845,0.0063330031488249006,0.007238453446680351,0.1219924257202365,0.0190994146319875,0.9997936016511868
N20_i05_10xAcrit_s44,20,5,10xAcrit,44,4845,0.5252372232280322,0.024650309171625338,0.08749732750584371,0.011286704700386948,0.9997936016511868
N20_i05_10xAcrit_s45,20,5,10xAcrit,45,4845,0.2341695615905337,0.031074609319857848,0.017499179471261783,0.1944468662308509,0.9997936016511868
N20_i05_10xAcrit_s46,20,5,10xAcrit,46,4845,0.3205149416353379,0.04275144224597985,0.0740252804098418,0.0347789204284534,0.9997936016511868
N20_i05_2xAcrit_s42,20,5,2xAcrit,42,4845,0.11276163793900196,0.08293823792768173,0.016122375256829802,0.3364229966795271,0.9997936016511868
N20_i05_2xAcrit_s43,20,5,2xAcrit,43,4845,0.009611857528625478,0.009173023488529372,0.1644740549090784,0.09049991031351362,0.9997936016511868
N20_i05_2xAcrit_s44,20,5,2xAcrit,44,4845,0.2559290330445947,0.09943794844673909,0.08853916697717068,0.048192997397943006,0.9997936016511868
N20_i05_2xAcrit_s45,20,5,2xAcrit,45,4845,0.2710601516123461,0.2933669274095372,0.05029349422125051,0.21014544589933878,0.9997936016511868
N20_i05_2xAcrit_s46,20,5,2xAcrit,46,4845,0.25074347324516566,0.22196202106786622,0.04483306536383225,0.2165617824290365,0.9997936016511868
N20_i05_5xAcrit_s42,20,5,5xAcrit,42,4845,0.5360428747080732,0.01891921445776347,0.020049785647074714,0.3643154126022935,0.9997936016511868
N20_i05_5xAcrit_s43,20,5,5xAcrit,43,4845,0.008601960859436986,0.009007453243677983,0.13606539435204468,0.037705784384534854,0.9997936016511868
N20_i05_5xAcrit_s44,20,5,5xAcrit,44,4845,0.4963616867462406,0.04898374553872982,0.08785093100595986,0.021662404737687144,0.9997936016511868
N20_i05_5xAcrit_s45,20,5,5xAcrit,45,4845,0.15873517459294817,0.019534956033649818,0.010338465887542725,0.2710793117546749,0.9997936016511868
N20_i05_5xAcrit_s46,20,5,5xAcrit,46,4845,0.14766127872644574,0.20702871351620147,0.05687869508074073,0.0761394553342278,0.9997936016511868
N20_i05_Aheur_s42,20,5,Aheur,42,4845,0.04977578903162794,0.002047834733868734,0.00015490344229627747,0.4103251251247969,0.9997936016511868
N20_i05_Aheur_s43,20,5,Aheur,43,4845,0.004287564514754649,0.0012107865406621602,0.10941116140020313,0.002570826912591653,0.9997936016511868
N20_i05_Aheur_s44,20,5,Aheur,44,4845,0.5385914832659182,0.0033402921001256833,0.08713735323726723,0.001539317985389078,0.9997936016511868
N20_i05_Aheur_s45,20,5,Aheur,45,4845,0.16455843516087043,0.002653578614731402,0.03319736144521812,0.0194267840946082,0.9997936016511868
N20_i05_Aheur_s46,20,5,Aheur,46,4845,0.29679350498190615,0.0019445790877731122,0.0928820641074708,0.004226291084104412,0.9997936016511868
N20_i05_Amargin_s42,20,5,Amargin,42,4845,0.29498714462897624,0.012532207788254254,0.02241609100877895,0.3264894940232351,0.9997936016511868
N20_i05_Amargin_s43,20,5,Amargin,43,4845,0.010724901035473522,0.005862741032286593,0.15356438266280747,0.06496946080122162,0.9997936016511868
N20_i05_Amargin_s44,20,5,Amargin,44,4845,0.3825819720950676,0.08403505509533465,0.08826201523606869,0.035776577995788345,0.9997936016511868
N20_i05_Amargin_s45,20,5,Amargin,45,4845,0.31324464558565523,0.08646183666076299,0.023565436464878076,0.16603701026175796,0.9997936016511868
N20_i05_Amargin_s46,20,5,Amargin,46,4845,0.3373510462388367,0.13840232430589558,0.04739896835394575,0.13703930967184214,0.9997936016511868
N20_i06_1.1xAcrit_s42,20,6,1.1xAcrit,42,4845,0.2967361218343285,0.08613611035426422,0.06922833240400372,0.5476057206685525,0.9997936016511868
N20_i06_1.1xAcrit_s43,20,6,1.1xAcrit,43,4845,0.1622722489006143,0.6604545663149954,0.1558901415864966,0.1441036383210662,0.9997936016511868
N20_i06_1.1xAcrit_s44,20,6,1.1xAcrit,44,4845,0.28514497629294056,0.19913674005623938,0.08796983936281322,0.07793255768160695,0.9997936016511868
N20_i06_1.1xAcrit_s45,20,6,1.1xAcrit,45,4845,0.23705184436653326,0.5044958918409863,0.08265854288704944,0.2606949217031076,0.9997936016511868
N20_i06_1.1xAcrit_s46,20,6,1.1xAcrit,46,4845,0.2608382009407251,0.384898034656753,0.03849333791745757,0.5258250472671326,0.9997936016511868
N20_i06_10xAcrit_s42,20,6,10xAcrit,42,4845,0.05144690731776791,0.046911625564668755,0.010613337008848589,0.3557669708394535,0.9997936016511868
N20_i06_10xAcrit_s43,20,6,10xAcrit,43,4845,0.0065044125663007435,0.007098702687596145,0.12538185466655705,0.017742310213346175,0.9997936016511868
N20_i06_10xAcrit_s44,20,6,10xAcrit,44,4845,0.5273873156183981,0.02499568626790269,0.08746597671779455,0.011676648744880593,0.9997936016511868
N20_i06_10xAcrit_s45,20,6,10xAcrit,45,4845,0.23397140065571875,0.026389312754101973,0.014636310180998535,0.20686157655087775,0.9997936016511868
N20_i06_10xAcrit_s46,20,6,10xAcrit,46,4845,0.26915409076900687,0.06620616019034867,0.06907707831032894,0.03600997660185932,0.9997936016511868
N20_i06_2xAcrit_s42,20,6,2xAcrit,42,4845,0.47744388743740274,0.034607457266317546,0.01359243860178272,0.34701861838521414,0.9997936016511868
N20_i06_2xAcrit_s43,20,6,2xAcrit,43,4845,0.009317796843106407,0.008505884867568446,0.1688532093376125,0.08522019327231033,0.9997936016511868
N20_i06_2xAcrit_s44,20,6,2xAcrit,44,4845,0.285569080242567,0.10145774570827462,0.08818639321270894,0.04958360332742762,0.9997936016511868
N20_i06_2xAcrit_s45,20,6,2xAcrit,45,4845,0.275952809487535,0.2744564225471749,0.05779646109749592,0.15110658094297827,0.9997936016511868
N20_i06_2xAcrit_s46,20,6,2xAcrit,46,4845,0.3081695578257495,0.1895129970136678,0.04462180911433933,0.2167258579327847,0.9997936016511868
N20_i06_5xAcrit_s42,20,6,5xAcrit,42,4845,0.2614760950746131,0.027012405830964613,0.019499163971204325,0.2874711208977767,0.9997936016511868
N20_i06_5xAcrit_s43,20,6,5xAcrit,43,4845,0.006445098458129905,0.01012498565865343,0.14169040700653568,0.03497070074743909,0.9997936016511868
N20_i06_5xAcrit_s44,20,6,5xAcrit,44,4845,0.5012971342803212,0.04948102244351134,0.08776524077984504,0.02237740859529406,0.9997936016511868
N20_i06_5xAcrit_s45,20,6,5xAcrit,45,4845,0.0740222723907209,0.03174585657625081,0.008857156379747266,0.17932516133336251,0.9997936016511868
N20_i06_5xAcrit_s46,20,6,5xAcrit,46,4845,0.18636989175865892,0.18509477376169764,0.05279648418400029,0.07444129652442912,0.9997936016511868
N20_i06_Aheur_s42,20,6,Aheur,42,4845,0.04781552357962937,0.0012642191835344457,0.00013691014650834025,0.3795527363414114,0.9997936016511868
N20_i06_Aheur_s43,20,6,Aheur,43,4845,0.004253832236884136,0.0009738598793228391,0.1094706092189881,0.001962195753152853,0.9997936016511868
N20_i06_Aheur_s44,20,6,Aheur,44,4845,0.5390979964577127,0.0027448082194999556,0.08712431162166467,0.0013000119945684916,0.9997936016511868
N20_i06_Aheur_s45,20,6,Aheur,45,4845,0.1672404400887899,0.0019425293438195658,0.03340593883604015,0.016068046158251713,0.9997936016511868
N20_i06_Aheur_s46,20,6,Aheur,46,4845,0.2972600040193356,0.001517220087637816,0.0928749784034153,0.0034001061713765544,0.9997936016511868
N20_i06_Amargin_s42,20,6,Amargin,42,4845,0.5134786174749024,0.020282704996933014,0.00962132119949033,0.3214653327838993,0.9997936016511868
N20_i06_Amargin_s43,20,6,Amargin,43,4845,0.00797708632501326,0.0073198351831872364,0.166604856691265,0.07627909505483177,0.9997936016511868
N20_i06_Amargin_s44,20,6,Amargin,44,4845,0.3399947676662123,0.09814056505164952,0.08815528138075024,0.04502144270725592,0.9997936016511868
N20_i06_Amargin_s45,20,6,Amargin,45,4845,0.2881612871551624,0.18766572583299115,0.04950026136782526,0.14229039204129107,0.9997936016511868
N20_i06_Amargin_s46,20,6,Amargin,46,4845,0.36348925971833523,0.12374208994816634,0.0468819422806348,0.1741397939956389,0.9997936016511868
N20_i07_1.1xAcrit_s42,20,7,1.1xAcrit,42,4845,0.30943157481306116,0.09573268333453533,0.0982635986423182,0.538426835464574,0.9997936016511868
N20_i07_1.1xAcrit_s43,20,7,1.1xAcrit,43,4845,0.20488941401957206,0.6530190508875034,0.1333568880081657,0.21502809898631398,0.9997936016511868
N20_i07_1.1xAcrit_s44,20,7,1.1xAcrit,44,4845,0.29993009843883556,0.23514586387776176,0.08819547026178043,0.09358152700706013,0.9997936016511868
N20_i07_1.1xAcrit_s45,20,7,1.1xAcrit,45,4845,0.17697171684296364,0.6620022091883887,0.09253516270199924,0.3278639319283728,0.9997936016511868
N20_i07_1.1xAcrit_s46,20,7,1.1xAcrit,46,4845,0.22146659031523086,0.5442432107130004,0.055327928285137884,0.4562487112171347,0.9997936016511868
N20_i07_10xAcrit_s42,20,7,10xAcrit,42,4845,0.09161422511351702,0.13006707589784625,0.013852135987633574,0.38860940486050777,0.9997936016511868
N20_i07_10xAcrit_s43,20,7,10xAcrit,43,4845,0.007206175189480746,0.00826840238611492,0.12806413900216285,0.02662219980341586,0.9997936016511868
N20_i07_10xAcrit_s44,20,7,10xAcrit,44,4845,0.520135292528721,0.03304302846424795,0.08758018282605917,0.014513035388798811,0.9997936016511868
N20_i07_10xAcrit_s45,20,7,10xAcrit,45,4845,0.21995864731434267,0.049240511271837255,0.012979979306058986,0.2701297229103101,0.9997936016511868
N20_i07_10xAcrit_s46,20,7,10xAcrit,46,4845,0.21285137172344548,0.11548188667960521,0.06561793879518518,0.05077853242478189,0.9997936016511868
N20_i07_2xAcrit_s42,20,7,2xAcrit,42,4845,0.29090182899562933,0.07467166335168562,0.029825617281620476,0.423058816615673,0.9997936016511868
N20_i07_2xAcrit_s43,20,7,2xAcrit,43,4845,0.014059898166351559,0.022237646264651988,0.16792172647728876,0.12863798231395066,0.9997936016511868
N20_i07_2xAcrit_s44,20,7,2xAcrit,44,4845,0.3603359226435714,0.12479155674133229,0.08847807029087562,0.06045795735414741,0.9997936016511868
N20_i07_2xAcrit_s45,20,7,2xAcrit,45,4845,0.18279508749566276,0.55748368535087,0.07285071376549013,0.2273866209383723,0.9997936016511868
N20_i07_2xAcrit_s46,20,7,2xAcrit,46,4845,0.1742169891085723,0.38304736343738066,0.03972536686471173,0.36941599846295947,0.9997936016511868
N20_i07_5xAcrit_s42,20,7,5xAcrit,42,4845,0.4819875412067631,0.023793649253142753,0.022228166341392352,0.3133335282737114,0.9997936016511868
N20_i07_5xAcrit_s43,20,7,5xAcrit,43,4845,0.0073139395464068,0.011038605719542653,0.14655446843062236,0.05349112984425799,0.9997936016511868
N20_i07_5xAcrit_s44,20,7,5xAcrit,44,4845,0.47361012015971937,0.06576620054749577,0.08796320824694703,0.027668988987506762,0.9997936016511868
N20_i07_5xAcrit_s45,20,7,5xAcrit,45,4845,0.19605291945117642,0.08994546756735877,0.013038057076300902,0.1236763323427617,0.9997936016511868
N20_i07_5xAcrit_s46,20,7,5xAcrit,46,4845,0.20054835387645653,0.24122241924573473,0.04988701520824179,0.10915268717813403,0.9997936016511868
N20_i07_Aheur_s42,20,7,Aheur,42,4845,0.050577342917677015,0.0021499072374134174,0.0002889784409739647,0.39890542685771957,0.9997936016511868
N20_i07_Aheur_s43,20,7,Aheur,43,4845,0.004339455705121509,0.0015364285370652927,0.11006708434069878,0.0032782989797402306,0.9997936016511868
N20_i07_Aheur_s44,20,7,Aheur,44,4845,0.5384346745922812,0.0042391260397556235,0.08714724472156377,0.0018844384978473402,0.9997936016511868
N20_i07_Aheur_s45,20,7,Aheur,45,4845,0.1644987020517874,0.003361430798148949,0.032395347502642835,0.025178185483393026,0.9997936016511868
N20_i07_Aheur_s46,20,7,Aheur,46,4845,0.30083316602394916,0.0025423709028751865,0.0920271798986505,0.005460222067960968,0.9997936016511868
N20_i07_Amargin_s42,20,7,Amargin,42,4845,0.5196285154524958,0.01949482214251033,0.013113115809979467,0.3250254225639241,0.9997936016511868
N20_i07_Amargin_s43,20,7,Amargin,43,4845,0.007892207215036251,0.007732673757733435,0.1646232397215499,0.0937346335338945,0.9997936016511868
N20_i07_Amargin_s44,20,7,Amargin,44,4845,0.28392598592654394,0.09786244816495474,0.08833578217763716,0.04579992239896022,0.9997936016511868
N20_i07_Amargin_s45,20,7,Amargin,45,4845,0.2660504650043549,0.2898419339069358,0.047129247602242685,0.1929134073599471,0.9997936016511868
N20_i07_Amargin_s46,20,7,Amargin,46,4845,0.324856066801658,0.19613549340292294,0.04507568224573788,0.2156566703163722,0.9997936016511868
N20_i08_1.1xAcrit_s42,20,8,1.1xAcrit,42,4845,0.28050685179368884,0.10328344472392907,0.08678567811765303,0.5929137082445335,0.9997936016511868
N20_i08_1.1xAcrit_s43,20,8,1.1xAcrit,43,4845,0.3064143373066157,0.6053267978519141,0.152700751026714,0.16065135161480038,0.9997936016511868
N20_i08_1.1xAcrit_s44,20,8,1.1xAcrit,44,4845,0.2975801246402625,0.18321430056063467,0.0881724993523676,0.07541176049648414,0.9997936016511868
N20_i08_1.1xAcrit_s45,20,8,1.1xAcrit,45,4845,0.23383162556704917,0.5639940535677583,0.08705903242400836,0.28344279817745555,0.9997936016511868
N20_i08_1.1xAcrit_s46,20,8,1.1xAcrit,46,4845,0.29769249936043707,0.3823611402576136,0.04374834705374675,0.5129926711125183,0.9997936016511868
N20_i08_10xAcrit_s42,20,8,10xAcrit,42,4845,0.06152420726266428,0.06403298928259664,0.010984676285289652,0.3843678765500501,0.9997936016511868
N20_i08_10xAcrit_s43,20,8,10xAcrit,43,4845,0.006637641406541661,0.006785581687857161,0.1251952569145942,0.020546999841709837,0.9997936016511868
N20_i08_10xAcrit_s44,20,8,10xAcrit,44,4845,0.5251602673015441,0.02634859394172201,0.08749935597006697,0.011375805551228753,0.9997936016511868
N20_i08_10xAcrit_s45,20,8,10xAcrit,45,4845,0.23390030601876788,0.0312185045110144,0.014749369891917219,0.21503756214242437,0.9997936016511868
N20_i08_10xAcrit_s46,20,8,10xAcrit,46,4845,0.2957125854554761,0.06376152312231101,0.06931751917636575,0.038346552060469476,0.9997936016511868
N20_i08_2xAcrit_s42,20,8,2xAcrit,42,4845,0.3958637884716154,0.029576549997911764,0.016034569195922346,0.3723388746875529,0.9997936016511868
N20_i08_2xAcrit_s43,20,8,2xAcrit,43,4845,0.010557625449791885,0.012446843418208217,0.16820268654919346,0.0961528436178981,0.9997936016511868
N20_i08_2xAcrit_s44,20,8,2xAcrit,44,4845,0.274016023873628,0.10682155703992383,0.08832344500660838,0.048119856597435125,0.9997936016511868
N20_i08_2xAcrit_s45,20,8,2xAcrit,45,4845,0.25797518713534373,0.3510158591007153,0.06005554876810493,0.18079809074714975,0.9997936016511868
N20_i08_2xAcrit_s46,20,8,2xAcrit,46,4845,0.27339017095982854,0.22411355092148605,0.043215406743911444,0.26309948770323666,0.9997936016511868
N20_i08_5xAcrit_s42,20,8,5xAcrit,42,4845,0.2737486174191872,0.030224021426758157,0.02088853005193414,0.31367690437100193,0.9997936016511868
N20_i08_5xAcrit_s43,20,8,5xAcrit,43,4845,0.0071449903930442815,0.009339393429233586,0.14155722774376045,0.04036423136160616,0.9997936016511868
N20_i08_5xAcrit_s44,20,8,5xAcrit,44,4845,0.4943761467511649,0.05266763584657172,0.0878291805038316,0.021774059788087816,0.9997936016511868
N20_i08_5xAcrit_s45,20,8,5xAcrit,45,4845,0.23182065952278208,0.06097619425063344,0.0093726111284127,0.1882878199684324,0.9997936016511868
N20_i08_5xAcrit_s46,20,8,5xAcrit,46,4845,0.20772159782700328,0.19234246440478261,0.052349219882671605,0.0827403864927253,0.9997936016511868
N20_i08_Aheur_s42,20,8,Aheur,42,4845,0.04905259669158113,0.001978334435274674,0.0001881407098634637,0.3962336006356897,0.9997936016511868
N20_i08_Aheur_s43,20,8,Aheur,43,4845,0.0042893210707575236,0.0011691016857999863,0.10967843012076628,0.0025711621115622717,0.9997936016511868
N20_i08_Aheur_s44,20,8,Aheur,44,4845,0.5387791531757102,0.0032702890089021585,0.08713448005619284,0.0014361247953956825,0.9997936016511868
N20_i08_Aheur_s45,20,8,Aheur,45,4845,0.16582691117946524,0.0026995460889842975,0.033005071484240034,0.018727918285273044,0.9997936016511868
N20_i08_Aheur_s46,20,8,Aheur,46,4845,0.298455933250807,0.0019652506692316466,0.09257043963953038,0.004187914152555034,0.9997936016511868
N20_i08_Amargin_s42,20,8,Amargin,42,4845,0.2428185304888757,0.062041303939337634,0.015475927174819493,0.27083435163680086,0.9997936016511868
N20_i08_Amargin_s43,20,8,Amargin,43,4845,0.006883628217906335,0.007734856009985389,0.15843539742490975,0.06654427827897405,0.9997936016511868
N20_i08_Amargin_s44,20,8,Amargin,44,4845,0.39780344117389177,0.08656361130721024,0.08813803208067839,0.034550999674924615,0.9997936016511868
N20_i08_Amargin_s45,20,8,Amargin,45,4845,0.3075843017468287,0.08433673645973416,0.029373301618420555,0.15232440074252984,0.9997936016511868
N20_i08_Amargin_s46,20,8,Amargin,46,4845,0.3599262462994375,0.13089374733604567,0.04722252128931359,0.14019014820375175,0.9997936016511868
N20_i09_1.1xAcrit_s42,20,9,1.1xAcrit,42,4845,0.2670266555614944,0.09668481710219243,0.07129909929034733,0.5444791768321471,0.9997936016511868
N20_i09_1.1xAcrit_s43,20,9,1.1xAcrit,43,4845,0.27542323675217517,0.5517790412285641,0.16684972185430524,0.16041864809032383,0.9997936016511868
N20_i09_1.1xAcrit_s44,20,9,1.1xAcrit,44,4845,0.14762347588475677,0.06222923138444879,0.08849244279736013,0.06602098689902158,0.9997936016511868
N20_i09_1.1xAcrit_s45,20,9,1.1xAcrit,45,4845,0.1980841080613942,0.6442775616493617,0.09261343178718562,0.31043820182460785,0.9997936016511868
N20_i09_1.1xAcrit_s46,20,9,1.1xAcrit,46,4845,0.16663485155140734,0.4123310208358752,0.035309185058707726,0.4627193545910406,0.9997936016511868
N20_i09_10xAcrit_s42,20,9,10xAcrit,42,4845,0.08213557544058858,0.09248639973710171,0.01011954452063435,0.3586610525995806,0.9997936016511868
N20_i09_10xAcrit_s43,20,9,10xAcrit,43,4845,0.006906125559112297,0.006415356854129306,0.12472161936784687,0.019419706446888188,0.9997936016511868
N20_i09_10xAcrit_s44,20,9,10xAcrit,44,4845,0.5219866535408073,0.023472196773543404,0.08755807233683299,0.010153198131646023,0.9997936016511868
N20_i09_10xAcrit_s45,20,9,10xAcrit,45,4845,0.2344923881428258,0.02826092670045161,0.014200816563699092,0.2024549994169808,0.9997936016511868
N20_i09_10xAcrit_s46,20,9,10xAcrit,46,4845,0.3137172435708635,0.0531247539654072,0.06987012043373397,0.03635947276394312,0.9997936016511868
N20_i09_2xAcrit_s42,20,9,2xAcrit,42,4845,0.392273222845688,0.029063045965057512,0.011784908193482463,0.3486921748762958,0.9997936016511868
N20_i09_2xAcrit_s43,20,9,2xAcrit,43,4845,0.01162490035017072,0.011602010176459563,0.16970808534824755,0.09679599297020505,0.9997936016511868
N20_i09_2xAcrit_s44,20,9,2xAcrit,44,4845,0.2665952434126666,0.09114005556991808,0.08853119282321131,0.04248710815364131,0.9997936016511868
N20_i09_2xAcrit_s45,20,9,2xAcrit,45,4845,0.2799130018138385,0.3027753673073217,0.06595124426615939,0.19712753807707611,0.9997936016511868
N20_i09_2xAcrit_s46,20,9,2xAcrit,46,4845,0.20004697895456047,0.21069648529631013,0.04492195164698387,0.20323659559280263,0.9997936016511868
N20_i09_5xAcrit_s42,20,9,5xAcrit,42,4845,0.3410931743674155,0.024250640345948034,0.01978039227208228,0.28241088376489826,0.9997936016511868
N20_i09_5xAcrit_s43,20,9,5xAcrit,43,4845,0.00810097152191247,0.008386077272009851,0.14058462288448936,0.039468225231473905,0.9997936016511868
N20_i09_5xAcrit_s44,20,9,5xAcrit,44,4845,0.4830459267759579,0.04674678877702027,0.08793552185125009,0.01937787552664473,0.9997936016511868
N20_i09_5xAcrit_s45,20,9,5xAcrit,45,4845,0.2625700438366039,0.04158196661749468,0.009481016170980183,0.14689222077642267,0.9997936016511868
N20_i09_5xAcrit_s46,20,9,5xAcrit,46,4845,0.21659023812571832,0.1663133726759674,0.053370675774203846,0.07820370668206009,0.9997936016511868
N20_i09_Aheur_s42,20,9,Aheur,42,4845,0.05306759906306979,0.0022138270952693382,0.0003427370910805981,0.37139571797048787,0.9997936016511868
N20_i09_Aheur_s43,20,9,Aheur,43,4845,0.0044043866336664905,0.0014551640870320037,0.11040846657124348,0.0031702726126690305,0.9997936016511868
N20_i09_Aheur_s44,20,9,Aheur,44,4845,0.5378665204625577,0.004015531030829907,0.08716523714974755,0.0017515639435124704,0.9997936016511868
N20_i09_Aheur_s45,20,9,Aheur,45,4845,0.1625035161669075,0.003269940202337358,0.03169350865755405,0.02414659077194605,0.9997936016511868
N20_i09_Aheur_s46,20,9,Aheur,46,4845,0.30310985875257757,0.0024841224317141844,0.09150916194994352,0.005274255722711925,0.9997936016511868
N20_i09_Amargin_s42,20,9,Amargin,42,4845,0.462834753729112,0.02563797388036747,0.013252598603630261,0.230030082489317,0.9997936016511868
N20_i09_Amargin_s43,20,9,Amargin,43,4845,0.00894829815160847,0.006485652796069678,0.16205996667486033,0.07547676360056693,0.9997936016511868
N20_i09_Amargin_s44,20,9,Amargin,44,4845,0.2966677985750721,0.07829523352417131,0.08838300981460634,0.03420221968089096,0.9997936016511868
N20_i09_Amargin_s45,20,9,Amargin,45,4845,0.29125892352385563,0.15423254557911936,0.04263649879771947,0.17903156018166674,0.9997936016511868
N20_i09_Amargin_s46,20,9,Amargin,46,4845,0.3140471235892619,0.155695096140264,0.04795737719769022,0.1404777171897384,0.9997936016511868
N20_i10_1.1xAcrit_s42,20,10,1.1xAcrit,42,4845,0.34232829901156947,0.08013745286973117,0.100037230012329,0.5573258007619597,0.9997936016511868
N20_i10_1.1xAcrit_s43,20,10,1.1xAcrit,43,4845,0.1918059079487051,0.6051945122569339,0.1308586676041159,0.2199478424035642,0.9997936016511868
N20_i10_1.1xAcrit_s44,20,10,1.1xAcrit,44,4845,0.27095374128847993,0.26464659964514914,0.08822946548207256,0.09803577666844066,0.9997936016511868
N20_i10_1.1xAcrit_s45,20,10,1.1xAcrit,45,4845,0.17652338284949498,0.6534236788452891,0.09295249916823156,0.3480182220891348,0.9997936016511868
N20_i10_1.1xAcrit_s46,20,10,1.1xAcrit,46,4845,0.16267968249993997,0.8175571822899335,0.05755214218589044,0.4589795203308446,0.9997936016511868
N20_i10_10xAcrit_s42,20,10,10xAcrit,42,4845,0.10503247381302572,0.13701783621320807,0.01491237394327527,0.3829991172761645,0.9997936016511868
N20_i10_10xAcrit_s43,20,10,10xAcrit,43,4845,0.007507016108206699,0.008363821980338686,0.1293068897575722,0.028505473092716085,0.9997936016511868
N20_i10_10xAcrit_s44,20,10,10xAcrit,44,4845,0.5170118128153263,0.035149265489175,0.08762623068832909,0.015904652281581107,0.9997936016511868
N20_i10_10xAcrit_s45,20,10,10xAcrit,45,4845,0.21630898682633415,0.05586409854379815,0.012098417334540201,0.28211032144372483,0.9997936016511868
N20_i10_10xAcrit_s46,20,10,10xAcrit,46,4845,0.021566510411730633,0.07492640588021413,0.06401603612539475,0.053900911386769626,0.9997936016511868
N20_i10_2xAcrit_s42,20,10,2xAcrit,42,4845,0.28547324296050647,0.07879988410490157,0.03660532084868562,0.41800847002081226,0.9997936016511868
N20_i10_2xAcrit_s43,20,10,2xAcrit,43,4845,0.01902942668994001,0.0319533299375722,0.16764983945176937,0.1348745435562758,0.9997936016511868
N20_i10_2xAcrit_s44,20,10,2xAcrit,44,4845,0.364515987030245,0.1301233960914432,0.0885525710782531,0.06450695803984435,0.9997936016511868
N20_i10_2xAcrit_s45,20,10,2xAcrit,45,4845,0.16817571782343066,0.5873822199675799,0.07724803914897649,0.24482262631230056,0.9997936016511868
N20_i10_2xAcrit_s46,20,10,2xAcrit,46,4845,0.21250699758957126,0.40956591027923056,0.03946941599334153,0.39326295030357505,0.9997936016511868
N20_i10_5xAcrit_s42,20,10,5xAcrit,42,4845,0.49830286945507396,0.026389486149785625,0.02233936233929512,0.30685333291843586,0.9997936016511868
N20_i10_5xAcrit_s43,20,10,5xAcrit,43,4845,0.008122356685476007,0.009381510718908812,0.14842803760438983,0.057049584158670785,0.9997936016511868
N20_i10_5xAcrit_s44,20,10,5xAcrit,44,4845,0.45917287105112337,0.0700339596530942,0.08803530045224761,0.030084338400376505,0.9997936016511868
N20_i10_5xAcrit_s45,20,10,5xAcrit,45,4845,0.2408314296444587,0.05227271940854247,0.015060886731816936,0.11568020479916002,0.9997936016511868
N20_i10_5xAcrit_s46,20,10,5xAcrit,46,4845,0.233866369635507,0.22282407353286066,0.04915129093069481,0.11466164986612037,0.9997936016511868
N20_i10_Aheur_s42,20,10,Aheur,42,4845,0.04920580499674543,0.0020671016349680365,0.0001669572374704499,0.4014508899718282,0.9997936016511868
N20_i10_Aheur_s43,20,10,Aheur,43,4845,0.004282831384045949,0.0012001434362104279,0.10951664069216349,0.0025860907227852684,0.9997936016511868
N20_i10_Aheur_s44,20,10,Aheur,44,4845,0.5387343359689112,0.0033254862969078975,0.08713439301209291,0.001531412654815325,0.9997936016511868
N20_i10_Aheur_s45,20,10,Aheur,45,4845,0.16539658375040744,0.0026696125563837195,0.03316291027613261,0.019384862298330655,0.9997936016511868
N20_i10_Aheur_s46,20,10,Aheur,46,4845,0.29744920740267844,0.001962901743847064,0.09276933934597764,0.004222029854113622,0.9997936016511868
N20_i10_Amargin_s42,20,10,Amargin,42,4845,0.33366908691095887,0.05643581475182309,0.018434413423474738,0.30971326172405306,0.9997936016511868
N20_i10_Amargin_s43,20,10,Amargin,43,4845,0.007499853570607229,0.006857261772258824,0.1578875357627112,0.07547480138879664,0.9997936016511868
N20_i10_Amargin_s44,20,10,Amargin,44,4845,0.3736887245795515,0.08950780530599595,0.0882331835991863,0.03862889665398864,0.9997936016511868
N20_i10_Amargin_s45,20,10,Amargin,45,4845,0.2608435864058265,0.09208945351191188,0.02980635048629665,0.18008542128418809,0.9997936016511868
N20_i10_Amargin_s46,20,10,Amargin,46,4845,0.3552613704378018,0.14382920936819782,0.04694204239854116,0.155883972245633,0.9997936016511868
N20_i11_1.1xAcrit_s42,20,11,1.1xAcrit,42,4845,0.3054205851040024,0.07130332346121951,0.07563435292120124,0.4349991462876464,0.9997936016511868
N20_i11_1.1xAcrit_s43,20,11,1.1xAcrit,43,4845,0.12269277446271731,0.7126398215534586,0.11185750652111892,0.17805064754301897,0.9997936016511868
N20_i11_1.1xAcrit_s44,20,11,1.1xAcrit,44,4845,0.31142795560151626,0.23110799969404003,0.08615385415032506,0.0890950670514359,0.9997936016511868
N20_i11_1.1xAcrit_s45,20,11,1.1xAcrit,45,4845,0.15808800909576504,0.6519721400628056,0.07096834080923697,0.3003514255165398,0.9997936016511868
N20_i11_1.1xAcrit_s46,20,11,1.1xAcrit,46,4845,0.2155547882234714,0.4871476822532767,0.07421543536283082,0.436568656135964,0.9997936016511868
N20_i11_10xAcrit_s42,20,11,10xAcrit,42,4845,0.4867811676595011,0.011892747974515214,0.016482865511306954,0.29798380984229345,0.9997936016511868
N20_i11_10xAcrit_s43,20,11,10xAcrit,43,4845,0.006626091632028874,0.0070785196848534996,0.13457391190058843,0.02405329037781219,0.9997936016511868
N20_i11_10xAcrit_s44,20,11,10xAcrit,44,4845,0.5230493541675969,0.03262209525316018,0.08751991725694097,0.01426887553670898,0.9997936016511868
N20_i11_10xAcrit_s45,20,11,10xAcrit,45,4845,0.23035525602244888,0.048749578834838554,0.008425923391286005,0.27244990357340393,0.9997936016511868
N20_i11_10xAcrit_s46,20,11,10xAcrit,46,4845,0.14814336493327573,0.13853204774171402,0.05794840167709481,0.04988046133637722,0.9997936016511868
N20_i11_2xAcrit_s42,20,11,2xAcrit,42,4845,0.3049433777905506,0.06605514096430826,0.052529417158378666,0.5320174023004818,0.9997936016511868
N20_i11_2xAcrit_s43,20,11,2xAcrit,43,4845,0.18869603135317448,0.33292644013147404,0.167459837253773,0.10982539448452978,0.9997936016511868
N20_i11_2xAcrit_s44,20,11,2xAcrit,44,4845,0.3943372978519619,0.12637208332817168,0.08760115084805875,0.058309696524016824,0.9997936016511868
N20_i11_2xAcrit_s45,20,11,2xAcrit,45,4845,0.18421353609494417,0.4535607882473167,0.06444998680069602,0.22476822710801622,0.9997936016511868
N20_i11_2xAcrit_s46,20,11,2xAcrit,46,4845,0.14050440816799892,0.29700179557084605,0.03393705894111587,0.4625498893027641,0.9997936016511868
N20_i11_5xAcrit_s42,20,11,5xAcrit,42,4845,0.49288765110395616,0.026752173696729872,0.012882949315027759,0.18624817424895385,0.9997936016511868
N20_i11_5xAcrit_s43,20,11,5xAcrit,43,4845,0.005926297242240253,0.008454619911146335,0.1562179273005313,0.04714998555523599,0.9997936016511868
N20_i11_5xAcrit_s44,20,11,5xAcrit,44,4845,0.48537759506871225,0.06476278530226384,0.08777138358527736,0.027046873928610663,0.9997936016511868
N20_i11_5xAcrit_s45,20,11,5xAcrit,45,4845,0.04387574916609083,0.12094653510224881,0.019679063035709987,0.08034335700037969,0.9997936016511868
N20_i11_5xAcrit_s46,20,11,5xAcrit,46,4845,0.23100526455164072,0.17628131778879835,0.04981038090090806,0.08981997363431696,0.9997936016511868
N20_i11_Aheur_s42,20,11,Aheur,42,4845,0.047112800938521104,0.001442546901957097,0.0001870720060305963,0.35020622141237634,0.9997936016511868
N20_i11_Aheur_s43,20,11,Aheur,43,4845,0.004261215004476071,0.0009565363062321823,0.10983313375254511,0.0020470887615794495,0.9997936016511868
N20_i11_Aheur_s44,20,11,Aheur,44,4845,0.5392993371860939,0.002718715275457264,0.08712213042417716,0.0012344921834657276,0.9997936016511868
N20_i11_Aheur_s45,20,11,Aheur,45,4845,0.16882699837515247,0.0021031820539248293,0.033107353247032734,0.01558139814725296,0.9997936016511868
N20_i11_Aheur_s46,20,11,Aheur,46,4845,0.29954017579802894,0.0015912431172710913,0.0924398111874325,0.0034314711276496454,0.9997936016511868
N20_i11_Amargin_s42,20,11,Amargin,42,4845,0.502301407053892,0.01796105589112655,0.014150324801530889,0.374851226823661,0.9997936016511868
N20_i11_Amargin_s43,20,11,Amargin,43,4845,0.008844893631930972,0.011734461118325795,0.17099886345022242,0.07673842042548498,0.9997936016511868
N20_i11_Amargin_s44,20,11,Amargin,44,4845,0.3748031025425007,0.09857106886024672,0.08784108870622731,0.042223626693114774,0.9997936016511868
N20_i11_Amargin_s45,20,11,Amargin,45,4845,0.2318881015507941,0.12772138983557713,0.05014321942888955,0.11632676017821889,0.9997936016511868
N20_i11_Amargin_s46,20,11,Amargin,46,4845,0.3625334358039254,0.12442939816176145,0.044062456908442016,0.20344748130174675,0.9997936016511868
N20_i12_1.1xAcrit_s42,20,12,1.1xAcrit,42,4845,0.29288070509755926,0.10969100516902935,0.0896892370056066,0.5202304990728015,0.9997936016511868
N20_i12_1.1xAcrit_s43,20,12,1.1xAcrit,43,4845,0.30355489394776625,0.5905619900737028,0.14904462445883837,0.2063103761364015,0.9997936016511868
N20_i12_1.1xAcrit_s44,20,12,1.1xAcrit,44,4845,0.26796956168345787,0.21027670587407102,0.08828546491167799,0.08611676964105794,0.9997936016511868
N20_i12_1.1xAcrit_s45,20,12,1.1xAcrit,45,4845,0.2530481570974814,0.6747479924870889,0.09129015578621491,0.3247727506258194,0.9997936016511868
N20_i12_1.1xAcrit_s46,20,12,1.1xAcrit,46,4845,0.2709561076153477,0.493240839990424,0.04417359465292986,0.4771265496278359,0.9997936016511868
N20_i12_10xAcrit_s42,20,12,10xAcrit,42,4845,0.0919675877357804,0.11892819974668258,0.013038731359813482,0.3694756465312609,0.9997936016511868
N20_i12_10xAcrit_s43,20,12,10xAcrit,43,4845,0.007211403466726551,0.00783505687055795,0.12757854101801058,0.025634032295338668,0.9997936016511868
N20_i12_10xAcrit_s44,20,12,10xAcrit,44,4845,0.5202065897829016,0.030264940649265583,0.08758274062893179,0.01385546026399795,0.9997936016511868
N20_i12_10xAcrit_s45,20,12,10xAcrit,45,4845,0.22069830028704018,0.044532853825825114,0.012802365989808884,0.2522613029398325,0.9997936016511868
N20_i12_10xAcrit_s46,20,12,10xAcrit,46,4845,0.2033693370376568,0.11523645219070439,0.06613399213711091,0.04763363536233941,0.9997936016511868
N20_i12_2xAcrit_s42,20,12,2xAcrit,42,4845,0.333134561071347,0.05820082129908932,0.021367636432173598,0.4137873630519694,0.9997936016511868
N20_i12_2xAcrit_s43,20,12,2xAcrit,43,4845,0.011262752398124576,0.017008878560802028,0.16979338559576718,0.1261838441966207,0.9997936016511868
N20_i12_2xAcrit_s44,20,12,2xAcrit,44,4845,0.3205673203920014,0.11267966259892762,0.08848221052357985,0.056490744693147896,0.9997936016511868
N20_i12_2xAcrit_s45,20,12,2xAcrit,45,4845,0.22580827384399527,0.4879433691216391,0.07031396248549981,0.21648835708871872,0.9997936016511868
N20_i12_2xAcrit_s46,20,12,2xAcrit,46,4845,0.1731580583818868,0.3393702264104208,0.041087565586238384,0.30000629353870845,0.9997936016511868
N20_i12_5xAcrit_s42,20,12,5xAcrit,42,4845,0.4857012187712826,0.022462880111787778,0.02145612180106582,0.29077619811611294,0.9997936016511868
N20_i12_5xAcrit_s43,20,12,5xAcrit,43,4845,0.007334746851938689,0.010382907094037993,0.14540880992171878,0.05230049755943765,0.9997936016511868
N20_i12_5xAcrit_s44,20,12,5xAcrit,44,4845,0.4756745180238795,0.05965655055156498,0.0879634247667127,0.026252489940918413,0.9997936016511868
N20_i12_5xAcrit_s45,20,12,5xAcrit,45,4845,0.05151175129458352,0.11426192776806646,0.012132832468637389,0.11873011793647681,0.9997936016511868
N20_i12_5xAcrit_s46,20,12,5xAcrit,46,4845,0.19325565579310933,0.2243228967999728,0.05069416899004864,0.1012091590146387,0.9997936016511868
N20_i12_Aheur_s42,20,12,Aheur,42,4845,0.04832901704685355,0.0014557079647720015,0.00011233917231123861,0.3931514528897829,0.9997936016511868
N20_i12_Aheur_s43,20,12,Aheur,43,4845,0.004250871251997523,0.0009882957769638107,0.10924677400726068,0.0020955917533128556,0.9997936016511868
N20_i12_Aheur_s44,20,12,Aheur,44,4845,0.5389637422194937,0.0026728532292199314,0.08712616331104073,0.0012336983774088048,0.9997936016511868
N20_i12_Aheur_s45,20,12,Aheur,45,4845,0.16623939221608452,0.002113494830304567,0.03357648871769925,0.01553728273687814,0.9997936016511868
N20_i12_Aheur_s46,20,12,Aheur,46,4845,0.29593627363283304,0.0015698523017430436,0.09313591440331948,0.0034084186256461034,0.9997936016511868
N20_i12_Amargin_s42,20,12,Amargin,42,4845,0.5042003026464954,0.02946631082510028,0.014368863850223068,0.2939139956089693,0.9997936016511868
N20_i12_Amargin_s43,20,12,Amargin,43,4845,0.007973564270969291,0.007893242845325001,0.16184387964676716,0.08639158418096457,0.9997936016511868
N20_i12_Amargin_s44,20,12,Amargin,44,4845,0.331332539612049,0.08919024142759674,0.08829234192126023,0.04067854576088321,0.9997936016511868
N20_i12_Amargin_s45,20,12,Amargin,45,4845,0.26552804016682785,0.16665048575362726,0.039215043756883006,0.18499249718186322,0.9997936016511868
N20_i12_Amargin_s46,20,12,Amargin,46,4845,0.3571041720751964,0.15255663468579087,0.04712008284559488,0.16558360555655896,0.9997936016511868
N20_i13_1.1xAcrit_s42,20,13,1.1xAcrit,42,4845,0.2841428944666404,0.0820434736598311,0.05688651972342207,0.45263374128337586,0.9997936016511868
N20_i13_1.1xAcrit_s43,20,13,1.1xAcrit,43,4845,0.13678339857138155,0.5367900149243152,0.1578659429669642,0.10566479790573913,0.9997936016511868
N20_i13_1.1xAcrit_s44,20,13,1.1xAcrit,44,4845,0.29904399635597656,0.16124547667416833,0.08766326984823536,0.06906992034366743,0.9997936016511868
N20_i13_1.1xAcrit_s45,20,13,1.1xAcrit,45,4845,0.24159402225086524,0.41588006377187403,0.08020903435424387,0.24372362280970444,0.9997936016511868
N20_i13_1.1xAcrit_s46,20,13,1.1xAcrit,46,4845,0.29730083382810335,0.3294135445785891,0.036728032508031944,0.532556813871299,0.9997936016511868
N20_i13_10xAcrit_s42,20,13,10xAcrit,42,4845,0.05392953188766114,0.04057708226883541,0.011015151536298617,0.32723152056263816,0.9997936016511868
N20_i13_10xAcrit_s43,20,13,10xAcrit,43,4845,0.006635697440970034,0.006219190330170833,0.12645549409899104,0.015452705008762455,0.9997936016511868
N20_i13_10xAcrit_s44,20,13,10xAcrit,44,4845,0.5271211238796241,0.023064959200151773,0.0874718631766882,0.010440169929180147,0.9997936016511868
N20_i13_10xAcrit_s45,20,13,10xAcrit,45,4845,0.22631924019151484,0.023861643711895718,0.01326300841591177,0.1979095671696599,0.9997936016511868
N20_i13_10xAcrit_s46,20,13,10xAcrit,46,4845,0.18774829593712639,0.0885269564743889,0.06745579098515009,0.033391340030989036,0.9997936016511868
N20_i13_2xAcrit_s42,20,13,2xAcrit,42,4845,0.12181457791393768,0.08678938608857312,0.015149989608809977,0.32845492575688573,0.9997936016511868
N20_i13_2xAcrit_s43,20,13,2xAcrit,43,4845,0.010460776091576918,0.00776086598589981,0.1709562053965783,0.06473170222211055,0.9997936016511868
N20_i13_2xAcrit_s44,20,13,2xAcrit,44,4845,0.28214507582742954,0.09553940667650174,0.08808869423228316,0.0440983528279349,0.9997936016511868
N20_i13_2xAcrit_s45,20,13,2xAcrit,45,4845,0.28677376622454176,0.20703927790638801,0.05992909575991234,0.12513371415785673,0.9997936016511868
N20_i13_2xAcrit_s46,20,13,2xAcrit,46,4845,0.2982810698522371,0.1637869250702253,0.04417040655425808,0.20381856331643905,0.9997936016511868
N20_i13_5xAcrit_s42,20,13,5xAcrit,42,4845,0.4983168186954572,0.015815472181606442,0.018437906732742704,0.2478036978380545,0.9997936016511868
N20_i13_5xAcrit_s43,20,13,5xAcrit,43,4845,0.00605701879692333,0.00957294299290202,0.14339861549706256,0.028900308531130556,0.9997936016511868
N20_i13_5xAcrit_s44,20,13,5xAcrit,44,4845,0.49987741572840605,0.04601114744796211,0.08776246125125908,0.019975013482750617,0.9997936016511868
N20_i13_5xAcrit_s45,20,13,5xAcrit,45,4845,0.281168009769317,0.04757793038915794,0.008658182009071425,0.12357093227829745,0.9997936016511868
N20_i13_5xAcrit_s46,20,13,5xAcrit,46,4845,0.16851193874845194,0.1769425923098728,0.0520241265921868,0.06621490279833345,0.9997936016511868
N20_i13_Aheur_s42,20,13,Aheur,42,4845,0.04828794449167617,0.0013250882715653768,0.00018364746598275878,0.35564286293110814,0.9997936016511868
N20_i13_Aheur_s43,20,13,Aheur,43,4845,0.004282372207796925,0.000966698076248632,0.10980724223736615,0.0019889783534303464,0.9997936016511868
N20_i13_Aheur_s44,20,13,Aheur,44,4845,0.5389921058595064,0.002758655403255781,0.08713003407683573,0.0012759001153798996,0.9997936016511868
N20_i13_Aheur_s45,20,13,Aheur,45,4845,0.16713244664424565,0.002013323969827425,0.03296155680436641,0.016060974130409224,0.9997936016511868
N20_i13_Aheur_s46,20,13,Aheur,46,4845,0.2993298838591727,0.0015464024878832656,0.09243211972170684,0.0034448598013464256,0.9997936016511868
N20_i13_Amargin_s42,20,13,Amargin,42,4845,0.48589809760596836,0.018800395190014633,0.011415861411998185,0.29905069860213507,0.9997936016511868
N20_i13_Amargin_s43,20,13,Amargin,43,4845,0.009043379517493122,0.008427895199604043,0.16984624549695582,0.061222597059552075,0.9997936016511868
N20_i13_Amargin_s44,20,13,Amargin,44,4845,0.31141974577258225,0.09364046338297724,0.08808676368698798,0.04184051833710828,0.9997936016511868
N20_i13_Amargin_s45,20,13,Amargin,45,4845,0.29035602755539003,0.17880965709931668,0.05630113851941587,0.11751128186692233,0.9997936016511868
N20_i13_Amargin_s46,20,13,Amargin,46,4845,0.3459476687221468,0.1455820898607273,0.04591515516608524,0.17735757430492982,0.9997936016511868
N20_i14_1.1xAcrit_s42,20,14,1.1xAcrit,42,4845,0.39474418554164004,0.1744791792061674,0.0795261130263274,0.5413466352650681,0.9997936016511868
N20_i14_1.1xAcrit_s43,20,14,1.1xAcrit,43,4845,0.22815756856590924,0.5923560540954245,0.10248873665614155,0.22477867192756812,0.9997936016511868
N20_i14_1.1xAcrit_s44,20,14,1.1xAcrit,44,4845,0.3071809307058686,0.24286364389444054,0.08606653434162581,0.09748985743520192,0.9997936016511868
N20_i14_1.1xAcrit_s45,20,14,1.1xAcrit,45,4845,0.17171746890177597,0.677426556155752,0.07074152283416346,0.31364336920009095,0.9997936016511868
N20_i14_1.1xAcrit_s46,20,14,1.1xAcrit,46,4845,0.22849154425171037,0.4946107742679568,0.08273401409400094,0.4750614500240554,0.9997936016511868
N20_i14_10xAcrit_s42,20,14,10xAcrit,42,4845,0.46229602821404114,0.013692180362148995,0.017397935615804272,0.29642870231397184,0.9997936016511868
N20_i14_10xAcrit_s43,20,14,10xAcrit,43,4845,0.006501650433847317,0.007500464454804632,0.13604050675348844,0.027325055346300444,0.9997936016511868
N20_i14_10xAcrit_s44,20,14,10xAcrit,44,4845,0.5209987052294309,0.036608880838204474,0.08754357643010735,0.01619653746607101,0.9997936016511868
N20_i14_10xAcrit_s45,20,14,10xAcrit,45,4845,0.21850213377547334,0.0523678863807473,0.008118959010360527,0.283196569567996,0.9997936016511868
N20_i14_10xAcrit_s46,20,14,10xAcrit,46,4845,0.15383564828698582,0.15226850999115565,0.05663013900993974,0.0552728301106611,0.9997936016511868
N20_i14_2xAcrit_s42,20,14,2xAcrit,42,4845,0.31672298246849095,0.0677365429383986,0.058277594008572464,0.5828597502866939,0.9997936016511868
N20_i14_2xAcrit_s43,20,14,2xAcrit,43,4845,0.17736283189515234,0.3941023191478922,0.16363001587160397,0.1354944869107767,0.9997936016511868
N20_i14_2xAcrit_s44,20,14,2xAcrit,44,4845,0.39211221731420665,0.14531744182479556,0.08758060383843258,0.06475618560533018,0.9997936016511868
N20_i14_2xAcrit_s45,20,14,2xAcrit,45,4845,0.19551445710033022,0.5162024399240471,0.06760200608317746,0.2383802589533478,0.9997936016511868
N20_i14_2xAcrit_s46,20,14,2xAcrit,46,4845,0.13952521948704089,0.3064151002943628,0.03512399090094598,0.5049528381913817,0.9997936016511868
N20_i14_5xAcrit_s42,20,14,5xAcrit,42,4845,0.28247959425789304,0.059593661225683034,0.011818353944370585,0.1931626055088696,0.9997936016511868
N20_i14_5xAcrit_s43,20,14,5xAcrit,43,4845,0.005586070239814944,0.010969064921543715,0.1580944683537382,0.056187163619440525,0.9997936016511868
N20_i14_5xAcrit_s44,20,14,5xAcrit,44,4845,0.47942496772884624,0.07250427394361025,0.08779927117029729,0.030508360379398212,0.9997936016511868
N20_i14_5xAcrit_s45,20,14,5xAcrit,45,4845,0.16295797572092852,0.04355722102364167,0.02275547860313054,0.09483039630046479,0.9997936016511868
N20_i14_5xAcrit_s46,20,14,5xAcrit,46,4845,0.2246641997730876,0.2022269392558116,0.04948573946262513,0.0969088817931255,0.9997936016511868
N20_i14_Aheur_s42,20,14,Aheur,42,4845,0.04720604759768321,0.001467459952545802,0.00019753235734851156,0.3589779597021614,0.9997936016511868
N20_i14_Aheur_s43,20,14,Aheur,43,4845,0.0042647037728897885,0.0010046505008422337,0.10986445916751109,0.002137642715002712,0.9997936016511868
N20_i14_Aheur_s44,20,14,Aheur,44,4845,0.5392718643633998,0.002930296318343684,0.0871229956865136,0.0013539517350572576,0.9997936016511868
N20_i14_Aheur_s45,20,14,Aheur,45,4845,0.16872093062556814,0.0021867116736261462,0.03306220502918222,0.016750672505778705,0.9997936016511868
N20_i14_Aheur_s46,20,14,Aheur,46,4845,0.2997266489692265,0.0016857738320582851,0.09239672685725964,0.0036424290511861855,0.9997936016511868
N20_i14_Amargin_s42,20,14,Amargin,42,4845,0.433364289750898,0.04967453638187044,0.02091782149216964,0.43084776073449826,0.9997936016511868
N20_i14_Amargin_s43,20,14,Amargin,43,4845,0.008430333135379442,0.011467470681781448,0.17125973744805378,0.0948902767153885,0.9997936016511868
N20_i14_Amargin_s44,20,14,Amargin,44,4845,0.327156199289675,0.10780803981624595,0.08784996087615582,0.04788129992323886,0.9997936016511868
N20_i14_Amargin_s45,20,14,Amargin,45,4845,0.2677889518872689,0.18116339595194106,0.05350526284149737,0.1349477288084407,0.9997936016511868
N20_i14_Amargin_s46,20,14,Amargin,46,4845,0.3466305136989831,0.18232501513086852,0.04163502557764254,0.24055017695047728,0.9997936016511868
N20_i15_1.1xAcrit_s42,20,15,1.1xAcrit,42,4845,0.18067546494506495,0.4272159653811607,0.10171019075834842,0.548211733688496,0.9997936016511868
N20_i15_1.1xAcrit_s43,20,15,1.1xAcrit,43,4845,0.1474157096031889,0.5974056830928114,0.10537407566471302,0.3053327886521363,0.9997936016511868
N20_i15_1.1xAcrit_s44,20,15,1.1xAcrit,44,4845,0.26196787591285897,0.2920659949455333,0.08746026818698738,0.10839384949804501,0.9997936016511868
N20_i15_1.1xAcrit_s45,20,15,1.1xAcrit,45,4845,0.19528175819597826,0.8198494425832268,0.08645944419594098,0.38601904070629217,0.9997936016511868
N20_i15_1.1xAcrit_s46,20,15,1.1xAcrit,46,4845,0.2177028956539564,0.6975982908582351,0.07575640478100992,0.45128675557816955,0.9997936016511868
N20_i15_10xAcrit_s42,20,15,10xAcrit,42,4845,0.5451658655583742,0.01576236102900722,0.01797054859889613,0.35094860971202263,0.9997936016511868
N20_i15_10xAcrit_s43,20,15,10xAcrit,43,4845,0.007594117199118955,0.008510980460413188,0.1339643213632371,0.037085253874696474,0.9997936016511868
N20_i15_10xAcrit_s44,20,15,10xAcrit,44,4845,0.5135784920712467,0.04067349466716238,0.08765767904333188,0.017957786075686648,0.9997936016511868
N20_i15_10xAcrit_s45,20,15,10xAcrit,45,4845,0.24007924053512397,0.06851985668978092,0.009992278615101213,0.29437854596453206,0.9997936016511868
N20_i15_10xAcrit_s46,20,15,10xAcrit,46,4845,0.1728461730035633,0.16752343206815615,0.05880296833947796,0.06809215915060918,0.9997936016511868
N20_i15_2xAcrit_s42,20,15,2xAcrit,42,4845,0.29984296540169453,0.08801657815704414,0.06493279235762972,0.4888708868103927,0.9997936016511868
N20_i15_2xAcrit_s43,20,15,2xAcrit,43,4845,0.2002068169646507,0.6137417757517087,0.16209066443934717,0.1885694562362683,0.9997936016511868
N20_i15_2xAcrit_s44,20,15,2xAcrit,44,4845,0.30646745530248154,0.15946988062267448,0.08829120117752609,0.07205017345883696,0.9997936016511868
N20_i15_2xAcrit_s45,20,15,2xAcrit,45,4845,0.20950705984101603,0.6765846765487923,0.08048891546471282,0.2883369650438674,0.9997936016511868
N20_i15_2xAcrit_s46,20,15,2xAcrit,46,4845,0.17151866153062656,0.34379327086157874,0.03668825860434588,0.45658749959425377,0.9997936016511868
N20_i15_5xAcrit_s42,20,15,5xAcrit,42,4845,0.1672446975208004,0.0930281193752682,0.018378095413429274,0.28239707129622343,0.9997936016511868
N20_i15_5xAcrit_s43,20,15,5xAcrit,43,4845,0.005905121940713798,0.007890701576790907,0.1551882291187212,0.07803630314323312,0.9997936016511868
N20_i15_5xAcrit_s44,20,15,5xAcrit,44,4845,0.44388165853888495,0.07906218454393307,0.088045283971951,0.0338829780851424,0.9997936016511868
N20_i15_5xAcrit_s45,20,15,5xAcrit,45,4845,0.2940234126581345,0.12975231669791304,0.02236127221578954,0.16057993759070763,0.9997936016511868
N20_i15_5xAcrit_s46,20,15,5xAcrit,46,4845,0.2556223023639177,0.2282498155775361,0.04790851875804947,0.13403236160862447,0.9997936016511868
N20_i15_Aheur_s42,20,15,Aheur,42,4845,0.05004288721102057,0.0019918590181958154,0.00030502382335302527,0.3830227168355469,0.9997936016511868
N20_i15_Aheur_s43,20,15,Aheur,43,4845,0.004335857318324088,0.001540534878598679,0.11017728196929966,0.0032957375420994105,0.9997936016511868
N20_i15_Aheur_s44,20,15,Aheur,44,4845,0.538564737435081,0.004205704549747221,0.08714458309623296,0.0018786939803625106,0.9997936016511868
N20_i15_Aheur_s45,20,15,Aheur,45,4845,0.16537699845139286,0.0033313857248413676,0.032347543680771196,0.025120696093037208,0.9997936016511868
N20_i15_Aheur_s46,20,15,Aheur,46,4845,0.3016065733245341,0.00257097855865499,0.091901946489088,0.0054489414322581795,0.9997936016511868
N20_i15_Amargin_s42,20,15,Amargin,42,4845,0.4971066680882359,0.03978624345813324,0.012138975987482883,0.3764950380392867,0.9997936016511868
N20_i15_Amargin_s43,20,15,Amargin,43,4845,0.008254377297589599,0.010858874788716465,0.16707940332162252,0.11990656619944436,0.9997936016511868
N20_i15_Amargin_s44,20,15,Amargin,44,4845,0.28023994955401577,0.09712979189452842,0.08826712176050933,0.04882860060649232,0.9997936016511868
N20_i15_Amargin_s45,20,15,Amargin,45,4845,0.2690147838975463,0.34678776913508697,0.05268238106782519,0.1993867667120674,0.9997936016511868
N20_i15_Amargin_s46,20,15,Amargin,46,4845,0.324104209565121,0.2227737097469361,0.044035156015297616,0.23175044277038784,0.9997936016511868
N20_i16_1.1xAcrit_s42,20,16,1.1xAcrit,42,4845,0.403553598196595,0.09015364904034004,0.08702860309400684,0.4959416751094473,0.9997936016511868
N20_i16_1.1xAcrit_s43,20,16,1.1xAcrit,43,4845,0.17861686510405406,0.6603583816826324,0.09937787687931632,0.2558652220684745,0.9997936016511868
N20_i16_1.1xAcrit_s44,20,16,1.1xAcrit,44,4845,0.30819154573282503,0.2539464285323064,0.08627827978125424,0.10223829568343853,0.9997936016511868
N20_i16_1.1xAcrit_s45,20,16,1.1xAcrit,45,4845,0.1688899423691026,0.7380892185573096,0.07242627873812346,0.35995732213819426,0.9997936016511868
N20_i16_1.1xAcrit_s46,20,16,1.1xAcrit,46,4845,0.244160900071563,0.5743881722098597,0.0832967840020018,0.42878854276696965,0.9997936016511868
N20_i16_10xAcrit_s42,20,16,10xAcrit,42,4845,0.4602755182495457,0.015128201410129374,0.017960771012553778,0.309173998420121,0.9997936016511868
N20_i16_10xAcrit_s43,20,16,10xAcrit,43,4845,0.006503076039734879,0.008129131793297908,0.13640981424759957,0.03224668580867755,0.9997936016511868
N20_i16_10xAcrit_s44,20,16,10xAcrit,44,4845,0.5202578495809576,0.03824312523805834,0.08755339699382603,0.01698919392758373,0.9997936016511868
N20_i16_10xAcrit_s45,20,16,10xAcrit,45,4845,0.20968531941980473,0.05748097648581038,0.008385371322077617,0.27970538229695596,0.9997936016511868
N20_i16_10xAcrit_s46,20,16,10xAcrit,46,4845,0.15846545215026708,0.16138988094981777,0.05637792350262316,0.061821384685703494,0.9997936016511868
N20_i16_2xAcrit_s42,20,16,2xAcrit,42,4845,0.3219391976672341,0.07295225571481936,0.06831776854755334,0.5248401612918105,0.9997936016511868
N20_i16_2xAcrit_s43,20,16,2xAcrit,43,4845,0.13373715525212088,0.5231472555007946,0.16146762480730104,0.15706378299035723,0.9997936016511868
N20_i16_2xAcrit_s44,20,16,2xAcrit,44,4845,0.38760946818183584,0.1421685946542173,0.08765050070087455,0.06801616952494853,0.9997936016511868
N20_i16_2xAcrit_s45,20,16,2xAcrit,45,4845,0.21458734928057766,0.563462583672999,0.06871195698539623,0.2758803984367026,0.9997936016511868
N20_i16_2xAcrit_s46,20,16,2xAcrit,46,4845,0.14276629656751538,0.3246865995767493,0.035504556826692624,0.48218222252689985,0.9997936016511868
N20_i16_5xAcrit_s42,20,16,5xAcrit,42,4845,0.19879680564554292,0.08443709600978062,0.012386445859122297,0.22361307098529448,0.9997936016511868
N20_i16_5xAcrit_s43,20,16,5xAcrit,43,4845,0.005557117876605844,0.011104496072056973,0.15843944408879906,0.06618336964179472,0.9997936016511868
N20_i16_5xAcrit_s44,20,16,5xAcrit,44,4845,0.47715976610197686,0.07423930240877391,0.0878184996854543,0.0320298906097356,0.9997936016511868
N20_i16_5xAcrit_s45,20,16,5xAcrit,45,4845,0.22792551750717394,0.09569113537729013,0.02323982517486911,0.11475121641432896,0.9997936016511868
N20_i16_5xAcrit_s46,20,16,5xAcrit,46,4845,0.19186842129056458,0.24198010248907048,0.049049963532979746,0.11320947004087789,0.9997936016511868
N20_i16_Aheur_s42,20,16,Aheur,42,4845,0.04721998374316172,0.0015213485654259817,0.0001995009757767634,0.3606672908222829,0.9997936016511868
N20_i16_Aheur_s43,20,16,Aheur,43,4845,0.0042636429670324105,0.0011027274773847593,0.10984231626207475,0.0023348201874694606,0.9997936016511868
N20_i16_Aheur_s44,20,16,Aheur,44,4845,0.5392619602425839,0.0030519916261501356,0.08712300879233226,0.0013890056012736901,0.9997936016511868
N20_i16_Aheur_s45,20,16,Aheur,45,4845,0.16864905252077733,0.0023531889016865488,0.033088920709360536,0.017792195617696106,0.9997936016511868
N20_i16_Aheur_s46,20,16,Aheur,46,4845,0.29957148203538964,0.0018109315760778226,0.0924249972558755,0.003888522463166187,0.9997936016511868
N20_i16_Amargin_s42,20,16,Amargin,42,4845,0.5169902508132509,0.02430344741818713,0.013942389515302966,0.383267044377208,0.9997936016511868
N20_i16_Amargin_s43,20,16,Amargin,43,4845,0.007798693185918637,0.01250870174053903,0.1698509067446139,0.1017016991045156,0.9997936016511868
N20_i16_Amargin_s44,20,16,Amargin,44,4845,0.36645467045855185,0.10210309818283081,0.0878974884562922,0.046629150286157856,0.9997936016511868
N20_i16_Amargin_s45,20,16,Amargin,45,4845,0.274907461627663,0.19634608189668282,0.049708384075529466,0.14631398674431584,0.9997936016511868
N20_i16_Amargin_s46,20,16,Amargin,46,4845,0.3619769162905868,0.13942814808751847,0.0435039449102419,0.2247017817833035,0.9997936016511868
N20_i17_1.1xAcrit_s42,20,17,1.1xAcrit,42,4845,0.392962492267543,0.12227363248260964,0.07923490099946928,0.49712366817865183,0.9997936016511868
N20_i17_1.1xAcrit_s43,20,17,1.1xAcrit,43,4845,0.1377059440525761,0.586132959194456,0.11175123660132158,0.25683500001055953,0.9997936016511868
N20_i17_1.1xAcrit_s44,20,17,1.1xAcrit,44,4845,0.2850867328642721,0.25012669981300867,0.08654981081508595,0.09599730644248713,0.9997936016511868
N20_i17_1.1xAcrit_s45,20,17,1.1xAcrit,45,4845,0.1650749405774351,0.7880363798516163,0.07478437807373861,0.37707242878187663,0.9997936016511868
N20_i17_1.1xAcrit_s46,20,17,1.1xAcrit,46,4845,0.22930571841169467,0.5631963593778141,0.07145373440361524,0.47575231705640497,0.9997936016511868
N20_i17_10xAcrit_s42,20,17,10xAcrit,42,4845,0.4799865972381667,0.013853513421756678,0.01719587702211811,0.2971018489368745,0.9997936016511868
N20_i17_10xAcrit_s43,20,17,10xAcrit,43,4845,0.006964512017020752,0.0073251597051796884,0.1352417749567394,0.030916145015749134,0.9997936016511868
N20_i17_10xAcrit_s44,20,17,10xAcrit,44,4845,0.517768237645214,0.035442231892176775,0.08759495774029347,0.015908449608357744,0.9997936016511868
N20_i17_10xAcrit_s45,20,17,10xAcrit,45,4845,0.2260128466768947,0.057703916547243606,0.00836673973704194,0.26997582048470337,0.9997936016511868
N20_i17_10xAcrit_s46,20,17,10xAcrit,46,4845,0.14467574996979238,0.15278452234238213,0.05740093302119931,0.057730238069566724,0.9997936016511868
N20_i17_2xAcrit_s42,20,17,2xAcrit,42,4845,0.3036021895804879,0.0748501587067775,0.058555952397822686,0.5146742552734602,0.9997936016511868
N20_i17_2xAcrit_s43,20,17,2xAcrit,43,4845,0.15766802782345124,0.383802242200839,0.16606466182565782,0.15772037970460068,0.9997936016511868
N20_i17_2xAcrit_s44,20,17,2xAcrit,44,4845,0.373990633408539,0.13247127795279184,0.08783597164165258,0.06375148344166731,0.9997936016511868
N20_i17_2xAcrit_s45,20,17,2xAcrit,45,4845,0.18183372502038253,0.6219106597722746,0.07191737501317164,0.27287481141732794,0.9997936016511868
N20_i17_2xAcrit_s46,20,17,2xAcrit,46,4845,0.1369715481955609,0.3443499901642505,0.03352062274188189,0.4472430078385674,0.9997936016511868
N20_i17_5xAcrit_s42,20,17,5xAcrit,42,4845,0.2801908295150497,0.06070233228857544,0.013482203044276275,0.1960852121654269,0.9997936016511868
N20_i17_5xAcrit_s43,20,17,5xAcrit,43,4845,0.006159257427725606,0.0070423696907864495,0.15691939409953193,0.06491656749534025,0.9997936016511868
N20_i17_5xAcrit_s44,20,17,5xAcrit,44,4845,0.46884843764200923,0.06921833111879676,0.08790056730504148,0.029992943297958197,0.9997936016511868
N20_i17_5xAcrit_s45,20,17,5xAcrit,45,4845,0.23615902591336635,0.09163357066608344,0.02304586275465681,0.12368534345704155,0.9997936016511868
N20_i17_5xAcrit_s46,20,17,5xAcrit,46,4845,0.1501501856178038,0.25349908353210615,0.04956491627126525,0.103758490190441,0.9997936016511868
N20_i17_Aheur_s42,20,17,Aheur,42,4845,0.04772758278704714,0.0013528800925232743,0.00017527390805117103,0.35234949812594696,0.9997936016511868
N20_i17_Aheur_s43,20,17,Aheur,43,4845,0.004267331374762762,0.0010042294480216059,0.10973430491685576,0.002138432141924187,0.9997936016511868
N20_i17_Aheur_s44,20,17,Aheur,44,4845,0.5391259910611552,0.002802005666127462,0.08712572970398469,0.001288419448500465,0.9997936016511868
N20_i17_Aheur_s45,20,17,Aheur,45,4845,0.16776619760275935,0.002152478164092138,0.03312692323834199,0.016317517845852312,0.9997936016511868
N20_i17_Aheur_s46,20,17,Aheur,46,4845,0.29888040685182204,0.0016578339748946763,0.09254470360974665,0.00355681089471158,0.9997936016511868
N20_i17_Amargin_s42,20,17,Amargin,42,4845,0.452323999703367,0.04821956582829076,0.013744319413682538,0.3821914568549467,0.9997936016511868
N20_i17_Amargin_s43,20,17,Amargin,43,4845,0.009150891178592246,0.010773902875766229,0.1705903918009426,0.10741534469772215,0.9997936016511868
N20_i17_Amargin_s44,20,17,Amargin,44,4845,0.3066337494619802,0.09516246645881739,0.08802293810094852,0.045925423096758816,0.9997936016511868
N20_i17_Amargin_s45,20,17,Amargin,45,4845,0.2903663548931945,0.27606812736590414,0.055489152483858106,0.15902453632232819,0.9997936016511868
N20_i17_Amargin_s46,20,17,Amargin,46,4845,0.3365687445129879,0.19743757292483477,0.043418689907856134,0.21113041628000168,0.9997936016511868
N20_i18_1.1xAcrit_s42,20,18,1.1xAcrit,42,4845,0.13899208064604296,0.5284623661617482,0.16150764179449972,0.7030765562892982,0.9997936016511868
N20_i18_1.1xAcrit_s43,20,18,1.1xAcrit,43,4845,0.11423810622249908,0.6139482575642936,0.009451294771796626,0.49879546933228996,0.9997936016511868
N20_i18_1.1xAcrit_s44,20,18,1.1xAcrit,44,4845,0.07809200905039733,0.5896812088225286,0.08085627279888286,0.17379431253268302,0.9997936016511868
N20_i18_1.1xAcrit_s45,20,18,1.1xAcrit,45,4845,0.1927886062936598,0.6140180462520546,0.051335555434283364,0.604533027252785,0.9997936016511868
N20_i18_1.1xAcrit_s46,20,18,1.1xAcrit,46,4845,0.09776259570412058,0.4949790713859906,0.09570904116588963,0.511041450293777,0.9997936016511868
N20_i18_10xAcrit_s42,20,18,10xAcrit,42,4845,0.5401738429281977,0.021200727518947637,0.009805610689806454,0.3559689104048496,0.9997936016511868
N20_i18_10xAcrit_s43,20,18,10xAcrit,43,4845,0.0072627031314596024,0.009838924799989497,0.1666534608175425,0.09192351986265529,0.9997936016511868
N20_i18_10xAcrit_s44,20,18,10xAcrit,44,4845,0.41410786164124147,0.0985021313271526,0.0879383217634313,0.044153804287761944,0.9997936016511868
N20_i18_10xAcrit_s45,20,18,10xAcrit,45,4845,0.2156198162756482,0.10614209081511344,0.041950784116011164,0.1427230597066072,0.9997936016511868
N20_i18_10xAcrit_s46,20,18,10xAcrit,46,4845,0.18330967376992646,0.3655557479294106,0.046461383695373115,0.1830858074607724,0.9997936016511868
N20_i18_2xAcrit_s42,20,18,2xAcrit,42,4845,0.15984779531957116,0.44004205972096555,0.13144204400604975,0.6216519383666446,0.9997936016511868
N20_i18_2xAcrit_s43,20,18,2xAcrit,43,4845,0.1634107874678392,0.36420650726779047,0.048445745788512795,0.34825597610023323,0.9997936016511868
N20_i18_2xAcrit_s44,20,18,2xAcrit,44,4845,0.24385939303959958,0.3542745569306305,0.0847221481762972,0.13448144561189412,0.9997936016511868
N20_i18_2xAcrit_s45,20,18,2xAcrit,45,4845,0.1419521785146589,0.5204808555602056,0.06065726398191984,0.45684631903654516,0.9997936016511868
N20_i18_2xAcrit_s46,20,18,2xAcrit,46,4845,0.156806736621828,0.7591908961467053,0.12003699914544086,0.4270927622001344,0.9997936016511868
N20_i18_5xAcrit_s42,20,18,5xAcrit,42,4845,0.321922588704183,0.07660996298767203,0.07714615313336176,0.5480337203196327,0.9997936016511868
N20_i18_5xAcrit_s43,20,18,5xAcrit,43,4845,0.14713506930728126,0.47853370754666613,0.1555033111535522,0.17265764695998545,0.9997936016511868
N20_i18_5xAcrit_s44,20,18,5xAcrit,44,4845,0.363123658900804,0.18542898743906427,0.08766321025086654,0.07622976659966471,0.9997936016511868
N20_i18_5xAcrit_s45,20,18,5xAcrit,45,4845,0.26064202144448245,0.4512873294854945,0.0725568896203157,0.30669734504558965,0.9997936016511868
N20_i18_5xAcrit_s46,20,18,5xAcrit,46,4845,0.18332459510156696,0.35073356296956093,0.03932486890690992,0.5083724966847696,0.9997936016511868
N20_i18_Aheur_s42,20,18,Aheur,42,4845,0.04675336581567535,0.0018460004954630035,0.00013011239867208898,0.3735279380253771,0.9997936016511868
N20_i18_Aheur_s43,20,18,Aheur,43,4845,0.004230958857817768,0.0009341403801243845,0.10943386925464438,0.002022224149142059,0.9997936016511868
N20_i18_Aheur_s44,20,18,Aheur,44,4845,0.5393828135420335,0.002622268212035111,0.08711632879021636,0.0012402657912523357,0.9997936016511868
N20_i18_Aheur_s45,20,18,Aheur,45,4845,0.16870465502142906,0.002082615937600452,0.033609131925459224,0.015084975207503529,0.9997936016511868
N20_i18_Aheur_s46,20,18,Aheur,46,4845,0.2970870328390447,0.0015385178883183792,0.09295936107446323,0.0032879596649274135,0.9997936016511868
N20_i18_Amargin_s42,20,18,Amargin,42,4845,0.5407986793870805,0.02172259647594046,0.009567774944091112,0.34707994264483233,0.9997936016511868
N20_i18_Amargin_s43,20,18,Amargin,43,4845,0.006962144824683492,0.010262444544789175,0.16619752902624896,0.09018796681910479,0.9997936016511868
N20_i18_Amargin_s44,20,18,Amargin,44,4845,0.4208726575379842,0.09717348547246493,0.08793454276019474,0.043430011627988145,0.9997936016511868
N20_i18_Amargin_s45,20,18,Amargin,45,4845,0.22166342562923091,0.10110710502877739,0.04070505242833633,0.14108168866862641,0.9997936016511868
N20_i18_Amargin_s46,20,18,Amargin,46,4845,0.16080461023446446,0.38709017388818556,0.04675786870302545,0.1770067510230377,0.9997936016511868
N20_i19_1.1xAcrit_s42,20,19,1.1xAcrit,42,4845,0.3463106263297959,0.07742849283530014,0.06862378352197318,0.490136461914342,0.9997936016511868
N20_i19_1.1xAcrit_s43,20,19,1.1xAcrit,43,4845,0.25883559809921763,0.5550885897308984,0.16632058636423608,0.19289470513416596,0.9997936016511868
N20_i19_1.1xAcrit_s44,20,19,1.1xAcrit,44,4845,0.14527706921217032,0.060704519889542424,0.0888319251480425,0.07481211518472115,0.9997936016511868
N20_i19_1.1xAcrit_s45,20,19,1.1xAcrit,45,4845,0.20408807069137325,0.7116990266450488,0.09680753480827775,0.3271098398537087,0.9997936016511868
N20_i19_1.1xAcrit_s46,20,19,1.1xAcrit,46,4845,0.28129346207560957,0.46705499084123153,0.03656278071840635,0.4612380208576753,0.9997936016511868
N20_i19_10xAcrit_s42,20,19,10xAcrit,42,4845,0.08049608951660048,0.09755123885572498,0.009562772831529287,0.3814190464813713,0.9997936016511868
N20_i19_10xAcrit_s43,20,19,10xAcrit,43,4845,0.006746116395106583,0.007106232579923802,0.12341226446369546,0.021711221318252212,0.9997936016511868
N20_i19_10xAcrit_s44,20,19,10xAcrit,44,4845,0.5220410349429585,0.025033919136837366,0.08755692715931218,0.011259769145931665,0.9997936016511868
N20_i19_10xAcrit_s45,20,19,10xAcrit,45,4845,0.23787460040330188,0.03110229879893617,0.015706379796455394,0.2072812529654875,0.9997936016511868
N20_i19_10xAcrit_s46,20,19,10xAcrit,46,4845,0.3240713131999655,0.048705831155349835,0.07187947960846941,0.0377489842763328,0.9997936016511868
N20_i19_2xAcrit_s42,20,19,2xAcrit,42,4845,0.3902768227053457,0.03322082180833389,0.014241430620489215,0.3520215724850644,0.9997936016511868
N20_i19_2xAcrit_s43,20,19,2xAcrit,43,4845,0.011611461043912641,0.014597874088959588,0.16806977680244017,0.11428652650826332,0.9997936016511868
N20_i19_2xAcrit_s44,20,19,2xAcrit,44,4845,0.2706936745398707,0.09584860044739263,0.08866052235953248,0.04772061184157853,0.9997936016511868
N20_i19_2xAcrit_s45,20,19,2xAcrit,45,4845,0.2796930932295254,0.3417032404698962,0.06193242468162907,0.23163068000647197,0.9997936016511868
N20_i19_2xAcrit_s46,20,19,2xAcrit,46,4845,0.192991273570442,0.24208104504780842,0.04436526401377705,0.2194635166130276,0.9997936016511868
N20_i19_5xAcrit_s42,20,19,5xAcrit,42,4845,0.44332599812332774,0.022202255123019356,0.020685092980272657,0.3206309716994758,0.9997936016511868
N20_i19_5xAcrit_s43,20,19,5xAcrit,43,4845,0.008813903303689585,0.00827217821448446,0.1386038395939977,0.045344264595185056,0.9997936016511868
N20_i19_5xAcrit_s44,20,19,5xAcrit,44,4845,0.48295830205097445,0.04971022582453759,0.08795006296531938,0.021569670525848048,0.9997936016511868
N20_i19_5xAcrit_s45,20,19,5xAcrit,45,4845,0.046145935390541126,0.08707275767908057,0.010225744504452905,0.2001476553896157,0.9997936016511868
N20_i19_5xAcrit_s46,20,19,5xAcrit,46,4845,0.1829154850474879,0.19604695604923883,0.054843587102368474,0.08306168369604193,0.9997936016511868
N20_i19_Aheur_s42,20,19,Aheur,42,4845,0.05238138550794247,0.0022328989459354733,0.00026477937744361427,0.38800758160382615,0.9997936016511868
N20_i19_Aheur_s43,20,19,Aheur,43,4845,0.00436733188035987,0.0014693805793603353,0.10997752379807935,0.0031827628510634172,0.9997936016511868
N20_i19_Aheur_s44,20,19,Aheur,44,4845,0.5379818911751499,0.004022960775169806,0.0871584313299536,0.0018123465624438496,0.9997936016511868
N20_i19_Aheur_s45,20,19,Aheur,45,4845,0.16234697141771903,0.003260672319558703,0.03224448736773411,0.024097593997185852,0.9997936016511868
N20_i19_Aheur_s46,20,19,Aheur,46,4845,0.30016977481136564,0.002447591746767232,0.09208546207810286,0.005206941712842564,0.9997936016511868
N20_i19_Amargin_s42,20,19,Amargin,42,4845,0.1198062716257482,0.08154251881904523,0.02056886986532902,0.3040108651759994,0.9997936016511868
N20_i19_Amargin_s43,20,19,Amargin,43,4845,0.009209921134583965,0.007649041771682614,0.1563213341851224,0.07940058944572866,0.9997936016511868
N20_i19_Amargin_s44,20,19,Amargin,44,4845,0.3337586496309086,0.07920865809530264,0.08837134110217448,0.034919299103970194,0.9997936016511868
N20_i19_Amargin_s45,20,19,Amargin,45,4845,0.25039542943704873,0.11909201485836818,0.029668270384036077,0.19798478166236327,0.9997936016511868
N20_i19_Amargin_s46,20,19,Amargin,46,4845,0.25931408877659123,0.16622078685203123,0.04750664590278575,0.13941889946858457,0.9997936016511868
N20_i20_1.1xAcrit_s42,20,20,1.1xAcrit,42,4845,0.30572395816489006,0.1041569488667087,0.07490303447517732,0.4222043541716441,0.9997936016511868
N20_i20_1.1xAcrit_s43,20,20,1.1xAcrit,43,4845,0.30519256996136124,0.5645436772117156,0.1295500212108891,0.2279130985490859,0.9997936016511868
N20_i20_1.1xAcrit_s44,20,20,1.1xAcrit,44,4845,0.32403014760529913,0.20952029840815856,0.0870314255644189,0.089671583160806,0.9997936016511868
N20_i20_1.1xAcrit_s45,20,20,1.1xAcrit,45,4845,0.23797387193075137,0.681128854024351,0.07845013663228578,0.3470952879984256,0.9997936016511868
N20_i20_1.1xAcrit_s46,20,20,1.1xAcrit,46,4845,0.23354171082451103,0.5318976192611216,0.05549421100327423,0.48913792662226274,0.9997936016511868
N20_i20_10xAcrit_s42,20,20,10xAcrit,42,4845,0.5336984890454914,0.012657635709537565,0.016091764768191297,0.30143892155626695,0.9997936016511868
N20_i20_10xAcrit_s43,20,20,10xAcrit,43,4845,0.0071609785736654885,0.007247979735791033,0.13332779662050598,0.02757160896140525,0.9997936016511868
N20_i20_10xAcrit_s44,20,20,10xAcrit,44,4845,0.519344649364939,0.032506846412543575,0.08758211246822611,0.01494060308976306,0.9997936016511868
N20_i20_10xAcrit_s45,20,20,10xAcrit,45,4845,0.2270247567576007,0.050378719991862914,0.008992191662159144,0.26725634263774223,0.9997936016511868
N20_i20_10xAcrit_s46,20,20,10xAcrit,46,4845,0.1765500367137065,0.12992208548432196,0.05925976160051505,0.052465143105941595,0.9997936016511868
N20_i20_2xAcrit_s42,20,20,2xAcrit,42,4845,0.2982925455762597,0.06900079227234648,0.045616383784074524,0.5104013887323521,0.9997936016511868
N20_i20_2xAcrit_s43,20,20,2xAcrit,43,4845,0.1608228837617105,0.3680281112516563,0.17009559249709127,0.138661241893829,0.9997936016511868
N20_i20_2xAcrit_s44,20,20,2xAcrit,44,4845,0.36724478060205,0.11613592135741672,0.08797902741207508,0.05969576227029094,0.9997936016511868
N20_i20_2xAcrit_s45,20,20,2xAcrit,45,4845,0.18522304131894884,0.5631017619947296,0.06950241749552788,0.23112707387842862,0.9997936016511868
N20_i20_2xAcrit_s46,20,20,2xAcrit,46,4845,0.12472493755421965,0.34692420703146876,0.03427626654825622,0.3749909059211408,0.9997936016511868
N20_i20_5xAcrit_s42,20,20,5xAcrit,42,4845,0.5037421396918944,0.027400583115842002,0.015476117620210061,0.19671297515366593,0.9997936016511868
N20_i20_5xAcrit_s43,20,20,5xAcrit,43,4845,0.0055428943110200635,0.00869516817170876,0.15406585311575327,0.05717386491888207,0.9997936016511868
N20_i20_5xAcrit_s44,20,20,5xAcrit,44,4845,0.47474493391564465,0.06329059163831799,0.08789746701768308,0.028147772155222378,0.9997936016511868
N20_i20_5xAcrit_s45,20,20,5xAcrit,45,4845,0.04090352091452587,0.10910544108618095,0.019005320765586475,0.11636535735841974,0.9997936016511868
N20_i20_5xAcrit_s46,20,20,5xAcrit,46,4845,0.15368648358889914,0.23399315226252437,0.04979617495791899,0.09442935920862587,0.9997936016511868
N20_i20_Aheur_s42,20,20,Aheur,42,4845,0.047415666412234714,0.0013890511648874991,0.00012902900133512224,0.3549770874739461,0.9997936016511868
N20_i20_Aheur_s43,20,20,Aheur,43,4845,0.004246105467245798,0.0008772024174931501,0.10946925278949493,0.0018514603857080795,0.9997936016511868
N20_i20_Aheur_s44,20,20,Aheur,44,4845,0.5392102704499848,0.002439578228434831,0.08712153127999045,0.0011403754993408268,0.9997936016511868
N20_i20_Aheur_s45,20,20,Aheur,45,4845,0.1678267632232746,0.0018613877704194096,0.03346296784002334,0.014230804694578335,0.9997936016511868
N20_i20_Aheur_s46,20,20,Aheur,46,4845,0.29728263984361547,0.0014155742549446064,0.09289065727170964,0.00307796275382572,0.9997936016511868
N20_i20_Amargin_s42,20,20,Amargin,42,4845,0.49880450448108604,0.02676025629647693,0.009146502086256388,0.33595101750626544,0.9997936016511868
N20_i20_Amargin_s43,20,20,Amargin,43,4845,0.009228155504843016,0.008626126753152545,0.1688274697480665,0.09284035660109882,0.9997936016511868
N20_i20_Amargin_s44,20,20,Amargin,44,4845,0.34842376978122047,0.09021757639966657,0.08806242474292958,0.042524287909933595,0.9997936016511868
N20_i20_Amargin_s45,20,20,Amargin,45,4845,0.29317683673980355,0.20515741412318078,0.05072038937214529,0.14023701580120448,0.9997936016511868
N20_i20_Amargin_s46,20,20,Amargin,46,4845,0.3653309317487583,0.1306823903663632,0.046315604703522695,0.16864326442252764,0.9997936016511868
N20_i21_1.1xAcrit_s42,20,21,1.1xAcrit,42,4845,0.13788639165614391,0.4805903129931931,0.10302137106508935,0.5356250242352998,0.9997936016511868
N20_i21_1.1xAcrit_s43,20,21,1.1xAcrit,43,4845,0.17397453550963604,0.5818876640334509,0.10442130318051568,0.2672357832717335,0.9997936016511868
N20_i21_1.1xAcrit_s44,20,21,1.1xAcrit,44,4845,0.2792903695806217,0.2945698078125861,0.0870993657181316,0.10031535920751528,0.9997936016511868
N20_i21_1.1xAcrit_s45,20,21,1.1xAcrit,45,4845,0.19258787488006254,0.8102122981109694,0.08328897139620492,0.37689934694705146,0.9997936016511868
N20_i21_1.1xAcrit_s46,20,21,1.1xAcrit,46,4845,0.2257868065143782,0.6771987953481095,0.08110919713577558,0.4272154695471927,0.9997936016511868
N20_i21_10xAcrit_s42,20,21,10xAcrit,42,4845,0.5005740760461777,0.0157378334142228,0.018522179572642017,0.3407910937457722,0.9997936016511868
N20_i21_10xAcrit_s43,20,21,10xAcrit,43,4845,0.0074196769026002585,0.008336800127351471,0.13544736750372977,0.036137252880719097,0.9997936016511868
N20_i21_10xAcrit_s44,20,21,10xAcrit,44,4845,0.5127606995447422,0.04053341687205845,0.08765823612156964,0.0172274621510434,0.9997936016511868
N20_i21_10xAcrit_s45,20,21,10xAcrit,45,4845,0.2213438005783246,0.06338252899986643,0.009040826460008589,0.2875783376425912,0.9997936016511868
N20_i21_10xAcrit_s46,20,21,10xAcrit,46,4845,0.1455023864737086,0.1807105975972259,0.05715189068178006,0.06917299767051954,0.9997936016511868
N20_i21_2xAcrit_s42,20,21,2xAcrit,42,4845,0.29347094299919263,0.08845656508378888,0.07543617018567639,0.5113030237652081,0.9997936016511868
N20_i21_2xAcrit_s43,20,21,2xAcrit,43,4845,0.18916548613769724,0.6201504046459332,0.1612216758003342,0.167639194625707,0.9997936016511868
N20_i21_2xAcrit_s44,20,21,2xAcrit,44,4845,0.3128735408809007,0.1768224456509817,0.08811404040534399,0.06759964199187576,0.9997936016511868
N20_i21_2xAcrit_s45,20,21,2xAcrit,45,4845,0.22163072841193632,0.6325711158760119,0.07759423910476215,0.2908187094577673,0.9997936016511868
N20_i21_2xAcrit_s46,20,21,2xAcrit,46,4845,0.1718885212371788,0.3497015081005649,0.037893895901950025,0.4724160315225969,0.9997936016511868
N20_i21_5xAcrit_s42,20,21,5xAcrit,42,4845,0.38449051966381376,0.029828309820151243,0.016328848985217803,0.26103442644300495,0.9997936016511868
N20_i21_5xAcrit_s43,20,21,5xAcrit,43,4845,0.006491687456104955,0.007994825153098118,0.1569500067489571,0.07291441753363573,0.9997936016511868
N20_i21_5xAcrit_s44,20,21,5xAcrit,44,4845,0.44211387738687336,0.07900400959809639,0.08801859020604752,0.03228415855375026,0.9997936016511868
N20_i21_5xAcrit_s45,20,21,5xAcrit,45,4845,0.29238776398051414,0.11165772953867198,0.02428888554788955,0.1525402192849611,0.9997936016511868
N20_i21_5xAcrit_s46,20,21,5xAcrit,46,4845,0.19750178276899533,0.2911725630152469,0.0477103373209502,0.13664815394200236,0.9997936016511868
N20_i21_Aheur_s42,20,21,Aheur,42,4845,0.04720428965811152,0.0013546061532400478,9.492437729157214e-05,0.39583414522615346,0.9997936016511868
N20_i21_Aheur_s43,20,21,Aheur,43,4845,0.004223337223720591,0.0008799919584259692,0.10914701843830699,0.0019259105892914376,0.9997936016511868
N20_i21_Aheur_s44,20,21,Aheur,44,4845,0.5392463771422626,0.002377124386182871,0.08711737556950538,0.001033807881563912,0.9997936016511868
N20_i21_Aheur_s45,20,21,Aheur,45,4845,0.1676604479798698,0.001973467782424401,0.033856022361305804,0.013526255143114412,0.9997936016511868
N20_i21_Aheur_s46,20,21,Aheur,46,4845,0.29543310420558555,0.0014554150807588057,0.09330017870706797,0.0030909516721332802,0.9997936016511868
N20_i21_Amargin_s42,20,21,Amargin,42,4845,0.5258672465351992,0.022993527023137034,0.011888917085519868,0.27804977311102747,0.9997936016511868
N20_i21_Amargin_s43,20,21,Amargin,43,4845,0.007173067006874589,0.008987090739532686,0.1631271920286963,0.08848573549749861,0.9997936016511868
N20_i21_Amargin_s44,20,21,Amargin,44,4845,0.3742382392374566,0.09158429810501612,0.08811503033666668,0.038355985233609814,0.9997936016511868
N20_i21_Amargin_s45,20,21,Amargin,45,4845,0.2250921933191421,0.1038151803629927,0.037843196047901984,0.16857337654095533,0.9997936016511868
N20_i21_Amargin_s46,20,21,Amargin,46,4845,0.35008429941262875,0.1670655817526151,0.046611270378662084,0.1757848586381206,0.9997936016511868
N20_i22_1.1xAcrit_s42,20,22,1.1xAcrit,42,4845,0.2746618112651049,0.10806016338963642,0.07380793597735646,0.39585398991922227,0.9997936016511868
N20_i22_1.1xAcrit_s43,20,22,1.1xAcrit,43,4845,0.13686841050275245,0.6004155886471146,0.13830489086558373,0.17226415678850743,0.9997936016511868
N20_i22_1.1xAcrit_s44,20,22,1.1xAcrit,44,4845,0.3735003246647466,0.16075164932026811,0.08720752908629947,0.08609962146819522,0.9997936016511868
N20_i22_1.1xAcrit_s45,20,22,1.1xAcrit,45,4845,0.25859841497731395,0.4820335864560076,0.07734026014495576,0.3138793965588326,0.9997936016511868
N20_i22_1.1xAcrit_s46,20,22,1.1xAcrit,46,4845,0.2507673021877963,0.3967827643838643,0.04903514551054808,0.4857170151299764,0.9997936016511868
N20_i22_10xAcrit_s42,20,22,10xAcrit,42,4845,0.08540430946777633,0.04298672900938885,0.01408137411141297,0.32534035003427875,0.9997936016511868
N20_i22_10xAcrit_s43,20,22,10xAcrit,43,4845,0.006808185610225337,0.007415004538620068,0.13017005135588988,0.02224097037585853,0.9997936016511868
N20_i22_10xAcrit_s44,20,22,10xAcrit,44,4845,0.5260643980582245,0.028991743349721075,0.08748738071881235,0.013529334091776861,0.9997936016511868
N20_i22_10xAcrit_s45,20,22,10xAcrit,45,4845,0.20853515794078703,0.038021967369345724,0.011091475299061848,0.2488257797018068,0.9997936016511868
N20_i22_10xAcrit_s46,20,22,10xAcrit,46,4845,0.23494843062508153,0.09421273992223739,0.06281047322954691,0.04496710618062656,0.9997936016511868
N20_i22_2xAcrit_s42,20,22,2xAcrit,42,4845,0.3841377188509796,0.023374529739257983,0.03373845558552824,0.45439939572205873,0.9997936016511868
N20_i22_2xAcrit_s43,20,22,2xAcrit,43,4845,0.011218219690817932,0.016112360072900372,0.17100204859889345,0.10490266282404029,0.9997936016511868
N20_i22_2xAcrit_s44,20,22,2xAcrit,44,4845,0.27345199381124985,0.10712370335967736,0.08792637429087335,0.055936233446560894,0.9997936016511868
N20_i22_2xAcrit_s45,20,22,2xAcrit,45,4845,0.26233024072462285,0.302175212126337,0.06092163615346635,0.18479679605748706,0.9997936016511868
N20_i22_2xAcrit_s46,20,22,2xAcrit,46,4845,0.2134421460405065,0.28752144985005584,0.037935592582032385,0.32375904904388775,0.9997936016511868
N20_i22_5xAcrit_s42,20,22,5xAcrit,42,4845,0.48116932241100585,0.020872808794863883,0.0177152348422851,0.2363922634975484,0.9997936016511868
N20_i22_5xAcrit_s43,20,22,5xAcrit,43,4845,0.005972399852339549,0.007489311126869647,0.14947487412973715,0.04433220551156143,0.9997936016511868
N20_i22_5xAcrit_s44,20,22,5xAcrit,44,4845,0.4953073726137518,0.056931969916724175,0.08776306898653274,0.025737857238790778,0.9997936016511868
N20_i22_5xAcrit_s45,20,22,5xAcrit,45,4845,0.04385219230744042,0.04969317400855025,0.012264873877597893,0.08026966178227815,0.9997936016511868
N20_i22_5xAcrit_s46,20,22,5xAcrit,46,4845,0.15252307823266165,0.20612816268041181,0.05015509455370193,0.08655882533543907,0.9997936016511868
N20_i22_Aheur_s42,20,22,Aheur,42,4845,0.04699787373829167,0.0015785347422148628,0.00013792061237550982,0.36187164249451254,0.9997936016511868
N20_i22_Aheur_s43,20,22,Aheur,43,4845,0.004240863611187251,0.0009190979029778099,0.10952227036614204,0.0018973809263587741,0.9997936016511868
N20_i22_Aheur_s44,20,22,Aheur,44,4845,0.5393211484188214,0.002552662330720522,0.08711889826008701,0.0012119963800128624,0.9997936016511868
N20_i22_Aheur_s45,20,22,Aheur,45,4845,0.16850111953681335,0.001904271128612584,0.033470225026121625,0.014965408438867964,0.9997936016511868
N20_i22_Aheur_s46,20,22,Aheur,46,4845,0.2976108033908531,0.0014545246573792968,0.09283894425243489,0.0032017335866201552,0.9997936016511868
N20_i22_Amargin_s42,20,22,Amargin,42,4845,0.5175510897606728,0.023297141041915437,0.008563254766161543,0.33511077064457107,0.9997936016511868
N20_i22_Amargin_s43,20,22,Amargin,43,4845,0.007793018816300901,0.009564929997953386,0.16721534094176604,0.07573133260076112,0.9997936016511868
N20_i22_Amargin_s44,20,22,Amargin,44,4845,0.4164957306602446,0.09230238407436829,0.08795177088359196,0.041828058165783666,0.9997936016511868
N20_i22_Amargin_s45,20,22,Amargin,45,4845,0.22113072976571857,0.08120346318135123,0.04360704977983687,0.12425781082907376,0.9997936016511868
N20_i22_Amargin_s46,20,22,Amargin,46,4845,0.15557535706807357,0.3705456636203414,0.0474725044666684,0.1620748018226925,0.9997936016511868
N20_i23_1.1xAcrit_s42,20,23,1.1xAcrit,42,4845,0.312315545797901,0.09637636072882769,0.08290406166400174,0.49936554894201773,0.9997936016511868
N20_i23_1.1xAcrit_s43,20,23,1.1xAcrit,43,4845,0.2969767526135163,0.6110045350403432,0.13599201555643958,0.19681007489569605,0.9997936016511868
N20_i23_1.1xAcrit_s44,20,23,1.1xAcrit,44,4845,0.32578497940221496,0.1979678697941836,0.08766820547407406,0.08848524996751636,0.9997936016511868
N20_i23_1.1xAcrit_s45,20,23,1.1xAcrit,45,4845,0.2239814572438874,0.6135412233996069,0.0860891183586423,0.31789314022831244,0.9997936016511868
N20_i23_1.1xAcrit_s46,20,23,1.1xAcrit,46,4845,0.24315626170414362,0.5437066021663441,0.05235160069458844,0.48302411453043476,0.9997936016511868
N20_i23_10xAcrit_s42,20,23,10xAcrit,42,4845,0.4291751205601031,0.002649987367616077,0.014276972142226896,0.3474332340783624,0.9997936016511868
N20_i23_10xAcrit_s43,20,23,10xAcrit,43,4845,0.007244084759349789,0.007577177320620965,0.1297628690899728,0.024463093191480212,0.9997936016511868
N20_i23_10xAcrit_s44,20,23,10xAcrit,44,4845,0.5208469742356101,0.031142943569298177,0.08756835902386229,0.014127894281398252,0.9997936016511868
N20_i23_10xAcrit_s45,20,23,10xAcrit,45,4845,0.21109084806448664,0.044870841143285004,0.011229079868465774,0.2632993372549054,0.9997936016511868
N20_i23_10xAcrit_s46,20,23,10xAcrit,46,4845,0.21834033265622566,0.10208831532066187,0.06330902036461339,0.048233795793334505,0.9997936016511868
N20_i23_2xAcrit_s42,20,23,2xAcrit,42,4845,0.3125750954459363,0.06332543890887732,0.0357250509613074,0.4452786427093286,0.9997936016511868
N20_i23_2xAcrit_s43,20,23,2xAcrit,43,4845,0.018357575271238602,0.022559966415083857,0.16970933792072174,0.119166278896612,0.9997936016511868
N20_i23_2xAcrit_s44,20,23,2xAcrit,44,4845,0.34084860010261764,0.1191757228171891,0.08824486489993433,0.057827073277355666,0.9997936016511868
N20_i23_2xAcrit_s45,20,23,2xAcrit,45,4845,0.1951141773145082,0.506857527617491,0.07138167979525178,0.20527170715664045,0.9997936016511868
N20_i23_2xAcrit_s46,20,23,2xAcrit,46,4845,0.14312997817069117,0.351448302617566,0.038651272361046915,0.3453585003409591,0.9997936016511868
N20_i23_5xAcrit_s42,20,23,5xAcrit,42,4845,0.47932362986466615,0.022173181443184205,0.019274437090359697,0.2529531310601976,0.9997936016511868
N20_i23_5xAcrit_s43,20,23,5xAcrit,43,4845,0.007290230312605672,0.007094509464271589,0.1489110183356388,0.04927023984203564,0.9997936016511868
N20_i23_5xAcrit_s44,20,23,5xAcrit,44,4845,0.4782962266363029,0.06175460362230388,0.08791633612963778,0.02679356563421354,0.9997936016511868
N20_i23_5xAcrit_s45,20,23,5xAcrit,45,4845,0.04105971557282828,0.10462672945427073,0.013826322951217662,0.09318866285329655,0.9997936016511868
N20_i23_5xAcrit_s46,20,23,5xAcrit,46,4845,0.1620193649077919,0.24354298983097789,0.04980664718277694,0.09655343433246055,0.9997936016511868
N20_i23_Aheur_s42,20,23,Aheur,42,4845,0.0469205714216514,0.0009331619031712796,6.684173428744486e-05,0.39109471615381985,0.9997936016511868
N20_i23_Aheur_s43,20,23,Aheur,43,4845,0.004206929333349763,0.0007324869177069856,0.10895867616818578,0.0015347442571031944,0.9997936016511868
N20_i23_Aheur_s44,20,23,Aheur,44,4845,0.5393378412773018,0.0020173579983399394,0.0871135676297854,0.000933171730060952,0.9997936016511868
N20_i23_Aheur_s45,20,23,Aheur,45,4845,0.16786612390569644,0.0015389826256228547,0.03410680560637047,0.01154737022014364,0.9997936016511868
N20_i23_Aheur_s46,20,23,Aheur,46,4845,0.294425059833884,0.0011608518605035387,0.09354240920038137,0.0025432072952798947,0.9997936016511868
N20_i23_Amargin_s42,20,23,Amargin,42,4845,0.5108752593805548,0.020598487081357458,0.010068560542033478,0.3290414739798247,0.9997936016511868
N20_i23_Amargin_s43,20,23,Amargin,43,4845,0.007978694644862117,0.008458208085211177,0.16651669466409658,0.08589596586026717,0.9997936016511868
N20_i23_Amargin_s44,20,23,Amargin,44,4845,0.3158310271155642,0.09507523357614203,0.08819807787403988,0.043583487339784385,0.9997936016511868
N20_i23_Amargin_s45,20,23,Amargin,45,4845,0.2844235891261633,0.22209718491969957,0.049881663601865966,0.15763694404699308,0.9997936016511868
N20_i23_Amargin_s46,20,23,Amargin,46,4845,0.3613488673690881,0.14858689388047164,0.04646575613827508,0.18352318101904347,0.9997936016511868
N20_i24_1.1xAcrit_s42,20,24,1.1xAcrit,42,4845,0.28230176309625676,0.10650698736374105,0.07100143574365259,0.36237142123944743,0.9997936016511868
N20_i24_1.1xAcrit_s43,20,24,1.1xAcrit,43,4845,0.29962391128472365,0.6369535598333697,0.12619027352684498,0.17250433229088857,0.9997936016511868
N20_i24_1.1xAcrit_s44,20,24,1.1xAcrit,44,4845,0.3239204836316958,0.21172556781084,0.08672120056053245,0.08484071951766049,0.9997936016511868
N20_i24_1.1xAcrit_s45,20,24,1.1xAcrit,45,4845,0.15374952353317337,0.7448057356842638,0.07617871859150435,0.3005453694251038,0.9997936016511868
N20_i24_1.1xAcrit_s46,20,24,1.1xAcrit,46,4845,0.24065961365079147,0.47476653321713,0.06039927985591767,0.47799374619906077,0.9997936016511868
N20_i24_10xAcrit_s42,20,24,10xAcrit,42,4845,0.5212743823794881,0.010569833129683777,0.01544740793804067,0.3094649370830071,0.9997936016511868
N20_i24_10xAcrit_s43,20,24,10xAcrit,43,4845,0.00690557352174892,0.006959595824727336,0.1325164015051996,0.023025026721527002,0.9997936016511868
N20_i24_10xAcrit_s44,20,24,10xAcrit,44,4845,0.5233312923810445,0.030741795472528748,0.08752292424833286,0.013606003939639852,0.9997936016511868
N20_i24_10xAcrit_s45,20,24,10xAcrit,45,4845,0.21959909184079152,0.04121220135453792,0.009378069245023823,0.26399466538921235,0.9997936016511868
N20_i24_10xAcrit_s46,20,24,10xAcrit,46,4845,0.2110069349710102,0.10820933542805038,0.06005535183339816,0.047402324584608635,0.9997936016511868
N20_i24_2xAcrit_s42,20,24,2xAcrit,42,4845,0.32836376245177235,0.056351381385847735,0.044909148747838946,0.5138372460530426,0.9997936016511868
N20_i24_2xAcrit_s43,20,24,2xAcrit,43,4845,0.12317127200283803,0.49688862606876605,0.17001835228256823,0.10617119182050708,0.9997936016511868
N20_i24_2xAcrit_s44,20,24,2xAcrit,44,4845,0.34866755871189525,0.12005592380697053,0.0878102560309344,0.05555703854058035,0.9997936016511868
N20_i24_2xAcrit_s45,20,24,2xAcrit,45,4845,0.19706317589498212,0.42383920723666824,0.06469088002903334,0.20190470500093563,0.9997936016511868
N20_i24_2xAcrit_s46,20,24,2xAcrit,46,4845,0.15004850758168686,0.325377571838138,0.035193149544836544,0.39364796803382346,0.9997936016511868
N20_i24_5xAcrit_s42,20,24,5xAcrit,42,4845,0.4918646770529449,0.02134581265462591,0.015318732420439574,0.20098468263628375,0.9997936016511868
N20_i24_5xAcrit_s43,20,24,5xAcrit,43,4845,0.0051516300765115375,0.009449492199253725,0.15310025079998013,0.04528222071865324,0.9997936016511868
N20_i24_5xAcrit_s44,20,24,5xAcrit,44,4845,0.48670292881070054,0.060978927044455525,0.08779972406773595,0.025786057242557447,0.9997936016511868
N20_i24_5xAcrit_s45,20,24,5xAcrit,45,4845,0.04138674291607458,0.10207940713465397,0.01630912879807056,0.08129439062706587,0.9997936016511868
N20_i24_5xAcrit_s46,20,24,5xAcrit,46,4845,0.16461726116313002,0.1994552446906387,0.04983445295420097,0.08774663647150102,0.9997936016511868
N20_i24_Aheur_s42,20,24,Aheur,42,4845,0.04754832350772631,0.001382209195217312,0.00019053597360762153,0.3535290639073182,0.9997936016511868
N20_i24_Aheur_s43,20,24,Aheur,43,4845,0.004270022251091632,0.000992981308643504,0.10983910165123234,0.002103006224840618,0.9997936016511868
N20_i24_Aheur_s44,20,24,Aheur,44,4845,0.5391840804149979,0.0028038164444640717,0.08712538713916729,0.001279719039569252,0.9997936016511868
N20_i24_Aheur_s45,20,24,Aheur,45,4845,0.16820105761144077,0.0021369351192108443,0.033036537155112455,0.016172001978420045,0.9997936016511868
N20_i24_Aheur_s46,20,24,Aheur,46,4845,0.29955809334569494,0.0016301486436205773,0.09241692784235056,0.0035363680300770734,0.9997936016511868
N20_i24_Amargin_s42,20,24,Amargin,42,4845,0.5017667784341029,0.019852073398728822,0.012143100036443366,0.3570917909258772,0.9997936016511868
N20_i24_Amargin_s43,20,24,Amargin,43,4845,0.0081983757696662,0.011575035675426892,0.17013368357766012,0.07799676447168281,0.9997936016511868
N20_i24_Amargin_s44,20,24,Amargin,44,4845,0.358164631845284,0.09715748840179636,0.0879347264108219,0.042201516717672444,0.9997936016511868
N20_i24_Amargin_s45,20,24,Amargin,45,4845,0.28296086768750683,0.15211404940581624,0.05129190297390096,0.12182757846268809,0.9997936016511868
N20_i24_Amargin_s46,20,24,Amargin,46,4845,0.3636926081489946,0.1193089691245261,0.045032438070705894,0.19363277605758847,0.9997936016511868
N20_i25_1.1xAcrit_s42,20,25,1.1xAcrit,42,4845,0.09387503097383387,0.4262111110420621,0.1066600731703389,0.4926110302901528,0.9997936016511868
N20_i25_1.1xAcrit_s43,20,25,1.1xAcrit,43,4845,0.14174417944783135,0.6163490641345859,0.11882378730570053,0.28063362082361865,0.9997936016511868
N20_i25_1.1xAcrit_s44,20,25,1.1xAcrit,44,4845,0.23865225788051703,0.30674803207186163,0.08818067241463723,0.10409527168396411,0.9997936016511868
N20_i25_1.1xAcrit_s45,20,25,1.1xAcrit,45,4845,0.2026585445489787,0.7847074846635167,0.09471033447728416,0.3863815571078597,0.9997936016511868
N20_i25_1.1xAcrit_s46,20,25,1.1xAcrit,46,4845,0.20053198642494863,0.6988195507172863,0.06709759833942963,0.4461645035460273,0.9997936016511868
N20_i25_10xAcrit_s42,20,25,10xAcrit,42,4845,0.45329876898176735,0.02628055611509518,0.017417180489928796,0.37896920098573605,0.9997936016511868
N20_i25_10xAcrit_s43,20,25,10xAcrit,43,4845,0.008051298934788065,0.008355811360354185,0.13208182103517174,0.03617397034072076,0.9997936016511868
N20_i25_10xAcrit_s44,20,25,10xAcrit,44,4845,0.5097429806264699,0.04030232465048859,0.08771596889891953,0.017456151478965197,0.9997936016511868
N20_i25_10xAcrit_s45,20,25,10xAcrit,45,4845,0.22831144435622264,0.06601726321953189,0.010982736713089025,0.29600433165360673,0.9997936016511868
N20_i25_10xAcrit_s46,20,25,10xAcrit,46,4845,0.2117460616191238,0.13617210738906865,0.060860834822960896,0.06678838321780242,0.9997936016511868
N20_i25_2xAcrit_s42,20,25,2xAcrit,42,4845,0.2593717787585774,0.102360537729008,0.05009606205747312,0.4308396050847291,0.9997936016511868
N20_i25_2xAcrit_s43,20,25,2xAcrit,43,4845,0.019162538622595093,0.047437389223237494,0.16577920074814756,0.17475645143606489,0.9997936016511868
N20_i25_2xAcrit_s44,20,25,2xAcrit,44,4845,0.25843072425141145,0.1679522220577721,0.08865962553863938,0.06950289944898153,0.9997936016511868
N20_i25_2xAcrit_s45,20,25,2xAcrit,45,4845,0.18839139211414135,0.7105030171627884,0.08553426778033213,0.2893180247685514,0.9997936016511868
N20_i25_2xAcrit_s46,20,25,2xAcrit,46,4845,0.16742172178555847,0.3312221294493477,0.037588220533212424,0.4409386288272298,0.9997936016511868
N20_i25_5xAcrit_s42,20,25,5xAcrit,42,4845,0.16791665190703498,0.09111354802334802,0.022524185419253773,0.32379843510661166,0.9997936016511868
N20_i25_5xAcrit_s43,20,25,5xAcrit,43,4845,0.00976929957801076,0.004958525048268152,0.15275329022915685,0.07419217551347207,0.9997936016511868
N20_i25_5xAcrit_s44,20,25,5xAcrit,44,4845,0.41239084138942417,0.07876084118717898,0.08817160986109229,0.03285837418233251,0.9997936016511868
N20_i25_5xAcrit_s45,20,25,5xAcrit,45,4845,0.32420603072387166,0.10412438988294506,0.021019688927026436,0.16952654739340595,0.9997936016511868
N20_i25_5xAcrit_s46,20,25,5xAcrit,46,4845,0.3605681332446693,0.11637066357672607,0.04762321455109486,0.14184050195193787,0.9997936016511868
N20_i25_Aheur_s42,20,25,Aheur,42,4845,0.05055126044953795,0.001994088567565563,0.00023155496220817438,0.39874572989059365,0.9997936016511868
N20_i25_Aheur_s43,20,25,Aheur,43,4845,0.004323444009742161,0.0014280249464372272,0.1097922245025984,0.0031090610746250693,0.9997936016511868
N20_i25_Aheur_s44,20,25,Aheur,44,4845,0.5384157619046164,0.0038998572043584447,0.08714525372852222,0.001711352140434548,0.9997936016511868
N20_i25_Aheur_s45,20,25,Aheur,45,4845,0.1640963917816407,0.0031850712062190087,0.03268822812833605,0.02297933456913681,0.9997936016511868
N20_i25_Aheur_s46,20,25,Aheur,46,4845,0.29906192424095934,0.0023913207136859096,0.09237881486660626,0.005056904918227342,0.9997936016511868
N20_i25_Amargin_s42,20,25,Amargin,42,4845,0.525298698390543,0.02387696644238355,0.017693925629960083,0.3313738344946542,0.9997936016511868
N20_i25_Amargin_s43,20,25,Amargin,43,4845,0.007869063199223092,0.006584912794496588,0.16169516829359054,0.0972489012702353,0.9997936016511868
N20_i25_Amargin_s44,20,25,Amargin,44,4845,0.296331512485267,0.09072718767046054,0.08837153927015606,0.04163584379913582,0.9997936016511868
N20_i25_Amargin_s45,20,25,Amargin,45,4845,0.285120080514389,0.22324489446481277,0.03916115948038623,0.2116400877584079,0.9997936016511868
N20_i25_Amargin_s46,20,25,Amargin,46,4845,0.3034705248701357,0.1955073175799196,0.04561415492867127,0.19353939119937624,0.9997936016511868
N20_i26_1.1xAcrit_s42,20,26,1.1xAcrit,42,4845,0.2473137836650494,0.11533672522082297,0.0748901992732911,0.4646748880095444,0.9997936016511868
N20_i26_1.1xAcrit_s43,20,26,1.1xAcrit,43,4845,0.17274050857915846,0.6426304137684035,0.14495421998435631,0.17921178149779327,0.9997936016511868
N20_i26_1.1xAcrit_s44,20,26,1.1xAcrit,44,4845,0.33665764234046947,0.16053889691605155,0.08756840509977337,0.08517341620260138,0.9997936016511868
N20_i26_1.1xAcrit_s45,20,26,1.1xAcrit,45,4845,0.24245729705330632,0.5238226019658987,0.08149858667617438,0.30157012621328944,0.9997936016511868
N20_i26_1.1xAcrit_s46,20,26,1.1xAcrit,46,4845,0.23747086152388874,0.39913491984159466,0.04497834480206464,0.5107043296930884,0.9997936016511868
N20_i26_10xAcrit_s42,20,26,10xAcrit,42,4845,0.06546105243978673,0.10000247872034843,0.013296260225388323,0.3298627811502286,0.9997936016511868
N20_i26_10xAcrit_s43,20,26,10xAcrit,43,4845,0.006962376835303985,0.007194085949548605,0.12894429792140727,0.02179119941645811,0.9997936016511868
N20_i26_10xAcrit_s44,20,26,10xAcrit,44,4845,0.5243224749574438,0.028201330238102076,0.08751800690515665,0.013480801808625497,0.9997936016511868
N20_i26_10xAcrit_s45,20,26,10xAcrit,45,4845,0.2114583369002503,0.037203072291054975,0.011647054736561913,0.2404609924478357,0.9997936016511868
N20_i26_10xAcrit_s46,20,26,10xAcrit,46,4845,0.010414479542760091,0.027818467417738545,0.06425527359897387,0.04264055737037258,0.9997936016511868
N20_i26_2xAcrit_s42,20,26,2xAcrit,42,4845,0.3970594650672865,0.03167386477841181,0.027304905519997646,0.4222445270047056,0.9997936016511868
N20_i26_2xAcrit_s43,20,26,2xAcrit,43,4845,0.012806100734678694,0.0156516822132526,0.17096263102030207,0.10753340456169111,0.9997936016511868
N20_i26_2xAcrit_s44,20,26,2xAcrit,44,4845,0.2717496961777215,0.10886390369780122,0.08811847057313571,0.05547138884301187,0.9997936016511868
N20_i26_2xAcrit_s45,20,26,2xAcrit,45,4845,0.24559281722281412,0.3846652317330509,0.06455615576678042,0.17379865554064666,0.9997936016511868
N20_i26_2xAcrit_s46,20,26,2xAcrit,46,4845,0.1972272862758473,0.2815577868326176,0.040074211444607544,0.2869765048921031,0.9997936016511868
N20_i26_5xAcrit_s42,20,26,5xAcrit,42,4845,0.4802353865088662,0.020299985250554722,0.01880319737381342,0.24061900255975788,0.9997936016511868
N20_i26_5xAcrit_s43,20,26,5xAcrit,43,4845,0.006569859111891674,0.00805270593370352,0.14748376392162754,0.044064256974578,0.9997936016511868
N20_i26_5xAcrit_s44,20,26,5xAcrit,44,4845,0.4905335916992044,0.055708264846644734,0.08782983786841214,0.025605677860968783,0.9997936016511868
N20_i26_5xAcrit_s45,20,26,5xAcrit,45,4845,0.040661224882114766,0.09989686118550792,0.011606229483390962,0.0879215573507799,0.9997936016511868
N20_i26_5xAcrit_s46,20,26,5xAcrit,46,4845,0.16333622438332895,0.2074061060738925,0.050493519381234364,0.08399771033948758,0.9997936016511868
N20_i26_Aheur_s42,20,26,Aheur,42,4845,0.04721915199661453,0.0016147032741903502,0.00010550085374919054,0.3695006768153417,0.9997936016511868
N20_i26_Aheur_s43,20,26,Aheur,43,4845,0.00423227388603209,0.0008279433354322323,0.10929672250858857,0.0017454359133404138,0.9997936016511868
N20_i26_Aheur_s44,20,26,Aheur,44,4845,0.5392468026475399,0.0023303948364087053,0.08711863178359636,0.0011354115361867346,0.9997936016511868
N20_i26_Aheur_s45,20,26,Aheur,45,4845,0.1678646446634957,0.0017785544980780295,0.03368412542477017,0.013507439856830268,0.9997936016511868
N20_i26_Aheur_s46,20,26,Aheur,46,4845,0.29628127938485704,0.0013139839480663463,0.09311345454443654,0.002878815362586288,0.9997936016511868
N20_i26_Amargin_s42,20,26,Amargin,42,4845,0.512011022248771,0.022666491606568584,0.00926006933321133,0.3183747234953884,0.9997936016511868
N20_i26_Amargin_s43,20,26,Amargin,43,4845,0.00755516595586414,0.00916141727785353,0.16618196116178297,0.07884301261276497,0.9997936016511868
N20_i26_Amargin_s44,20,26,Amargin,44,4845,0.37757751509343507,0.09241000768964455,0.08808739144024003,0.042500186212574655,0.9997936016511868
N20_i26_Amargin_s45,20,26,Amargin,45,4845,0.24310873189097038,0.1391242838259326,0.04560955976666037,0.13333623257226535,0.9997936016511868
N20_i26_Amargin_s46,20,26,Amargin,46,4845,0.30187495792688424,0.20517538204773017,0.04783133302561282,0.15516174474603678,0.9997936016511868
N20_i27_1.1xAcrit_s42,20,27,1.1xAcrit,42,4845,0.3115322497978923,0.09974230506672593,0.10210329729641526,0.5723632643855328,0.9997936016511868
N20_i27_1.1xAcrit_s43,20,27,1.1xAcrit,43,4845,0.19618909183318145,0.6059834753533856,0.13853059368830145,0.25064632482284355,0.9997936016511868
N20_i27_1.1xAcrit_s44,20,27,1.1xAcrit,44,4845,0.2876195159008148,0.24836613744286357,0.08834333164031705,0.0933969338771678,0.9997936016511868
N20_i27_1.1xAcrit_s45,20,27,1.1xAcrit,45,4845,0.17774142168327967,0.7507960487781891,0.09399656980919957,0.36319512902630696,0.9997936016511868
N20_i27_1.1xAcrit_s46,20,27,1.1xAcrit,46,4845,0.16994988528310284,0.7342264128822398,0.05231355337557109,0.48401952885846383,0.9997936016511868
N20_i27_10xAcrit_s42,20,27,10xAcrit,42,4845,0.09977128953005376,0.1329995663539819,0.01417024131271205,0.38303075614776105,0.9997936016511868
N20_i27_10xAcrit_s43,20,27,10xAcrit,43,4845,0.00737125958426077,0.008238455456118725,0.12827627235128602,0.029831127366132113,0.9997936016511868
N20_i27_10xAcrit_s44,20,27,10xAcrit,44,4845,0.5181856045383029,0.033501004188300085,0.08761025226704078,0.014927692161070467,0.9997936016511868
N20_i27_10xAcrit_s45,20,27,10xAcrit,45,4845,0.2198662577829964,0.055174499596534254,0.012745172501325452,0.27238481024117744,0.9997936016511868
N20_i27_10xAcrit_s46,20,27,10xAcrit,46,4845,0.2359340513648931,0.11293929618049166,0.06533384239628504,0.0534126021620625,0.9997936016511868
N20_i27_2xAcrit_s42,20,27,2xAcrit,42,4845,0.28474875453866844,0.07860365225807533,0.028684763168707467,0.4354618730510954,0.9997936016511868
N20_i27_2xAcrit_s43,20,27,2xAcrit,43,4845,0.012200169162042585,0.028483348997304113,0.16883724998115213,0.15289252673002213,0.9997936016511868
N20_i27_2xAcrit_s44,20,27,2xAcrit,44,4845,0.3650652159776655,0.12169094068664965,0.08856605814708018,0.061119097887146104,0.9997936016511868
N20_i27_2xAcrit_s45,20,27,2xAcrit,45,4845,0.17929606020709343,0.5970331893298746,0.07411920493798618,0.2537452178442723,0.9997936016511868
N20_i27_2xAcrit_s46,20,27,2xAcrit,46,4845,0.17044247747753616,0.4035874013413646,0.03947262685433017,0.3551229396438701,0.9997936016511868
N20_i27_5xAcrit_s42,20,27,5xAcrit,42,4845,0.4858788100100355,0.02465787569556071,0.022870029719598506,0.30450145339212603,0.9997936016511868
N20_i27_5xAcrit_s43,20,27,5xAcrit,43,4845,0.007699568162820469,0.01066128920804156,0.1468412118647393,0.06225669119378286,0.9997936016511868
N20_i27_5xAcrit_s44,20,27,5xAcrit,44,4845,0.464673286958714,0.0663919272660986,0.08801399112235231,0.028320038856131713,0.9997936016511868
N20_i27_5xAcrit_s45,20,27,5xAcrit,45,4845,0.2352129849132325,0.07169790010688892,0.013710526337149531,0.12542857915129227,0.9997936016511868
N20_i27_5xAcrit_s46,20,27,5xAcrit,46,4845,0.22445351982878492,0.226457285123431,0.04971186644934278,0.11414536158470899,0.9997936016511868
N20_i27_Aheur_s42,20,27,Aheur,42,4845,0.04919180153956404,0.001803941270592804,0.00015968494885124876,0.4001737074559644,0.9997936016511868
N20_i27_Aheur_s43,20,27,Aheur,43,4845,0.004279738307843672,0.0012044265815226258,0.10946728055387211,0.0026062402209307218,0.9997936016511868
N20_i27_Aheur_s44,20,27,Aheur,44,4845,0.5387480277786381,0.003270422061924557,0.08713381968118483,0.001469794374098225,0.9997936016511868
N20_i27_Aheur_s45,20,27,Aheur,45,4845,0.16535532574926037,0.002659260408092885,0.033218730220596626,0.01905832443384537,0.9997936016511868
N20_i27_Aheur_s46,20,27,Aheur,46,4845,0.29715582684002584,0.0019744428625275553,0.09283206823238288,0.004216968162694068,0.9997936016511868
N20_i27_Amargin_s42,20,27,Amargin,42,4845,0.5151678350157454,0.028309316559839016,0.017333714138226153,0.3076436491747803,0.9997936016511868
N20_i27_Amargin_s43,20,27,Amargin,43,4845,0.007333488759059037,0.009163307635965514,0.16072600168263307,0.09583886966304306,0.9997936016511868
N20_i27_Amargin_s44,20,27,Amargin,44,4845,0.32573069501813734,0.09168941198024226,0.08830850280264713,0.04093053341091292,0.9997936016511868
N20_i27_Amargin_s45,20,27,Amargin,45,4845,0.2652203285288124,0.1844027520733481,0.036122748143270655,0.20533954336245358,0.9997936016511868
N20_i27_Amargin_s46,20,27,Amargin,46,4845,0.3263945928320027,0.1787749462744307,0.04615504989283181,0.17569775429472786,0.9997936016511868
N20_i28_1.1xAcrit_s42,20,28,1.1xAcrit,42,4845,0.3609953328341362,0.1237814616853453,0.104655424843758,0.5919288149401821,0.9997936016511868
N20_i28_1.1xAcrit_s43,20,28,1.1xAcrit,43,4845,0.20223950288388082,0.5573468460108164,0.11430749219425707,0.32034880369046115,0.9997936016511868
N20_i28_1.1xAcrit_s44,20,28,1.1xAcrit,44,4845,0.27504345201541014,0.27588256642461884,0.08779326728836168,0.11050101718139613,0.9997936016511868
N20_i28_1.1xAcrit_s45,20,28,1.1xAcrit,45,4845,0.20405809081897475,0.8221634430110705,0.08908112471516993,0.4074586868679187,0.9997936016511868
N20_i28_1.1xAcrit_s46,20,28,1.1xAcrit,46,4845,0.2607352513037995,0.6045513285015409,0.06669489823807528,0.4988500172498868,0.9997936016511868
N20_i28_10xAcrit_s42,20,28,10xAcrit,42,4845,0.4227796640552697,0.011589565885441173,0.017471976204944895,0.3530099632798766,0.9997936016511868
N20_i28_10xAcrit_s43,20,28,10xAcrit,43,4845,0.007593165016828607,0.008695829629114048,0.1327143654034444,0.03785555141587431,0.9997936016511868
N20_i28_10xAcrit_s44,20,28,10xAcrit,44,4845,0.5150458923817496,0.04053779015563707,0.08764378693740582,0.01865622181552697,0.9997936016511868
N20_i28_10xAcrit_s45,20,28,10xAcrit,45,4845,0.22982907573168632,0.06653967330446461,0.01074707288299237,0.2975104534685139,0.9997936016511868
N20_i28_10xAcrit_s46,20,28,10xAcrit,46,4845,0.21215164969544276,0.14188401967000017,0.06017396869901859,0.06584092049565962,0.9997936016511868
N20_i28_2xAcrit_s42,20,28,2xAcrit,42,4845,0.2985356786794,0.08665763124350563,0.05377699676177053,0.48632974560036,0.9997936016511868
N20_i28_2xAcrit_s43,20,28,2xAcrit,43,4845,0.020627868075280276,0.056277412974336055,0.16382699153837166,0.1987860054225828,0.9997936016511868
N20_i28_2xAcrit_s44,20,28,2xAcrit,44,4845,0.3521383520546806,0.14415133621794704,0.08838406622908224,0.07395019660147731,0.9997936016511868
N20_i28_2xAcrit_s45,20,28,2xAcrit,45,4845,0.18924732073196665,0.6908004289814411,0.07883245849336618,0.29211796450575456,0.9997936016511868
N20_i28_2xAcrit_s46,20,28,2xAcrit,46,4845,0.25430123758087575,0.45438933894698713,0.03691418577145611,0.4372863056005906,0.9997936016511868
N20_i28_5xAcrit_s42,20,28,5xAcrit,42,4845,0.30611598973700893,0.06454650053517824,0.020268226194610772,0.27721522429645795,0.9997936016511868
N20_i28_5xAcrit_s43,20,28,5xAcrit,43,4845,0.006792464578097679,0.006236942635001605,0.15332600084730075,0.08133910158079571,0.9997936016511868
N20_i28_5xAcrit_s44,20,28,5xAcrit,44,4845,0.4515842520122533,0.07887343357781414,0.08803611228904629,0.03506540812272646,0.9997936016511868
N20_i28_5xAcrit_s45,20,28,5xAcrit,45,4845,0.3031055168430612,0.14584280238313949,0.019932674889560076,0.16275657649584369,0.9997936016511868
N20_i28_5xAcrit_s46,20,28,5xAcrit,46,4845,0.25684194061977905,0.22570407083316385,0.04812883049407901,0.12844909634252194,0.9997936016511868
N20_i28_Aheur_s42,20,28,Aheur,42,4845,0.04799139041915623,0.0013451004113508545,0.00013166951878873967,0.39075935523823035,0.9997936016511868
N20_i28_Aheur_s43,20,28,Aheur,43,4845,0.004249148546307424,0.0010937659196332953,0.1093333680255455,0.0023024231700757517,0.9997936016511868
N20_i28_Aheur_s44,20,28,Aheur,44,4845,0.5390458539768588,0.0030186114369164614,0.08712449435188319,0.001405009143279018,0.9997936016511868
N20_i28_Aheur_s45,20,28,Aheur,45,4845,0.16676403313977062,0.002293708833172035,0.03353847672315169,0.017592198663319503,0.9997936016511868
N20_i28_Aheur_s46,20,28,Aheur,46,4845,0.29642970315399,0.0017711609975992533,0.09304080149559013,0.00381175349717291,0.9997936016511868
N20_i28_Amargin_s42,20,28,Amargin,42,4845,0.5101422483130591,0.03415977420019435,0.012887091917781257,0.38026885519836606,0.9997936016511868
N20_i28_Amargin_s43,20,28,Amargin,43,4845,0.007812835046024702,0.011335359566569107,0.1662731875803729,0.13007852539825848,0.9997936016511868
N20_i28_Amargin_s44,20,28,Amargin,44,4845,0.28332050683457055,0.10145245271964135,0.08829605282971897,0.051667054317391437,0.9997936016511868
N20_i28_Amargin_s45,20,28,Amargin,45,4845,0.2691663579230408,0.35646586079673737,0.05092178272161618,0.21480853009387837,0.9997936016511868
N20_i28_Amargin_s46,20,28,Amargin,46,4845,0.3267623775445827,0.22698796389718306,0.0443564168175925,0.21890648736093343,0.9997936016511868
N20_i29_1.1xAcrit_s42,20,29,1.1xAcrit,42,4845,0.19688902721827617,0.25277731991308683,0.09504250965566496,0.5370967187317668,0.9997936016511868
N20_i29_1.1xAcrit_s43,20,29,1.1xAcrit,43,4845,0.1909266630021882,0.588351915244776,0.14952346834434138,0.19717903177679716,0.9997936016511868
N20_i29_1.1xAcrit_s44,20,29,1.1xAcrit,44,4845,0.2623723220053762,0.2382582566115096,0.08841729421510536,0.08116029858769369,0.9997936016511868
N20_i29_1.1xAcrit_s45,20,29,1.1xAcrit,45,4845,0.20785267830536702,0.6692825239795515,0.09633927693684541,0.34668694696050234,0.9997936016511868
N20_i29_1.1xAcrit_s46,20,29,1.1xAcrit,46,4845,0.14790607282164372,0.7156099842944292,0.04705507036832912,0.4784688045169677,0.9997936016511868
N20_i29_10xAcrit_s42,20,29,10xAcrit,42,4845,0.11477919869366815,0.12338087198334992,0.013457489459028693,0.37041294793160784,0.9997936016511868
N20_i29_10xAcrit_s43,20,29,10xAcrit,43,4845,0.007659844895783863,0.007159335407471735,0.1281190306199278,0.02557839621819753,0.9997936016511868
N20_i29_10xAcrit_s44,20,29,10xAcrit,44,4845,0.5150015048275236,0.030521482420816225,0.08765866555950197,0.013039161051799999,0.9997936016511868
N20_i29_10xAcrit_s45,20,29,10xAcrit,45,4845,0.22035441254411126,0.049230564701072,0.011957592005035877,0.2585951280148584,0.9997936016511868
N20_i29_10xAcrit_s46,20,29,10xAcrit,46,4845,0.2668932965680142,0.09946330856550868,0.06537154366924369,0.04794969732302342,0.9997936016511868
N20_i29_2xAcrit_s42,20,29,2xAcrit,42,4845,0.27475001686252654,0.07407580466394997,0.026227169995375776,0.40273532040686855,0.9997936016511868
N20_i29_2xAcrit_s43,20,29,2xAcrit,43,4845,0.014540768214601485,0.02325956155149766,0.1719120683374058,0.12106279792924435,0.9997936016511868
N20_i29_2xAcrit_s44,20,29,2xAcrit,44,4845,0.35295043535552395,0.11515338333634044,0.08868060908298503,0.05318768737448029,0.9997936016511868
N20_i29_2xAcrit_s45,20,29,2xAcrit,45,4845,0.1842829670034689,0.5325837525081404,0.08057629912335074,0.23835534097261968,0.9997936016511868
N20_i29_2xAcrit_s46,20,29,2xAcrit,46,4845,0.14365618098918276,0.3747767409610583,0.03998861657330366,0.32507315662552616,0.9997936016511868
N20_i29_5xAcrit_s42,20,29,5xAcrit,42,4845,0.5026828223999473,0.02269240654888894,0.02175062065015254,0.2847132040868886,0.9997936016511868
N20_i29_5xAcrit_s43,20,29,5xAcrit,43,4845,0.008430748058458448,0.00885334403845654,0.14661750383675098,0.05121427263281464,0.9997936016511868
N20_i29_5xAcrit_s44,20,29,5xAcrit,44,4845,0.4473282595827186,0.06142753452858489,0.08809600111999316,0.02470560027429356,0.9997936016511868
N20_i29_5xAcrit_s45,20,29,5xAcrit,45,4845,0.24698805217121844,0.04453649919749259,0.014124352814860686,0.10288089619719695,0.9997936016511868
N20_i29_5xAcrit_s46,20,29,5xAcrit,46,4845,0.2439991339642802,0.19209850400330936,0.05001854217425716,0.10196870211264361,0.9997936016511868
N20_i29_Aheur_s42,20,29,Aheur,42,4845,0.05435925815436349,0.002985664486986896,0.00042402169673932174,0.38532034753676225,0.9997936016511868
N20_i29_Aheur_s43,20,29,Aheur,43,4845,0.004439633178151325,0.0017058188539985316,0.11061711130059848,0.0038173984120734505,0.9997936016511868
N20_i29_Aheur_s44,20,29,Aheur,44,4845,0.5375606307716225,0.004707004447975697,0.0871745583772281,0.0020480062348140673,0.9997936016511868
N20_i29_Aheur_s45,20,29,Aheur,45,4845,0.1615688483834674,0.004038975288891767,0.031329255345553975,0.02829575122030185,0.9997936016511868
N20_i29_Aheur_s46,20,29,Aheur,46,4845,0.3044861869784654,0.002974434687452573,0.09120017920577084,0.006191361591458131,0.9997936016511868
N20_i29_Amargin_s42,20,29,Amargin,42,4845,0.43442519667587476,0.032456447244115824,0.01698827289927396,0.2808519528210207,0.9997936016511868
N20_i29_Amargin_s43,20,29,Amargin,43,4845,0.008811072283037902,0.00630428907471435,0.15970273379753053,0.07431878698779126,0.9997936016511868
N20_i29_Amargin_s44,20,29,Amargin,44,4845,0.30620396527592675,0.08159427708166948,0.0883828180594719,0.034495674992849085,0.9997936016511868
N20_i29_Amargin_s45,20,29,Amargin,45,4845,0.26361663747047714,0.1407212765471527,0.03635174568319144,0.1877659024067908,0.9997936016511868
N20_i29_Amargin_s46,20,29,Amargin,46,4845,0.2828880969718739,0.16464145838588207,0.04710469338283474,0.14925987545660846,0.9997936016511868
